filename,sample_rate,duration_sec,num_samples,rms_energy,zero_crossing_rate,spectral_centroid,spectral_bandwidth,spectral_rolloff,split
NErW9Srjk3Q_30.wav,22050,10.0,220500,0.120294,0.153493,2421.94,1855.4,4146.87,train
0N5nRaCcnwY_30.wav,22050,10.0,220500,0.054579,0.130849,2412.3,2216.56,4419.73,train
3WS2RT3Io1U_30.wav,22050,10.0,220500,0.119607,0.082797,1881.39,2188.39,4017.57,train
xKYqdntX4-g_60.wav,22050,10.0,220500,0.113192,0.503053,5586.64,2647.02,8907.2,train
Mt6Ko7WP_g8_24.wav,22050,9.599,211664,0.085608,0.1239,3092.22,3026.44,6984.4,train
1Yt2vKDMtaE_10.wav,22050,10.0,220500,0.083232,0.127296,2486.87,2244.25,4717.52,train
fclOThbGZNo_280.wav,22050,10.0,220500,0.068246,0.145184,2160.79,1870.99,4219.23,train
Ic7wOaZ9WXs_90.wav,22050,10.0,220500,0.010969,0.334646,4285.32,2502.75,6997.79,train
QQXzlLvJdX8_120.wav,22050,10.0,220500,0.071758,0.120236,2276.01,2290.1,4724.64,train
Ww79nGC0GuU_30.wav,22050,10.0,220500,0.024887,0.062497,880.16,975.96,1921.2,train
_aTzSiN6u2g_18.wav,22050,9.26,204188,0.218817,0.134963,2252.62,2137.55,4378.9,train
-yZPrlUIHIU_21.wav,22050,9.216,203206,0.181497,0.111124,2521.6,2654.71,5609.4,train
xWGfk7lSmVw_140.wav,22050,10.0,220500,0.057487,0.174526,2033.51,1097.16,3283.06,train
zkhbyKHfLp4_30.wav,22050,10.0,220500,0.08727,0.225541,3329.3,2722.02,6517.62,train
79XjVmV0HZs_100.wav,22050,10.0,220500,0.096399,0.150122,2988.22,2906.25,6558.83,train
nG9HBU0--DA_30.wav,22050,10.0,220500,0.070577,0.120365,2262.06,2370.25,5795.95,train
50pYDOQuSME_30.wav,22050,10.0,220500,0.379822,0.282521,4030.91,3067.06,8089.54,train
-wlouNYY_3w_50.wav,22050,10.0,220500,0.14897,0.126806,2393.14,1974.15,4618.47,train
0I53Pbe3Tac_30.wav,22050,10.0,220500,0.053912,0.084006,1870.73,2130.95,4125.26,train
2Rq7syXpFEE_30.wav,22050,10.0,220500,0.13907,0.085022,2062.75,2419.65,4428.67,train
2BMHsKLcb7E_90.wav,22050,10.0,220500,0.123979,0.126806,1869.5,1883.35,3523.28,train
o_HXBY92ZUY_390.wav,22050,10.0,220500,0.065367,0.104764,1907.74,1904.16,3957.71,train
8mYzb_KNJl8_30.wav,22050,10.0,220500,0.00358,0.300635,3919.64,2899.36,7468.05,train
zIF5vb-uetM_300.wav,22050,10.0,220500,0.13552,0.156726,2799.5,2932.43,6572.82,train
2-dHuNPOmFg_30.wav,22050,10.0,220500,0.055255,0.176305,1947.3,932.96,2905.01,train
04Bz6f8u610_20.wav,22050,10.0,220500,0.127099,0.14264,2093.34,1354.1,3348.51,train
6cQOni4OV6w_30.wav,22050,10.0,220500,0.237281,0.089092,1327.06,1007.81,2538.44,train
O26LpPh7Sbw_50.wav,22050,10.0,220500,0.15986,0.189742,3105.84,2315.63,5659.84,train
aKZ1qnqBzXQ_470.wav,22050,10.0,220500,0.22143,0.152479,2609.78,2293.51,4854.91,train
6j9MPjn8nno_30.wav,22050,10.0,220500,0.162566,0.096705,1844.89,1872.74,3592.72,train
9TmYqz6t_Fw_0.wav,22050,3.065,67584,0.023447,0.071054,1329.62,1208.9,2615.39,train
fiu40HeZfmg_60.wav,22050,10.0,220500,0.164831,0.161065,2652.63,2458.28,5400.19,train
0293c8nIIJM_230.wav,22050,10.0,220500,0.159443,0.198467,2939.26,2275.64,5234.07,train
M9MohtPXvog_50.wav,22050,10.0,220500,0.120241,0.379208,4769.63,2812.52,7792.3,train
qTyVfw6FnPw_400.wav,22050,10.0,220500,0.079315,0.158952,2368.35,2210.2,4535.44,train
qUHSY-cC6-o_30.wav,22050,10.0,220500,0.021453,0.166634,4150.65,2928.29,7646.39,train
3TchVMhavFo_30.wav,22050,10.0,220500,0.186539,0.137276,2492.1,2421.34,4930.53,train
ZDkmJwM_QNI_30.wav,22050,10.0,220500,0.005333,0.282889,4120.83,2764.73,7242.48,train
hYfnbrup4sk_200.wav,22050,10.0,220500,0.027655,0.156353,2851.86,2697.16,6255.87,train
8FsrGlQrA-U_30.wav,22050,10.0,220500,0.127057,0.11751,1824.86,1518.89,3084.72,train
MPB54jFsRG4_460.wav,22050,10.0,220500,0.050119,0.102714,1792.72,1939.25,3372.17,train
C5WAWc1sp2A_70.wav,22050,10.0,220500,0.078909,0.232724,3448.24,2677.04,6553.56,train
S7RWG8FQ3CU_30.wav,22050,10.0,220500,0.219758,0.081424,1310.71,1106.75,2195.94,train
coHYLT3S0F0_80.wav,22050,10.0,220500,0.04455,0.13747,3006.98,2617.14,6124.17,train
5c-I4iyLr8s_50.wav,22050,10.0,220500,0.244595,0.103517,1720.47,1538.84,3300.4,train
18xS-mRLqMI_30.wav,22050,10.0,220500,0.195886,0.097966,1670.53,1596.13,2888.55,train
DqwI_Rn_rCg_30.wav,22050,10.0,220500,0.113081,0.338063,4393.15,2848.12,7742.19,train
dWogulppm10_350.wav,22050,10.0,220500,0.03058,0.095317,1920.19,1898.16,3710.53,train
2m1meXSmk4s_30.wav,22050,10.0,220500,0.343238,0.084134,1685.77,1760.94,3367.47,train
8YbWq86Kx7A_7.wav,22050,9.718,214290,0.3831,0.10964,2271.35,2413.89,5429.84,train
JS1FKnTugZc_80.wav,22050,10.0,220500,0.002035,0.245624,3806.44,3052.28,7555.46,train
ZvTJcOXfa0g_120.wav,22050,10.0,220500,0.115384,0.256002,3651.49,2679.14,6890.75,train
StBBqI0t4tw_120.wav,22050,10.0,220500,0.111259,0.235339,3467.05,2708.1,6677.92,train
ijNQ4fIEwdQ_0.wav,22050,10.0,220500,0.256631,0.168012,2229.14,1624.45,4148.89,train
75Qn7yv-71A_10.wav,22050,10.0,220500,0.016054,0.32305,3981.68,2781.52,7414.44,train
FBVtZOIlQmo_110.wav,22050,10.0,220500,0.025041,0.229625,3431.43,2747.78,6815.36,train
GDyDH4Wjxwg_30.wav,22050,10.0,220500,0.094735,0.094254,2316.1,2520.84,5241.96,train
gnUCTfQAdSY_0.wav,22050,10.0,220500,0.051312,0.086776,2169.65,2556.39,5041.82,train
WGJvqPhmbx8_0.wav,22050,10.0,220500,0.123176,0.049429,1988.54,2773.69,5068.42,train
zbgVkAyG1dY_110.wav,22050,10.0,220500,0.050704,0.230474,2897.65,1895.24,4939.6,train
g3cYNd_h-JM_60.wav,22050,10.0,220500,0.035907,0.197837,3197.59,2836.99,6370.11,train
sXi1wK8fatU_10.wav,22050,9.551,210604,0.05806,0.138227,2556.59,2478.08,5289.09,train
Pp3TAyeu0Lk_0.wav,22050,10.0,220500,0.313835,0.099974,1633.99,1408.71,2929.22,train
32Yh4NkcdJ8_20.wav,22050,9.489,209240,0.131388,0.228686,2899.09,2165.77,5226.83,train
J0_nIqSa6wM_25.wav,22050,9.36,206398,0.350172,0.046239,974.95,1050.02,1982.76,train
evG4OzG88Vg_120.wav,22050,10.0,220500,0.025702,0.092956,1865.03,2183.62,3885.37,train
2JY7JVF2xnM_6.wav,22050,9.007,198596,0.059653,0.1602,2054.3,1448.0,3329.6,train
kk6nRXT8mbg_0.wav,22050,10.0,220500,0.096559,0.183024,3121.38,2756.91,6543.47,train
8r09QaawmKQ_30.wav,22050,10.0,220500,0.008887,0.096153,2377.23,2988.07,6154.12,train
VwaCc0eGBH8_40.wav,22050,10.0,220500,0.129134,0.275717,3578.55,2221.63,6166.51,train
t8wv9Jfgpaw_30.wav,22050,10.0,220500,0.030605,0.201512,3054.97,2597.0,6502.85,train
Pm5BSOVhT4U_280.wav,22050,10.0,220500,0.030746,0.10216,2271.74,2170.13,4280.69,train
eo1UvcH64zY_30.wav,22050,10.0,220500,0.141572,0.082833,1794.96,2028.91,3475.09,train
OXQXZr4f0C4_20.wav,22050,10.0,220500,0.051186,0.086484,1816.89,1937.08,3460.0,train
ISrkW9qcxKU_50.wav,22050,10.0,220500,0.215492,0.092796,1590.06,1531.98,2741.54,train
LHOKwxWvOBY_440.wav,22050,10.0,220500,0.031197,0.233064,3456.56,2653.76,6516.32,train
o_njfu8qsz8_50.wav,22050,10.0,220500,0.080781,0.181281,3008.9,2423.97,5696.21,train
RAXOsanLgZk_30.wav,22050,10.0,220500,0.079065,0.211576,2959.49,2076.19,4978.87,train
2tZ7SSc8iG8_10.wav,22050,10.0,220500,0.002703,0.312084,4285.36,3128.72,8086.74,train
NDhnDlIhh6s_30.wav,22050,10.0,220500,0.075633,0.108253,1474.76,1073.67,2681.68,train
LfhPB7PARI8_30.wav,22050,10.0,220500,0.175932,0.157076,2303.08,1827.3,4298.27,train
bpdCMWWiB_0_30.wav,22050,10.0,220500,0.1075,0.112761,1845.4,1719.59,3268.28,train
4Pi2i1pVgqg_30.wav,22050,10.0,220500,0.11558,0.112894,2170.6,2066.81,4184.79,train
PqVkGTwGdeo_60.wav,22050,10.0,220500,0.076081,0.046781,1077.84,1693.66,1660.06,train
ZGuA1B7Tstc_490.wav,22050,10.0,220500,0.019298,0.19815,3293.43,2788.66,6751.63,train
Lhd0A3gu2gA_270.wav,22050,10.0,220500,0.028,0.154403,2784.96,2640.19,6025.92,train
Vzxc1eXs-Hk_290.wav,22050,10.0,220500,0.100631,0.034769,886.72,1108.48,2109.43,train
gyD-mxH9as8_10.wav,22050,10.0,220500,0.134208,0.107948,2031.78,1782.19,3663.72,train
UUSHhmtOPSI_30.wav,22050,10.0,220500,0.152748,0.142876,1665.04,1132.95,3151.97,train
DbqirFobrYM_20.wav,22050,10.0,220500,0.121678,0.168893,1883.71,1107.76,3185.69,train
hawKJy6umbs_30.wav,22050,10.0,220500,0.14527,0.058028,1050.98,999.22,2051.1,train
V_qR-D7tImo_30.wav,22050,10.0,220500,0.050609,0.105231,2439.98,2653.31,5075.32,train
tljlyV2QNj4_330.wav,22050,10.0,220500,0.064739,0.180215,2762.45,2226.43,5015.44,train
Cat9ZZ_ehWI_0.wav,22050,10.0,220500,0.108165,0.074456,1987.91,2242.34,4192.53,train
cahGmTID8IU_10.wav,22050,10.0,220500,0.335432,0.136246,2653.73,2984.74,6556.06,train
ftHhwdYh720_70.wav,22050,10.0,220500,0.116996,0.508471,5755.19,2810.23,8807.85,train
aqSxtEEOwh4_290.wav,22050,10.0,220500,0.10673,0.111926,2671.49,2615.36,5595.86,train
-VTAtBy_jiI_40.wav,22050,10.0,220500,0.053289,0.377591,4202.5,3499.82,8607.69,train
JHVBljnXHS8_410.wav,22050,10.0,220500,0.017471,0.099979,2269.78,2550.21,5096.5,train
EsXIGhOK5zc_30.wav,22050,10.0,220500,0.174254,0.19404,3176.84,2617.94,6315.12,train
DFOlzzX65uw_300.wav,22050,10.0,220500,0.062828,0.212686,3420.98,2714.83,6544.17,train
suUTYJOWFF0_10.wav,22050,10.0,220500,0.092689,0.083297,1722.45,1816.86,3671.76,train
GumrbyzJbZo_10.wav,22050,10.0,220500,0.228474,0.111675,2204.22,2142.17,4359.97,train
QNzShHMYu_A_260.wav,22050,10.0,220500,0.031054,0.228144,3152.81,2368.91,5591.26,train
IJdq5-EQPAY_70.wav,22050,10.0,220500,0.035823,0.242108,3439.34,2342.35,5984.08,train
51co3iOetsQ_30.wav,22050,10.0,220500,0.002844,0.148222,2662.13,2540.31,5249.93,train
7_3-RsJMCxY_30.wav,22050,10.0,220500,0.178028,0.071698,1674.2,2023.23,3363.63,train
XeVRDhl0hlA_0.wav,22050,10.0,220500,0.019395,0.171455,3187.83,2852.11,6336.38,train
PdZDdE4UL8s_6.wav,22050,9.372,206644,0.106618,0.099569,1971.96,1796.88,3885.38,train
EdvkYXCXoB4_0.wav,22050,7.848,173056,0.004895,0.198774,3240.34,2790.52,6566.39,train
3wabvpoDwKU_30.wav,22050,10.0,220500,0.021886,0.17449,2826.24,2355.82,5472.71,train
3VgR8JVU_Rw_7.wav,22050,9.718,214290,0.095515,0.174018,3083.33,2790.38,6403.56,train
bIuA817mpq8_200.wav,22050,10.0,220500,0.056132,0.254853,3907.49,2788.92,7161.84,train
Cq4ZOARGpzw_250.wav,22050,10.0,220500,0.016177,0.024662,915.1,1600.17,1768.5,train
ZU4sOMVKb1k_440.wav,22050,10.0,220500,0.149888,0.092163,2117.09,2254.59,4310.11,train
q4MmmgDCUJw_100.wav,22050,10.0,220500,0.289605,0.111801,1914.77,1800.9,3470.82,train
5jOKJLbyGpk_30.wav,22050,10.0,220500,0.080398,0.08967,1838.76,2100.73,3712.7,train
5yDLSsOOq0E_30.wav,22050,10.0,220500,0.012664,0.070378,1697.21,2108.86,3316.11,train
3nh-PxXLJuM_310.wav,22050,10.0,220500,0.047312,0.350806,4679.86,2856.93,7817.48,train
6vBcNUgjiZQ_10.wav,22050,10.0,220500,0.246795,0.056719,1062.2,1025.88,2275.4,train
nfiA-VWRw5g_40.wav,22050,10.0,220500,0.179721,0.09382,1574.14,1335.45,3208.75,train
Ny81VcfoQD8_490.wav,22050,10.0,220500,0.04172,0.1281,2612.55,2537.35,5401.16,train
bnBvwY9x1sg_90.wav,22050,10.0,220500,0.137666,0.100015,1873.99,2079.19,3512.56,train
6PjHJnLL_6M_430.wav,22050,10.0,220500,0.076942,0.275702,3777.51,2483.14,6477.92,train
c8a40hr7UjY_0.wav,22050,10.0,220500,0.009613,0.030765,561.75,516.82,1212.53,train
2CewnEYF8jA_11.wav,22050,9.55,210570,0.278797,0.110337,1742.49,1634.41,3216.18,train
8trYdkeCQS4_570.wav,22050,10.0,220500,0.043231,0.061886,1052.36,1379.81,2211.82,train
bnpSdtlxKlU_30.wav,22050,10.0,220500,0.134507,0.185182,3173.05,2813.1,6606.12,train
XA8h6PZBAxg_20.wav,22050,9.629,212312,0.183306,0.134604,2360.1,2074.0,4390.62,train
wrweFLy8EG0_180.wav,22050,10.0,220500,0.014292,0.063134,1675.85,2094.98,3509.91,train
NMTlWb6wEww_140.wav,22050,10.0,220500,0.023699,0.236081,2399.0,1728.98,3850.62,train
2w6DJe3zQ4A_40.wav,22050,10.0,220500,0.032577,0.102999,1738.82,1365.24,3391.3,train
33TAattCF-A_30.wav,22050,10.0,220500,0.009603,0.288288,3819.42,2842.8,7423.28,train
tFIdIDTDa4k_30.wav,22050,10.0,220500,0.059013,0.140504,1738.15,1111.59,3053.17,train
gg8kZDU9Tg4_10.wav,22050,10.0,220500,0.049261,0.10047,2588.32,2973.46,6226.44,train
-upZb2GTy_U_30.wav,22050,10.0,220500,0.131961,0.163168,2852.68,2673.93,6107.34,train
FWNai6bNxL4_70.wav,22050,10.0,220500,0.211253,0.439979,5127.73,3053.21,8695.72,train
UanlOukcOmg_30.wav,22050,10.0,220500,0.030603,0.131501,2445.13,2360.97,5032.62,train
-seEt-rKNtg_30.wav,22050,10.0,220500,0.099701,0.098709,1990.55,2120.26,3875.63,train
DMmMML8TEQ4_14.wav,22050,9.099,200628,0.108358,0.07268,1437.85,1594.11,2689.01,train
QY2wLp83p2w_20.wav,22050,10.0,220500,0.054012,0.322066,4133.34,2369.38,6944.28,train
vYjgrOS1T2w_330.wav,22050,10.0,220500,0.153812,0.063922,1786.8,2453.16,3413.69,train
xY6UeVmRw9c_180.wav,22050,10.0,220500,0.056409,0.086512,1665.37,1747.86,3065.26,train
8kqAD9e0U84_50.wav,22050,10.0,220500,0.154862,0.23436,3556.49,2908.87,7116.82,train
PuDOnOV_8Sg_30.wav,22050,10.0,220500,0.060805,0.183735,3332.32,2838.2,7305.6,train
4yUZ36mi2ZY_60.wav,22050,10.0,220500,0.312632,0.014778,595.27,1250.57,973.34,train
vBJ10_3CTH4_110.wav,22050,10.0,220500,0.205325,0.132174,2248.03,2116.68,4413.03,train
Kg96F0EUGMk_30.wav,22050,10.0,220500,0.039559,0.082979,1553.46,1747.45,2781.38,train
5XSZ28t3Er4_40.wav,22050,10.0,220500,0.218409,0.298821,3776.19,2392.67,6535.78,train
8uxn7E-cPFY_30.wav,22050,10.0,220500,0.098407,0.092815,1794.67,1768.17,3646.73,train
KF1P9z5y93I_230.wav,22050,10.0,220500,0.025433,0.098437,2035.7,2194.75,3827.09,train
b37XXKAf7eA_210.wav,22050,10.0,220500,0.116298,0.100186,2083.54,2325.74,4238.04,train
SRDrrnIw25k_220.wav,22050,10.0,220500,0.200391,0.176809,2709.83,2383.8,5756.36,train
xV5j1G2mPo4_30.wav,22050,10.0,220500,0.030106,0.144147,2423.39,2196.38,4585.6,train
HkWiVjs6WRc_20.wav,22050,10.0,220500,0.349014,0.230592,3192.04,2198.84,5513.7,train
pvBIOAXIAeU_40.wav,22050,10.0,220500,0.110995,0.159635,2691.53,2258.59,5208.41,train
GXGLsWhXmFs_7.wav,22050,9.509,209682,0.061825,0.082356,1062.34,836.64,1798.68,train
9AmurOYkjTs_110.wav,22050,10.0,220500,0.135481,0.111993,2072.62,1814.29,3880.9,train
Y8j735PbJU0_20.wav,22050,10.0,220500,0.043145,0.521908,5884.58,2537.04,8848.17,train
JYOwUde6864_20.wav,22050,10.0,220500,0.012881,0.185329,2458.67,1866.44,4621.25,train
FvHYj6k3Yoc_30.wav,22050,10.0,220500,0.200889,0.136386,2766.88,2670.35,5983.26,train
KK1N6BnVCr8_25.wav,22050,9.178,202382,0.071608,0.074751,1948.34,2465.21,4412.19,train
fH0eKvGkmeY_30.wav,22050,10.0,220500,0.015872,0.161149,3110.0,2852.43,6580.12,train
orBbfqc4BL8_10.wav,22050,10.0,220500,0.227803,0.232125,3514.32,2612.79,6740.69,train
fDyATRWLEUU_30.wav,22050,10.0,220500,0.010812,0.24867,3546.26,2841.28,7180.72,train
A-ni6bLwLzs_0.wav,22050,6.787,149648,0.064619,0.246435,3538.22,2638.43,6689.84,train
ni9H-RxYmeg_30.wav,22050,10.0,220500,0.009988,0.093007,1441.2,1421.33,2560.75,train
WP8lfOhqBBs_150.wav,22050,10.0,220500,0.029063,0.171912,2970.63,2882.46,6567.13,train
6yq1ah9scps_290.wav,22050,10.0,220500,0.040244,0.117585,2400.93,2619.3,5430.89,train
R9koA7CH7k8_30.wav,22050,10.0,220500,0.050639,0.091187,2410.0,2690.39,5621.42,train
JJxH43kKous_25.wav,22050,9.04,199342,0.158013,0.043273,1518.16,2365.17,3324.09,train
168Qw-3stDo_14.wav,22050,9.824,216612,0.180921,0.242435,3281.36,2123.74,5612.24,train
AkbeMorZff8_30.wav,22050,10.0,220500,0.141329,0.018959,757.4,950.39,1417.79,train
6o0mZVMfKss_140.wav,22050,10.0,220500,0.069591,0.1744,2831.39,2267.18,5462.31,train
7dA7tNo5two_30.wav,22050,10.0,220500,0.309893,0.111888,1814.77,1443.14,3481.08,train
6l977AV8L2I_10.wav,22050,10.0,220500,0.163631,0.074539,1177.27,977.09,1974.88,train
O4uiKJvt07s_4.wav,22050,9.189,202616,0.139747,0.054798,1467.4,1842.42,3005.43,train
n27YJJTt9-c_30.wav,22050,10.0,220500,0.062105,0.494477,5638.68,3326.84,9412.03,train
22GvWOos0bA_60.wav,22050,10.0,220500,0.070988,0.186598,2773.58,2133.41,5256.77,train
a_RcFzOh86w_22.wav,22050,9.649,212756,0.062295,0.306754,4030.19,2651.48,7095.66,train
g7hqtBwMv9s_10.wav,22050,10.0,220500,0.072126,0.187565,2920.16,2309.96,5202.54,train
8bH69OoqJJM_20.wav,22050,10.0,220500,0.055667,0.222131,2090.21,1338.95,3625.1,train
wqBbmd5Hdug_400.wav,22050,10.0,220500,0.060025,0.09485,1562.15,1648.12,2786.78,train
-62RXhX5GZk_30.wav,22050,10.0,220500,0.094925,0.023638,765.34,1137.7,1708.19,train
Boo5sCyajdU_30.wav,22050,10.0,220500,0.053616,0.136049,2491.18,2443.7,5133.65,train
3gTLgu_tzBk_10.wav,22050,10.0,220500,0.041143,0.273669,2822.78,1630.1,4695.26,train
1hqGdxOZdhg_30.wav,22050,10.0,220500,0.271995,0.124232,1606.72,1079.2,2746.88,train
VnPHtStWZSQ_30.wav,22050,10.0,220500,0.070066,0.089845,1950.89,2001.61,3850.5,train
p9XHZZbzywA_30.wav,22050,10.0,220500,0.014925,0.08209,1851.66,2081.78,3797.36,train
aXS2iHSQE6g_10.wav,22050,10.0,220500,0.091507,0.160028,2601.2,2004.52,4597.86,train
o4pxsprVLGg_10.wav,22050,10.0,220500,0.005958,0.093012,2068.42,2279.22,4380.13,train
PqW1Gj_Aef4_10.wav,22050,10.0,220500,0.044759,0.111346,2512.11,2843.37,5761.31,train
VBN_Nd1O4iA_30.wav,22050,10.0,220500,0.045837,0.208953,2584.44,1699.47,4420.08,train
1XMVyJIHSEQ_30.wav,22050,10.0,220500,0.082517,0.068128,1246.55,1341.45,2344.0,train
dxXBVPlfUjg_30.wav,22050,10.0,220500,0.159062,0.125074,2331.52,2383.08,4691.67,train
0eNQpveEhdk_440.wav,22050,10.0,220500,0.041938,0.134455,2179.34,2001.9,3963.43,train
-dvcjt3JcC4_150.wav,22050,10.0,220500,0.043502,0.441575,5257.99,2340.62,7674.64,train
RySRqm8gs84_2.wav,22050,9.865,217532,0.12991,0.056653,1578.41,2107.35,3283.21,train
EEcCRALO1FI_210.wav,22050,10.0,220500,0.046569,0.137357,2527.78,2302.31,5075.19,train
oeeaS4HzaW8_30.wav,22050,10.0,220500,0.362164,0.075753,1369.76,1415.79,2393.83,train
H9nuznBCm3A_30.wav,22050,10.0,220500,0.012577,0.043778,1614.83,2478.18,3833.13,train
ZKQkeXjdEzI_30.wav,22050,10.0,220500,0.013871,0.133845,2275.95,2105.92,4250.53,train
qmDNjcLU6M0_150.wav,22050,10.0,220500,0.177105,0.047701,1167.07,1633.59,2258.81,train
8YdA3o-Rb14_24.wav,22050,10.0,220500,0.008895,0.090521,1446.82,1150.9,2843.33,train
RTJV02wyJXg_110.wav,22050,10.0,220500,0.059077,0.269178,3661.22,2825.29,6968.94,train
hvPX-KsGW_M_30.wav,22050,10.0,220500,0.012206,0.258994,3220.15,2392.86,6040.56,train
MqkVHY5hUoY_30.wav,22050,10.0,220500,0.476051,0.148772,2329.22,2041.01,4305.97,train
BiN0ccbcKRw_10.wav,22050,10.0,220500,0.055734,0.293113,4271.6,3065.92,7843.26,train
NOVne3-PB1M_60.wav,22050,10.0,220500,0.14816,0.265841,3821.19,2939.21,7502.87,train
ikSoXxC79lI_40.wav,22050,10.0,220500,0.219464,0.063052,1274.04,1357.54,2517.11,train
CNOvFPUSlG4_340.wav,22050,10.0,220500,0.041878,0.101598,1438.54,989.2,2652.23,train
-RYQN6bHb-E_40.wav,22050,10.0,220500,0.225127,0.184711,2556.5,1923.96,4291.5,train
Y4jkW3o_1bk_30.wav,22050,10.0,220500,0.097527,0.123384,2018.34,1715.04,3256.19,train
4u9VlBM4UqI_0.wav,22050,10.0,220500,0.024303,0.137398,2736.7,2343.01,5890.21,train
y8WEkH1-l3k_90.wav,22050,10.0,220500,0.044722,0.099214,2042.57,2192.68,4928.41,train
E24A_PkTC3o_550.wav,22050,10.0,220500,0.037409,0.152881,2491.47,2269.31,4872.57,train
pQESzWQQDgs_30.wav,22050,10.0,220500,0.005019,0.119072,1917.09,1855.55,3861.41,train
8esXoVoPbPY_9.wav,22050,9.106,200798,0.125141,0.112024,1760.73,1454.98,3378.17,train
BzOZ1HvCQ2o_30.wav,22050,10.0,220500,0.260992,0.130031,2473.13,2189.93,4800.48,train
a_VQY-v513M_30.wav,22050,10.0,220500,0.214161,0.047666,1657.45,2386.38,3538.34,train
5Pxa4AcB5Fc_0.wav,22050,8.707,192000,0.180432,0.161918,2278.96,1887.98,3994.09,train
m6F6lG-fBm0_10.wav,22050,10.0,220500,0.150773,0.045118,991.36,1450.46,1754.86,train
8SpTBpAc5kw_30.wav,22050,10.0,220500,0.068721,0.099719,1609.4,1606.57,2701.87,train
oc5RrBbf8RU_60.wav,22050,10.0,220500,0.03014,0.136056,2608.06,2344.48,5114.04,train
KBCNpSijzrA_0.wav,22050,10.0,220500,0.178263,0.159713,1932.47,1318.61,3096.08,train
FDmZqzciD0g_150.wav,22050,10.0,220500,0.06607,0.329434,4285.1,2746.25,7410.12,train
7ajykNcOuWk_30.wav,22050,10.0,220500,0.030611,0.116172,2180.75,2254.09,4476.76,train
1JkwRZdcu7g_30.wav,22050,10.0,220500,0.404331,0.050885,1878.64,2318.3,4138.37,train
killLXKrh9E_160.wav,22050,10.0,220500,0.033499,0.317384,3822.9,2694.29,6851.21,train
XcxZMWGBI3s_0.wav,22050,10.0,220500,0.053194,0.220283,3323.23,2523.17,6107.19,train
il-E3RCDwE4_20.wav,22050,9.884,217944,0.145305,0.106507,2195.98,2364.03,4427.58,train
pFb6irfQtEU_220.wav,22050,10.0,220500,0.013991,0.352793,3784.93,1160.8,4581.65,train
pQFfWGhT_6M_0.wav,22050,10.0,220500,0.143993,0.137125,1943.47,1501.14,3621.38,train
8FkeGjySMCo_30.wav,22050,10.0,220500,0.034863,0.129586,1819.05,1620.65,2609.39,train
mmUQadFZ5FI_90.wav,22050,10.0,220500,0.113239,0.135358,2222.38,2093.68,3923.06,train
InM49DqdUko_20.wav,22050,9.907,218456,0.197613,0.083357,1290.07,1395.61,2064.89,train
_WHYOEei_5I_0.wav,22050,10.0,220500,0.127151,0.089409,2336.37,2749.92,5456.62,train
kmfR0z6MTzY_250.wav,22050,10.0,220500,0.010961,0.207725,3970.15,2894.17,7559.35,train
__OnCHIM4IM_380.wav,22050,10.0,220500,0.083259,0.031809,855.69,1401.9,1423.34,train
-v8F9YUEYQ8_80.wav,22050,10.0,220500,0.0106,0.218928,3506.72,2808.69,6879.96,train
k3gPUWB1xLM_30.wav,22050,10.0,220500,0.197704,0.170653,2468.86,2094.46,4577.63,train
TQG0Aks0Aoo_10.wav,22050,10.0,220500,0.070803,0.158532,3123.01,2902.14,6594.31,train
MT8_AcvRGQE_30.wav,22050,10.0,220500,0.225431,0.185082,3168.88,2730.21,6476.9,train
zX_a4Jkrd78_20.wav,22050,10.0,220500,0.03416,0.012071,1468.25,1595.77,3508.71,train
zc4mnul2dNg_3.wav,22050,9.615,212010,0.002248,0.244981,3519.83,2580.65,6422.06,train
a5Bg2ChYz4w_160.wav,22050,10.0,220500,0.566545,0.099446,1607.39,1446.97,2865.71,train
jvgWxDGYF_M_30.wav,22050,10.0,220500,0.074416,0.083467,1256.39,1140.0,2640.96,train
4dHp594dHvE_30.wav,22050,10.0,220500,0.007324,0.108294,2267.82,2481.17,4772.25,train
99n1vRT16a4_30.wav,22050,10.0,220500,0.582545,0.174242,2450.42,1818.62,4250.26,train
SR8JlAXuB4w_40.wav,22050,10.0,220500,0.193727,0.205773,3369.22,2712.76,6245.7,train
lxeRpfHUaFE_20.wav,22050,10.0,220500,0.079371,0.229245,4272.78,3218.92,8049.82,train
uW52abJQsdI_30.wav,22050,10.0,220500,0.010634,0.196793,2124.4,995.01,2918.57,train
yB4XQ81oqsQ_0.wav,22050,10.0,220500,0.099374,0.249545,3731.34,2635.37,6762.18,train
PbzJKDe2dOk_30.wav,22050,10.0,220500,0.034351,0.122709,2426.14,2304.42,4772.23,train
uBDauYUicyU_0.wav,22050,10.0,220500,0.429545,0.093267,1845.63,1856.58,3513.86,train
5DJHZt6OW8Y_30.wav,22050,10.0,220500,0.002149,0.071945,1980.19,2480.53,4598.44,train
1KOjkYCQ0R8_20.wav,22050,9.484,209127,0.251873,0.013739,924.63,1668.7,1836.82,train
wQyi2q71FCc_270.wav,22050,10.0,220500,0.118846,0.134914,2395.78,2120.3,4423.65,train
1xNifWmEwPE_30.wav,22050,10.0,220500,0.071769,0.175765,2983.78,2624.94,5871.84,train
zQAjryH3nUU_100.wav,22050,10.0,220500,0.032129,0.141363,2493.7,2442.18,5226.37,train
EyiYrffEcac_40.wav,22050,10.0,220500,0.06318,0.182758,2888.08,2549.5,5487.82,train
aGfZFx1fSA8_10.wav,22050,10.0,220500,0.057689,0.211899,3062.53,2396.0,5988.08,train
7BVctHhtiys_560.wav,22050,10.0,220500,0.06665,0.115793,2618.04,2401.48,5175.61,train
Nq3Q08-yvKU_50.wav,22050,10.0,220500,0.004682,0.097951,1607.37,1494.75,3320.26,train
_nvBNi1pNFE_30.wav,22050,10.0,220500,0.161353,0.117454,1442.08,944.46,2445.84,train
5OsZgPcNP24_30.wav,22050,10.0,220500,0.017117,0.234255,3265.6,2425.22,5686.29,train
rDAl0n5255c_0.wav,22050,10.0,220500,0.009494,0.348966,4850.5,2891.47,8184.72,train
736sQyNeUpc_180.wav,22050,10.0,220500,0.104465,0.061267,1853.1,2476.8,4379.61,train
Rbub44h9iVo_30.wav,22050,10.0,220500,0.013969,0.135757,1967.86,1661.23,3496.67,train
eOsum3UJqPc_30.wav,22050,10.0,220500,0.050523,0.230318,3110.25,2241.92,5563.26,train
lEZVLRAn7d4_9.wav,22050,9.739,214734,0.175308,0.118976,1914.54,1765.24,3418.42,train
ZnD5lqsLG54_470.wav,22050,10.0,220500,0.033845,0.125599,2350.63,2176.89,4465.84,train
93StBYkKorQ_290.wav,22050,10.0,220500,0.327175,0.062526,1359.79,1672.68,2856.6,train
-1y-5KPquQ8_30.wav,22050,10.0,220500,0.024597,0.123025,2501.45,2254.76,4867.23,train
e9T3bQE38X4_30.wav,22050,10.0,220500,0.119863,0.236277,3350.0,2547.08,6239.68,train
RhUGKesd-IE_80.wav,22050,10.0,220500,0.046587,0.251296,2467.11,1215.71,3684.6,train
eN3pW6ZjU1Q_20.wav,22050,10.0,220500,0.018386,0.395453,4687.13,2768.29,7699.52,train
HdaLWbVTo9M_30.wav,22050,10.0,220500,0.017182,0.256345,2836.11,1620.97,4756.29,train
cBkdaO2052Y_330.wav,22050,10.0,220500,0.020302,0.478731,5306.88,2804.74,8364.35,train
MkNrvtciP9A_0.wav,22050,10.0,220500,0.021699,0.254689,3690.9,3027.39,7752.83,train
hxnKQk51cMg_70.wav,22050,10.0,220500,0.006395,0.211794,3498.25,2934.99,6997.17,train
2wtBmJ97AJ0_330.wav,22050,10.0,220500,0.05307,0.182161,3582.11,3073.33,7260.74,train
2tj8FXjlM-8_0.wav,22050,10.0,220500,0.26811,0.309744,4147.72,2833.17,7829.84,train
BjbqQGMJRiI_30.wav,22050,10.0,220500,0.159805,0.134591,2521.15,2307.03,4917.99,train
A7ZZNciO5gY_110.wav,22050,10.0,220500,0.069499,0.123432,2132.9,2277.07,4521.7,train
rkj04gkHMPg_6.wav,22050,9.1,200644,0.096305,0.20738,3107.97,2485.27,5680.04,train
8L4nZgdA-CQ_110.wav,22050,10.0,220500,0.063385,0.180239,3016.81,2492.84,5721.49,train
5wkZEk3rjUY_250.wav,22050,10.0,220500,0.073865,0.119422,1931.9,1641.94,3510.66,train
VjDdDm8g74E_240.wav,22050,10.0,220500,0.024446,0.145639,1781.8,1171.37,2991.57,train
VqRWxLZSpH0_60.wav,22050,10.0,220500,0.05448,0.155461,2501.02,1966.15,4871.35,train
JujIX1J-qdU_7.wav,22050,9.045,199442,0.013052,0.317752,3085.79,2380.7,6108.69,train
iFPgF3A3omo_50.wav,22050,10.0,220500,0.055833,0.171158,2418.25,1803.46,4552.17,train
KXIpXcG5deg_10.wav,22050,10.0,220500,0.008756,0.128605,2387.73,2217.03,5039.74,train
jRG_05uKguQ_30.wav,22050,10.0,220500,0.101113,0.205501,3156.76,2661.12,6187.07,train
OnDEN5XJ0Uw_330.wav,22050,10.0,220500,0.013656,0.151948,1836.1,1784.91,3495.42,train
_gqmObMriFo_140.wav,22050,10.0,220500,0.23886,0.153355,3120.02,2858.2,6739.92,train
BeZcgPvIJl0_30.wav,22050,10.0,220500,0.053683,0.071229,1981.11,2446.69,4412.18,train
3rUTwDYoPDI_19.wav,22050,9.056,199690,0.185464,0.103142,1981.32,2090.35,4027.23,train
XsTaJi_FJaE_30.wav,22050,10.0,220500,0.071503,0.200423,3375.94,2624.95,6635.6,train
2JMkH97vN_A_280.wav,22050,10.0,220500,0.041852,0.142304,2548.03,2368.53,5025.95,train
iGaclRPwfsY_0.wav,22050,10.0,220500,0.150934,0.190217,3169.44,2582.11,6214.88,train
EuQFPTvwVkU_30.wav,22050,10.0,220500,0.087693,0.129228,2642.18,2467.31,5361.24,train
PtgJ1J_d77A_30.wav,22050,10.0,220500,0.112734,0.342392,4153.03,2618.74,7035.21,train
dam5W4exCj0_140.wav,22050,10.0,220500,0.224207,0.074572,2077.6,2261.58,4214.51,train
Qe9rIEtSnNc_20.wav,22050,10.0,220500,0.019207,0.079275,1831.54,2201.38,3588.0,train
r-VC2DKLE0E_17.wav,22050,9.907,218446,0.022081,0.117085,1626.64,1400.19,2793.52,train
CozB8NRuuas_110.wav,22050,10.0,220500,0.183577,0.054684,1333.63,1716.97,2364.76,train
rqYaTE-maZs_230.wav,22050,10.0,220500,0.071328,0.288631,3939.73,2751.4,7228.84,train
jL2C4FIMLzY_14.wav,22050,10.0,220500,0.105011,0.133755,2441.49,2524.54,5527.94,train
unDOYQxieNo_0.wav,22050,10.0,220500,0.112217,0.135484,2348.03,2352.72,4836.88,train
6K68ZSJlmfY_80.wav,22050,10.0,220500,0.104588,0.088159,1975.87,1794.98,3893.86,train
BtRrx9nCMjE_0.wav,22050,10.0,220500,0.140946,0.080381,1783.55,1974.53,3751.27,train
xk1qQU836XQ_23.wav,22050,9.143,201602,0.23009,0.037506,760.54,858.0,1491.31,train
mnn72rSTiOA_70.wav,22050,10.0,220500,0.054599,0.383765,4148.2,2042.04,6443.97,train
9CKXMBiPZM4_70.wav,22050,10.0,220500,0.129278,0.078495,1411.7,1439.31,2254.49,train
71Srk-5ihic_30.wav,22050,10.0,220500,0.087587,0.251338,2662.5,1205.22,3966.83,train
QaWSKaEEqNw_90.wav,22050,10.0,220500,0.100957,0.212209,3187.93,3038.88,6379.0,train
dubTmw3-22w_0.wav,22050,10.0,220500,0.029284,0.134511,2529.95,2623.55,5670.85,train
Jhk6ts63LeE_330.wav,22050,10.0,220500,0.06522,0.055265,1862.55,2388.81,4140.12,train
WHt3AIAvDp0_40.wav,22050,10.0,220500,0.120223,0.218486,3263.37,2544.55,6286.17,train
35qYEcRiJEY_8.wav,22050,9.694,213744,0.071854,0.166123,2048.36,1474.96,3815.73,train
0kk33ypSebs_30.wav,22050,10.0,220500,0.142921,0.112859,2307.33,2132.65,4489.32,train
fUPREJoj_3k_110.wav,22050,10.0,220500,0.034121,0.179702,3825.04,2974.37,7156.42,train
LTRLbQ1Fg-8_20.wav,22050,10.0,220500,0.049078,0.175754,2684.62,2333.38,5353.5,train
1hxCGlA5oJQ_30.wav,22050,10.0,220500,0.117624,0.097528,1992.8,2097.36,3832.34,train
GSjNt27X4_c_270.wav,22050,10.0,220500,0.108779,0.052469,972.82,1139.62,1695.0,train
hdP6mXKtsb4_110.wav,22050,10.0,220500,0.34677,0.226057,3458.15,2530.94,6326.91,train
Kk3foIVuti0_30.wav,22050,10.0,220500,0.003333,0.179151,2835.03,2377.1,5964.65,train
M4oTW3wlD8o_60.wav,22050,10.0,220500,0.071758,0.344588,4803.68,3158.89,8561.35,train
BY2byO2KvsQ_430.wav,22050,10.0,220500,0.01093,0.33838,4664.12,2895.62,8328.13,train
2fl5s0uDZ00_0.wav,22050,6.92,152576,0.09043,0.17463,2901.91,2697.7,5995.41,train
rLMthJIf3JI_30.wav,22050,10.0,220500,0.08989,0.067541,1158.2,1215.0,2198.96,train
qOaecC4Sz_4_10.wav,22050,10.0,220500,0.251591,0.055875,957.48,1006.66,1724.13,train
xfKocMDCsQM_0.wav,22050,10.0,220500,0.151716,0.277135,3981.98,2761.74,7392.68,train
8cXutWVRbgM_30.wav,22050,10.0,220500,0.045857,0.328322,3966.7,2571.89,6635.6,train
DT1CTUruDyQ_160.wav,22050,10.0,220500,0.061824,0.12306,1598.33,1135.33,3060.56,train
TmZZBm_Ohl0_60.wav,22050,10.0,220500,0.066498,0.099624,2073.31,2310.44,4399.69,train
bneOGU2J9n8_60.wav,22050,10.0,220500,0.018066,0.261779,3520.61,2705.21,6352.64,train
ioxfheW0Wx0_30.wav,22050,10.0,220500,0.081748,0.216374,3473.6,2953.93,7302.4,train
YJPgi7xQJqA_110.wav,22050,10.0,220500,0.084888,0.094825,2038.6,2197.06,3576.66,train
UYKLHDs0ySM_20.wav,22050,10.0,220500,0.027628,0.125545,2435.91,2503.62,5115.11,train
exbVL7nTfxg_130.wav,22050,10.0,220500,0.200598,0.284969,3350.48,1741.99,5105.57,train
qnj2EkE0mws_30.wav,22050,10.0,220500,0.032756,0.173967,2314.52,1446.72,4019.89,train
63skVA4MS7g_70.wav,22050,10.0,220500,0.249534,0.169858,2286.86,1497.74,3824.09,train
42dh1LF8kDw_15.wav,22050,9.91,218514,0.092094,0.036069,1144.07,1505.63,3027.53,train
oQc5vDrPHEk_30.wav,22050,10.0,220500,0.169744,0.153376,2004.43,1252.23,3339.0,train
kWpxOCSDKsw_10.wav,22050,10.0,220500,0.131892,0.120141,2106.38,1991.9,3904.43,train
Os_YOF421NQ_10.wav,22050,10.0,220500,0.064136,0.197543,3489.05,2977.21,7118.3,train
4bma6GcgXXo_0.wav,22050,10.0,220500,0.153433,0.138235,2158.08,1734.99,3833.71,train
aX9zjghRc9E_10.wav,22050,10.0,220500,0.09636,0.200551,3083.16,2314.45,5548.77,train
Rs2lbpW9rKE_15.wav,22050,9.411,207506,0.124904,0.192822,3131.68,1973.62,5138.64,train
KSQDcMp4Uyo_150.wav,22050,10.0,220500,0.126288,0.217737,2598.07,1747.55,4368.29,train
ESqmzJC6tzc_30.wav,22050,10.0,220500,0.094764,0.23921,3501.24,2825.27,6962.57,train
29I-5MuovmA_30.wav,22050,10.0,220500,0.035015,0.095083,1900.91,1985.46,3934.48,train
VVeUFvlmaWI_10.wav,22050,10.0,220500,0.0145,0.309591,4063.85,2820.36,7677.71,train
PYAiICiAVss_150.wav,22050,10.0,220500,0.059427,0.315282,4158.37,3021.68,8093.34,train
siHkuDOwlrM_110.wav,22050,10.0,220500,0.042724,0.118685,2452.6,2337.03,4771.55,train
-Thh8i26WWQ_30.wav,22050,10.0,220500,0.160877,0.021842,520.03,864.57,856.76,train
aUe2yoilTmk_360.wav,22050,10.0,220500,0.028004,0.225189,3453.85,2764.78,6683.59,train
PAX31RFDUEg_0.wav,22050,10.0,220500,0.014472,0.150929,2476.52,2450.45,4923.18,train
e4VuhgmuZ3U_390.wav,22050,10.0,220500,0.045032,0.166619,2766.8,2417.16,5417.0,train
1pAuLvy2K7o_30.wav,22050,10.0,220500,0.197543,0.065739,1505.01,1782.11,2999.14,train
FPRsDr1NrIk_30.wav,22050,10.0,220500,0.038127,0.11703,2571.04,2679.61,5662.11,train
P8CQi4teroA_30.wav,22050,10.0,220500,0.075581,0.149696,2542.21,2069.87,4406.84,train
1TIGnwpqeVY_24.wav,22050,9.374,206688,0.019602,0.083658,2155.75,2548.73,4985.84,train
Wd722Z46zLU_60.wav,22050,10.0,220500,0.03744,0.133881,2951.65,2424.91,5483.27,train
KqcOnyiI5M0_30.wav,22050,10.0,220500,0.06393,0.164588,3230.76,3030.42,7073.71,train
GXdtfXPsvm4_160.wav,22050,10.0,220500,0.114097,0.30905,3734.45,2406.07,6226.87,train
D8PBv1m4uB8_30.wav,22050,10.0,220500,0.023938,0.070664,1085.43,824.88,1725.58,train
soxaB6KCkDU_90.wav,22050,10.0,220500,0.167222,0.347632,4283.14,2766.13,7451.44,train
_alDf8shNf4_10.wav,22050,10.0,220500,0.058653,0.109367,1447.14,1226.08,2883.75,train
ch1-H-lZ8qY_80.wav,22050,10.0,220500,0.126273,0.041631,1186.38,1743.07,2459.63,train
BU3GQtQOcTE_10.wav,22050,10.0,220500,0.219578,0.1425,2187.53,1972.57,4172.77,train
0TtczPtxGwM_30.wav,22050,10.0,220500,0.031465,0.176464,2975.38,2551.91,5942.71,train
WdRqE06mjno_30.wav,22050,10.0,220500,0.115891,0.099006,2871.06,2954.13,6434.21,train
IMyAbfI1H4E_6.wav,22050,9.232,203572,0.03602,0.215841,2314.24,1531.64,4109.33,train
bsnmTSx9Rpc_30.wav,22050,10.0,220500,0.035282,0.118065,2213.65,2035.03,3772.03,train
jfRiWD8omOs_170.wav,22050,10.0,220500,0.065047,0.125122,2695.44,2810.09,6020.13,train
MkvRGnU8quA_40.wav,22050,10.0,220500,0.070338,0.130814,1875.95,1482.56,3665.99,train
MF4Q6hxoKlU_30.wav,22050,10.0,220500,0.136834,0.04512,781.38,805.81,1461.96,train
9TgCwd1o2ug_240.wav,22050,10.0,220500,0.065504,0.199035,3349.76,2684.21,6416.72,train
5HJMguwu61s_460.wav,22050,10.0,220500,0.103182,0.073997,1628.09,2166.93,3103.4,train
HhRS89HzH2s_9.wav,22050,9.715,214222,0.16047,0.039277,1720.11,2660.55,4241.86,train
KLO7GI56ESA_30.wav,22050,10.0,220500,0.005721,0.13439,1623.82,1191.03,2872.43,train
PrjDCZ__UTQ_30.wav,22050,10.0,220500,0.109401,0.12864,2255.45,2113.46,4419.73,train
1_2vJ3VbBpw_10.wav,22050,10.0,220500,0.20433,0.091857,2072.27,2099.16,4834.15,train
3bJJj6UGOqs_50.wav,22050,10.0,220500,0.080558,0.252678,3646.42,2695.23,6940.51,train
rhHOgOh54fE_410.wav,22050,10.0,220500,0.105806,0.16793,2932.51,2550.99,5687.54,train
LCRSOKQObj8_10.wav,22050,10.0,220500,0.240118,0.146549,2713.38,2181.34,4976.99,train
ZSq--b8l9aY_560.wav,22050,10.0,220500,0.082568,0.493217,5302.73,2938.74,8524.48,train
6wHFhrAqt5Q_23.wav,22050,9.015,198786,0.023837,0.131855,2937.7,2819.87,6627.13,train
wjlv5YG6XSM_20.wav,22050,10.0,220500,0.031958,0.317625,4190.71,2601.91,6868.14,train
R1UlJcLZR78_90.wav,22050,10.0,220500,0.120936,0.136547,2336.95,1871.52,4225.55,train
xrm1xeH62mY_5.wav,22050,10.0,220500,0.105412,0.060649,1042.22,980.08,2270.6,train
5aZQw-RZjnA_12.wav,22050,9.478,209000,0.085196,0.086305,1515.68,1608.25,3051.16,train
0htnd-3P2Ho_27.wav,22050,10.0,220500,0.168046,0.102399,1472.1,980.0,2558.43,train
RD5UX2MKGqo_210.wav,22050,10.0,220500,0.086316,0.175147,2994.96,2584.46,5869.2,train
TQihWjgvkvU_70.wav,22050,10.0,220500,0.112308,0.17389,2655.61,2217.17,4578.2,train
1QSpMuxzvkE_160.wav,22050,10.0,220500,0.214787,0.15748,3515.73,3343.58,7742.54,train
txwW_8qzsbQ_340.wav,22050,10.0,220500,0.114209,0.257903,3497.65,2749.44,6910.38,train
w7gjCdPaiO8_15.wav,22050,9.079,200194,0.038016,0.055931,1236.0,1552.74,2301.39,train
78J4Z4bcaTw_30.wav,22050,10.0,220500,0.12068,0.081898,1819.43,1987.54,3581.63,train
XvlPlDK8kKk_30.wav,22050,10.0,220500,0.155834,0.013276,1365.38,2139.11,2906.56,train
NRrLxVzk1tU_30.wav,22050,10.0,220500,0.074044,0.110347,2292.54,2408.95,4776.37,train
T8PdG1Y6-QQ_40.wav,22050,10.0,220500,0.08168,0.403102,4785.93,2890.26,8292.73,train
106rEVwcGl0_0.wav,22050,9.0,198450,0.091269,0.057121,969.29,940.0,1994.87,train
F2iWn2KG3tc_19.wav,22050,9.881,217866,0.084589,0.173678,3042.95,2675.07,5996.42,train
2Og2AI0y9Ok_30.wav,22050,10.0,220500,0.018075,0.145566,1767.18,1303.07,2965.19,train
HhrWIfb1jDw_270.wav,22050,10.0,220500,0.05148,0.111252,2251.81,2332.47,4709.35,train
ouMhvUzlcGc_30.wav,22050,10.0,220500,0.009221,0.109163,1617.63,2035.71,3251.54,train
i6-avzISXkQ_30.wav,22050,10.0,220500,0.068117,0.128744,1836.57,1430.72,3563.85,train
RRKyXMN2Ixw_570.wav,22050,10.0,220500,0.150783,0.229309,3646.78,3040.98,7539.12,train
B62t1I4RZdw_2.wav,22050,9.802,216140,0.139928,0.10879,1407.01,947.12,2557.03,train
ieqiskJI74A_140.wav,22050,10.0,220500,0.005145,0.347921,4172.43,2883.41,7669.99,train
RF8Xxxf62zM_20.wav,22050,10.0,220500,0.125267,0.145755,2339.46,2334.08,4903.48,train
El8-o1GVeHo_30.wav,22050,10.0,220500,0.020837,0.037122,808.87,1000.38,1803.82,train
CclG2awDFrA_100.wav,22050,10.0,220500,0.007712,0.382435,4696.59,2984.72,7932.11,train
-eqHJJJHy9o_360.wav,22050,10.0,220500,0.098464,0.142171,2664.82,2658.63,5598.83,train
xiEIyeo6R7o_30.wav,22050,10.0,220500,0.243505,0.053985,1455.13,2158.09,2723.7,train
22dyb_bvt_0_19.wav,22050,9.857,217354,0.019102,0.053582,1035.54,1224.83,2022.22,train
bDqiTqTABUk_0.wav,22050,9.0,198450,0.52498,0.074369,1485.34,1459.12,2915.03,train
2UxH3jY3Ems_30.wav,22050,10.0,220500,0.03312,0.07346,1705.73,1914.36,3268.33,train
UbZMmV183T8_310.wav,22050,10.0,220500,0.498305,0.076982,1947.26,2106.57,4435.27,train
oxOL8pEuxuA_110.wav,22050,10.0,220500,0.168917,0.163571,2686.83,2331.52,5136.57,train
6_wn6RMOB7c_4.wav,22050,9.63,212344,0.002842,0.32562,4013.38,2249.31,6212.69,train
51Z9hoCPgu8_10.wav,22050,10.0,220500,0.008573,0.177089,3369.3,3039.45,7187.42,train
BhjUPdA6Ho4_170.wav,22050,10.0,220500,0.010583,0.216302,2737.94,2010.89,4904.95,train
Bgryyqo5qV0_30.wav,22050,10.0,220500,0.095795,0.200472,3421.14,2606.87,6590.16,train
2oloIcQmY4w_30.wav,22050,10.0,220500,0.072793,0.101553,1462.13,1251.23,2917.22,train
TBVIR9twaKc_20.wav,22050,10.0,220500,0.18467,0.12019,1846.43,1577.88,3096.68,train
2kbqSj928wU_10.wav,22050,9.505,209580,0.205202,0.124621,1578.33,1143.73,2920.61,train
c043ZXgu0x4_22.wav,22050,9.579,211220,0.041724,0.016178,1277.01,2164.87,3086.08,train
8_rZjmUoNMI_30.wav,22050,10.0,220500,0.039604,0.122105,2299.69,2208.9,4572.28,train
JJKoqN5IAiY_30.wav,22050,10.0,220500,0.082653,0.165635,2799.91,2308.16,5202.97,train
svydzdjKqa4_10.wav,22050,10.0,220500,0.171712,0.13356,2006.33,1553.78,3617.1,train
-Jt49B0E43U_10.wav,22050,10.0,220500,0.142984,0.16946,2711.61,2263.37,4965.45,train
9A5OX9VQGIw_30.wav,22050,10.0,220500,0.080747,0.131076,2589.73,2562.76,5375.16,train
22oQiwS276k_0.wav,22050,10.0,220500,0.024123,0.306806,4098.08,2940.25,7748.26,train
gb-h-FQWghU_80.wav,22050,10.0,220500,0.037594,0.363732,4515.03,3073.37,8061.04,train
vWFEVvaqkXY_0.wav,22050,10.0,220500,0.122211,0.311071,3571.39,1624.63,4635.08,train
QHZ2vSWhwFU_5.wav,22050,10.0,220500,0.046361,0.144886,1812.65,1242.63,2679.11,train
Rs2-74u0qe8_30.wav,22050,10.0,220500,0.173074,0.074808,1805.63,2068.47,3546.03,train
UjdasmK1Bmw_0.wav,22050,10.0,220500,0.017455,0.173527,3004.85,2721.38,6144.83,train
eNSl5dJkWBw_0.wav,22050,10.0,220500,0.099553,0.095461,1374.24,1146.74,2243.62,train
A1ZPQ9UO8v0_3.wav,22050,9.887,218010,0.2087,0.053328,1159.55,1463.01,2076.51,train
dO09P7vAAVY_80.wav,22050,10.0,220500,0.071911,0.184255,2886.71,2463.37,5644.02,train
NkhcJiuXEB8_30.wav,22050,10.0,220500,0.059675,0.06394,1894.32,2549.54,4313.71,train
5bGC1zJmvio_30.wav,22050,10.0,220500,0.186037,0.058948,983.86,840.47,1854.7,train
BYgxDt8y9jU_80.wav,22050,10.0,220500,0.113933,0.116938,2589.0,2566.87,5600.06,train
wYlM7JoMzN4_140.wav,22050,10.0,220500,0.115604,0.195954,2869.14,2290.59,5511.73,train
8dqtPrLtgFQ_11.wav,22050,8.999,198426,0.204888,0.103147,1416.27,1114.97,2698.84,train
zYcsWI4LyPQ_90.wav,22050,10.0,220500,0.097834,0.131156,2629.66,2583.84,5446.68,train
XVFsW1NQ5fs_210.wav,22050,10.0,220500,0.127106,0.287905,3531.83,1987.07,5011.32,train
3meKwIpLJhg_280.wav,22050,10.0,220500,0.013541,0.104666,1973.59,2044.58,3771.46,train
kYvOL2aEUNo_20.wav,22050,10.0,220500,0.03099,0.482804,5448.28,3303.59,9476.08,train
TwF0GV-UUIE_140.wav,22050,10.0,220500,0.051652,0.121557,2379.95,2444.59,5027.1,train
GU3MBXn7qfw_0.wav,22050,9.817,216464,0.007267,0.188223,2244.71,1342.97,3034.22,train
DI2r6XST2XU_23.wav,22050,9.461,208626,0.179642,0.138123,1966.96,1926.15,3700.65,train
ubycg-VaHms_0.wav,22050,10.0,220500,0.175193,0.120838,1873.4,1785.13,3472.59,train
PgsDUXZtDwQ_0.wav,22050,6.594,145408,0.054557,0.133525,2421.32,2278.01,4667.61,train
RB_IKXQ2Zas_460.wav,22050,10.0,220500,0.104537,0.109049,1869.56,1703.77,3403.69,train
5AsNPAIzEK0_13.wav,22050,9.722,214374,0.036081,0.29219,3939.04,2801.58,7094.06,train
RVASfc4V6xU_230.wav,22050,10.0,220500,0.065679,0.148444,2912.72,2740.07,6065.82,train
DadQXgAgodI_30.wav,22050,10.0,220500,0.170636,0.110834,1929.76,1764.27,3412.41,train
RIrOBfeXftM_110.wav,22050,10.0,220500,0.186481,0.060378,1565.08,1741.97,3311.27,train
6XgwzE7cREk_10.wav,22050,9.9,218284,0.054823,0.165016,2909.07,2624.86,6097.4,train
K3wQ3MgglcA_0.wav,22050,10.0,220500,0.26819,0.115467,1765.55,1316.23,2911.8,train
8GJJi8OivOo_12.wav,22050,10.0,220500,0.043048,0.122393,1677.56,1272.6,3054.17,train
AoIQX-AJT20_1.wav,22050,9.92,218734,0.060175,0.162136,2929.33,2558.09,5770.19,train
mUpVz-n8FqQ_8.wav,22050,9.247,203904,0.246045,0.152904,2993.03,2527.71,6305.59,train
awbwaNwcfKA_30.wav,22050,10.0,220500,0.069732,0.088334,1362.44,1071.62,2633.72,train
l8PYK5Sc0w0_220.wav,22050,10.0,220500,0.013914,0.126093,1899.32,1739.36,3676.78,train
5EItomk0Nv0_230.wav,22050,10.0,220500,0.18817,0.125519,2520.36,2432.99,5137.94,train
IQ2bHS59KnI_30.wav,22050,10.0,220500,0.121838,0.242771,3491.09,2664.47,6808.94,train
bliwMn5WxZg_350.wav,22050,10.0,220500,0.030743,0.11272,2250.62,2310.41,4732.08,train
h2F3m9Zj1Xs_40.wav,22050,10.0,220500,0.156337,0.159382,2463.97,1743.24,4436.31,train
0uIe4dKUC1s_50.wav,22050,10.0,220500,0.042822,0.111644,2276.5,2253.39,4503.71,train
CFdSLDQK3PQ_70.wav,22050,10.0,220500,0.065562,0.035187,1928.48,2574.64,4516.83,train
cIvwFzjFl1I_30.wav,22050,10.0,220500,0.055522,0.144918,2371.79,2286.12,4838.6,train
6hd4qW7ca5Y_140.wav,22050,10.0,220500,0.05241,0.152448,2934.87,2778.36,6301.26,train
EY40yrDrNHI_10.wav,22050,10.0,220500,0.068668,0.309953,3992.8,2390.77,6399.41,train
5CQ20DDqMak_30.wav,22050,10.0,220500,0.133522,0.048062,899.76,1014.75,1427.76,train
lsL0RkXcqBo_10.wav,22050,10.0,220500,0.046401,0.161638,2669.79,2315.1,5112.29,train
7ch3v-lXyR0_30.wav,22050,10.0,220500,0.076531,0.178884,3161.69,2905.98,6706.07,train
uS5Y-7TxxJg_30.wav,22050,10.0,220500,0.019487,0.347239,4648.71,3317.47,8784.75,train
hyBtlZKLoEo_210.wav,22050,10.0,220500,0.083786,0.100405,2510.1,2584.0,5263.34,train
2IyCG8fIZAo_160.wav,22050,10.0,220500,0.050596,0.156876,2945.17,2470.52,5686.09,train
vhGA1iNE4Xk_120.wav,22050,10.0,220500,0.110845,0.472143,5343.42,2548.59,8367.65,train
RPbYmF04hx4_60.wav,22050,10.0,220500,0.170677,0.124198,2187.44,2007.64,4056.11,train
1StaUwgu4Ag_420.wav,22050,10.0,220500,0.029907,0.193186,2385.89,1485.53,4087.59,train
p4EMY4JrdY8_490.wav,22050,10.0,220500,0.064201,0.133674,2704.83,2621.17,5687.04,train
IGXfZy0cMQY_30.wav,22050,10.0,220500,0.056585,0.122133,1993.32,1867.63,3769.28,train
5NwRyXE_lpk_30.wav,22050,10.0,220500,0.296116,0.051122,1616.14,2429.63,3574.79,train
eN6kyTAX8LI_140.wav,22050,10.0,220500,0.035256,0.078539,1424.41,1396.17,2803.39,train
G23xOIm_Q2M_220.wav,22050,10.0,220500,0.132056,0.342696,5477.5,3069.56,8818.52,train
TCxd__aMAJA_30.wav,22050,10.0,220500,0.086405,0.070783,1037.93,1183.06,1969.01,train
OeVqjGaDkqw_130.wav,22050,10.0,220500,0.026684,0.083942,1241.46,1101.73,2549.86,train
rophVmEANcE_16.wav,22050,9.119,201067,0.011273,0.061689,1815.38,2398.36,4134.07,train
V04Pshs97a0_0.wav,22050,10.0,220500,0.070903,0.083182,1242.2,886.6,1938.39,train
C2SwHKGSCZo_0.wav,22050,8.382,184832,0.117136,0.021749,441.37,562.39,907.01,train
IPwfxt4fMqI_14.wav,22050,10.0,220500,0.051113,0.107755,1545.45,1312.01,2650.38,train
B-JwPz1wcqM_30.wav,22050,10.0,220500,0.302399,0.149235,2954.41,2448.04,5807.72,train
c6DFwcoFGZ4_30.wav,22050,10.0,220500,0.162575,0.125263,2336.3,2099.11,4307.09,train
Ez41yUGQwZE_0.wav,22050,9.729,214528,0.098842,0.288327,3876.33,2602.54,6965.76,train
8SnMozXPs6g_30.wav,22050,10.0,220500,0.031242,0.159987,2374.9,1787.17,4208.99,train
viaMNSALYGw_410.wav,22050,10.0,220500,0.035878,0.185051,2963.67,2325.79,5340.58,train
0e5W2EMMwCc_30.wav,22050,10.0,220500,0.059017,0.078886,1699.81,2012.97,3172.28,train
TpkpMbKMPU0_30.wav,22050,10.0,220500,0.116507,0.102459,1893.41,1924.37,3660.32,train
iPtTg2HXAyY_150.wav,22050,10.0,220500,0.06329,0.316302,4524.44,3334.72,8538.26,train
T-PdUogVFT8_0.wav,22050,10.0,220500,0.41153,0.062303,2056.75,2662.87,4615.42,train
XTfcN7e07us_110.wav,22050,10.0,220500,0.132087,0.076754,1056.4,831.5,1789.63,train
zG_zmC8sHwo_280.wav,22050,10.0,220500,0.020864,0.224122,3071.65,2528.6,6106.36,train
HShBgMeRR5o_200.wav,22050,10.0,220500,0.002596,0.245095,3714.57,2990.07,7500.15,train
jsq4Xz5lKv8_140.wav,22050,10.0,220500,0.096997,0.197854,3150.23,2747.74,6150.75,train
jbPQc9lKScY_10.wav,22050,10.0,220500,0.036403,0.221038,3590.11,2710.11,6666.92,train
6yS8JtW0cuk_30.wav,22050,10.0,220500,0.115581,0.071081,1569.56,1713.08,3161.23,train
mp8-O-SDxmQ_150.wav,22050,10.0,220500,0.178953,0.035545,1001.03,1484.67,2043.81,train
1dmz0KR31Xg_30.wav,22050,10.0,220500,0.037596,0.111254,1850.16,1712.86,3672.61,train
ydLqjbN4FMg_0.wav,22050,10.0,220500,0.084844,0.092163,1630.6,1580.08,3531.65,train
15Du8ATzjN8_30.wav,22050,10.0,220500,0.121812,0.182112,2959.15,2469.04,5604.65,train
8AEg3aGab6Q_60.wav,22050,10.0,220500,0.00534,0.024516,1009.95,1143.78,2150.02,train
F4WjABrO974_10.wav,22050,10.0,220500,0.023355,0.111258,2365.73,2526.62,5147.96,train
IonB-PFvFDo_40.wav,22050,10.0,220500,0.33554,0.114293,1616.39,1105.85,2763.04,train
eFMExkx5v0Y_30.wav,22050,10.0,220500,0.038866,0.169827,2502.07,2055.88,4860.61,train
h5FBA1B_ARM_29.wav,22050,9.15,201766,0.173327,0.115639,2552.6,2630.08,5416.91,train
7ZULpnVOzEw_30.wav,22050,10.0,220500,0.031693,0.239589,3561.46,2522.76,6494.81,train
4LqdHJ7fpfw_70.wav,22050,10.0,220500,0.082551,0.092968,2286.28,2512.75,5000.07,train
rsfXfpnLfeE_29.wav,22050,9.638,212518,0.003885,0.135368,2770.99,2429.18,5338.22,train
JK49fAa8f3k_110.wav,22050,10.0,220500,0.122847,0.071667,1470.72,1505.23,2964.21,train
SToORjgH1fg_350.wav,22050,10.0,220500,0.115495,0.596651,6212.13,2646.64,8794.39,train
z8_5Lk7A_Fs_40.wav,22050,10.0,220500,0.247715,0.093096,2022.76,2182.68,5198.05,train
PAv_L6RdFy0_30.wav,22050,10.0,220500,0.263445,0.073718,1182.35,971.79,2157.89,train
4SqTB2xrK1Y_30.wav,22050,10.0,220500,0.223832,0.075454,1304.04,1363.9,2315.42,train
F3k3LNhms6Y_130.wav,22050,10.0,220500,0.164162,0.162508,2901.61,2781.48,6097.77,train
57TqhCDhBTM_21.wav,22050,9.111,200902,0.058042,0.208518,3253.1,2696.28,6314.43,train
1IcWpAU6aL4_80.wav,22050,10.0,220500,0.028601,0.071485,1368.07,1631.62,2660.32,train
N1bI94qoHq4_30.wav,22050,10.0,220500,0.026194,0.074866,1521.88,1617.24,2895.47,train
L_1X7SYCYHM_40.wav,22050,10.0,220500,0.096304,0.109522,1988.25,2128.97,3582.33,train
6vlCU0GpTrw_30.wav,22050,10.0,220500,0.051031,0.181364,3058.82,2644.31,5824.01,train
i5hBKqrEvH8_22.wav,22050,9.602,211732,0.002146,0.182421,3376.38,3105.8,7466.77,train
1SzZo59-_5U_60.wav,22050,10.0,220500,0.017279,0.138982,2612.28,2616.45,5525.44,train
8ph2oOxvwmY_18.wav,22050,8.884,195884,0.030697,0.227127,3289.89,2310.6,5905.94,train
6bnjWEaQ1Ks_30.wav,22050,10.0,220500,0.092175,0.197763,2623.22,1983.71,4874.85,train
Q4OqL84-pK0_190.wav,22050,10.0,220500,0.014436,0.246771,3604.18,2749.6,6981.1,train
An0AOomCvs4_30.wav,22050,10.0,220500,0.266775,0.107782,2069.79,2127.81,3983.17,train
IwU1aHKGreA_250.wav,22050,10.0,220500,0.097012,0.074284,1748.14,2138.91,3408.32,train
YmdC9Y_ZRas_0.wav,22050,10.0,220500,0.042825,0.214097,3294.76,2523.01,6656.26,train
_wvlB2jt2c8_30.wav,22050,10.0,220500,0.113141,0.223742,2169.08,1040.98,3298.5,train
D2HyDCMIQ50_70.wav,22050,10.0,220500,0.034407,0.416097,5437.19,3192.5,8808.9,train
FRUloXXjKhU_20.wav,22050,10.0,220500,0.044211,0.235959,3094.42,2053.93,5066.92,train
ThX4a0J9E20_30.wav,22050,10.0,220500,0.078804,0.12049,2566.85,2389.53,5157.03,train
3mLmvKG6EOQ_260.wav,22050,10.0,220500,0.08371,0.185948,2453.26,1504.08,4051.02,train
NmP83zDlRlY_30.wav,22050,10.0,220500,0.002013,0.154482,2815.01,2667.94,6003.59,train
c2CLsBkFVt8_30.wav,22050,10.0,220500,0.147983,0.146735,1898.29,1093.7,2234.76,train
WFBC2CwbG_o_0.wav,22050,10.0,220500,0.028682,0.012274,687.86,884.3,1673.99,train
vvhLauGOP70_30.wav,22050,10.0,220500,0.191411,0.100228,1230.49,934.26,2311.42,train
CsUB29BZ81Y_30.wav,22050,10.0,220500,0.038244,0.026485,1063.56,1376.66,2291.31,train
hkHpllrSu0s_50.wav,22050,10.0,220500,0.117193,0.125445,2657.43,2890.9,6335.68,train
y2Bi6XXL92Y_150.wav,22050,10.0,220500,0.092738,0.141676,2739.41,2693.95,5766.35,train
3DfM7lFy8b8_30.wav,22050,10.0,220500,0.04026,0.232098,3913.53,3042.68,7651.93,train
MnyaVIPkkU8_460.wav,22050,10.0,220500,0.115337,0.076751,1598.69,1754.9,3058.54,train
SFVFdEqXB90_0.wav,22050,6.38,140688,0.047035,0.115753,1847.51,1653.54,2942.84,train
2IFWoddG6-Y_12.wav,22050,9.804,216168,0.055439,0.2416,3484.5,2329.74,6008.63,train
eOZ3FpULkCc_10.wav,22050,10.0,220500,0.012323,0.175473,3114.87,2987.73,6797.62,train
r82YbruXP08_30.wav,22050,10.0,220500,0.012076,0.122527,1600.12,1337.62,3210.47,train
-e2gfOLxyCs_30.wav,22050,10.0,220500,0.141803,0.06485,1314.47,1505.38,2353.34,train
jhI2rWUXaFk_30.wav,22050,9.655,212884,0.22417,0.135139,1931.14,1466.84,2843.57,train
S94Pi5i0Io8_90.wav,22050,9.73,214540,0.023588,0.086983,1988.78,2232.63,4197.72,train
-_8E5aDUqas_30.wav,22050,10.0,220500,0.042786,0.182021,2909.0,2534.92,5701.83,train
QGoPDmfciHM_30.wav,22050,10.0,220500,0.096314,0.080707,1892.93,2211.15,4145.12,train
VhaESL_Q1Jc_30.wav,22050,10.0,220500,0.071813,0.094478,1501.36,1484.78,2806.31,train
GRaPuM0JVIo_30.wav,22050,10.0,220500,0.043816,0.203946,3437.4,2608.01,6300.16,train
11bhNEX-Gyo_490.wav,22050,10.0,220500,0.10608,0.094707,1944.34,2125.28,3992.71,train
vQWuyuwBwPI_0.wav,22050,10.0,220500,0.015441,0.174274,3504.33,3339.79,7994.31,train
ySg1ZYTO9xQ_0.wav,22050,10.0,220500,0.302098,0.278368,3609.85,2641.27,6640.1,train
bDkE1qnLaok_20.wav,22050,9.396,207192,0.222254,0.107345,1374.03,1007.76,2594.27,train
DvBFEc35o5U_30.wav,22050,10.0,220500,0.200453,0.023231,707.37,1116.96,1406.68,train
QMtHNkHNVRA_110.wav,22050,10.0,220500,0.078691,0.100879,2001.99,2253.1,4123.46,train
SnOXlxZxKK4_100.wav,22050,10.0,220500,0.021028,0.174069,2989.25,2598.22,5912.71,train
Nndr1xAhx3o_550.wav,22050,10.0,220500,0.159344,0.197971,2998.57,2350.37,5620.42,train
YAz4QRfOhBI_40.wav,22050,10.0,220500,0.078747,0.05625,1132.44,1337.83,2209.55,train
GPBnoNdKvFc_100.wav,22050,10.0,220500,0.198951,0.257246,2954.48,1687.34,3970.38,train
2q8ymn3uReQ_180.wav,22050,10.0,220500,0.045495,0.499502,5574.78,2999.41,9254.03,train
xvYQAYH-7xA_21.wav,22050,9.929,218934,0.122292,0.118331,1988.28,2073.06,4033.95,train
I0MfQS96Sp4_150.wav,22050,10.0,220500,0.125734,0.137362,2354.3,2303.23,4736.28,train
zy2TJUX503I_12.wav,22050,9.508,209656,0.28631,0.077309,1297.57,1288.7,2835.29,train
jaNOtVX5rOU_30.wav,22050,10.0,220500,0.087381,0.148261,2536.43,2244.12,5009.24,train
CsoIfzhrbqM_30.wav,22050,10.0,220500,0.136188,0.125849,2204.55,2187.47,4246.11,train
Nr2zCh25DoU_30.wav,22050,10.0,220500,0.119155,0.079004,1538.58,1651.98,2914.15,train
3_XSwa3fyMw_30.wav,22050,10.0,220500,0.072999,0.114787,2050.11,1971.36,3912.87,train
2nH5EY33vO4_560.wav,22050,10.0,220500,0.009425,0.066512,1913.34,2367.89,4318.71,train
Pp9ocqFF-go_120.wav,22050,10.0,220500,0.009666,0.092295,2406.93,2732.3,5922.53,train
stFh0CmRbqo_6.wav,22050,9.32,205508,0.102299,0.126685,2319.75,2077.81,4380.56,train
CDPXjPKsRMc_50.wav,22050,10.0,220500,0.044768,0.076567,1750.42,2175.72,3551.98,train
1UpPtvmB9Aw_180.wav,22050,10.0,220500,0.005115,0.228441,3951.79,3201.24,7868.21,train
oH8jVitp0YU_20.wav,22050,10.0,220500,0.084562,0.196649,2520.41,1817.5,4641.35,train
H1rDvOSDJfY_40.wav,22050,10.0,220500,0.116403,0.112466,2247.05,2235.02,4381.46,train
Z6JsEH_aprQ_50.wav,22050,10.0,220500,0.090594,0.047048,1086.66,1523.91,1740.84,train
PY81vDfVAS8_190.wav,22050,10.0,220500,0.02595,0.261653,3728.74,2684.09,6831.42,train
Zx7M_DQFX0Q_14.wav,22050,9.545,210468,0.00937,0.132888,2464.53,2506.01,5591.21,train
Nk6ke-sbsnw_230.wav,22050,10.0,220500,0.012644,0.184789,3424.39,2991.48,6918.28,train
5n7NCKvaGAE_100.wav,22050,10.0,220500,0.007328,0.0836,2128.8,2558.6,4887.51,train
S-m2KKXXGEo_8.wav,22050,9.136,201456,0.053955,0.235373,2909.87,2105.71,4877.82,train
CVfugZzKxRg_40.wav,22050,10.0,220500,0.066035,0.141538,2181.7,1701.94,3362.58,train
ugQgMxfRtt4_20.wav,22050,10.0,220500,0.069014,0.088357,1917.89,2124.44,3914.52,train
3Q5Q7FGes0w_30.wav,22050,10.0,220500,0.033753,0.114996,2255.77,2187.52,4447.76,train
mTEXHSOJciY_30.wav,22050,10.0,220500,0.066301,0.105457,1995.11,2090.93,3948.02,train
0Kmngfi6USI_0.wav,22050,10.0,220500,0.062761,0.110034,1826.22,1566.97,3664.29,train
mn3K_-f4_FQ_30.wav,22050,10.0,220500,0.306355,0.106585,1536.03,1093.34,2638.44,train
XPuKn65tV3g_440.wav,22050,10.0,220500,0.038536,0.233779,3668.3,2882.15,7140.41,train
0WxL3UhsteQ_210.wav,22050,10.0,220500,0.061996,0.394417,4581.9,2297.04,6750.43,train
BXrgr9LJWmU_20.wav,22050,10.0,220500,0.070147,0.213515,3259.17,2750.76,6505.83,train
xwDePRPwBOc_70.wav,22050,10.0,220500,0.12567,0.07262,1616.41,2005.02,2825.62,train
heZ2mlaDgMk_30.wav,22050,10.0,220500,0.085769,0.07538,1715.59,2046.4,3655.4,train
A7duihHaBpI_10.wav,22050,10.0,220500,0.051516,0.310071,3990.95,2682.49,7050.87,train
81C5ysSrqyY_0.wav,22050,9.961,219648,0.14328,0.095875,1771.1,1847.78,3353.3,train
dmrnmTiw18E_30.wav,22050,10.0,220500,0.109209,0.427927,4467.27,2898.59,8260.11,train
ubAa_kTIn8g_80.wav,22050,10.0,220500,0.350019,0.072559,2003.99,2384.86,4411.58,train
6POyUj6RJ9A_250.wav,22050,10.0,220500,0.01782,0.175271,2397.3,1520.82,4178.67,train
tFXp9pPP3K0_10.wav,22050,10.0,220500,0.146856,0.323327,4284.13,2436.16,7078.95,train
arOIOReTyas_30.wav,22050,10.0,220500,0.063079,0.261124,3683.06,2662.88,6970.31,train
o9XtUsDZ6W4_30.wav,22050,10.0,220500,0.338729,0.15435,1917.31,1277.52,3159.89,train
0e5TVCUo3EM_130.wav,22050,10.0,220500,0.075746,0.041097,1151.34,1730.91,2037.29,train
W8fycCGB0fE_400.wav,22050,10.0,220500,0.048922,0.223015,3641.48,2904.23,7197.64,train
rkWmicYDrqM_30.wav,22050,10.0,220500,0.109499,0.217671,3359.91,3046.09,7221.94,train
2sZpta8paCQ_30.wav,22050,10.0,220500,0.046684,0.080748,1617.49,1722.76,3295.23,train
-HURLJm2ANE_30.wav,22050,10.0,220500,0.04023,0.121449,2248.41,2164.59,4072.0,train
0IkRggWmlfo_0.wav,22050,10.0,220500,0.108885,0.12589,2343.19,2260.71,4550.13,train
C0o9O_fbyMk_30.wav,22050,10.0,220500,0.130547,0.223531,3242.8,2556.71,6185.13,train
TqdH7a29Vn4_20.wav,22050,10.0,220500,0.097704,0.050215,1215.81,1673.52,2563.4,train
p_lcN_kYVC8_510.wav,22050,10.0,220500,0.02486,0.069634,2131.71,2598.44,5015.44,train
7b_6CzAV490_17.wav,22050,9.849,217166,0.231966,0.229455,3355.56,2470.55,6121.15,train
y7KG-Fds4R4_15.wav,22050,9.799,216066,0.233205,0.030639,578.05,714.28,1085.06,train
OiSg73tnO_Q_130.wav,22050,10.0,220500,0.061583,0.094861,2132.53,2503.92,5068.8,train
JJGW8qewzDI_0.wav,22050,10.0,220500,0.065725,0.214807,2644.66,1074.52,3412.59,train
7OEiPp3CTjw_260.wav,22050,9.375,206712,0.031424,0.004297,233.88,415.1,528.04,train
Tl86IuUOSNU_30.wav,22050,10.0,220500,0.209647,0.152453,3230.45,2962.05,6917.95,train
2S5icHDJ-0c_30.wav,22050,10.0,220500,0.113641,0.078697,1623.4,1844.9,3084.84,train
0Ygrc2T2xt4_20.wav,22050,10.0,220500,0.077355,0.220777,3400.74,2746.09,6634.57,train
5Zq7M9PFLno_40.wav,22050,10.0,220500,0.169868,0.118369,2358.29,2454.6,4945.64,train
FGtG_7923Qw_20.wav,22050,10.0,220500,0.087739,0.142951,2699.62,2650.31,5969.32,train
inngv4Z5HHA_90.wav,22050,10.0,220500,0.167377,0.095852,1523.16,1358.3,3089.76,train
1p09zyEcHdE_30.wav,22050,10.0,220500,0.045034,0.129504,2650.23,2537.86,5466.69,train
jRzTDPPN2Vw_50.wav,22050,10.0,220500,0.211593,0.285989,3370.4,1898.52,5628.01,train
P_8sR3jDZ9E_120.wav,22050,10.0,220500,0.171722,0.05527,1263.36,1574.25,2500.0,train
TGzbgZVb9aY_20.wav,22050,10.0,220500,0.3425,0.125798,2359.13,2407.45,5518.6,train
S33npHwTrWY_10.wav,22050,10.0,220500,0.128666,0.093832,1500.07,1262.93,2801.99,train
_De-0kKlx_4_40.wav,22050,10.0,220500,0.049477,0.238288,3345.04,2494.8,6332.29,train
eEOEPZG8SbI_30.wav,22050,10.0,220500,0.299109,0.107994,1936.53,1847.56,3465.1,train
Jt-ergXuPzI_50.wav,22050,10.0,220500,0.142273,0.175379,2637.88,1837.81,4631.56,train
sHew-M0dlw8_190.wav,22050,10.0,220500,0.010982,0.204434,3224.48,2671.03,6428.66,train
0mksF3tHITk_0.wav,22050,7.216,159120,0.002342,0.127622,3080.76,3061.27,6993.51,train
qMIIH9q9DDA_0.wav,22050,10.0,220500,0.042557,0.115018,2155.65,2301.5,4096.28,train
jNJnURajx6g_530.wav,22050,10.0,220500,0.067119,0.124282,2178.62,2083.76,4289.6,train
gCGBPc1_EtA_40.wav,22050,10.0,220500,0.132259,0.102593,1795.33,1772.28,3010.83,train
CpxdsbIqacI_270.wav,22050,10.0,220500,0.082253,0.076863,1436.54,1603.01,2615.21,train
1tM-0gy6BlY_30.wav,22050,10.0,220500,0.080729,0.008587,569.56,1536.25,686.24,train
lB73YzGHuyw_10.wav,22050,10.0,220500,0.111008,0.081589,1461.65,1384.43,2792.12,train
a6HgAUCPkx8_16.wav,22050,9.026,199024,0.112746,0.104766,1772.41,1591.45,3494.66,train
eZjOLi69xMg_3.wav,22050,10.0,220500,0.236157,0.156401,1832.29,1114.31,2841.13,train
0UlXhWYb9Js_0.wav,22050,9.868,217600,0.195273,0.251836,3989.3,3133.85,8038.13,train
oCMds_2C13s_6.wav,22050,9.116,201012,0.007784,0.206599,3414.69,2722.03,6574.61,train
tD9j-j5hSGY_270.wav,22050,10.0,220500,0.181969,0.036536,1028.81,1451.56,1891.17,train
SBAegyE0krs_290.wav,22050,10.0,220500,0.176934,0.432872,5204.83,3124.43,8938.18,train
0C-5reSgR2w_20.wav,22050,10.0,220500,0.032126,0.156556,2313.06,1298.3,3693.27,train
hKRJzGKv4MY_0.wav,22050,10.0,220500,0.108286,0.142381,2570.01,2590.68,5656.54,train
VUnda5q2d4o_10.wav,22050,10.0,220500,0.105199,0.088464,2386.15,2329.27,4951.39,train
ZhrHMretlP0_30.wav,22050,10.0,220500,0.160313,0.39456,4757.16,2870.47,8199.53,train
qmDLTYoFikg_30.wav,22050,10.0,220500,0.076975,0.138467,2375.2,2293.49,4643.23,train
-sD4zibhTFc_30.wav,22050,10.0,220500,0.09835,0.11829,2745.69,2630.45,5771.92,train
5iJwSDkbv1g_30.wav,22050,10.0,220500,0.107546,0.065162,1014.73,908.02,1892.5,train
BAQUVmezAtM_30.wav,22050,10.0,220500,0.067186,0.213244,3421.55,2672.15,6569.08,train
JY_OZlrNfBE_30.wav,22050,10.0,220500,0.01421,0.083685,1429.39,1159.58,2816.08,train
H0MeBaD52js_0.wav,22050,4.272,94208,0.105354,0.127526,1894.66,1490.2,3676.36,train
iETKA0R1Xr4_30.wav,22050,10.0,220500,0.165734,0.060737,1777.76,2466.74,3407.67,train
ZuZlMP9Wo30_30.wav,22050,10.0,220500,0.033652,0.159393,2331.59,1985.95,4791.06,train
T3txTOBYcn4_30.wav,22050,10.0,220500,0.014424,0.381869,4004.6,2109.04,6244.4,train
tl46whoS7dY_560.wav,22050,10.0,220500,0.275618,0.173978,2601.01,2156.96,4818.77,train
M6KtIdSQqpg_10.wav,22050,10.0,220500,0.137126,0.070169,1284.07,1359.69,2770.46,train
1ndrPLnC0w8_170.wav,22050,10.0,220500,0.061114,0.589299,6159.3,3290.73,9594.42,train
1Fa2f4QDkIU_10.wav,22050,9.133,201388,0.329008,0.058625,2079.35,2493.89,5031.77,train
Kf6SfwqaIVw_150.wav,22050,10.0,220500,0.004549,0.272166,3746.26,2785.3,7181.15,train
-pmqKob1EHs_30.wav,22050,10.0,220500,0.117452,0.09165,1952.95,2273.29,4147.04,train
ylffRmbOWdY_30.wav,22050,10.0,220500,0.119386,0.121252,1790.48,1653.95,4011.62,train
zqdntuQ_eno_570.wav,22050,10.0,220500,0.10376,0.117036,2543.68,2632.58,5536.13,train
-wrV1SnmQFQ_4.wav,22050,9.66,213000,0.169137,0.291395,4272.72,2618.39,7474.89,train
HO6nTs7ZOUk_140.wav,22050,10.0,220500,0.066701,0.186189,2968.59,2373.41,5373.63,train
dYp14Vnsi9E_30.wav,22050,10.0,220500,0.123463,0.061634,2347.37,2889.08,5692.03,train
U57gPymFTbc_40.wav,22050,10.0,220500,0.354569,0.067179,1239.67,1408.25,1986.1,train
CvKKcj-Ggdk_30.wav,22050,10.0,220500,0.180327,0.332224,4233.84,2777.06,7658.2,train
HtlDBwIJ6cw_30.wav,22050,10.0,220500,0.100351,0.160335,2970.31,2560.06,5805.87,train
CFWZtZqXmvQ_30.wav,22050,10.0,220500,0.049048,0.119447,2115.49,1805.0,3785.3,train
4jmv1XpnR90_50.wav,22050,10.0,220500,0.116352,0.158091,3046.96,2832.58,6244.35,train
QZmrxTzCFNI_540.wav,22050,10.0,220500,0.116049,0.126342,2234.11,2065.39,4090.46,train
hSyytfJbkiI_260.wav,22050,10.0,220500,0.131282,0.142003,2529.0,2230.17,4910.24,train
7O2aV13YJ-4_30.wav,22050,10.0,220500,0.022535,0.189948,2957.17,2535.27,5961.42,train
OeKbw7CjHOY_90.wav,22050,10.0,220500,0.295621,0.12182,2256.16,1992.84,4048.59,train
-jihGNo4UkI_7.wav,22050,9.881,217874,0.05886,0.366863,4614.46,2476.24,7339.76,train
-CrQG7NFSMg_30.wav,22050,10.0,220500,0.109106,0.142883,3685.99,3000.94,7476.54,train
rZcMke011A4_2.wav,22050,9.442,208204,0.028301,0.063223,1744.4,2211.94,3784.69,train
c8gnExpi9RQ_30.wav,22050,10.0,220500,0.188894,0.239479,3420.17,2418.52,6384.29,train
E5HyW_TfO48_20.wav,22050,10.0,220500,0.046839,0.106192,2374.7,2445.66,4819.12,train
goccZLbDdQA_80.wav,22050,10.0,220500,0.016196,0.455441,5298.0,3072.81,8617.63,train
dZjOS4MSsKI_30.wav,22050,10.0,220500,0.175176,0.043257,939.88,1272.25,1731.12,train
nUot18EehaE_220.wav,22050,10.0,220500,0.108666,0.242109,3348.25,2343.3,5806.5,train
ht88dm1_nkM_6.wav,22050,9.232,203572,0.093746,0.208782,3569.69,2986.51,7256.72,train
27Jaw_fIe0M_0.wav,22050,10.0,220500,0.012438,0.157138,1913.44,1035.36,2984.17,train
9EWD75GuJak_30.wav,22050,10.0,220500,0.166192,0.200153,3291.62,2873.52,6807.79,train
ko3OeODdXJ4_50.wav,22050,10.0,220500,0.090791,0.152062,2782.38,2511.22,5492.44,train
jc5aeTZe6cw_0.wav,22050,10.0,220500,0.032325,0.053962,1577.0,2234.06,2988.17,train
5jF0CAkK64g_290.wav,22050,10.0,220500,0.214124,0.403853,4863.56,2871.21,8596.74,train
e7MSQukxO2s_30.wav,22050,10.0,220500,0.100339,0.210967,3465.55,2623.93,6156.47,train
GfOU0rW09Wg_350.wav,22050,10.0,220500,0.151511,0.123082,1899.82,1611.48,3406.49,train
0iTS3KVLTf8_29.wav,22050,9.986,220198,0.153387,0.107721,1937.66,1813.0,3598.47,train
8in2rrI25n0_130.wav,22050,10.0,220500,0.038297,0.308279,4235.01,3033.86,7938.48,train
4AOaHKXHyM0_20.wav,22050,10.0,220500,0.007172,0.39836,4652.93,2873.81,7912.68,train
9DbOeONIqZw_100.wav,22050,10.0,220500,0.061441,0.043918,1219.73,1751.59,2593.35,train
7cD9monj2DY_1.wav,22050,9.867,217566,0.091239,0.172491,2079.74,1286.02,3650.49,train
OZ4x5jB3gNg_30.wav,22050,10.0,220500,0.200493,0.089713,1742.16,1764.87,3810.85,train
fvMI4eT3PYU_20.wav,22050,10.0,220500,0.193633,0.132099,2139.78,1936.68,3824.99,train
hwAcSNz2tUM_60.wav,22050,10.0,220500,0.007418,0.120895,2708.66,2659.39,5717.37,train
Nm4qh0GVesc_90.wav,22050,10.0,220500,0.010605,0.104877,2767.49,2871.03,6294.56,train
sTVvfsB82Qo_120.wav,22050,10.0,220500,0.056362,0.169043,2728.33,2442.88,5071.79,train
JgP-aRU8BKk_30.wav,22050,10.0,220500,0.043303,0.22097,3536.22,2747.89,6948.78,train
tvpT2TnZ90w_370.wav,22050,10.0,220500,0.22541,0.190031,2042.03,740.29,2686.05,train
SWN_SPky-68_30.wav,22050,10.0,220500,0.013375,0.272493,4001.41,3190.83,8095.56,train
CfG9k54ztuU_510.wav,22050,10.0,220500,0.09023,0.074781,1274.28,1280.94,2671.49,train
XX0gTejB-zg_70.wav,22050,10.0,220500,0.138447,0.110672,2157.89,2044.81,4081.32,train
zELK4X--GFQ_20.wav,22050,10.0,220500,0.084807,0.326715,3912.21,2207.49,6104.56,train
ReiJLjX1n44_20.wav,22050,10.0,220500,0.089269,0.136102,2124.16,1792.26,3889.47,train
qy2RYmn7CYE_40.wav,22050,10.0,220500,0.030218,0.256381,3570.37,2831.39,6948.93,train
9KEsJEmv2_c_260.wav,22050,10.0,220500,0.077952,0.106475,1597.09,1365.22,3097.06,train
9lO8Hii2Q1I_300.wav,22050,10.0,220500,0.083238,0.134029,2972.06,2821.69,6382.95,train
_Jj6Fxx0m9g_50.wav,22050,10.0,220500,0.237398,0.071031,1782.68,2033.69,3637.76,train
CAcV4r5HNQI_12.wav,22050,9.113,200952,0.025225,0.189639,3642.51,3448.91,8497.78,train
jp7ZMHio8mQ_80.wav,22050,10.0,220500,0.078193,0.210775,3291.34,2734.39,6541.1,train
0egPI3pEow4_30.wav,22050,10.0,220500,0.108026,0.155145,2698.58,2056.3,4971.52,train
91Hqgl2uN-Q_290.wav,22050,10.0,220500,0.006566,0.112947,2677.08,3050.04,6700.67,train
eqVDAk-9_RE_10.wav,22050,10.0,220500,0.022029,0.173017,3551.04,3240.91,7574.44,train
vTXFM2m7NIk_110.wav,22050,10.0,220500,0.029611,0.088158,2107.26,2388.61,4600.69,train
40ghjcpDJw8_30.wav,22050,10.0,220500,0.089026,0.059926,1451.46,1627.6,3549.88,train
-FQeWkZ3eqg_30.wav,22050,10.0,220500,0.022663,0.159218,2873.45,2730.02,6165.27,train
4oK_xt3B7io_30.wav,22050,10.0,220500,0.237663,0.037038,896.35,1385.64,1511.87,train
Tn563IPZfg4_50.wav,22050,10.0,220500,0.094135,0.417582,5083.05,2860.79,8467.35,train
oRhhOsX9M2c_10.wav,22050,10.0,220500,0.07291,0.216638,3456.42,2659.16,6547.79,train
BWJ-jlaQUJA_20.wav,22050,10.0,220500,0.123632,0.092829,2089.63,2081.73,3915.65,train
J_qoxB9ytXY_30.wav,22050,10.0,220500,0.00068,0.135465,2591.36,2685.94,5816.19,train
ZRiXz7Rk09s_30.wav,22050,10.0,220500,0.004619,0.261874,1914.99,1500.82,3763.51,train
xBRvPCGexs4_20.wav,22050,10.0,220500,0.031612,0.142055,3068.19,2952.09,6596.25,train
26dNsDuIt9Q_420.wav,22050,10.0,220500,0.16608,0.170874,2791.17,2577.18,6148.75,train
TTRjKh6sh2Q_0.wav,22050,5.457,120320,0.007372,0.122623,3060.31,3300.73,7608.34,train
0GxDN1Q-KM8_30.wav,22050,10.0,220500,0.067626,0.160151,2645.81,2289.01,4984.81,train
Gj8R5yNSDGM_4.wav,22050,9.479,209016,0.154825,0.023773,829.99,1469.58,1281.91,train
FhVMYbofelI_30.wav,22050,10.0,220500,0.006921,0.133654,1906.98,1617.02,3959.64,train
QHihnpxU9ik_30.wav,22050,10.0,220500,0.168299,0.07687,3019.7,3343.91,7623.03,train
Qk6jEZEuVXw_50.wav,22050,10.0,220500,0.08161,0.185638,2906.82,2385.68,5537.66,train
Dko8B7a9XPY_50.wav,22050,10.0,220500,0.066008,0.176802,2377.65,1587.88,4297.4,train
0pzfOrrOopk_30.wav,22050,10.0,220500,0.297641,0.029904,1842.38,2424.15,4241.32,train
JF0yQojDiPA_30.wav,22050,10.0,220500,0.010831,0.096025,2235.93,2522.76,4786.94,train
z-Eh0Gp8CbY_30.wav,22050,10.0,220500,0.036743,0.05428,1807.98,2327.23,4074.47,train
la5msu39mvI_30.wav,22050,10.0,220500,0.045919,0.145567,1888.23,1162.54,3181.79,train
OffJjUxZivc_30.wav,22050,10.0,220500,0.023474,0.13205,2343.09,2456.19,5304.29,train
koXK6mKo3Mg_10.wav,22050,10.0,220500,0.153745,0.172645,2333.89,1915.53,4449.38,train
8hoDbYhsbHo_30.wav,22050,10.0,220500,0.065268,0.232373,3614.76,2951.68,7449.91,train
BKpY5P6guVg_30.wav,22050,10.0,220500,0.74124,0.178314,2907.02,2353.41,5392.59,train
KvmbUvzKXpo_19.wav,22050,10.0,220500,0.038649,0.048418,910.71,1062.39,2107.71,train
MXOe4NZQCvg_8.wav,22050,10.0,220500,0.186992,0.071795,1857.81,1857.29,3945.37,train
2Svl3ESQgmo_30.wav,22050,10.0,220500,0.050375,0.134493,2503.82,2387.61,5025.8,train
zLh9M_9rf08_0.wav,22050,10.0,220500,0.059079,0.057293,1174.51,1512.04,2201.93,train
-v1p5WprSzI_30.wav,22050,10.0,220500,0.102634,0.128799,1932.61,1582.95,3321.28,train
sGFeM4IuJ1A_10.wav,22050,10.0,220500,0.022148,0.165148,3249.12,2753.4,6529.66,train
6QM3tXDjArY_30.wav,22050,10.0,220500,0.22207,0.098834,2495.73,2890.88,5776.92,train
W1FSPooIcPo_0.wav,22050,9.898,218256,0.068302,0.093143,1773.76,1889.07,3546.42,train
iVxwhi9Ob_Q_110.wav,22050,10.0,220500,0.032214,0.150132,2829.38,2668.42,5913.19,train
0GzDmD6HeF8_20.wav,22050,9.716,214248,0.022781,0.053782,770.15,732.9,1385.99,train
TnE7Vro8tjY_26.wav,22050,9.312,205340,0.05375,0.207799,2332.1,1451.16,3813.79,train
cad7oUD8Yhs_0.wav,22050,10.0,220500,0.052934,0.334672,4040.71,2811.57,7066.14,train
gLj4YgKWsME_180.wav,22050,10.0,220500,0.115727,0.127436,2252.04,2030.23,4176.39,train
3zWxyoQC71M_30.wav,22050,10.0,220500,0.028001,0.093764,1996.91,2010.98,3840.35,train
lQPxJ3M0Ves_60.wav,22050,10.0,220500,0.152744,0.109621,2052.16,1837.96,3799.26,train
eVK5v5nMHhw_10.wav,22050,10.0,220500,0.029017,0.123327,2430.52,2172.21,4954.16,train
1fOqQ68kmiE_230.wav,22050,10.0,220500,0.16627,0.220727,3206.42,2190.7,5560.39,train
3ueq2hk1R4M_19.wav,22050,9.816,216442,0.138951,0.056405,1281.47,1437.8,2661.34,train
vPVGwwjckX0_0.wav,22050,5.968,131584,0.104067,0.107937,1765.58,1659.24,3157.62,train
CViu1c8dlMc_60.wav,22050,10.0,220500,0.055186,0.148681,2356.85,1999.38,4252.36,train
f2uQv2O2Ves_60.wav,22050,10.0,220500,0.134532,0.345381,4555.05,2583.96,7056.75,train
L7T49oKAoFM_30.wav,22050,10.0,220500,0.190986,0.043843,1078.98,1327.32,2461.5,train
3LhgCRNanYU_30.wav,22050,10.0,220500,0.07568,0.085851,1523.9,1664.87,2748.63,train
NKAQHxmO8_M_30.wav,22050,10.0,220500,0.004362,0.208511,3465.23,3091.02,7332.78,train
EiTkWX4irbk_270.wav,22050,10.0,220500,0.079419,0.102044,2055.97,2132.87,4250.63,train
fN7LPyPyf0s_4.wav,22050,9.142,201592,0.075096,0.077799,1152.74,688.2,1849.83,train
S5yN_Yu3CcU_15.wav,22050,9.311,205314,0.056678,0.148898,2187.51,2021.76,4381.71,train
yWEWVf-pwpk_30.wav,22050,10.0,220500,0.017415,0.20804,3741.6,3071.21,7554.11,train
Wklz36a-c34_25.wav,22050,9.651,212798,0.086946,0.045756,1078.6,1455.3,2132.93,train
hDtmKvUzsHM_320.wav,22050,10.0,220500,0.086683,0.030875,687.48,1129.99,1052.23,train
mQqlCOcACew_220.wav,22050,10.0,220500,0.068675,0.128481,2130.93,1928.27,3821.32,train
s4c5rCQBkHc_310.wav,22050,10.0,220500,0.080069,0.326833,4255.86,2914.6,7606.12,train
NAYY3UVEvBI_470.wav,22050,10.0,220500,0.032119,0.094843,2010.11,2249.56,4198.87,train
FrWzGWqOZK8_30.wav,22050,10.0,220500,0.063774,0.12762,2324.33,2306.85,4614.55,train
zGVjfU2bn9c_0.wav,22050,4.598,101376,0.071058,0.099072,2002.36,2035.49,3931.43,train
mpJlg2GoKyk_280.wav,22050,10.0,220500,0.117871,0.159426,3296.71,2941.51,7070.53,train
HAjoHORA-Lg_50.wav,22050,10.0,220500,0.160707,0.161936,2765.55,2510.03,5604.03,train
DYLO2QHFWx0_30.wav,22050,10.0,220500,0.064446,0.057088,1502.59,2233.26,2746.41,train
IyBazGaHPeo_30.wav,22050,10.0,220500,0.060389,0.187985,2742.86,1860.76,4995.38,train
Kq0-W5L3w50_30.wav,22050,10.0,220500,0.255498,0.11839,1768.88,1353.87,2936.76,train
NBvHNWQqhzs_30.wav,22050,10.0,220500,0.056834,0.092606,2131.69,2461.57,4717.37,train
IJ-OA6vnzfk_0.wav,22050,5.968,131584,0.122086,0.056957,1208.5,1586.58,2156.87,train
hIjgwQ23PCs_60.wav,22050,10.0,220500,0.09894,0.406975,4945.87,2769.9,7991.42,train
6yR-ZAi9Kw0_0.wav,22050,10.0,220500,0.027529,0.564109,6089.99,2538.02,8475.91,train
oj5re8AHYXc_4.wav,22050,9.189,202616,0.18793,0.03074,971.93,1334.15,2189.48,train
bCuo0p1zjvM_130.wav,22050,10.0,220500,0.137797,0.326298,4296.75,2845.24,7708.31,train
3K92wE7AJPM_20.wav,22050,9.211,203096,0.119552,0.155487,2518.97,2120.75,4703.03,train
2P93Efp3kGY_70.wav,22050,10.0,220500,0.016743,0.221384,3533.75,2636.29,6605.62,train
8hDAF-8NHwg_60.wav,22050,10.0,220500,0.003999,0.246321,2979.87,2196.78,5608.35,train
GRGvhudh9s0_30.wav,22050,10.0,220500,0.124583,0.033051,946.97,1234.25,2123.89,train
1fV0PC7aMXQ_30.wav,22050,10.0,220500,0.059421,0.096096,1757.33,1792.34,3398.87,train
Od7Z4F5Y76c_30.wav,22050,10.0,220500,0.037287,0.143122,2266.72,2021.87,4217.78,train
Z8GyMxfL7Pg_10.wav,22050,10.0,220500,0.091622,0.078043,1795.72,1881.64,3928.39,train
EkS_8UDysz4_10.wav,22050,10.0,220500,0.30648,0.19167,3162.86,2468.77,5733.73,train
jpqUA3PKge4_140.wav,22050,10.0,220500,0.135784,0.240093,3664.59,2721.51,6915.43,train
L1u5hUhdSsA_18.wav,22050,9.585,211356,0.249041,0.038026,1325.18,2085.15,2836.39,train
whlx2LqPPPY_10.wav,22050,10.0,220500,0.10791,0.040238,1107.29,1748.76,2919.45,train
WJ9Y0h-YRdI_30.wav,22050,10.0,220500,0.140415,0.09604,1264.72,1136.44,2153.15,train
-yPk_mb9lHs_300.wav,22050,10.0,220500,0.096174,0.221326,3326.41,2517.76,6165.49,train
pfaTbNjsa9Y_130.wav,22050,10.0,220500,0.158163,0.171221,3096.98,2873.65,6371.11,train
2_k8p3mvc5A_30.wav,22050,10.0,220500,0.186376,0.109691,2306.91,2356.96,4936.17,train
aMTzGh4j_dQ_440.wav,22050,10.0,220500,0.029573,0.183143,3113.42,2748.37,6266.19,train
xvyH9Tdh_Xk_20.wav,22050,10.0,220500,0.129154,0.21214,2865.21,2068.22,5221.95,train
AxIx_g3JeyM_30.wav,22050,10.0,220500,0.03174,0.108119,2299.45,2222.77,4112.49,train
6mm7vQLzWbQ_320.wav,22050,10.0,220500,0.070181,0.211971,3290.93,2565.28,5985.53,train
j4SvTp7-7M8_10.wav,22050,10.0,220500,0.202553,0.188639,2327.35,1694.81,4512.01,train
xQTIokRwwI0_230.wav,22050,10.0,220500,0.025601,0.255231,3535.66,2719.63,6679.54,train
_Tk19vaTPUs_170.wav,22050,10.0,220500,0.010577,0.207761,2885.42,2307.12,5287.93,train
wAsXKpjsCDI_30.wav,22050,10.0,220500,0.066328,0.250536,3484.21,2674.99,6644.87,train
Xba87dFvDlk_0.wav,22050,7.268,160256,0.448676,0.087561,1772.19,1736.8,3670.79,train
WYSoKyM2Kbk_90.wav,22050,10.0,220500,0.383772,0.012778,417.42,929.98,524.89,train
u6WEMGmkj1I_100.wav,22050,10.0,220500,0.205007,0.266872,3628.41,2420.79,6287.37,train
Y6tM_cCbIz8_140.wav,22050,10.0,220500,0.17138,0.183582,3447.15,2938.27,7145.23,train
bTs_BFnciiY_3.wav,22050,9.655,212890,0.290747,0.120759,3789.71,3347.02,8178.5,train
L4IS5pzd6xo_90.wav,22050,10.0,220500,0.018921,0.061022,2476.56,2906.27,5880.49,train
EIcrelV7O5g_8.wav,22050,9.654,212864,0.074885,0.140431,2689.73,2390.36,5370.44,train
htox2pJ-XVs_190.wav,22050,10.0,220500,0.034289,0.134903,2629.5,2570.9,5454.7,train
E1skJCjc-IE_30.wav,22050,10.0,220500,0.023772,0.157001,2862.35,2516.05,5468.86,train
Wb59gauENM8_30.wav,22050,10.0,220500,0.08508,0.122604,2527.27,2609.37,5618.22,train
5kblkg0QDzo_14.wav,22050,9.865,217524,0.471564,0.091659,1687.47,1435.39,3203.86,train
siCidtuVlpg_10.wav,22050,10.0,220500,0.031166,0.118707,2093.0,1960.3,3736.94,train
En0wztFyfOg_40.wav,22050,10.0,220500,0.128561,0.068334,1285.84,1394.96,2895.54,train
MBp8VgIJVEg_10.wav,22050,9.407,207420,0.046326,0.193699,3651.22,3185.44,7763.44,train
v-_iQ8BquBg_560.wav,22050,10.0,220500,0.049983,0.150747,2122.9,1791.86,4377.84,train
Bz6TqGEBD9w_30.wav,22050,10.0,220500,0.076929,0.130625,2361.07,2142.18,4628.14,train
I3gEhFTtPg4_210.wav,22050,10.0,220500,0.127126,0.130756,2956.95,2944.66,6546.14,train
aC_Ynuy_cl0_30.wav,22050,10.0,220500,0.071843,0.127415,2359.66,2259.69,4672.46,train
25krds4qnmg_350.wav,22050,10.0,220500,0.056534,0.12015,2056.27,2109.2,4118.54,train
opHC9uaAiS0_260.wav,22050,10.0,220500,0.066983,0.067763,1739.05,2069.05,3508.04,train
hiamrk4eQrU_30.wav,22050,10.0,220500,0.091134,0.151781,2471.86,2150.06,4441.01,train
J1ieQAzOGmc_30.wav,22050,10.0,220500,0.04112,0.078381,1814.49,2022.84,3954.99,train
oZpTGgxlfEU_30.wav,22050,10.0,220500,0.251632,0.058858,919.1,848.53,1758.7,train
88_8XB9TGD0_24.wav,22050,9.298,205024,0.06773,0.096817,1330.14,872.59,2228.53,train
gBj-aAmtt7k_50.wav,22050,10.0,220500,0.085971,0.083672,1131.46,885.57,2159.42,train
tpq9gHyCBAw_220.wav,22050,10.0,220500,0.049477,0.366297,4488.77,2711.67,7770.74,train
QfMfdkRTPAU_30.wav,22050,10.0,220500,0.056429,0.14385,2329.64,2096.41,4180.36,train
5far1dhsuII_30.wav,22050,10.0,220500,0.019891,0.190487,3223.2,2775.19,6393.86,train
3pooW9uFHJA_30.wav,22050,10.0,220500,0.163045,0.077222,1546.83,1395.84,2918.6,train
1AT75FT99Vs_12.wav,22050,9.241,203768,0.039404,0.110975,2146.9,2291.55,4324.66,train
AgG_nhUurY4_10.wav,22050,10.0,220500,0.114714,0.105937,2130.01,2195.55,4869.43,train
4iU9i9BCuFU_30.wav,22050,10.0,220500,0.040628,0.124244,2505.55,2248.08,4689.84,train
iwBoTThL5CY_40.wav,22050,10.0,220500,0.054095,0.120038,2680.24,2754.43,6005.49,train
A5zrjT5MBog_0.wav,22050,10.0,220500,0.048391,0.080442,1753.63,2112.01,3441.64,train
3swMR0gTLmo_14.wav,22050,9.015,198788,0.451912,0.096881,1592.77,1535.17,3237.59,train
6JUDQSR2KM4_20.wav,22050,10.0,220500,0.051493,0.337331,4321.9,2773.93,7492.53,train
7l7Va2Zie40_30.wav,22050,10.0,220500,0.163724,0.126761,2169.15,1843.99,3834.21,train
0TUWAtfeyBw_0.wav,22050,10.0,220500,0.08061,0.195573,2330.62,1511.86,4207.04,train
zkAe6bCsIEM_70.wav,22050,10.0,220500,0.170108,0.020835,931.7,1823.74,1688.51,train
Kge2Ue1Q4JU_10.wav,22050,10.0,220500,0.032271,0.210729,2924.31,2254.93,5679.99,train
RpNYW0CoyQ8_120.wav,22050,10.0,220500,0.07982,0.068383,1773.71,2287.42,3800.66,train
lp0F1Q9QPZo_30.wav,22050,10.0,220500,0.186656,0.118224,2368.64,2140.49,4690.94,train
qr_4bcjU8DU_300.wav,22050,10.0,220500,0.051202,0.147603,2046.54,1546.13,3858.39,train
2O3BGAqI0fc_30.wav,22050,10.0,220500,0.173544,0.104258,2282.95,2410.44,5002.02,train
SXMb-n8VdcA_10.wav,22050,10.0,220500,0.021838,0.065512,1361.42,1674.5,2484.16,train
uBkgZvnR1Hc_0.wav,22050,7.344,161936,0.194094,0.160136,2402.75,1951.62,4757.04,train
mUQBXKDIPGs_30.wav,22050,10.0,220500,0.01476,0.102028,1963.57,2107.82,3965.93,train
nwAJs1T0jt0_27.wav,22050,9.369,206586,0.109805,0.083819,1742.18,1964.94,3498.75,train
M8u26vA1a1k_30.wav,22050,10.0,220500,0.051471,0.088758,2165.25,2439.47,4689.54,train
6wrf7UQYF8c_12.wav,22050,9.12,201096,0.449123,0.168687,2971.51,2417.65,5491.73,train
GgXsKzvjVTI_20.wav,22050,10.0,220500,0.090616,0.137963,1975.93,1526.86,3056.82,train
2DF8mtDke8k_460.wav,22050,10.0,220500,0.069565,0.296369,4422.5,3091.73,8268.48,train
H7UHhqvcKpQ_140.wav,22050,10.0,220500,0.062355,0.266104,3768.26,2797.33,7281.17,train
-jx6DmJLT7o_30.wav,22050,10.0,220500,0.100025,0.049657,1318.91,1779.98,3019.94,train
z9F-2Ju51aI_30.wav,22050,10.0,220500,0.090248,0.165619,2353.85,1961.73,4527.79,train
DrUyviMWotM_0.wav,22050,10.0,220500,0.068668,0.184014,2841.83,2295.59,5402.24,train
HADiM_Xfgh0_30.wav,22050,10.0,220500,0.013011,0.050819,1307.85,1721.85,2583.31,train
1RsUqOFK9Qg_510.wav,22050,10.0,220500,0.093316,0.149823,2484.49,2314.27,4902.2,train
MpgVdk65wVk_510.wav,22050,10.0,220500,0.089877,0.366959,4814.11,3128.68,8633.04,train
DU1DilqxBGM_30.wav,22050,10.0,220500,0.189722,0.008354,1332.88,2136.12,2732.99,train
RCHpZjtI9P0_10.wav,22050,10.0,220500,0.17326,0.148077,2491.15,2057.56,4530.74,train
xHqCygsT_lA_15.wav,22050,9.376,206738,0.29243,0.120602,1526.26,1065.3,2505.71,train
jgj1PddVVrU_30.wav,22050,10.0,220500,0.004229,0.138025,1534.15,1106.87,2778.13,train
VqHCRtQRFB4_10.wav,22050,10.0,220500,0.006139,0.121351,2863.51,2907.65,6782.81,train
FUjDLoYJXI0_90.wav,22050,10.0,220500,0.013145,0.251029,4242.76,3287.77,8061.11,train
sd5u6sOyTUY_100.wav,22050,10.0,220500,0.191934,0.060839,1153.36,1230.2,2401.2,train
6v_LOqt8t1k_30.wav,22050,10.0,220500,0.080805,0.128852,2933.88,2728.15,6097.24,train
ApqTL3dFTdM_310.wav,22050,10.0,220500,0.087708,0.174346,2819.11,2497.81,5599.63,train
8YOW786RnvE_180.wav,22050,10.0,220500,0.211858,0.126388,2617.45,2601.68,5602.03,train
NFufyPT26Lg_30.wav,22050,10.0,220500,0.133295,0.105297,2184.96,2407.98,4575.36,train
3Wkfg0Ot5Zg_30.wav,22050,10.0,220500,0.197727,0.107883,1518.57,1213.06,2627.73,train
4m3E6Y7yugU_20.wav,22050,10.0,220500,0.033873,0.086511,1858.47,2101.25,3842.4,train
-O5cvwVpbX0_30.wav,22050,10.0,220500,0.199405,0.064467,1748.24,1575.48,3561.55,train
6ICx1mk144o_24.wav,22050,9.13,201312,0.052407,0.135189,1677.5,1238.27,3212.98,train
kpc8YQEvx2w_10.wav,22050,10.0,220500,0.171549,0.135133,2368.65,2191.23,4523.7,train
2ceo4_2Uk30_30.wav,22050,10.0,220500,0.212949,0.093855,2044.89,2266.86,4396.35,train
1YwQWFBpxEg_30.wav,22050,10.0,220500,0.019634,0.263616,4036.72,3062.6,7674.99,train
OXFTVTpPucE_130.wav,22050,10.0,220500,0.152828,0.15587,2679.91,2295.1,5122.83,train
-65gZY_yF3o_17.wav,22050,9.958,219582,0.065656,0.046639,1169.5,1633.46,2300.71,train
0aoLIWegrdE_30.wav,22050,10.0,220500,0.042647,0.177927,3180.89,2791.1,6403.85,train
vmm2l3Scfjc_0.wav,22050,9.613,211968,0.114643,0.117885,2066.38,1871.39,3885.5,train
97u1gotx5rU_40.wav,22050,10.0,220500,0.161039,0.082196,2028.91,2570.26,4709.73,train
TGjcS03rUVA_0.wav,22050,4.156,91648,0.025673,0.133442,2232.33,1870.64,3937.53,train
J4IqYJ_IT3c_70.wav,22050,10.0,220500,0.105707,0.182511,2347.57,1653.74,4074.22,train
KECwCa17ppA_30.wav,22050,10.0,220500,0.072072,0.060833,1753.21,2442.4,3373.32,train
J6Dkx5KSfPs_520.wav,22050,10.0,220500,0.058911,0.198647,3036.59,2308.84,5412.83,train
UiBFqRnnXZw_0.wav,22050,10.0,220500,0.05408,0.384153,4351.57,2407.38,7015.03,train
qLyPRoxiVuY_40.wav,22050,10.0,220500,0.127065,0.171443,2486.11,2021.61,4967.43,train
x_MOFi-z8XA_30.wav,22050,10.0,220500,0.192004,0.065102,1343.43,1663.88,2484.39,train
1ei8-Csl37M_21.wav,22050,9.134,201414,0.176344,0.069818,1600.41,1929.82,3302.67,train
BhD2T5VO_zQ_3.wav,22050,9.267,204330,0.150001,0.139739,2067.67,1679.33,3853.47,train
4aCEXlOvq8o_30.wav,22050,10.0,220500,0.103696,0.089024,2048.82,2429.74,4469.31,train
4S9ec0N_u8Q_30.wav,22050,10.0,220500,0.051586,0.503898,5684.81,2863.27,8941.03,train
euuBduNjZOw_30.wav,22050,10.0,220500,0.160864,0.069428,1654.68,2086.36,3680.83,train
j35mK-k-Xns_30.wav,22050,10.0,220500,0.122875,0.115117,2301.92,2347.1,4773.48,train
ZHLJT8ULjiM_10.wav,22050,9.528,210092,0.030257,0.170774,2751.76,2360.01,5203.12,train
aoweoboOkkE_30.wav,22050,10.0,220500,0.031095,0.05959,1543.2,2201.75,2973.93,train
kpRvsPlww-4_30.wav,22050,10.0,220500,0.244996,0.283442,4035.79,2878.48,7472.0,train
saq-SX640HA_30.wav,22050,10.0,220500,0.015799,0.456095,5411.1,2532.57,8298.93,train
RrvUf__iAZ8_470.wav,22050,10.0,220500,0.023227,0.359751,4545.92,3231.86,8527.67,train
6cL4EnBxGXw_30.wav,22050,10.0,220500,0.049645,0.186533,3442.36,3084.32,7369.3,train
1DY6Um6XWE0_6.wav,22050,9.047,199476,0.05152,0.005361,823.36,1103.96,2122.35,train
ExPhK4Xh9-U_20.wav,22050,10.0,220500,0.051984,0.240101,3488.11,2783.45,6710.42,train
cEn0wIWGjy4_580.wav,22050,10.0,220500,0.018947,0.223878,3367.55,2551.77,6133.24,train
4_E5eOL-Ht8_30.wav,22050,10.0,220500,0.044343,0.060035,1145.24,1203.85,2296.36,train
5trVydyIxT4_21.wav,22050,9.866,217542,0.014621,0.257636,3523.45,2890.01,7002.42,train
alNNomTOVBs_160.wav,22050,10.0,220500,0.061264,0.438366,5259.37,3041.03,8814.62,train
vvFwwPpK_F0_3.wav,22050,9.313,205354,0.347868,0.130921,2599.16,2039.44,5180.66,train
E1CXRMewTCk_200.wav,22050,10.0,220500,0.023311,0.119855,2531.87,2542.99,5320.03,train
1HrRLs_eoKA_30.wav,22050,10.0,220500,0.091364,0.069073,1698.1,2143.48,3370.92,train
eVygOr-hzUs_150.wav,22050,10.0,220500,0.005951,0.188239,3207.02,2744.51,6433.06,train
sCGd5ieWGP0_30.wav,22050,10.0,220500,0.014507,0.184173,2924.42,2530.31,5536.98,train
1vqJuuJh5VU_30.wav,22050,10.0,220500,0.272004,0.221651,3139.3,2127.2,5154.7,train
ZZ80Ilz-ECs_300.wav,22050,10.0,220500,0.028786,0.109828,2867.11,2603.38,5680.27,train
1KNkmalKIF4_190.wav,22050,10.0,220500,0.024888,0.128887,2168.75,2209.82,5092.13,train
8nsxj_M9bs4_30.wav,22050,10.0,220500,0.091898,0.351121,4694.21,2690.78,7944.05,train
IKl8h9qKYCg_500.wav,22050,10.0,220500,0.049544,0.008735,704.53,1230.38,1524.74,train
sjjny1eWQNo_60.wav,22050,10.0,220500,0.065929,0.147237,2370.31,1944.78,4334.64,train
XYnz9jqXQgU_160.wav,22050,10.0,220500,0.029369,0.132989,2966.77,2920.15,6515.89,train
tIF6eW-sYj4_550.wav,22050,10.0,220500,0.056544,0.105114,1763.44,1497.47,3220.26,train
xr-uypcaR-g_10.wav,22050,10.0,220500,0.025729,0.057071,1659.51,2279.95,3736.11,train
BTfkrELdOHA_30.wav,22050,10.0,220500,0.055611,0.168394,2784.98,2300.55,5127.55,train
KiG0yD4-qlk_30.wav,22050,10.0,220500,0.234492,0.080403,1399.67,1132.6,2838.66,train
5CHHwzh9ujE_30.wav,22050,10.0,220500,0.099981,0.059506,1472.61,1959.16,2954.85,train
idBzY71Jvjc_460.wav,22050,10.0,220500,0.034463,0.177612,3042.33,2780.32,6354.94,train
1I1qlLX0vK8_30.wav,22050,10.0,220500,0.046286,0.092344,2148.43,2384.59,4481.83,train
0IJ08gAQ05M_0.wav,22050,6.58,145090,0.002457,0.187268,3154.31,2630.84,6249.82,train
Cl9L5gxTttE_30.wav,22050,10.0,220500,0.023327,0.122068,2560.02,2625.91,5367.99,train
7hDmAonJP-0_150.wav,22050,10.0,220500,0.034398,0.092671,1480.25,1407.34,2939.96,train
0fPCoLXhyCE_30.wav,22050,10.0,220500,0.161282,0.076189,1468.95,1590.42,2667.24,train
MqLR83zbeSc_10.wav,22050,10.0,220500,0.031401,0.178391,2546.94,2080.15,4490.35,train
2NU-ij1hO2c_30.wav,22050,10.0,220500,0.194952,0.121045,1960.8,1651.95,3969.7,train
l-Dafbeudj0_210.wav,22050,10.0,220500,0.100613,0.070086,1779.03,2133.06,3757.27,train
wNsT1GJLM-8_0.wav,22050,8.0,176400,0.148625,0.135809,2188.35,1845.05,4283.48,train
d0-iUOthFcU_21.wav,22050,9.557,210742,0.047017,0.127664,2439.33,2341.01,4765.08,train
mHhAwCZFz-Y_110.wav,22050,10.0,220500,0.027705,0.235042,3806.12,3143.1,7723.28,train
NYJ02QgAvQM_10.wav,22050,10.0,220500,0.157236,0.224629,3722.78,3024.03,7657.43,train
uovSsNZK8XE_60.wav,22050,10.0,220500,0.078906,0.088903,1583.44,1386.88,2927.79,train
bmlAZ217IeQ_390.wav,22050,10.0,220500,0.036002,0.116762,2252.78,2282.2,4553.2,train
lT8jJCKQ8-M_140.wav,22050,10.0,220500,0.01531,0.10606,2671.06,2874.97,6261.94,train
GeiHCHcfDcw_40.wav,22050,10.0,220500,0.068317,0.103101,1435.38,1140.06,2791.02,train
VkOn5StkpnM_0.wav,22050,8.677,191328,0.279039,0.331875,4231.1,2709.74,7391.88,train
aju8cXuA4MA_16.wav,22050,9.078,200160,0.019191,0.3097,3138.19,2442.22,6230.39,train
LNyl2RKdhsU_210.wav,22050,10.0,220500,0.110895,0.166019,2760.8,2614.72,6116.0,train
yk612emcr7s_90.wav,22050,10.0,220500,0.009784,0.117811,2001.99,2020.88,3553.98,train
RDbDPY0gCho_60.wav,22050,9.892,218120,0.05624,0.140384,2386.34,2235.93,4675.05,train
8KDkJBhY_SI_0.wav,22050,7.75,170896,0.061126,0.140121,2779.52,2695.48,6058.5,train
xb2q8ekh4ZY_0.wav,22050,10.0,220500,0.058376,0.252488,3854.89,2896.07,7348.62,train
7nD7Wso-flc_30.wav,22050,10.0,220500,0.088671,0.077176,1744.01,1816.96,3539.24,train
YEucVSWkSAU_110.wav,22050,10.0,220500,0.015439,0.215034,2547.18,1523.27,4284.81,train
aNWZ8-3DWJ4_540.wav,22050,10.0,220500,0.063726,0.102214,1309.37,1153.91,2890.8,train
M-FrZnJhs-I_140.wav,22050,10.0,220500,0.442687,0.095401,1586.04,1373.73,2639.24,train
IiRmdmKmVKw_130.wav,22050,10.0,220500,0.074342,0.235194,2563.64,1458.5,4191.66,train
mpRnAyrzLIk_6.wav,22050,9.581,211252,0.001594,0.123711,2809.33,2793.45,6259.51,train
8kZdmr3q5yc_10.wav,22050,10.0,220500,0.097228,0.012375,988.64,1538.11,2304.68,train
52xlYB6DKsA_480.wav,22050,10.0,220500,0.139271,0.111731,2191.22,2024.73,4453.0,train
zluyg4Oe4XA_11.wav,22050,9.434,208010,0.412495,0.054717,1219.19,1223.64,2453.59,train
3mT-JON8aTI_30.wav,22050,10.0,220500,0.312188,0.02463,1198.45,2215.39,2607.74,train
IAj42xYHMWQ_30.wav,22050,10.0,220500,0.027086,0.162904,2731.38,2290.75,5240.39,train
PkCZ7dTff2I_30.wav,22050,10.0,220500,0.027746,0.103038,2031.63,2107.29,4078.77,train
fsRxECJt3hM_40.wav,22050,10.0,220500,0.068328,0.267281,3224.75,2118.96,5725.33,train
I1Qr1n4gyik_150.wav,22050,10.0,220500,0.018568,0.232885,3839.65,2865.36,7209.65,train
CSQjN2F97z0_30.wav,22050,10.0,220500,0.226332,0.096595,2275.97,2806.57,5575.48,train
BL5mZT_16-Q_30.wav,22050,10.0,220500,0.032023,0.100067,2155.36,2237.07,4153.93,train
Qj5T7dTgHnU_7.wav,22050,9.551,210594,0.111154,0.063947,1368.11,1543.87,2663.24,train
_qoANiwewu8_30.wav,22050,10.0,220500,0.197923,0.089299,1210.56,1023.74,2115.25,train
Fbtd-oQt_lE_60.wav,22050,10.0,220500,0.123298,0.224706,2477.08,1738.84,3990.46,train
i-z8eyDW5YQ_130.wav,22050,10.0,220500,0.144419,0.099164,2083.4,2223.22,4331.2,train
oSJH0VtVcYQ_30.wav,22050,10.0,220500,0.198892,0.05778,1672.5,2157.48,3711.88,train
YGe1N3S1TvU_0.wav,22050,10.0,220500,0.18136,0.231487,3248.59,2377.27,5984.01,train
kN94gfMtEms_140.wav,22050,10.0,220500,0.020444,0.231871,3860.23,2814.55,7171.26,train
MOotHT2iJzI_30.wav,22050,10.0,220500,0.093152,0.209418,2646.02,1909.99,4046.52,train
vt6QyrVcE4s_40.wav,22050,10.0,220500,0.045697,0.166071,2811.55,2502.6,5479.88,train
Y2KCoO8C8R8_0.wav,22050,5.387,118784,0.100154,0.100228,2025.72,2142.56,4158.96,train
9J2jr-8Ddgc_30.wav,22050,10.0,220500,0.164104,0.19939,2560.0,1764.12,3923.49,train
YJhZmytrSdE_190.wav,22050,10.0,220500,0.266551,0.124406,2974.92,2998.6,6760.83,train
R8GPip9g2Lw_30.wav,22050,10.0,220500,0.011381,0.153698,2729.22,2353.75,5205.76,train
HKqm00d-0Z0_30.wav,22050,10.0,220500,0.151369,0.115554,2270.25,2244.91,4629.94,train
njM2BUjJFVI_30.wav,22050,10.0,220500,0.070879,0.214513,3273.49,2771.45,6665.8,train
E2Czf4B6GSY_30.wav,22050,10.0,220500,0.440573,0.061449,1451.34,1613.54,2914.35,train
rneazgxoBJk_8.wav,22050,9.136,201456,0.357588,0.224735,3561.97,2838.46,7080.73,train
SE4JSeiWDNA_10.wav,22050,9.389,207020,0.08688,0.157773,2733.32,2487.93,5617.0,train
QsR4sIv0qHo_10.wav,22050,10.0,220500,0.294448,0.080844,1228.45,992.75,2318.69,train
r3a6OMngKEk_30.wav,22050,10.0,220500,0.040056,0.058299,1012.67,975.91,2065.96,train
Eg5qpG8obiI_410.wav,22050,10.0,220500,0.048662,0.218671,3299.35,2729.37,6516.34,train
91kzGszqUtg_260.wav,22050,10.0,220500,0.013713,0.18962,3269.12,2962.17,6810.66,train
9M-GgKldxMY_100.wav,22050,10.0,220500,0.016539,0.217688,3230.28,2646.36,6372.93,train
PRTGPPKxtyU_30.wav,22050,10.0,220500,0.054435,0.081901,2015.67,2423.73,4591.47,train
YISI7ZycWFM_30.wav,22050,10.0,220500,0.032209,0.058292,1349.1,2045.77,2828.44,train
23jxIAEADdY_3.wav,22050,9.127,201258,0.016179,0.189887,1845.56,1099.81,3033.53,train
2GtnX51t29o_30.wav,22050,10.0,220500,0.087332,0.251959,3329.56,2322.27,6104.14,train
1bQAizNSMf0_30.wav,22050,10.0,220500,0.014413,0.077497,1967.19,2328.6,4225.85,train
CcXIQuMRFWs_30.wav,22050,10.0,220500,0.060699,0.198658,3672.78,3193.36,7850.78,train
M523WehgHiE_40.wav,22050,10.0,220500,0.019026,0.251771,3709.03,2800.84,7029.24,train
l-IQ0ro2w6c_21.wav,22050,9.518,209862,0.07356,0.055152,987.82,1070.6,1851.75,train
8sfcMZ8A3OQ_180.wav,22050,10.0,220500,0.05104,0.303354,4121.28,3142.01,7904.26,train
v_m3hZZnmeU_400.wav,22050,10.0,220500,0.069659,0.108371,2437.57,2507.89,5163.7,train
XC2bOXivdis_25.wav,22050,9.744,214846,0.132056,0.253961,4162.9,2636.2,7004.96,train
_SgkpqXQsJs_29.wav,22050,9.754,215078,0.15553,0.07147,1669.03,1899.2,3381.97,train
BYccYzzXNoo_10.wav,22050,10.0,220500,0.093443,0.135818,2169.61,1874.85,3589.28,train
JEW8V3K0TEw_30.wav,22050,10.0,220500,0.197483,0.173884,2780.59,2457.41,5239.09,train
rJi_tmo9KG4_580.wav,22050,10.0,220500,0.047479,0.095786,1789.35,1748.12,3845.2,train
o3nuD2TGvWo_30.wav,22050,10.0,220500,0.229357,0.071329,1608.62,1945.19,3252.54,train
awAnS1sTX80_0.wav,22050,10.0,220500,0.01593,0.275033,3652.01,2676.52,6855.93,train
Fm9MMRvkax0_50.wav,22050,10.0,220500,0.010991,0.229088,3718.77,2886.37,7297.91,train
ujfKiKLITME_11.wav,22050,9.069,199962,0.03767,0.241617,3336.03,2154.95,5837.01,train
YZaECWAOqs0_410.wav,22050,10.0,220500,0.206372,0.090584,1811.32,1937.03,3562.1,train
gY6iKp-UDJw_110.wav,22050,10.0,220500,0.064057,0.250078,3319.33,2433.53,6001.54,train
E5tPEubyPZ4_100.wav,22050,10.0,220500,0.22205,0.082654,1215.26,874.43,2190.27,train
0rXl6gA08K8_10.wav,22050,10.0,220500,0.070592,0.220081,2717.78,1207.66,3761.22,train
4qOc1doUwwQ_0.wav,22050,10.0,220500,0.030083,0.053476,942.19,859.49,2028.59,train
Eb3i4yI55Mo_3.wav,22050,10.0,220500,0.08168,0.148905,2801.35,2652.28,5884.11,train
C_ZjPPSeXO8_80.wav,22050,10.0,220500,0.140324,0.227566,3188.4,2419.53,6206.78,train
6YRoeQyRlJU_4.wav,22050,9.653,212856,0.007467,0.023497,364.14,363.4,794.22,train
flNKNNm8uBo_330.wav,22050,10.0,220500,0.102596,0.068359,1304.4,1454.53,2634.25,train
V6UucapsNI4_21.wav,22050,9.32,205510,0.006969,0.202106,2186.23,1248.79,3175.0,train
3eNWJ4Hle6Y_210.wav,22050,10.0,220500,0.053065,0.435678,5317.2,2744.68,8663.59,train
dmE7ryr4Eow_310.wav,22050,10.0,220500,0.058203,0.166912,2973.23,2740.61,6237.43,train
51vm-n0k9Ms_30.wav,22050,10.0,220500,0.112773,0.193789,3127.79,2656.14,6284.7,train
Hq6rPi5eh8c_30.wav,22050,10.0,220500,0.053644,0.254909,3383.9,2923.96,7205.98,train
E6P4-V7-dho_80.wav,22050,10.0,220500,0.078496,0.125117,2160.46,2161.58,4594.47,train
P3oXmiGQ-mk_480.wav,22050,10.0,220500,0.011138,0.211212,3110.44,2484.91,5942.11,train
1ahjgFjrMbc_30.wav,22050,10.0,220500,0.208595,0.098116,1920.93,1827.66,3510.86,train
1ud50ZJhj60_30.wav,22050,10.0,220500,0.164459,0.127083,1858.67,1696.31,3139.1,train
WMfGZB0Kmmw_240.wav,22050,10.0,220500,0.009132,0.198141,3126.0,2605.08,6172.51,train
hEHhz-nqDL8_40.wav,22050,9.133,201392,0.004255,0.244407,3747.94,3162.62,7875.22,train
_WmmnVDID70_70.wav,22050,10.0,220500,0.070327,0.038539,930.6,1355.8,1627.88,train
DKBrrRr5br4_30.wav,22050,10.0,220500,0.269411,0.113054,1569.67,767.1,2427.56,train
qbnHjdeqL40_80.wav,22050,10.0,220500,0.058166,0.148688,2359.58,2063.19,4867.1,train
qmp0vz6b3T0_10.wav,22050,9.505,209580,0.048713,0.152026,1867.34,1201.92,3192.19,train
9dN8-r-Z5Ow_0.wav,22050,10.0,220500,0.007012,0.064895,1187.32,1303.87,2500.45,train
EOYwWCiAPGs_30.wav,22050,10.0,220500,0.12002,0.107332,1921.99,1801.57,3405.37,train
cktkqEUJMmM_400.wav,22050,10.0,220500,0.178671,0.164137,2596.06,2161.82,4574.31,train
xMDamt9Qgk8_30.wav,22050,10.0,220500,0.03953,0.125886,2866.82,2857.55,6378.5,train
BvJlDoZQo4Q_20.wav,22050,10.0,220500,0.284554,0.098083,1106.3,876.48,1981.03,train
LuCIUWDNKIY_470.wav,22050,10.0,220500,0.197284,0.053412,1647.55,2137.1,3597.72,train
DcEebq6Xn68_470.wav,22050,10.0,220500,0.014475,0.194519,2636.36,1971.38,4685.72,train
VrPYmyLndcI_210.wav,22050,10.0,220500,0.118635,0.098442,1441.93,1089.07,2582.39,train
hdzCayz8FNA_30.wav,22050,10.0,220500,0.008546,0.121942,2509.61,2596.42,5380.68,train
aFoD42hX_Hc_10.wav,22050,10.0,220500,0.387654,0.088907,1849.61,2004.33,3542.54,train
zLnct0vAp5c_10.wav,22050,10.0,220500,0.186268,0.038399,1516.26,2189.73,3487.28,train
qPQ61njMDGw_30.wav,22050,10.0,220500,0.017991,0.030682,3393.23,2801.28,6805.24,train
tYp-DzKOXtY_250.wav,22050,10.0,220500,0.01893,0.218954,3603.46,2733.89,6805.87,train
uXD5kAez7EU_30.wav,22050,10.0,220500,0.033361,0.206818,3204.36,2486.87,6035.44,train
nHfxmLF39zE_30.wav,22050,10.0,220500,0.078041,0.073346,1843.56,2223.34,3803.63,train
T75QrHcZsnw_190.wav,22050,10.0,220500,0.055635,0.156452,3059.92,2794.82,6355.79,train
KkDAoGyEYOU_430.wav,22050,10.0,220500,0.099643,0.17334,2817.56,2340.48,5211.48,train
-n3OoF3gXGQ_23.wav,22050,9.793,215938,0.115201,0.047577,640.64,428.11,864.98,train
Id4eMIZ6gak_16.wav,22050,9.728,214496,0.006558,0.282934,4033.85,2984.22,7636.4,train
jSBQeIdU8MI_7.wav,22050,9.811,216338,0.047858,0.27369,2898.12,1533.57,4630.45,train
hkBcaozVpWA_520.wav,22050,10.0,220500,0.048672,0.175496,2862.35,2423.68,5619.74,train
_EKZiFPfOns_110.wav,22050,10.0,220500,0.184783,0.089256,2156.73,2540.35,4843.72,train
ga4qLsee1is_0.wav,22050,8.122,179088,0.040863,0.225758,2983.06,1859.78,4813.78,train
TnFfepSRsgY_90.wav,22050,10.0,220500,0.157865,0.082162,1567.92,1673.87,2916.92,train
A3wlYfKighY_30.wav,22050,10.0,220500,0.061097,0.137921,2813.57,2460.32,5497.06,train
An5IiTQMgUc_30.wav,22050,10.0,220500,0.027973,0.38181,4582.88,3012.9,8191.09,train
ptI_ZLy-tKA_330.wav,22050,10.0,220500,0.035279,0.06835,1519.34,1620.28,2748.16,train
yYrZTK8SGUQ_20.wav,22050,10.0,220500,0.164057,0.108352,2502.61,2594.31,5856.01,train
-DshBX43_CQ_20.wav,22050,10.0,220500,0.027922,0.242107,3609.55,2908.37,7169.51,train
ySJVSdwDa44_120.wav,22050,10.0,220500,0.168678,0.134949,2360.84,2350.3,4735.08,train
8jzFwHOhA2A_270.wav,22050,10.0,220500,0.084817,0.417392,4870.88,2625.37,7870.09,train
-furRVKz4ac_30.wav,22050,10.0,220500,0.204276,0.088866,1166.33,747.32,1878.11,train
LWaV6BpAHzU_0.wav,22050,10.0,220500,0.175564,0.064987,1302.66,1403.14,2724.45,train
QURSsHQHYc4_30.wav,22050,10.0,220500,0.143645,0.081299,1593.53,1768.16,2917.8,train
1xcO0RA_W2o_30.wav,22050,10.0,220500,0.001941,0.161997,2782.23,2488.72,5561.14,train
9ua9vJkPrIE_8.wav,22050,9.415,207600,0.139774,0.170744,2253.52,1709.25,3865.74,train
BbbCArC3CC0_30.wav,22050,10.0,220500,0.068026,0.080792,1827.41,2018.42,4082.64,train
T3QO2Tluiv8_110.wav,22050,10.0,220500,0.02157,0.351973,4315.16,2765.94,7130.71,train
LQ1G6l4PjV8_10.wav,22050,10.0,220500,0.239352,0.089287,1301.83,908.69,2168.91,train
ryKjkzm-zG8_30.wav,22050,10.0,220500,0.028711,0.193942,3415.87,3248.93,7826.3,train
Si3cVeiAdmU_30.wav,22050,10.0,220500,0.272728,0.050454,1281.96,1832.92,2467.3,train
-YKCuLVqIWQ_380.wav,22050,10.0,220500,0.092687,0.155795,2549.19,2122.39,4505.84,train
JSjhaLbsel8_30.wav,22050,10.0,220500,0.024529,0.149208,2586.54,2724.5,5704.0,train
9WMyAhVjtas_30.wav,22050,10.0,220500,0.045049,0.05942,1476.67,1972.03,3035.71,train
Usd18d4KZd8_11.wav,22050,9.603,211738,0.127202,0.156311,1830.1,1080.49,3051.03,train
zueo3te1cwo_0.wav,22050,10.0,220500,0.223517,0.136662,1592.18,1056.41,2792.22,train
2jeWXh3p_J8_30.wav,22050,10.0,220500,0.081398,0.035279,1204.4,1686.79,2080.8,train
qwyt-PHXUZ4_50.wav,22050,10.0,220500,0.009207,0.322842,4073.97,2665.8,7086.72,train
f6sRoHiW2c0_0.wav,22050,5.858,129168,0.070587,0.081124,1497.88,1550.57,3317.73,train
1NbkO1auM1U_0.wav,22050,10.0,220500,0.106999,0.161619,2714.3,2412.89,5039.84,train
CM7p-2Kp8bI_190.wav,22050,10.0,220500,0.007598,0.102557,2214.28,2512.62,4905.05,train
LZEGjYrMM8o_30.wav,22050,10.0,220500,0.09257,0.080338,1180.92,964.93,2087.6,train
ZEtrzcL1ack_30.wav,22050,10.0,220500,0.16333,0.165482,2956.23,2417.05,5673.0,train
6lmZ9hbLjuM_30.wav,22050,10.0,220500,0.007886,0.130926,2464.73,2251.82,4537.21,train
b8Ym7wa9_FQ_20.wav,22050,10.0,220500,0.098168,0.331681,4321.04,2801.9,7757.97,train
JlDJ2uk_HB8_9.wav,22050,10.0,220500,0.093992,0.059637,1458.64,1742.57,3123.31,train
EVkDV0JzAak_30.wav,22050,10.0,220500,0.051475,0.086129,1576.46,1580.09,3040.3,train
NkI1Dwfq0-I_30.wav,22050,10.0,220500,0.049588,0.127087,2270.08,2285.93,4663.29,train
YrRJCJObaC4_170.wav,22050,10.0,220500,0.035606,0.072866,1489.68,1838.98,2930.06,train
j5yELXpstEY_150.wav,22050,10.0,220500,0.056869,0.1688,2105.56,1468.13,3818.82,train
dsS5nn3PFKM_0.wav,22050,10.0,220500,0.109,0.139287,2206.27,1863.98,3884.15,train
H_VpJUoVtI4_5.wav,22050,9.682,213478,0.205869,0.174813,3211.04,2797.99,6701.03,train
2LW-pin9aW8_28.wav,22050,9.338,205896,0.144595,0.12422,2475.65,2010.33,4596.91,train
rfZgqRvfdZc_0.wav,22050,10.0,220500,0.045817,0.112608,2485.1,2600.71,5270.54,train
4UIr4h3zJPY_30.wav,22050,10.0,220500,0.043314,0.088999,1631.98,1644.17,2769.69,train
gG4LpCjYOdk_14.wav,22050,9.568,210980,0.121843,0.053428,837.96,815.78,1626.15,train
c_a5BxfeZ9I_30.wav,22050,10.0,220500,0.232942,0.135933,2324.58,2283.41,4439.59,train
VHUQnaTVRkI_30.wav,22050,10.0,220500,0.098087,0.086848,2111.97,2442.0,4574.98,train
SHFTj0DXNg0_110.wav,22050,10.0,220500,0.097019,0.125556,2524.9,2505.4,5268.89,train
79awIHjhycY_150.wav,22050,10.0,220500,0.051494,0.147642,2601.73,2580.99,5623.96,train
ekF7heK9lng_390.wav,22050,10.0,220500,0.083153,0.158935,3157.49,2904.0,6704.92,train
rKAuNAJnD-Y_0.wav,22050,10.0,220500,0.101553,0.291563,3795.35,2620.7,6838.47,train
2feM_h_yQm0_40.wav,22050,10.0,220500,0.326992,0.516071,5107.48,2256.41,7220.32,train
-WFwpBETuDo_30.wav,22050,10.0,220500,0.061448,0.171073,2350.73,2067.65,4425.77,train
0FBhrBoaCO4_30.wav,22050,10.0,220500,0.037827,0.137835,2193.8,1710.14,3967.75,train
OMcSqTF1eJs_110.wav,22050,10.0,220500,0.062079,0.1963,3175.3,2536.39,5999.99,train
YtYtZirBIks_0.wav,22050,10.0,220500,0.159705,0.144782,1792.75,1131.88,3101.11,train
lNjSxUW2Oec_30.wav,22050,10.0,220500,0.013716,0.25658,3769.46,2825.03,7098.09,train
85uJwPraZJY_70.wav,22050,10.0,220500,0.055061,0.269599,3789.63,2862.98,7489.61,train
YEIXqnpXMjA_30.wav,22050,10.0,220500,0.085007,0.208908,3426.91,3024.9,7369.53,train
Y6iVqrEzKK8_100.wav,22050,10.0,220500,0.121621,0.171068,2724.61,2416.75,5236.12,train
Qg2JNUMLSgc_240.wav,22050,10.0,220500,0.059499,0.111963,2168.34,2263.01,4086.36,train
lrV_R00sYSM_30.wav,22050,10.0,220500,0.041476,0.122902,2698.3,2670.51,5749.02,train
M9KVdA9Ifow_30.wav,22050,10.0,220500,0.094751,0.071104,1299.34,1204.09,2372.62,train
Ud0X89mn1lU_4.wav,22050,9.003,198520,0.044134,0.083608,1525.77,1480.29,3224.07,train
U5fVafeJkHQ_60.wav,22050,10.0,220500,0.114172,0.172093,3268.59,2989.46,7083.07,train
wVSUtYe-Q8o_30.wav,22050,10.0,220500,0.017479,0.244851,3037.41,2064.53,5564.61,train
D-Aj3l3G0CY_590.wav,22050,10.0,220500,0.094781,0.172291,2749.12,2383.06,5211.93,train
aPbGbFIs1UQ_10.wav,22050,10.0,220500,0.021032,0.249128,3357.91,2497.6,6217.77,train
j-GO6vieVws_0.wav,22050,10.0,220500,0.124713,0.106133,1755.12,1762.46,3124.86,train
30JTvMLCV0c_340.wav,22050,10.0,220500,0.071534,0.354272,4541.38,2919.4,8069.68,train
r0tyN2_gfC8_220.wav,22050,10.0,220500,0.066126,0.143693,2602.34,2467.93,5111.64,train
heWDE0dqXAI_20.wav,22050,10.0,220500,0.111912,0.475818,5618.32,2554.07,8641.48,train
h4mOTTBMGEc_160.wav,22050,10.0,220500,0.158817,0.18928,3178.27,2770.78,6118.33,train
Tv_s9gMyRO8_40.wav,22050,10.0,220500,0.064699,0.150487,2905.55,2582.38,5489.02,train
KI7z4WNsBIs_0.wav,22050,10.0,220500,0.203283,0.148162,1714.63,643.19,2196.89,train
4nHiL-wA83U_30.wav,22050,10.0,220500,0.080476,0.09138,1218.58,862.62,2072.16,train
hpfa-pSxGKo_30.wav,22050,10.0,220500,0.447951,0.041459,1841.41,2532.38,3417.98,train
9Ycs-U_IvFg_40.wav,22050,10.0,220500,0.04736,0.291572,3117.96,1822.57,5304.64,train
ouTcmePQiEs_50.wav,22050,10.0,220500,0.077104,0.331831,3146.01,1487.43,4846.72,train
C3lajQQjN98_0.wav,22050,10.0,220500,0.189492,0.146777,2411.69,2169.79,4125.38,train
17PVmxAycM4_30.wav,22050,10.0,220500,0.095507,0.129389,1962.22,1701.56,3310.47,train
T2IBMQJrxxA_0.wav,22050,10.0,220500,0.022623,0.208353,3361.88,2813.39,6763.05,train
6MGkrvH8Ntc_10.wav,22050,10.0,220500,0.022496,0.232093,3345.69,2575.48,6147.73,train
Q3vkhtbXexE_30.wav,22050,10.0,220500,0.225547,0.086095,2048.89,2473.51,4306.07,train
YupNmtqzrws_240.wav,22050,10.0,220500,0.050708,0.13987,2535.26,2394.42,5023.33,train
4oqDWPv0AP4_90.wav,22050,10.0,220500,0.043765,0.136465,2737.61,2378.42,5237.31,train
MdheKcgc2Zw_2.wav,22050,9.61,211900,0.015328,0.179084,1923.99,943.48,2832.11,train
1Xyq6DEdqqo_40.wav,22050,10.0,220500,0.095856,0.064774,1306.6,1646.8,2518.71,train
5wyOc0OkKkM_30.wav,22050,10.0,220500,0.204343,0.046664,2207.75,2657.88,4688.14,train
VIOX7T6eUEs_30.wav,22050,10.0,220500,0.124606,0.210607,3207.09,2417.96,5863.4,train
dlSyNbqj0LI_14.wav,22050,9.011,198692,0.085258,0.159204,2546.09,1939.25,4539.96,train
WJ_0Y9_Mzeg_0.wav,22050,10.0,220500,0.105708,0.006736,250.38,724.23,329.79,train
qAWyxj4HdN4_170.wav,22050,10.0,220500,0.106991,0.094448,1255.26,937.93,2272.13,train
TT8-1OvQuqI_30.wav,22050,10.0,220500,0.186607,0.060236,1616.81,2043.98,3234.78,train
Gyz9dmpu5_E_27.wav,22050,9.618,212074,0.004352,0.232776,3332.33,2392.68,6043.88,train
UxErdCL26hc_560.wav,22050,10.0,220500,0.073497,0.167718,3163.99,2752.42,6273.88,train
9kYy9_aQ6xs_120.wav,22050,10.0,220500,0.067072,0.181446,3107.49,2802.61,6510.77,train
rfnCy8Padec_300.wav,22050,10.0,220500,0.044075,0.143071,2550.84,2438.66,5270.34,train
13QUBj_VlIc_25.wav,22050,10.0,220500,0.036454,0.118622,1588.56,1436.15,2760.87,train
zq23eluQw-I_40.wav,22050,10.0,220500,0.190543,0.074456,1125.79,1030.7,1903.24,train
-9k2Z_hxYpU_130.wav,22050,10.0,220500,0.069547,0.509851,5178.72,2906.45,7746.73,train
PajXnbq3k3o_60.wav,22050,10.0,220500,0.03686,0.176729,3412.11,3074.48,7264.16,train
tUV1KGb9aNg_22.wav,22050,9.092,200468,0.177492,0.107802,1860.65,2102.49,3630.1,train
Iv_6Y0GKKLw_29.wav,22050,9.592,211494,0.04898,0.11825,1722.53,1450.02,3382.04,train
x1VPi3Tyo6E_130.wav,22050,10.0,220500,0.050148,0.21757,3699.44,2998.53,7131.24,train
oPyRSWZJ1ng_60.wav,22050,10.0,220500,0.008912,0.113291,2670.44,2784.51,6100.42,train
DWcpUu-QERg_10.wav,22050,10.0,220500,0.165308,0.195643,3297.38,2659.81,6385.69,train
lHDewf34qMg_30.wav,22050,10.0,220500,0.020543,0.16056,3157.95,3008.3,6822.53,train
eovrcKiM3Fk_10.wav,22050,10.0,220500,0.111391,0.126389,2281.81,2109.86,4461.07,train
bzc-voZbAiQ_30.wav,22050,10.0,220500,0.20023,0.056287,884.41,898.01,1668.52,train
EkY-B0k8pcY_30.wav,22050,10.0,220500,0.023806,0.12681,2410.93,2187.9,4804.93,train
BzRfVkonlSA_30.wav,22050,10.0,220500,0.147731,0.561313,6166.82,2759.36,8869.23,train
O7aapY-NZ8Y_30.wav,22050,10.0,220500,0.017869,0.094289,2439.93,2662.91,5246.91,train
EKbY_MqEAww_5.wav,22050,9.373,206678,0.396877,0.212621,4200.85,3357.18,8449.04,train
aZYPJdj_X0w_120.wav,22050,10.0,220500,0.052796,0.196849,2982.24,2494.05,5562.89,train
5ICrq2XZjKo_20.wav,22050,10.0,220500,0.004053,0.246914,3740.12,3027.9,7636.62,train
JWA8JPNUWcc_150.wav,22050,10.0,220500,0.056573,0.156995,2599.37,2295.47,4816.49,train
TfSmKGjRysk_30.wav,22050,10.0,220500,0.060547,0.061454,1597.09,2116.82,3418.53,train
BNGL3k9dwMc_30.wav,22050,10.0,220500,0.083397,0.106883,1831.63,1709.39,3270.72,train
EyRN74HJ_ho_1.wav,22050,9.142,201582,0.01419,0.255204,3613.14,2678.53,6765.74,train
B3rltIDtuHQ_60.wav,22050,10.0,220500,0.034201,0.145913,3037.52,2780.67,6254.87,train
n9DvTALPUCA_30.wav,22050,10.0,220500,0.02441,0.322335,4464.64,3102.35,8217.27,train
zODYixzm5vI_20.wav,22050,10.0,220500,0.662029,0.027285,818.08,1176.06,1705.82,train
ryUOxeqaWlw_40.wav,22050,10.0,220500,0.12297,0.03762,1408.18,2064.52,3372.59,train
aWhMvg9JbxM_240.wav,22050,10.0,220500,0.122878,0.126028,2349.44,2420.73,4541.46,train
-6Zv5GzJshs_8.wav,22050,10.0,220500,0.082569,0.129721,1639.8,1095.26,2910.65,train
hYvhabh2_kw_80.wav,22050,10.0,220500,0.048724,0.360032,3917.12,2377.31,6037.99,train
hro8RjbEiRw_470.wav,22050,10.0,220500,0.068272,0.205101,3250.83,2534.64,6111.16,train
2cNRrrKAegM_160.wav,22050,10.0,220500,0.035136,0.102743,1760.42,1564.32,3533.99,train
6lyoD7ukl-4_50.wav,22050,10.0,220500,0.853304,0.03433,1467.79,1987.69,2954.3,train
kJsTmpKr9rM_300.wav,22050,10.0,220500,0.028472,0.116101,2450.99,2409.44,4801.58,train
FJ0JVEUu0Fg_30.wav,22050,10.0,220500,0.005104,0.147417,2389.72,1673.56,4455.17,train
M9bPCDaPcag_100.wav,22050,10.0,220500,0.066608,0.25202,2487.1,1229.85,3829.54,train
YDkmOJY6khU_540.wav,22050,10.0,220500,0.194367,0.168837,2347.53,1884.01,4429.62,train
NjlH6KF4quc_30.wav,22050,10.0,220500,0.030538,0.109042,2541.5,2751.57,5857.73,train
NVcMHw1P8dg_120.wav,22050,10.0,220500,0.178412,0.079992,1297.5,1040.69,2519.81,train
askCq7tjV2s_210.wav,22050,10.0,220500,0.080559,0.152071,2530.29,2179.44,4564.11,train
bEW_u16rHW4_0.wav,22050,10.0,220500,0.100169,0.08329,1621.6,1772.58,2902.41,train
ana1EHwwrOM_120.wav,22050,10.0,220500,0.114828,0.127489,2348.25,2242.75,4545.05,train
Ya-_BOqa8pA_100.wav,22050,10.0,220500,0.02535,0.104627,2151.67,2265.13,4433.69,train
9E7GiRH8Stw_470.wav,22050,10.0,220500,0.083594,0.271856,3739.65,2729.06,7021.92,train
jnaiC60Q89Y_0.wav,22050,10.0,220500,0.028895,0.138494,1668.33,979.69,2761.12,train
ESsUj8ehKBk_40.wav,22050,10.0,220500,0.051793,0.302128,4257.62,3316.86,8611.98,train
TVq34c7Q86Y_10.wav,22050,10.0,220500,0.093803,0.670517,7120.6,2600.92,9854.76,train
6C-JFdid-So_30.wav,22050,10.0,220500,0.075894,0.165397,3214.2,2948.63,6959.87,train
-kOVklMNUGM_30.wav,22050,10.0,220500,0.123153,0.099112,2302.41,2330.5,4468.54,train
M4YGfesnu7A_30.wav,22050,10.0,220500,0.038305,0.021761,412.55,335.15,615.99,train
sQUnFzyJA-g_170.wav,22050,10.0,220500,0.066624,0.169394,2744.2,2456.88,5559.06,train
C5qx6aeBgG8_30.wav,22050,10.0,220500,0.076964,0.115688,2279.48,2288.27,4597.49,train
2boYTFLB88I_30.wav,22050,10.0,220500,0.153387,0.043346,813.54,852.22,1687.43,train
d0Nw85vVW2I_29.wav,22050,9.475,208934,0.097319,0.138162,2260.98,2013.92,4140.01,train
E3HDjCKs_u4_560.wav,22050,10.0,220500,0.121794,0.126125,2234.99,2116.11,4197.08,train
mvZ8-cyzqOY_0.wav,22050,10.0,220500,0.006401,0.1398,2857.86,2982.78,6407.28,train
1bFIcfSokOE_30.wav,22050,10.0,220500,0.062028,0.207857,2958.67,2242.32,5106.67,train
sK0EYQIV8-A_8.wav,22050,9.833,216816,0.029413,0.25995,3819.11,2797.81,7238.99,train
OEs5OYR8OM0_0.wav,22050,10.0,220500,0.114774,0.236992,3489.44,2589.34,6606.25,train
0hAK5f1tDok_30.wav,22050,10.0,220500,0.025638,0.103558,1662.39,1499.04,3417.78,train
8rrZX-R0t0E_220.wav,22050,10.0,220500,0.024165,0.252172,3776.7,2586.2,6642.12,train
lhgbh_Ybp_Y_60.wav,22050,10.0,220500,0.17022,0.24364,3356.35,2461.08,6253.6,train
c6qt2qEmzH0_60.wav,22050,10.0,220500,0.035155,0.049473,744.79,740.04,1214.55,train
0Gggc7Vz7TI_10.wav,22050,10.0,220500,0.065968,0.08742,1083.01,704.66,1613.02,train
O5B73dPlae4_20.wav,22050,10.0,220500,0.009417,0.088602,2187.1,2533.19,4958.91,train
SF1_gs-JakQ_24.wav,22050,9.548,210528,0.043952,0.180172,2161.21,1637.43,3564.63,train
ywBS3yNXr3g_340.wav,22050,10.0,220500,0.16776,0.043036,1440.82,2142.74,3243.89,train
a6ZOY_M7irw_30.wav,22050,10.0,220500,0.19312,0.106134,1609.54,1460.49,3159.46,train
JFQgambfGmc_20.wav,22050,10.0,220500,0.070861,0.055635,1007.17,1224.27,2057.42,train
eDbHuACgqq8_150.wav,22050,10.0,220500,0.02319,0.256786,3668.35,2769.88,6855.48,train
gsCTltYMc1s_70.wav,22050,10.0,220500,0.059743,0.120038,2249.12,2326.67,4697.19,train
M8TFW9uufF0_90.wav,22050,10.0,220500,0.008322,0.082459,2246.25,2458.69,4784.02,train
8E5JxSaVTto_90.wav,22050,10.0,220500,0.07127,0.761897,7567.17,3077.99,10373.81,train
GSEF8taz9ME_26.wav,22050,9.339,205932,0.109627,0.153374,2657.84,2495.35,5200.3,train
f3N6ZYQVWYk_10.wav,22050,10.0,220500,0.021814,0.088595,2335.06,2586.64,5155.95,train
KJ-r0_i04zE_0.wav,22050,9.613,211968,0.125782,0.120568,1656.22,1268.29,3027.21,train
Gbv429mQVio_10.wav,22050,10.0,220500,0.009976,0.246004,3681.27,2936.06,7433.13,train
V2TLw12vOk8_180.wav,22050,10.0,220500,0.128169,0.069433,1673.68,2114.19,3475.89,train
jdCw86PiqMM_10.wav,22050,10.0,220500,0.070895,0.071201,1050.9,767.27,1968.89,train
wVoGBdh8f1Y_60.wav,22050,10.0,220500,0.007697,0.240122,3586.28,2737.99,6887.43,train
WzFvYLkPXpk_30.wav,22050,10.0,220500,0.152333,0.149611,2614.53,2601.69,5765.38,train
UtzbtudoFrM_26.wav,22050,9.301,205084,0.038048,0.114688,2727.89,2363.74,5199.62,train
3YI6A9-zqJM_510.wav,22050,10.0,220500,0.214888,0.125036,2069.39,1920.82,4019.64,train
6wT_ue9F-OU_20.wav,22050,10.0,220500,0.09348,0.171169,2880.81,2479.53,5585.97,train
A4jXG88cMjo_80.wav,22050,10.0,220500,0.136986,0.080724,1590.82,1851.48,2673.61,train
gqqSZCzm66c_30.wav,22050,10.0,220500,0.010982,0.132445,2694.31,2596.5,5649.84,train
zBe_CRK3xRQ_80.wav,22050,10.0,220500,0.126921,0.103742,1370.0,984.89,2190.74,train
AgWoOtWtwK4_30.wav,22050,10.0,220500,0.067108,0.113794,1940.39,2003.06,3475.89,train
2E4WD14vQeA_30.wav,22050,10.0,220500,0.156971,0.098162,1241.13,793.69,2050.83,train
1i01QDrSQW8_140.wav,22050,10.0,220500,0.088335,0.163222,2661.74,2379.16,5030.6,train
gVKy2RrUFes_30.wav,22050,10.0,220500,0.163028,0.206813,3287.55,2331.06,5990.35,train
CT45H_-fEmk_3.wav,22050,9.185,202538,0.079884,0.063496,1805.39,2355.81,4113.63,train
p0mWlDVNLFU_27.wav,22050,8.944,197226,0.001823,0.143166,2697.46,2779.01,6150.21,train
ZF6je_dpQUY_40.wav,22050,10.0,220500,0.157811,0.04293,1092.62,1498.53,2119.3,train
uJiMUICdGE8_10.wav,22050,10.0,220500,0.216765,0.055398,1356.0,1918.09,2440.0,train
3Lkb9O8Y69U_290.wav,22050,10.0,220500,0.06207,0.143744,2561.61,2400.24,5297.12,train
Vsu2EleJrlc_10.wav,22050,10.0,220500,0.030162,0.072323,1421.73,1547.39,2615.81,train
MBvyUrmVJ90_10.wav,22050,10.0,220500,0.01338,0.14764,2129.81,1758.12,3590.55,train
aeN8aoSRIao_40.wav,22050,10.0,220500,0.023181,0.181146,2811.23,2498.85,5625.44,train
ZtNINdD7sqI_30.wav,22050,10.0,220500,0.008297,0.104712,1865.11,2117.08,3277.12,train
8Sh7WFkn2b8_30.wav,22050,10.0,220500,0.16416,0.106428,1756.71,1672.13,3102.88,train
Tn3sC-iulB4_30.wav,22050,10.0,220500,0.098266,0.28938,3183.29,1637.7,5065.3,train
jH2YSihjgDU_19.wav,22050,9.514,209786,0.172705,0.182166,2721.83,1850.91,4679.56,train
4Ypu_nhMGFw_250.wav,22050,10.0,220500,0.020236,0.213717,3448.22,2933.73,7289.19,train
jTdrVpkJupY_320.wav,22050,10.0,220500,0.179656,0.151957,2531.37,2205.4,4737.63,train
e7366pLbspo_80.wav,22050,10.0,220500,0.018462,0.162646,2423.72,1886.47,4499.91,train
dPGIyD7Gl8U_50.wav,22050,10.0,220500,0.135093,0.117064,2297.89,2321.57,4701.33,train
b4V6A3gcqug_10.wav,22050,10.0,220500,0.114658,0.161118,2973.61,2572.73,6093.5,train
r0epAB3_aYA_0.wav,22050,2.067,45568,0.314341,0.034055,591.5,246.11,752.94,train
HvM0UuvZxSM_30.wav,22050,10.0,220500,0.093042,0.13185,2947.75,3049.64,6887.5,train
10sMLrec5T0_3.wav,22050,9.562,210842,0.015401,0.17142,2954.8,2642.19,6007.63,train
AtmLKalkKQ4_30.wav,22050,10.0,220500,0.196104,0.236754,3621.49,2771.91,7131.74,train
aVFHXZLa5rM_10.wav,22050,9.18,202412,0.095441,0.358903,4558.51,2771.9,7854.62,train
kBwfm1rlYXc_50.wav,22050,10.0,220500,0.067033,0.166335,2938.7,2669.59,5908.12,train
mIJ1pJ064L8_60.wav,22050,10.0,220500,0.111514,0.217747,3007.6,2167.08,5071.72,train
U_DOi_HCohs_130.wav,22050,10.0,220500,0.140475,0.132652,2306.12,1881.07,4187.63,train
qhpX5EBbMJ4_20.wav,22050,10.0,220500,0.252463,0.139485,2559.69,2424.58,5473.23,train
0Gl7_MoPvJM_30.wav,22050,10.0,220500,0.038335,0.124,2891.85,2812.94,6668.77,train
4sNGlWJskcw_70.wav,22050,10.0,220500,0.045208,0.252618,3591.52,2642.72,6639.0,train
UOIZ2vf6w9o_70.wav,22050,10.0,220500,0.083904,0.045283,1378.56,2003.69,2810.58,train
uf4dx0NgFro_30.wav,22050,10.0,220500,0.017641,0.20787,3084.27,2154.91,5589.42,train
XwFTPzQsRjk_220.wav,22050,10.0,220500,0.078809,0.233196,4008.3,2939.0,7538.02,train
iqpXO9NlObs_130.wav,22050,10.0,220500,0.005446,0.17538,3022.53,2696.3,6052.05,train
tUdP1FrHkVU_30.wav,22050,10.0,220500,0.086066,0.09323,1574.4,1451.34,3284.31,train
k7-bo66KASE_140.wav,22050,10.0,220500,0.021799,0.27159,3501.33,2607.63,6490.16,train
DO_ZDe2CN5I_11.wav,22050,9.417,207642,0.087229,0.099599,1820.85,1890.49,3395.51,train
KJULkJvHC1I_100.wav,22050,10.0,220500,0.085386,0.106931,2805.36,2925.82,6395.89,train
RuD5P0uoD18_50.wav,22050,10.0,220500,0.103845,0.257886,3672.43,2791.04,7062.64,train
Rvuv1C7d_Ho_410.wav,22050,10.0,220500,0.022246,0.048389,1244.59,1889.12,2232.46,train
krmQtsQUk1Q_480.wav,22050,10.0,220500,0.131573,0.102491,1885.83,1815.47,3162.28,train
2ItmkgyMVHg_22.wav,22050,9.927,218900,0.072297,0.107688,2512.28,2720.69,6060.46,train
tk7y-AIoimE_10.wav,22050,10.0,220500,0.138395,0.188534,2561.94,1441.31,4271.52,train
QDYXurykb_0_0.wav,22050,10.0,220500,0.071527,0.248382,3477.8,2835.47,6858.67,train
P5oP9Kf7IXE_110.wav,22050,10.0,220500,0.140208,0.198455,2137.89,1490.43,4041.25,train
x-ExuRU27sA_160.wav,22050,10.0,220500,0.03069,0.178896,3085.57,2871.28,6728.43,train
I-GqGzaxmK0_7.wav,22050,10.0,220500,0.110223,0.141699,2268.13,2028.61,4167.2,train
0Gx-P4j1_Ik_550.wav,22050,10.0,220500,0.005522,0.365135,4592.59,2870.76,7966.79,train
fWNgJscwYFo_30.wav,22050,10.0,220500,0.008098,0.137135,2576.11,2288.75,4894.71,train
DjiKj_rpqB0_410.wav,22050,10.0,220500,0.006521,0.505347,5589.21,2853.45,8529.95,train
J_DOMSoxfVY_330.wav,22050,10.0,220500,0.028875,0.083526,1883.47,2168.29,3996.23,train
kHfrnlQO-o0_50.wav,22050,10.0,220500,0.081524,0.21014,3369.57,2816.66,6810.64,train
B0vxGvlLfFM_18.wav,22050,8.977,197932,0.016097,0.235372,3627.74,2728.05,6835.07,train
80b3-LmuZ9Y_30.wav,22050,10.0,220500,0.232747,0.02954,1057.78,1517.06,2071.76,train
zsGfZUmkC1s_0.wav,22050,10.0,220500,0.0039,0.251005,3292.35,2636.59,6381.42,train
HCepwrJxzlM_310.wav,22050,10.0,220500,0.016541,0.139195,2907.16,2461.34,5456.12,train
-_SoTW2-c70_9.wav,22050,9.065,199886,0.157174,0.104985,1769.39,1625.8,3459.99,train
V19fbaM4r_s_30.wav,22050,10.0,220500,0.06303,0.099929,2009.11,2021.46,3955.14,train
0rD9Owrqetc_30.wav,22050,10.0,220500,0.040059,0.088911,1937.74,2103.73,3861.81,train
MNORReIOTsA_30.wav,22050,10.0,220500,0.1488,0.073505,1577.67,1722.59,3159.74,train
nKKQAsSnd6E_30.wav,22050,10.0,220500,0.057881,0.106679,2054.98,2088.41,3877.2,train
3eicY4BbtJY_0.wav,22050,10.0,220500,0.187728,0.142706,2133.58,1680.79,3426.6,train
QfkbwASxFtU_10.wav,22050,10.0,220500,0.061116,0.298074,4156.63,3123.57,7990.67,train
kiuLnG2pNPs_100.wav,22050,10.0,220500,0.046849,0.177911,2576.84,1783.79,3877.73,train
KU5v5LSfRnM_30.wav,22050,10.0,220500,0.06846,0.108392,2356.73,2437.42,5024.56,train
5nrSQuCOmF8_9.wav,22050,9.808,216270,0.148247,0.302948,3846.64,2612.1,6826.23,train
1O2vHreD6eI_60.wav,22050,10.0,220500,0.155713,0.126894,1859.89,1425.34,3232.6,train
CKTrq8WpAuc_30.wav,22050,10.0,220500,0.063486,0.097719,1359.07,1187.62,2372.5,train
-9df2qdbIJM_0.wav,22050,10.0,220500,0.076427,0.205991,3177.82,2524.65,6095.02,train
oMZr7HLYYGs_180.wav,22050,10.0,220500,0.109408,0.283575,3600.54,2286.34,6225.79,train
vpe3x5Hom-0_10.wav,22050,10.0,220500,0.03559,0.143963,2478.67,2169.72,4336.84,train
QHPIqSnMEts_18.wav,22050,9.037,199266,0.13118,0.078444,1378.94,1217.46,2528.27,train
6JvaRmV4GTs_110.wav,22050,10.0,220500,0.017964,0.106437,1998.16,2276.96,4025.04,train
v8qSM47--NM_150.wav,22050,10.0,220500,0.018569,0.238027,2877.75,1846.3,4740.6,train
hjAOV7TGtuM_0.wav,22050,10.0,220500,0.239191,0.433697,5275.12,2116.87,7880.63,train
6kG4su7eRsg_160.wav,22050,10.0,220500,0.031924,0.30983,4233.08,2902.48,7574.24,train
Y6KMDFxlbq0_60.wav,22050,10.0,220500,0.13704,0.016391,697.07,1303.2,1197.77,train
I4Td8g-rpiY_18.wav,22050,9.283,204700,0.099422,0.047203,1297.91,1770.63,2568.16,train
AjTt08BMRtQ_90.wav,22050,10.0,220500,0.149539,0.07752,1257.61,1251.61,2647.81,train
OWGh2b7LQO4_25.wav,22050,9.093,200510,0.053219,0.097635,1377.95,1029.91,2609.69,train
SbjztkOaJEk_20.wav,22050,10.0,220500,0.357059,0.140532,1790.23,963.85,2327.68,train
Qd9_UMNMhcA_10.wav,22050,10.0,220500,0.041201,0.234327,3954.51,2983.7,7769.81,train
UgGAYxM0JXI_100.wav,22050,10.0,220500,0.104992,0.131015,2251.55,1946.08,4123.21,train
Vd7VrT6n1-8_30.wav,22050,10.0,220500,0.144652,0.115051,2750.36,2520.84,5286.3,train
85_IALAleyk_30.wav,22050,10.0,220500,0.089262,0.098063,2156.61,2350.92,4316.51,train
Z0yvXUQxsBo_30.wav,22050,10.0,220500,0.093399,0.128872,2455.24,2374.78,4978.32,train
x6o3js8nAvw_80.wav,22050,10.0,220500,0.100594,0.424728,4909.67,2770.79,8174.2,train
BoON2m-dV2A_380.wav,22050,10.0,220500,0.244762,0.077281,1569.83,1734.95,3034.81,train
XVaGD3VbjlU_10.wav,22050,10.0,220500,0.099062,0.260269,3803.33,3353.45,7871.51,train
vxcFD8sCdZc_30.wav,22050,10.0,220500,0.239387,0.062148,1940.07,2378.45,4376.99,train
9i_es1qOCqQ_1.wav,22050,9.356,206302,0.082897,0.176949,1896.8,881.57,2852.64,train
KkZJyHR5n5M_30.wav,22050,10.0,220500,0.15487,0.168588,2456.05,2346.79,5487.82,train
Uc85r1ZwOC8_20.wav,22050,10.0,220500,0.017456,0.244151,3644.18,2703.77,6810.09,train
1gDcPnV9CDM_140.wav,22050,10.0,220500,0.038073,0.095651,1816.34,1995.54,3536.47,train
I5Wncnam0hE_260.wav,22050,10.0,220500,0.023811,0.211165,2984.91,2335.93,5586.89,train
99Q5Y5vnHwY_70.wav,22050,10.0,220500,0.034335,0.241805,3469.19,2759.83,6628.28,train
PCfM5jLOifw_0.wav,22050,7.825,172544,0.006182,0.09776,2510.96,2953.67,6353.0,train
gHSYEqje3uk_270.wav,22050,10.0,220500,0.056489,0.191694,3113.31,2552.86,5957.3,train
scuTe_W1T0M_20.wav,22050,10.0,220500,0.054202,0.205147,3165.53,2352.13,5861.65,train
yBtHAIp7_WQ_30.wav,22050,10.0,220500,0.090056,0.226928,3256.14,2302.78,5806.12,train
LTBGc7B6bmg_330.wav,22050,10.0,220500,0.01097,0.108158,2726.61,3276.52,7229.89,train
Anm9KgKEPnw_220.wav,22050,10.0,220500,0.390339,0.228009,3695.23,3587.59,8651.85,train
a5EYCw-c_wE_30.wav,22050,10.0,220500,0.195772,0.122808,2425.43,2251.03,5158.25,train
ldsZS2YLot4_10.wav,22050,10.0,220500,0.325237,0.186502,2159.68,543.66,2425.16,train
aLavVixFQRA_300.wav,22050,10.0,220500,0.148296,0.160027,2725.67,2636.93,5867.57,train
8jQuQuO5TtE_80.wav,22050,10.0,220500,0.312342,0.088767,2069.61,2096.1,4113.49,train
NUqsl-em2FQ_0.wav,22050,10.0,220500,0.021809,0.127745,2430.68,2427.44,5057.31,train
li8r4Y-QDvg_0.wav,22050,10.0,220500,0.032022,0.259375,2971.99,1853.67,4592.02,train
1FydE1u_uK0_0.wav,22050,10.0,220500,0.113911,0.036824,819.23,1124.82,1444.02,train
DYNzAYjd5K8_6.wav,22050,9.61,211908,0.059383,0.193141,2610.04,1918.72,4984.81,train
3IEwwlZE3fQ_580.wav,22050,10.0,220500,0.030672,0.20341,3986.63,3217.39,7824.87,train
Ah4zlsI-V44_19.wav,22050,9.7,213882,0.10249,0.136047,2198.43,2210.63,4161.5,train
1t3n_PzvKv8_22.wav,22050,9.161,202004,0.228929,0.066679,1146.2,921.25,2168.45,train
5_UNIL87iis_50.wav,22050,10.0,220500,0.111457,0.106806,1953.32,2035.98,3791.12,train
E3T5PFF1PaM_40.wav,22050,10.0,220500,0.042465,0.183983,3325.69,3035.97,7233.13,train
_qxF_tiK8fU_18.wav,22050,9.423,207772,0.138696,0.125725,2054.47,1947.92,3950.52,train
xU1l3fqbDB4_30.wav,22050,10.0,220500,0.118736,0.241405,2435.81,1538.33,4311.49,train
FVdbLyx2VN0_0.wav,22050,10.0,220500,0.184058,0.150606,1718.64,1179.47,3148.32,train
7h4Y8DYnaa4_30.wav,22050,10.0,220500,0.18597,0.162039,2996.45,2502.43,5946.11,train
JHbdEo_v5sQ_30.wav,22050,10.0,220500,0.329776,0.16105,2056.85,1476.76,3909.63,train
TGwxnxvq8d0_120.wav,22050,10.0,220500,0.013479,0.085108,2274.8,2668.63,5298.62,train
P7A19GAnUbI_5.wav,22050,10.0,220500,0.154924,0.176737,2820.23,2374.36,5445.35,train
8FJ3V_EHLj4_12.wav,22050,9.757,215144,0.053876,0.186298,2297.84,1454.31,4001.19,train
xNooW2kWexI_180.wav,22050,10.0,220500,0.095166,0.1034,1355.06,911.43,2383.39,train
vnxE80xP-yk_10.wav,22050,10.0,220500,0.071026,0.230994,3268.85,2424.56,5905.69,train
uL43vAK7Vj4_190.wav,22050,10.0,220500,0.022006,0.074237,1899.61,2192.47,3822.29,train
ZhTA3QOv4gY_40.wav,22050,10.0,220500,0.078226,0.151011,2941.17,2794.2,6174.53,train
XKXxS9dzaLQ_160.wav,22050,10.0,220500,0.127098,0.474647,5118.22,2979.6,8405.22,train
J3IlfJg5rFI_30.wav,22050,10.0,220500,0.359375,0.039543,878.74,1081.5,1826.5,train
zxY52sWnHFM_30.wav,22050,10.0,220500,0.181896,0.117169,2544.77,2702.76,5621.76,train
pjtd_BgAg-I_130.wav,22050,10.0,220500,0.12012,0.294881,4247.2,2820.75,7849.58,train
stes_6407mw_30.wav,22050,10.0,220500,0.287121,0.042416,1052.89,1274.27,2379.39,train
Id0ayEdmVPY_290.wav,22050,10.0,220500,0.213998,0.491115,5549.0,2983.4,8947.67,train
vvFF2PqiRPk_30.wav,22050,10.0,220500,0.142288,0.121369,2766.98,2495.65,5441.21,train
2QsJ8BgIuUM_30.wav,22050,10.0,220500,0.110578,0.124494,2578.3,2334.39,4910.94,train
J_X8kXZkO44_20.wav,22050,10.0,220500,0.148743,0.372973,4450.51,2436.68,7490.66,train
l5CwI_WONvo_50.wav,22050,10.0,220500,0.047381,0.08106,1229.69,1036.76,2104.26,train
500u4GyxBdA_340.wav,22050,10.0,220500,0.062262,0.129267,1931.68,1782.39,3405.92,train
rEX5uNIeVOM_100.wav,22050,10.0,220500,0.095192,0.11892,2150.21,2021.33,4102.8,train
59y9J_MBC_Y_20.wav,22050,10.0,220500,0.06999,0.138356,2560.39,2528.92,5611.97,train
Qaz7NfJ7NRg_30.wav,22050,10.0,220500,0.179404,0.075136,1220.47,1150.4,2413.74,train
0C1cFJTTRUw_30.wav,22050,10.0,220500,0.075148,0.076299,1107.97,823.68,1956.15,train
-AWQf-Q8j2k_30.wav,22050,10.0,220500,0.181799,0.060421,977.56,880.06,1883.98,train
H4HHgs-o2xg_130.wav,22050,10.0,220500,0.119936,0.381046,4911.92,2911.25,8553.78,train
7LgpnutPeis_30.wav,22050,10.0,220500,0.044941,0.155328,2814.46,2615.35,5906.09,train
JyVjNCXS1u0_60.wav,22050,10.0,220500,0.102593,0.130341,2021.88,1722.0,3872.43,train
CmI6_ddQmCQ_30.wav,22050,10.0,220500,0.247637,0.127595,1694.18,1136.43,2956.27,train
---1_cCGK4M_0.wav,22050,10.0,220500,0.240607,0.103636,2161.06,2341.42,4550.78,train
99R8NSxxxK4_100.wav,22050,10.0,220500,0.007057,0.213448,3388.7,2946.31,6990.75,train
1O_b5DQZGB0_40.wav,22050,10.0,220500,0.057331,0.155508,2600.23,2404.88,5086.26,train
-nKy0zN4KVQ_0.wav,22050,8.777,193536,0.101933,0.043925,1476.03,2115.23,3146.97,train
JYZTFKnqDvE_30.wav,22050,10.0,220500,0.075244,0.139957,2350.77,2242.73,4391.27,train
ERcTDA0vcX8_160.wav,22050,10.0,220500,0.072209,0.165954,2817.69,2340.1,5351.98,train
2aBbbrykbxQ_30.wav,22050,10.0,220500,0.007649,0.170775,2720.4,2314.97,5344.66,train
ngsyPRUYoBg_30.wav,22050,10.0,220500,0.050863,0.249971,3599.48,2423.78,6322.32,train
VJNKoLG7A4A_0.wav,22050,8.916,196608,0.699607,0.074912,1500.51,1332.86,2646.01,train
8x655wfhb0E_0.wav,22050,10.0,220500,0.142511,0.090383,1484.48,1545.18,2721.95,train
i8g4jROxGeM_430.wav,22050,10.0,220500,0.064304,0.236874,3516.67,2882.21,7072.83,train
RENZq0qF0wE_30.wav,22050,10.0,220500,0.143812,0.104112,2414.92,2588.46,5006.02,train
Drg2nd5GWmg_30.wav,22050,10.0,220500,0.146211,0.070194,1652.14,1975.31,3254.56,train
2Jjk4d7Zy24_30.wav,22050,10.0,220500,0.004776,0.101754,2381.42,2682.44,5138.04,train
m83kh-asu8Y_120.wav,22050,10.0,220500,0.053904,0.050415,988.44,1248.2,1783.31,train
0xZco2y8qpE_30.wav,22050,10.0,220500,0.462346,0.561059,5607.31,2615.07,7965.94,train
mG0SamJxs5E_30.wav,22050,10.0,220500,0.054055,0.166396,2286.71,1785.89,3778.35,train
14_66DVcdK8_30.wav,22050,10.0,220500,0.265463,0.117297,2923.41,2929.64,6493.19,train
Mj_FV40DEwk_300.wav,22050,10.0,220500,0.03445,0.145175,2617.88,2419.76,5244.61,train
9AaGx-d70Cs_30.wav,22050,10.0,220500,0.013515,0.138364,1662.75,1138.46,2965.86,train
Edu54FSsSeo_30.wav,22050,10.0,220500,0.013991,0.241055,3213.42,2534.46,6462.66,train
ojj19g5wnRY_320.wav,22050,10.0,220500,0.054091,0.154455,2708.21,2398.35,5249.03,train
ZaTXinBxY30_30.wav,22050,9.19,202644,0.018536,0.086633,2357.26,2599.33,5220.77,train
IiEuqeMo-wM_160.wav,22050,10.0,220500,0.054572,0.28187,3509.4,2016.13,6027.77,train
fxm7RWemO8I_30.wav,22050,10.0,220500,0.303644,0.09582,1846.33,1876.94,3508.84,train
ayQXS7QZ3Is_510.wav,22050,10.0,220500,0.090753,0.283452,3773.81,2666.08,6720.76,train
87E41BISp3Q_30.wav,22050,10.0,220500,0.082915,0.099356,1969.79,2327.37,3869.16,train
FxQyrhN83aM_30.wav,22050,10.0,220500,0.20405,0.051854,1296.93,1762.41,2630.62,train
s1dMHgX8gSs_240.wav,22050,10.0,220500,0.196187,0.190764,2844.32,2163.98,5054.98,train
UfaSrxpWnMs_30.wav,22050,10.0,220500,0.167889,0.214866,2675.81,1853.0,4651.85,train
dvz8tZJ58pg_30.wav,22050,10.0,220500,0.219909,0.065286,1019.96,1039.85,2215.55,train
ceeA6X0M3r4_11.wav,22050,9.37,206618,0.190944,0.100675,2260.28,2580.28,4828.34,train
MXCGTUg_VLQ_30.wav,22050,10.0,220500,0.19033,0.195462,2920.02,1988.0,4842.1,train
IadWBeZz7qw_20.wav,22050,10.0,220500,0.072427,0.116459,1954.45,1795.51,3609.96,train
zX0OMIdZERU_30.wav,22050,10.0,220500,0.212041,0.151769,2621.45,2073.41,4779.9,train
9YrV3qRNjwg_30.wav,22050,10.0,220500,0.080051,0.078938,1789.89,1909.13,3315.49,train
-c3wgXZdT-Q_30.wav,22050,10.0,220500,0.08952,0.293684,4452.92,3189.12,8164.56,train
3JDBtQgmQmA_30.wav,22050,10.0,220500,0.090103,0.110629,2123.75,2062.06,3956.14,train
6m05tCNznR0_10.wav,22050,9.087,200364,0.220902,0.125202,2398.36,2182.15,4449.74,train
2Hj1d4VKUU0_10.wav,22050,10.0,220500,0.084301,0.050768,622.78,185.66,671.1,train
LTtHn_65T8E_0.wav,22050,6.578,145040,0.458935,0.101007,2361.08,2222.52,4708.34,train
3JT2BzAp-AA_30.wav,22050,10.0,220500,0.498133,0.080843,1404.27,1332.91,2562.3,train
qsQrKvIMD60_40.wav,22050,10.0,220500,0.048895,0.075418,1403.52,1454.82,2987.89,train
eQjsb2Abm6M_200.wav,22050,10.0,220500,0.052836,0.094978,2276.04,2668.8,5296.34,train
pdsqinS_7sY_40.wav,22050,10.0,220500,0.044545,0.20368,3410.05,2538.19,6341.78,train
OKAeSVX-XgI_12.wav,22050,9.23,203512,0.137771,0.170116,3835.53,3034.36,7440.56,train
OMC6N2d1sBk_10.wav,22050,10.0,220500,0.232882,0.164383,2684.77,2312.01,5177.04,train
qgdbhx0D_vo_80.wav,22050,10.0,220500,0.000729,0.118552,1597.08,1284.86,2484.04,train
x5h5sKp7j3c_20.wav,22050,10.0,220500,0.107073,0.17314,2951.84,2642.73,6004.29,train
b6OUFYAICSA_30.wav,22050,10.0,220500,0.315629,0.115945,2097.69,1994.88,3755.7,train
4zmJtHx-WmA_30.wav,22050,10.0,220500,0.010385,0.08654,1637.54,1835.34,3562.17,train
8RFjpTF_U7c_50.wav,22050,10.0,220500,0.118106,0.162976,2812.47,2674.88,5957.63,train
Vx4OLuW41Tc_160.wav,22050,10.0,220500,0.028504,0.041391,1453.27,2293.61,3306.95,train
qc8n-R16jqI_30.wav,22050,10.0,220500,0.13921,0.188052,2965.66,2079.23,5012.37,train
WVz5NC9xiuc_30.wav,22050,10.0,220500,0.49909,0.089017,1968.51,1830.42,3815.4,train
Nrq0-X2Oy8c_30.wav,22050,10.0,220500,0.090515,0.130703,2291.66,2206.73,4442.23,train
irwS-V6roZ4_60.wav,22050,10.0,220500,0.221675,0.118308,1658.09,1298.73,3142.57,train
1Fr66lnrnJQ_30.wav,22050,10.0,220500,0.116747,0.14782,2289.48,1977.99,4150.61,train
lewnRW4kHaw_0.wav,22050,10.0,220500,0.086648,0.301877,3637.2,2417.13,6156.1,train
6u_CZHfvlWQ_280.wav,22050,10.0,220500,0.274922,0.071409,1704.81,2065.22,3890.81,train
T4spG_oQG8Q_410.wav,22050,10.0,220500,0.165512,0.251814,3155.27,2091.07,5307.68,train
XTwpRTdu1UA_130.wav,22050,10.0,220500,0.03582,0.167539,2353.62,1930.14,4623.14,train
PG7vlKAm1u8_30.wav,22050,10.0,220500,0.015902,0.290835,3651.25,2465.17,6610.02,train
cQNMNQVbTHc_25.wav,22050,10.0,220500,0.145373,0.125994,2176.84,2060.76,4240.87,train
aY7JYllHhpY_30.wav,22050,10.0,220500,0.106719,0.121753,1607.35,1197.05,2673.06,train
PvP2viZNRHY_30.wav,22050,10.0,220500,0.199984,0.072839,1784.71,2159.43,3825.29,train
Iw_yySqH3Zc_80.wav,22050,10.0,220500,0.056674,0.200528,3605.54,3040.51,7330.18,train
KNtOJmg6sf0_50.wav,22050,10.0,220500,0.033501,0.145455,2015.56,1457.67,3112.42,train
9ATYa4Zv37w_30.wav,22050,10.0,220500,0.214896,0.114569,2398.39,2651.64,5053.81,train
-aUzjP3lkIM_110.wav,22050,10.0,220500,0.021007,0.23966,4060.31,3263.19,8265.9,train
EkloZCwXtp8_190.wav,22050,10.0,220500,0.077992,0.118955,2304.17,2238.04,4546.88,train
VsR0FQZifuc_30.wav,22050,10.0,220500,0.271757,0.095538,1350.15,983.56,2323.11,train
Uu8lA_-TelE_20.wav,22050,10.0,220500,0.082678,0.010904,917.9,1574.98,1973.54,train
-5MnMw_gi9g_70.wav,22050,10.0,220500,0.034991,0.215019,3292.45,2409.5,6234.59,train
AxSz3w0SqI4_100.wav,22050,10.0,220500,0.150148,0.102836,2162.97,2212.23,4463.82,train
oVKZg35efys_590.wav,22050,10.0,220500,0.173709,0.16386,2515.17,2085.71,4371.24,train
SOvdoq3ijuc_10.wav,22050,10.0,220500,0.111773,0.26473,3579.56,2586.74,6517.47,train
ibzlAi4VRDc_40.wav,22050,10.0,220500,0.172662,0.25273,2642.47,1382.11,3989.39,train
alX2aPfmbNU_80.wav,22050,10.0,220500,0.059207,0.151623,2253.01,1406.95,3680.68,train
IsnR6Ck3j44_160.wav,22050,10.0,220500,0.096143,0.144236,2349.63,2045.79,4175.84,train
bhV_tmYDM0M_30.wav,22050,10.0,220500,0.12079,0.089437,2036.26,2385.33,4440.11,train
5deAsjfZNQM_30.wav,22050,10.0,220500,0.181136,0.054254,848.25,737.24,1212.75,train
zziOzM8mqJg_30.wav,22050,10.0,220500,0.069598,0.146654,2028.73,1306.2,2851.63,train
RZdY_RU24og_370.wav,22050,10.0,220500,0.169989,0.053911,1087.53,1276.1,1910.26,train
6Q7JIacR29o_0.wav,22050,10.0,220500,0.129948,0.119833,1842.99,1392.0,3322.18,train
yQf5jJQT36c_70.wav,22050,10.0,220500,0.016112,0.1719,2610.28,2727.75,5924.05,train
n-6ZznrDbFw_10.wav,22050,10.0,220500,0.050999,0.242952,3859.15,2998.82,7556.66,train
xnhjGj7rPvs_18.wav,22050,9.934,219036,0.126656,0.218038,3494.99,2738.05,6867.91,train
78ER5FzxYdQ_30.wav,22050,10.0,220500,0.035392,0.254668,3194.47,2519.13,5483.0,train
r3EmjQAV4Iw_30.wav,22050,10.0,220500,0.078003,0.119384,1535.51,976.07,2591.53,train
iaoNHc91Fl4_360.wav,22050,10.0,220500,0.208632,0.349493,4614.33,2686.5,7823.75,train
-JaQwrOeCYs_0.wav,22050,10.0,220500,0.191617,0.353809,4583.42,2961.41,8094.76,train
U8SR_bi83MM_17.wav,22050,9.21,203086,0.173782,0.145058,1754.94,1073.02,2995.85,train
WQpw8ENx5a8_13.wav,22050,9.268,204358,0.333383,0.08683,1440.89,1279.29,2818.18,train
0vlvnET5XVM_30.wav,22050,10.0,220500,0.057799,0.080852,1514.6,1220.6,2909.06,train
bfG1u2wgAJs_560.wav,22050,10.0,220500,0.122635,0.190065,3231.79,2606.52,6219.62,train
9CCtYA4LL_Y_30.wav,22050,10.0,220500,0.219221,0.058812,1397.89,1757.81,2789.6,train
zF0Jtc9EYco_30.wav,22050,10.0,220500,0.198844,0.172129,1578.32,971.3,2598.67,train
dXliXtkRYwE_50.wav,22050,10.0,220500,0.127965,0.091626,2289.46,2675.39,5028.33,train
EfLg6NrXNYo_170.wav,22050,10.0,220500,0.040449,0.233607,2742.07,1802.67,4946.77,train
NYXKAC_Z_c8_30.wav,22050,10.0,220500,0.034553,0.058537,1060.46,1193.66,1763.42,train
0ZSDmfXj69M_3.wav,22050,9.19,202650,0.144264,0.073485,1672.27,1992.07,3293.49,train
gLsG8HHSkFg_170.wav,22050,10.0,220500,0.166506,0.028907,912.12,1691.93,1595.13,train
Kq8tJe2iyp8_30.wav,22050,10.0,220500,0.367263,0.12346,1734.09,1197.48,2767.39,train
ucGYnKvoGEs_30.wav,22050,10.0,220500,0.122523,0.137864,1603.99,997.02,2687.8,train
Ag0jW5QJzaQ_30.wav,22050,10.0,220500,0.131807,0.065156,1018.27,899.43,2008.83,train
2CWR8Rc2ylY_30.wav,22050,10.0,220500,0.058697,0.087403,1826.16,1991.4,3574.01,train
b4yeYqzIlUs_30.wav,22050,10.0,220500,0.069901,0.137968,2148.9,1914.02,3844.88,train
wxIEZMiWlOI_160.wav,22050,10.0,220500,0.038871,0.14163,2362.52,2306.8,4851.89,train
0UeHAAFXYU4_30.wav,22050,10.0,220500,0.454553,0.080418,1463.07,1459.81,2449.89,train
CjOw-PyOtqg_50.wav,22050,10.0,220500,0.012819,0.115134,2551.54,2708.59,5613.1,train
BmVX7YL1kOM_170.wav,22050,10.0,220500,0.006863,0.23338,3414.41,2632.87,6424.31,train
1ny6avN7KxQ_40.wav,22050,10.0,220500,0.397512,0.145885,2143.1,1681.6,4200.72,train
rp1ZZdmSscc_550.wav,22050,10.0,220500,0.120833,0.102059,1829.26,1521.74,3201.43,train
uN_-ZWwkEn8_30.wav,22050,10.0,220500,0.027346,0.282232,4118.37,2884.6,7539.62,train
jQ8frK_A9uo_0.wav,22050,8.824,194560,0.193878,0.173255,2421.44,1915.6,4555.88,train
x0CtdRAIqeU_30.wav,22050,10.0,220500,0.077756,0.213976,3467.51,2966.86,7223.34,train
AtnypbbtsfE_30.wav,22050,10.0,220500,0.311301,0.06106,1253.91,1428.98,2629.45,train
Rt57YSHkino_40.wav,22050,10.0,220500,0.165835,0.051972,1271.02,1755.55,2304.6,train
avDtjpV2MKE_20.wav,22050,10.0,220500,0.167649,0.129981,2253.37,2225.36,4731.76,train
4ofbi9d2O2U_110.wav,22050,10.0,220500,0.114403,0.089135,2092.39,2547.33,4620.87,train
5Ndzy3VvNTA_30.wav,22050,10.0,220500,0.04823,0.135544,2449.12,2202.17,4924.18,train
8BkbaDpHTLs_370.wav,22050,10.0,220500,0.06084,0.082012,1342.58,1118.16,2596.3,train
NSzAr_0ybRs_30.wav,22050,10.0,220500,0.196803,0.129237,2380.57,2339.51,4742.8,train
Fnq5BrdO0tc_280.wav,22050,10.0,220500,0.11266,0.066784,2067.0,2417.44,4749.79,train
a91ZUqT0LHE_40.wav,22050,10.0,220500,0.028739,0.267602,3879.3,3001.61,7474.72,train
Cecl1CG--Ow_10.wav,22050,10.0,220500,0.231636,0.139005,2815.11,2818.14,6220.77,train
cFjdQ1lcKQE_5.wav,22050,9.234,203606,0.173096,0.022809,561.52,895.74,950.0,train
XbKxItmm3QE_30.wav,22050,10.0,220500,0.081147,0.139565,2169.35,2012.8,4072.82,train
IyeFBEGy_ao_30.wav,22050,10.0,220500,0.026578,0.058937,963.45,1167.8,1792.98,train
RfX33OKvwDE_3.wav,22050,9.841,216986,0.221108,0.025333,948.69,1570.07,1915.03,train
xFB-PCKfwmU_30.wav,22050,10.0,220500,0.164475,0.180076,2632.96,2095.04,4707.73,train
cAydmbeT7-8_140.wav,22050,10.0,220500,0.052987,0.049622,1467.7,1982.36,3142.47,train
YFA4O4E5PIw_30.wav,22050,10.0,220500,0.118126,0.198497,2846.1,2018.41,4513.78,train
6Eq4g_67R_U_30.wav,22050,10.0,220500,0.088396,0.083163,1893.75,2124.53,3960.51,train
l35yMUSj378_360.wav,22050,9.499,209456,0.021583,0.26648,3674.54,2591.63,6847.09,train
3zboCreFtGc_30.wav,22050,10.0,220500,0.063276,0.06967,2341.2,2672.24,5512.82,train
xWMS8kEBLdo_30.wav,22050,10.0,220500,0.078667,0.143258,2228.54,2058.86,4506.58,train
KhVT00P7f9U_20.wav,22050,10.0,220500,0.094663,0.114998,1897.33,1775.21,3536.84,train
W0_RgJkM3pU_300.wav,22050,10.0,220500,0.069982,0.201051,3292.16,2135.6,5797.03,train
2qbHGI9HbfY_40.wav,22050,10.0,220500,0.038723,0.108449,1652.33,1385.57,2873.81,train
yVEO_j9jfmc_170.wav,22050,10.0,220500,0.019042,0.117181,2661.13,2626.39,5597.83,train
0H533OGPZ2o_190.wav,22050,10.0,220500,0.017106,0.17452,3125.63,2615.59,6092.35,train
W7_D0DopQW4_80.wav,22050,10.0,220500,0.064188,0.274604,3522.76,1976.33,5533.46,train
shygZrPEmEA_30.wav,22050,10.0,220500,0.002228,0.168497,2442.42,2336.87,5347.65,train
F1Turyr9dG8_30.wav,22050,10.0,220500,0.378186,0.091914,2145.22,2148.96,4296.65,train
9shWFQBnBco_30.wav,22050,10.0,220500,0.019684,0.203329,2373.94,1527.8,4212.94,train
pAw-V6BtV2I_40.wav,22050,10.0,220500,0.101896,0.072261,1829.96,2270.95,3932.08,train
IdV4qjWcdT8_150.wav,22050,10.0,220500,0.117043,0.121666,2226.2,2026.6,4236.1,train
FsHtJtppVRQ_50.wav,22050,9.252,204012,0.092904,0.167851,2635.11,1993.8,4931.94,train
2dZ7ZV3vK28_30.wav,22050,10.0,220500,0.02423,0.303077,4562.88,3081.65,8217.07,train
9Mw7gh0Vtp8_13.wav,22050,9.036,199238,0.154686,0.07288,1985.42,2475.63,4840.61,train
VComBMRDSsM_8.wav,22050,9.025,198992,0.113451,0.105594,2382.28,2615.22,5327.75,train
3TB0dB1r59M_10.wav,22050,10.0,220500,0.298904,0.0737,1900.15,2225.69,3943.12,train
J2KIH8CbQAw_30.wav,22050,10.0,220500,0.133067,0.045252,1135.93,1531.8,2390.69,train
5JA-aPiu5P8_30.wav,22050,10.0,220500,0.194834,0.124844,1715.52,1369.62,2410.69,train
zlm5N6tavrk_17.wav,22050,9.494,209342,0.032692,0.119595,2470.6,2252.28,5254.02,train
d9HT-r5OxrI_30.wav,22050,10.0,220500,0.002604,0.294879,3670.69,2723.72,6422.19,train
-46xqouqMxA_6.wav,22050,9.163,202036,0.010908,0.115739,1768.59,1722.51,3148.43,train
LSSkugPJYdQ_0.wav,22050,10.0,220500,0.150501,0.092451,1616.4,1494.32,2929.81,train
LfBQwP8TsO4_30.wav,22050,10.0,220500,0.113567,0.068157,1955.23,2514.64,4141.42,train
8ALWgLQx7Xo_20.wav,22050,10.0,220500,0.044198,0.161956,3691.71,3321.99,7976.45,train
iWV8_WJKM4s_120.wav,22050,10.0,220500,0.238179,0.087904,2209.32,2470.17,4863.46,train
lytBGv0Qe58_30.wav,22050,10.0,220500,0.077985,0.034007,658.21,963.98,1190.62,train
d8aUuaK1FE8_140.wav,22050,10.0,220500,0.095923,0.269094,3664.24,2586.28,6675.04,train
ZadBXyCKSH8_30.wav,22050,10.0,220500,0.057169,0.191844,2258.99,1707.37,4315.63,train
iNiq4rhXTQ8_100.wav,22050,10.0,220500,0.133809,0.091488,1835.2,1996.21,3748.15,train
E-SMCfK8Y4w_10.wav,22050,10.0,220500,0.522885,0.09787,1670.88,1305.55,2794.92,train
-tvrWGyzObY_4.wav,22050,9.137,201480,0.091614,0.09057,1242.16,937.98,2155.07,train
wjxs7cmZynU_30.wav,22050,10.0,220500,0.098233,0.187691,2820.52,2448.5,5421.85,train
1SxUdsWVkkI_190.wav,22050,10.0,220500,0.016244,0.187638,3390.68,2792.8,7119.52,train
67DFTWzhwvY_30.wav,22050,10.0,220500,0.091067,0.115413,2220.26,2333.7,4776.05,train
or04dtbZY4E_30.wav,22050,10.0,220500,0.007277,0.123815,1662.01,1122.07,3016.47,train
LFHlEZ_OvFk_0.wav,22050,10.0,220500,0.099517,0.062403,1647.42,1976.92,3338.45,train
d3up0WyVc_Y_50.wav,22050,10.0,220500,0.014607,0.086078,1357.42,1213.26,2237.55,train
lgt4QtsWdds_6.wav,22050,9.61,211908,0.137925,0.110955,2044.79,1943.57,3683.32,train
U6DvHpyNWzY_30.wav,22050,10.0,220500,0.055148,0.252227,3685.12,2598.99,6631.13,train
XewBbfY-e1A_30.wav,22050,10.0,220500,0.108548,0.069441,1524.63,1657.81,2920.15,train
-_k24K307lk_300.wav,22050,10.0,220500,0.134456,0.253241,3722.12,2858.05,6894.15,train
HCRD6qn7bsE_240.wav,22050,10.0,220500,0.077322,0.124521,1697.26,1409.94,3308.37,train
nyalJ4CSwMY_40.wav,22050,10.0,220500,0.020891,0.15721,2719.34,2458.62,5601.71,train
hs_s8fSMxW4_30.wav,22050,10.0,220500,0.079197,0.048472,990.37,1126.71,1821.93,train
2cKEsV66vmc_30.wav,22050,10.0,220500,0.053951,0.184672,2909.57,2446.6,5401.84,train
NaZ6e3F189Y_100.wav,22050,10.0,220500,0.102762,0.414767,4377.05,3214.02,8954.24,train
Da5qnuGjnYk_180.wav,22050,10.0,220500,0.002357,0.552901,5453.77,2953.52,8381.84,train
1SABDcVPoqI_80.wav,22050,10.0,220500,0.000664,0.407932,4955.85,3136.26,8707.16,train
K4cSMYj3pcA_160.wav,22050,10.0,220500,0.061601,0.142545,2354.33,2132.47,4282.86,train
UgMOcC0DKHM_60.wav,22050,10.0,220500,0.148175,0.070454,1108.46,919.62,2005.64,train
CGerHZE73kg_30.wav,22050,10.0,220500,0.089359,0.222614,2799.43,1842.86,4466.92,train
tWrTwIG2IAo_30.wav,22050,10.0,220500,0.04353,0.117688,2592.83,2758.47,5599.23,train
KhbKiUk0LnY_20.wav,22050,10.0,220500,0.133923,0.157063,2533.79,2213.77,4603.03,train
RJSl9RUwG60_60.wav,22050,10.0,220500,0.183355,0.045381,905.0,1204.5,1548.17,train
8bxx5e-Kw2E_30.wav,22050,10.0,220500,0.11236,0.113022,1719.26,1432.39,3284.16,train
LDELm_ijJTU_10.wav,22050,10.0,220500,0.013838,0.17419,2701.76,2226.47,5433.91,train
w1mG0UjneEs_0.wav,22050,10.0,220500,0.192375,0.076216,1148.24,994.91,2263.08,train
UggMVGZVa-8_20.wav,22050,10.0,220500,0.179188,0.137299,2696.12,2504.48,5423.69,train
KzjiU_fdMyw_20.wav,22050,10.0,220500,0.143655,0.028215,1080.61,1813.02,2074.66,train
kw3dMtCwSJ8_0.wav,22050,5.666,124928,0.024098,0.157514,1970.21,1544.26,3769.19,train
h4XqqFlStb0_310.wav,22050,10.0,220500,0.075017,0.349846,4369.27,2682.76,7614.26,train
79gJuv7NWbk_16.wav,22050,9.519,209888,0.249271,0.225126,3317.99,2604.84,6330.97,train
L1i9BxM3jXE_0.wav,22050,10.0,220500,0.038122,0.164938,2496.91,2082.16,4054.41,train
EvqfgJTGRtc_160.wav,22050,10.0,220500,0.063003,0.16074,2692.65,2263.14,5100.35,train
NCeTuY1IZBg_30.wav,22050,10.0,220500,0.199036,0.099836,2119.83,2380.11,4452.15,train
3y4Jfs6kpvo_60.wav,22050,10.0,220500,0.20498,0.149522,2676.62,2593.75,5630.18,train
zbLTuaOt_IQ_24.wav,22050,9.808,216272,0.039902,0.123563,1511.34,1072.23,2555.76,train
ceWSDfJWfaA_260.wav,22050,10.0,220500,0.145989,0.485193,5426.77,2530.11,8184.64,train
wk7VPePTUaQ_30.wav,22050,10.0,220500,0.047345,0.265645,3716.83,2229.09,6166.79,train
OSErUQHDaCU_0.wav,22050,2.531,55808,0.061329,0.234384,3985.02,2688.22,7227.91,train
B2kUVUcbtvg_30.wav,22050,10.0,220500,0.148742,0.280378,3267.46,1688.55,4551.4,train
pGsipHqBV-s_25.wav,22050,9.969,219822,0.027765,0.108698,2563.44,2618.52,5561.88,train
Ik_Igg2co50_30.wav,22050,10.0,220500,0.007054,0.245517,3509.21,2677.14,6984.33,train
7h1hwWib_hY_480.wav,22050,10.0,220500,0.071383,0.177781,2665.63,2144.94,4776.6,train
LRMn8ukqJ6A_60.wav,22050,10.0,220500,0.13762,0.055871,1229.88,1386.32,2583.26,train
NihdlTGDB9o_230.wav,22050,10.0,220500,0.13989,0.085152,1432.98,1394.43,2802.56,train
rJTqFODeD8A_0.wav,22050,10.0,220500,0.033126,0.249474,2908.85,1712.23,4824.64,train
Y-EU_JCait4_30.wav,22050,10.0,220500,0.156567,0.115122,1986.39,1861.94,3498.95,train
0h1tntcFewI_18.wav,22050,10.0,220500,0.09363,0.1166,2158.3,2133.93,4200.12,train
ajVMeLWg_QA_20.wav,22050,10.0,220500,0.062261,0.153615,2369.01,2012.2,4165.48,train
1_cD8Vbwpqw_30.wav,22050,10.0,220500,0.02373,0.142785,2550.02,2469.53,5207.79,train
8FSf0-dTFLI_0.wav,22050,10.0,220500,0.073736,0.196384,3029.11,2494.15,6072.59,train
MizjriNkkiA_30.wav,22050,10.0,220500,0.072833,0.072287,1720.35,1970.43,3332.2,train
6XIWLGvqeCw_10.wav,22050,10.0,220500,0.054529,0.143226,2466.43,2057.72,4387.28,train
Ud2YB9TSkiM_30.wav,22050,10.0,220500,0.051212,0.246495,3627.51,2745.86,6765.27,train
yC_OJHksCDc_30.wav,22050,10.0,220500,0.017521,0.306809,4116.12,2953.19,7773.91,train
dNdxr_8Vo7M_10.wav,22050,10.0,220500,0.187606,0.095629,1488.8,1339.81,2636.34,train
JESLjZS3so0_25.wav,22050,9.366,206510,0.17023,0.300706,4019.19,2750.21,7436.74,train
au8i-X_uOXI_280.wav,22050,10.0,220500,0.018363,0.05176,815.65,684.22,1635.65,train
f4S8_GKs3Yo_70.wav,22050,10.0,220500,0.097664,0.102507,2373.98,2576.47,5316.78,train
3a4E9_gl3so_60.wav,22050,10.0,220500,0.15523,0.065422,1421.27,1877.09,2872.26,train
2pdnlXllNZk_80.wav,22050,10.0,220500,0.064806,0.332054,4179.51,2746.55,7531.43,train
6m3Yv53KKBk_28.wav,22050,9.147,201688,0.282152,0.084069,1908.65,1927.48,3669.88,train
ZJ6GlWwRzFg_270.wav,22050,10.0,220500,0.020878,0.206289,3396.78,2939.9,6952.6,train
wBAZmhpeYKs_440.wav,22050,10.0,220500,0.048679,0.127469,2711.08,2704.06,5904.37,train
q8JH0PM75D4_200.wav,22050,10.0,220500,0.012442,0.310588,3811.03,2643.63,6562.81,train
15MbxPQg9Yg_30.wav,22050,10.0,220500,0.024426,0.093454,1846.93,2059.86,3595.87,train
s9cdnrnYThE_90.wav,22050,10.0,220500,0.051952,0.101507,1814.5,1863.66,3474.71,train
9tJiOisyrdI_30.wav,22050,10.0,220500,0.007635,0.10594,2020.17,1894.78,3826.57,train
jfZJoznL2ZE_0.wav,22050,10.0,220500,0.166601,0.445273,4957.52,2807.3,8206.25,train
CZHCbo1r1t4_0.wav,22050,7.158,157840,0.100309,0.081777,1518.83,1527.16,2589.77,train
3-GA1vpQQk0_70.wav,22050,10.0,220500,0.057154,0.099384,1846.23,1763.01,3403.97,train
5Sg4I0zGQLI_7.wav,22050,9.028,199074,0.251349,0.104797,2167.06,2285.12,4390.61,train
C5cWrTXOvNw_30.wav,22050,10.0,220500,0.041576,0.080104,1630.23,1892.61,3003.51,train
TuVhholdNSc_30.wav,22050,10.0,220500,0.111824,0.129668,2309.27,2246.67,4546.05,train
mX1HS_cjKJU_350.wav,22050,10.0,220500,0.150734,0.139636,2485.82,2323.22,4945.52,train
NWRGGcLBVUc_360.wav,22050,10.0,220500,0.243598,0.141748,2734.09,2550.02,5490.22,train
0UuUhvR7GRY_30.wav,22050,10.0,220500,0.024583,0.14505,2727.85,2458.59,5288.6,train
QdQhsPru0Jc_220.wav,22050,10.0,220500,0.056293,0.246468,3611.91,2820.95,6977.41,train
V5cQPuGEtjk_40.wav,22050,10.0,220500,0.15551,0.021994,411.47,507.81,753.84,train
OEQk9-Q_L4M_30.wav,22050,10.0,220500,0.0224,0.054314,998.49,1014.23,2180.4,train
PvH6dGL-N6Y_30.wav,22050,10.0,220500,0.03178,0.425611,5309.93,3104.77,9143.79,train
EshWeBvO0Pg_30.wav,22050,10.0,220500,0.144982,0.113124,2289.49,2152.25,4305.54,train
EjTOvuXwheI_30.wav,22050,10.0,220500,0.06804,0.077595,2106.13,2013.06,3591.45,train
71q1MeQIFaQ_120.wav,22050,10.0,220500,0.040668,0.123897,2543.55,2618.41,5583.64,train
YZWpHgNrbaA_17.wav,22050,9.308,205246,0.069719,0.28036,3998.51,2963.36,7725.72,train
2ygj9LkDVwM_100.wav,22050,10.0,220500,0.051313,0.183159,2911.32,2553.28,5636.75,train
OkbOR0xXY8g_26.wav,22050,9.294,204940,0.084869,0.07125,1746.56,2144.68,3827.14,train
Hkh_pDbkrsg_30.wav,22050,10.0,220500,0.023179,0.220387,3666.49,3087.41,7665.77,train
Y3JoRCEyqQQ_26.wav,22050,9.15,201756,0.060835,0.076071,1216.65,1058.13,2424.37,train
6RFpiQNto_k_110.wav,22050,10.0,220500,0.065518,0.095467,1759.04,2019.63,3479.46,train
k8woZXAFR-g_320.wav,22050,10.0,220500,0.062991,0.279475,3921.83,2830.65,7319.17,train
8pBiYTNQTXU_11.wav,22050,9.643,212618,0.009547,0.122275,2025.44,1994.71,4081.5,train
ipPkx2axghk_130.wav,22050,10.0,220500,0.105057,0.077117,1811.87,1966.62,3618.7,train
xvC8QQCIcak_30.wav,22050,10.0,220500,0.296725,0.079579,2141.92,2379.32,4743.08,train
tprgx82yD80_50.wav,22050,10.0,220500,0.056418,0.079726,2265.51,2671.1,5205.96,train
f8PG2ICk4No_0.wav,22050,9.0,198450,0.141351,0.098243,1922.66,1779.53,3518.51,train
me_S9Gq9Snk_60.wav,22050,10.0,220500,0.130364,0.105384,2366.2,2551.25,5094.68,train
245iY6ObGok_30.wav,22050,10.0,220500,0.755161,0.074988,2088.04,2219.42,4920.01,train
Z1TEESDpk7A_30.wav,22050,10.0,220500,0.07473,0.077689,1372.99,1386.54,2419.66,train
Gphls4tfX4o_20.wav,22050,10.0,220500,0.007552,0.170679,2940.96,2364.28,5167.02,train
VnjS3-Ia0B8_240.wav,22050,10.0,220500,0.072825,0.143293,2177.27,1791.17,3866.51,train
StaOnhADjfQ_200.wav,22050,10.0,220500,0.078852,0.136174,2419.75,2289.17,4843.95,train
YFRbrmpn_Uk_20.wav,22050,10.0,220500,0.038418,0.220518,3357.35,2559.86,6237.53,train
CW0v1p3BU3o_30.wav,22050,9.636,212484,0.038706,0.115652,2513.0,2382.05,5134.27,train
m0nV0nSsPsQ_30.wav,22050,10.0,220500,0.147292,0.094012,1654.94,1598.17,2959.32,train
YBM4aFP11fQ_30.wav,22050,10.0,220500,0.057275,0.123902,2352.69,2290.6,4619.5,train
M_yfR7kINIA_190.wav,22050,10.0,220500,0.12961,0.131586,1704.63,1197.87,3006.3,train
3dnJrNMR8d8_30.wav,22050,10.0,220500,0.074155,0.347682,4133.28,2220.69,6642.32,train
nsaAgpBHjEA_270.wav,22050,10.0,220500,0.036683,0.224077,3604.02,3091.95,7477.27,train
hYBc3sbGIn4_100.wav,22050,10.0,220500,0.10648,0.108749,1748.2,1605.3,3258.11,train
z13uY3Xa3N4_30.wav,22050,10.0,220500,0.071519,0.12939,1775.85,1276.09,3274.15,train
DcSEKAGluuc_0.wav,22050,9.149,201728,0.10969,0.064986,1231.64,1272.35,2552.48,train
NNkRKwkBTIo_30.wav,22050,10.0,220500,0.020315,0.252176,3820.71,2933.67,7520.73,train
T4Y9zXfwFwM_450.wav,22050,10.0,220500,0.012777,0.226629,3441.24,2851.41,6864.42,train
Kc4Zc5HJvA4_50.wav,22050,10.0,220500,0.220183,0.103835,1912.34,1736.5,3544.41,train
ibbGnWfXkmM_30.wav,22050,10.0,220500,0.091563,0.112561,1964.33,1906.85,3689.42,train
4qaB7QDssxI_100.wav,22050,10.0,220500,0.033348,0.361012,4925.06,2837.23,8133.88,train
OLVLQpFLLNY_90.wav,22050,10.0,220500,0.008657,0.265411,3424.48,2444.68,5698.5,train
7zXvY3xmlkk_30.wav,22050,10.0,220500,0.015853,0.132725,2410.06,2275.62,4813.75,train
2aazm0VS228_350.wav,22050,10.0,220500,0.104522,0.160578,2538.13,2278.06,4565.41,train
5gzQkP64iCQ_50.wav,22050,10.0,220500,0.021863,0.129609,2244.85,2072.18,4158.81,train
H2IbhgnK87E_30.wav,22050,10.0,220500,0.191006,0.117983,2182.13,1989.73,4152.59,train
O-B7_eFHsuA_40.wav,22050,10.0,220500,0.087136,0.247943,2922.07,1579.26,4832.01,train
pT6JvsBkfKs_50.wav,22050,10.0,220500,0.15635,0.10679,1911.2,1937.09,3610.48,train
Mq1mXIs6Fmc_380.wav,22050,10.0,220500,0.087196,0.125306,2476.72,2362.91,5074.62,train
nwe4cexVJ3E_60.wav,22050,10.0,220500,0.157446,0.144381,2779.31,2741.67,5873.32,train
KRk_e8ILveA_30.wav,22050,10.0,220500,0.490063,0.226487,3404.76,2300.6,5827.2,train
k2SBKCFPx5k_0.wav,22050,10.0,220500,0.052309,0.055532,1506.85,1964.35,3017.45,train
n-D35EnvcN8_520.wav,22050,10.0,220500,0.13832,0.041042,929.18,1386.88,1541.27,train
y42JayDw3jI_30.wav,22050,10.0,220500,0.034311,0.119786,1995.9,1923.02,3912.57,train
Cb_BBDHuFqM_30.wav,22050,10.0,220500,0.045892,0.101263,2344.4,2376.33,5080.69,train
5QMNcnrxQng_15.wav,22050,9.852,217234,0.153316,0.103835,2012.26,2207.65,4160.32,train
t4dJ4s9hKBU_30.wav,22050,10.0,220500,0.097978,0.090431,1534.85,1691.89,2800.32,train
vR60KK8hkVI_120.wav,22050,10.0,220500,0.061455,0.275893,4450.79,2951.45,8126.59,train
OrP-DOTtfAg_140.wav,22050,10.0,220500,0.083957,0.126395,2391.2,2455.54,4926.16,train
kVRthr72uks_40.wav,22050,10.0,220500,0.033651,0.047547,1274.04,1608.61,2774.04,train
5Hp3CN8cOcM_260.wav,22050,10.0,220500,0.086713,0.03724,1068.62,1722.82,1971.89,train
qGWMV5UySuI_0.wav,22050,10.0,220500,0.078955,0.159389,2430.67,1906.05,4184.81,train
FEu4EXdiCNo_10.wav,22050,10.0,220500,0.133447,0.128477,2315.64,2201.62,4421.68,train
27u6dCbq8gE_30.wav,22050,10.0,220500,0.149427,0.096186,1725.93,1644.4,3240.97,train
HiYLJHTqPaU_10.wav,22050,10.0,220500,0.309448,0.114416,1829.57,1552.41,3675.03,train
evmzBwOBy8I_170.wav,22050,10.0,220500,0.073136,0.457591,4798.32,2457.27,7542.29,train
w19_Y767ANc_30.wav,22050,10.0,220500,0.030059,0.151598,1807.8,1116.73,3104.13,train
GD3XegNAFE0_30.wav,22050,10.0,220500,0.21312,0.034888,1121.05,1670.27,2241.65,train
_TY63_J3hT8_200.wav,22050,10.0,220500,0.014799,0.259232,3855.42,2672.42,6923.42,train
ly9cIUnqlxo_320.wav,22050,10.0,220500,0.27723,0.1001,2016.52,1974.82,3901.16,train
4hFwm8IdhMM_10.wav,22050,10.0,220500,0.136649,0.093954,1676.7,1807.83,3164.61,train
O2Rqp4Um6fY_30.wav,22050,10.0,220500,0.058162,0.069876,1342.16,1481.99,2440.2,train
rw7A8gr2nms_30.wav,22050,10.0,220500,0.129243,0.258662,3319.73,2293.28,5452.85,train
9ucxDI35nig_30.wav,22050,10.0,220500,0.170952,0.082755,2279.73,2572.4,5086.08,train
c3QUqb4kfzk_200.wav,22050,10.0,220500,0.07742,0.207873,2740.57,1944.09,5055.63,train
6peuGfMtKw4_30.wav,22050,10.0,220500,0.024322,0.007047,229.04,615.07,276.56,train
4yyoMrzq8FE_70.wav,22050,10.0,220500,0.037139,0.201209,3474.29,2776.97,6670.65,train
Xsc46pM1Is8_19.wav,22050,9.723,214394,0.019702,0.069506,1568.28,1656.88,3068.48,train
O9jCFxhNyg8_0.wav,22050,10.0,220500,0.004553,0.212279,3673.76,2983.18,7336.03,train
tabtoVUhAkY_50.wav,22050,10.0,220500,0.084279,0.579579,5793.23,3286.54,9973.77,train
I26hB-OVNZg_340.wav,22050,10.0,220500,0.105136,0.063823,1523.36,1760.99,2997.61,train
4rr6nE0Mog4_30.wav,22050,10.0,220500,0.236142,0.13126,1925.94,1827.33,3312.67,train
3IJlvZp6ATc_20.wav,22050,10.0,220500,0.075654,0.066355,1309.07,1326.36,2740.51,train
qPyWCYvZZzY_540.wav,22050,10.0,220500,0.142896,0.020845,848.66,1621.57,1427.04,train
k7zoOGRltyc_20.wav,22050,9.507,209640,0.095799,0.218851,3118.35,1901.82,5257.1,train
ZVFq8pGrJj0_20.wav,22050,10.0,220500,0.217764,0.317072,3495.36,216.87,3518.56,train
49qnHwM3ms8_30.wav,22050,10.0,220500,0.021047,0.113171,2600.41,2709.38,5766.13,train
1DjoEEVlXr0_30.wav,22050,10.0,220500,0.01891,0.158661,2466.92,1935.17,4552.62,train
3zbtaFmD2qE_30.wav,22050,10.0,220500,0.075834,0.137634,3039.41,2991.04,6945.81,train
tfdmSubzlog_190.wav,22050,10.0,220500,0.008835,0.119219,2454.99,2576.29,5353.42,train
X4guHoRaozk_70.wav,22050,10.0,220500,0.069374,0.139502,2035.64,1750.05,4291.88,train
3feFULgdS_w_20.wav,22050,10.0,220500,0.144579,0.085595,1586.11,1628.78,2834.31,train
SqiYuD1DNfM_20.wav,22050,10.0,220500,0.005723,0.158145,2817.38,2658.48,6013.56,train
ZActhi7hlb8_0.wav,22050,10.0,220500,0.253813,0.074003,1894.41,2356.49,4288.98,train
hC-4ZPch2-U_30.wav,22050,10.0,220500,0.031081,0.104977,2680.48,2877.86,6438.55,train
UqjT_ipteak_300.wav,22050,10.0,220500,0.10069,0.513153,5656.29,2714.92,8896.31,train
WAV7g9XfZUQ_380.wav,22050,10.0,220500,0.156065,0.076951,1703.24,1934.68,3405.69,train
auXOiSfQhJE_10.wav,22050,10.0,220500,0.316875,0.062824,1037.73,985.3,2084.67,train
sOebyTDzgpY_30.wav,22050,10.0,220500,0.077217,0.129168,1780.89,1467.65,3501.57,train
8CTSMhZWFNk_70.wav,22050,10.0,220500,0.045984,0.11147,2572.87,2885.73,6460.81,train
NKqVj6a4NhA_30.wav,22050,10.0,220500,0.102364,0.062063,982.12,917.74,1769.89,train
luxh1Gp0Pp8_230.wav,22050,10.0,220500,0.020273,0.142024,2939.16,2653.46,6001.49,train
-yyGrcn-tUU_3.wav,22050,9.841,216986,0.068609,0.13103,2120.51,1762.51,4132.27,train
SOSE5ksNmEQ_30.wav,22050,10.0,220500,0.041196,0.134886,2121.59,1964.79,3981.79,train
2NuTGKG8gTM_30.wav,22050,10.0,220500,0.021384,0.044776,1426.05,2193.33,2906.23,train
b3rmnP7uz0k_70.wav,22050,10.0,220500,0.063026,0.377926,3606.52,1443.99,5158.6,train
bMTsQdE_R3g_100.wav,22050,10.0,220500,0.023767,0.145034,3087.25,2792.88,5992.83,train
rPqFJo79Yw0_80.wav,22050,10.0,220500,0.042471,0.244675,3131.81,1973.08,5274.29,train
wtcvMEp09m8_10.wav,22050,10.0,220500,0.093453,0.251052,3254.5,2334.55,6071.01,train
-26ansJluVo_30.wav,22050,10.0,220500,0.154789,0.060025,1761.78,2210.52,3876.33,train
bODYexgpUh8_40.wav,22050,10.0,220500,0.178739,0.099855,1778.49,1708.35,3117.09,train
7iCh6m8DOe0_30.wav,22050,10.0,220500,0.124807,0.128887,2481.87,2387.4,4954.21,train
7wJ0BUosrNI_160.wav,22050,10.0,220500,0.100397,0.18049,2874.39,2416.42,5801.72,train
zbxC65jEH_g_0.wav,22050,10.0,220500,0.077565,0.105985,1891.46,1963.06,3438.54,train
qwN4fQL4Izk_30.wav,22050,10.0,220500,0.016523,0.103329,2028.06,2260.69,4083.56,train
uYSVrOVOnF8_210.wav,22050,10.0,220500,0.104688,0.545795,5912.06,2995.75,9217.76,train
7j8oLi7iQiI_30.wav,22050,10.0,220500,0.019934,0.064894,1525.62,1703.72,3762.91,train
3OgmNR1UCgM_25.wav,22050,9.439,208120,0.139558,0.126381,1588.3,1055.54,2863.47,train
xGdnl8sht7Y_10.wav,22050,10.0,220500,0.10807,0.130848,1537.16,973.76,2482.99,train
Ka1vVow0j6w_40.wav,22050,10.0,220500,0.031885,0.257041,3441.35,2290.96,6109.26,train
QsizoCgU00Y_0.wav,22050,7.686,169472,0.047357,0.106061,2311.04,2377.07,4573.34,train
UPQ2Q8XCtRA_70.wav,22050,10.0,220500,0.15381,0.115731,2099.79,2113.82,4358.77,train
DppAVTKr_8Y_30.wav,22050,10.0,220500,0.070699,0.10574,1825.1,1684.34,3484.71,train
YXQmGXvgKI4_30.wav,22050,10.0,220500,0.00839,0.105557,1354.23,953.88,2332.88,train
-dZBPCuWSpE_0.wav,22050,9.822,216576,0.130441,0.052835,1223.79,1321.05,2662.8,train
_lUslkQ8D5Y_10.wav,22050,10.0,220500,0.121708,0.172415,1834.24,1009.85,2926.09,train
owEd5mXylzQ_0.wav,22050,7.483,165008,0.033819,0.087874,2057.51,2314.28,4440.41,train
k4jgQbsYUoQ_30.wav,22050,10.0,220500,0.084362,0.161311,2388.58,1958.74,4309.49,train
OXHHndYR9SA_30.wav,22050,10.0,220500,0.051224,0.072308,1401.97,1556.21,3231.03,train
BWgxsl-9Poc_30.wav,22050,10.0,220500,0.171691,0.062301,1286.33,1375.23,2699.62,train
znF4TlU0Rz4_0.wav,22050,10.0,220500,0.11645,0.370576,4798.87,2728.49,8322.78,train
dq_8LHMQME8_23.wav,22050,9.956,219522,0.119378,0.059507,1049.95,1067.57,2089.32,train
jZYG3fhyOBU_0.wav,22050,10.0,220500,0.065509,0.268848,3888.41,2466.82,6381.97,train
9rEZziRD4bg_240.wav,22050,10.0,220500,0.04056,0.112635,2622.58,2603.4,5389.15,train
Ld1hE7lXjBU_340.wav,22050,10.0,220500,0.163757,0.125696,2095.94,1881.66,3706.81,train
gvlXfGCEfMk_320.wav,22050,10.0,220500,0.086947,0.245388,4012.44,3199.87,7890.59,train
6xPF8pGvpBo_30.wav,22050,10.0,220500,0.021848,0.095037,1454.0,1246.81,3016.9,train
_ZU1Qx5FDYk_30.wav,22050,10.0,220500,0.021387,0.364822,4645.75,3148.31,8508.46,train
E8Vt0bNxh1I_0.wav,22050,10.0,220500,0.03749,0.197446,3445.6,3004.98,7306.2,train
DLyyuokM2Rw_30.wav,22050,10.0,220500,0.063865,0.201206,2944.69,2451.6,5653.59,train
SVhXXRZskIw_30.wav,22050,10.0,220500,0.020012,0.182524,2877.68,2544.44,5643.8,train
K3KD4ekUw9c_130.wav,22050,10.0,220500,0.102997,0.040907,1523.5,2212.59,3545.28,train
Ut6-H_4aJoo_20.wav,22050,10.0,220500,0.220931,0.20518,3136.78,2624.67,6302.26,train
8GSve1VF-90_10.wav,22050,10.0,220500,0.03154,0.200298,3080.15,2594.71,6245.2,train
GmnlOWAXDgQ_30.wav,22050,10.0,220500,0.036823,0.147191,2508.62,2321.96,4853.76,train
EGq99qRsRdA_10.wav,22050,10.0,220500,0.077147,0.193734,2976.41,2412.06,5578.85,train
3yKJhepiOYw_50.wav,22050,10.0,220500,0.41879,0.167944,2761.15,2126.48,4713.1,train
y9lpNl1mriQ_30.wav,22050,10.0,220500,0.0906,0.085546,1421.5,1547.66,2276.77,train
xTdd43osIz8_28.wav,22050,10.0,220500,0.083649,0.083234,1395.99,1597.47,2590.08,train
T0QzdEyRLxU_120.wav,22050,10.0,220500,0.056426,0.251548,2965.6,1319.57,3860.41,train
wgDDhtu0Yq0_21.wav,22050,9.047,199478,0.028059,0.080946,1639.28,1667.29,3327.93,train
aR57NbOPLZI_220.wav,22050,10.0,220500,0.011642,0.129046,2431.2,2433.43,5061.28,train
xzhDHLfPUQY_30.wav,22050,10.0,220500,0.046505,0.343288,4078.18,2725.06,7027.07,train
dSEzOPXxYVc_210.wav,22050,10.0,220500,0.166421,0.156341,2730.15,2281.91,5100.35,train
SZgz_PUG6UY_70.wav,22050,10.0,220500,0.158252,0.159164,2214.58,1788.0,3942.25,train
vzDYy27-O04_0.wav,22050,10.0,220500,0.029976,0.121732,2787.31,2613.48,5829.13,train
H2LEhyUlPSY_30.wav,22050,10.0,220500,0.090379,0.166054,1960.19,1413.7,3555.33,train
Qv_mn8V3QOk_30.wav,22050,10.0,220500,0.028328,0.065581,1488.06,1953.16,2872.28,train
4pgGIwd2wto_20.wav,22050,10.0,220500,0.100216,0.272003,3571.2,2218.21,5985.61,train
2NzOGxnGijI_30.wav,22050,10.0,220500,0.099295,0.234875,3460.96,2524.02,6451.77,train
9bD1GT1c2YI_30.wav,22050,10.0,220500,0.228251,0.022859,565.95,896.26,875.89,train
KR8K-n2GSyc_0.wav,22050,6.548,144384,0.153292,0.211036,3143.17,2537.4,5757.16,train
4EIabvDOI7Q_10.wav,22050,10.0,220500,0.202903,0.047097,697.17,732.58,1070.76,train
SANcP33OveI_20.wav,22050,9.217,203240,0.011767,0.131163,1627.3,1101.37,2853.47,train
HCPKDz63_s4_0.wav,22050,10.0,220500,0.075106,0.139304,2287.39,1840.78,4107.75,train
d-vWGsdUWlA_0.wav,22050,10.0,220500,0.018275,0.169369,2418.57,1852.69,4828.48,train
Mrq30sx-6Ms_30.wav,22050,10.0,220500,0.132986,0.13036,1662.72,1108.93,3056.22,train
jOKA-VLM0rw_11.wav,22050,9.41,207498,0.184812,0.079628,1490.89,1622.28,2712.89,train
teK9sGRsJJ0_260.wav,22050,10.0,220500,0.010876,0.046412,1824.37,2326.5,3885.09,train
-47OMrNfA0A_30.wav,22050,10.0,220500,0.122949,0.092031,1282.41,1098.03,2270.23,train
yWW7VGZEZA8_30.wav,22050,10.0,220500,0.182119,0.118785,1737.23,1619.66,2742.41,train
_zZnyNAyP4w_23.wav,22050,9.062,199810,0.157763,0.091636,1378.86,1222.26,2253.14,train
9D-aQeAr18w_30.wav,22050,10.0,220500,0.129739,0.218562,3586.36,2902.25,7171.01,train
H73Px8LZvzU_20.wav,22050,10.0,220500,0.125857,0.10374,1630.23,1442.08,2736.92,train
VMW8eqRtBcE_30.wav,22050,10.0,220500,0.120048,0.01986,804.97,1569.52,1409.9,train
CPyh8jwFi1Y_0.wav,22050,10.0,220500,0.154947,0.041887,1122.82,1731.14,1890.6,train
cfEK-aqxu74_21.wav,22050,9.975,219958,0.064922,0.273219,3748.37,3030.88,7430.73,train
94u-_LKMmO8_210.wav,22050,10.0,220500,0.174036,0.110056,2448.69,2587.69,5378.3,train
xor9f1IaFUk_50.wav,22050,10.0,220500,0.071287,0.159987,2586.82,2184.88,4731.33,train
NtcopiMlczE_20.wav,22050,10.0,220500,0.021482,0.150476,2845.64,2620.02,5839.32,train
FUY6DbyMwzk_70.wav,22050,10.0,220500,0.069454,0.046127,1031.06,1518.32,1904.41,train
weLUPbinxPo_30.wav,22050,10.0,220500,0.147695,0.139633,2352.78,2157.71,4279.01,train
VLTpZlq5lS0_30.wav,22050,10.0,220500,0.009251,0.175174,3148.92,2592.53,6034.54,train
tLRo55a4k3E_50.wav,22050,10.0,220500,0.061718,0.152771,2238.29,1960.32,3624.42,train
899x9i1kTbA_5.wav,22050,9.264,204262,0.039372,0.092945,1806.77,1792.72,3351.95,train
Dp_3k7HV9iE_20.wav,22050,10.0,220500,0.022295,0.10798,1882.68,1843.93,3534.24,train
Bux21VFus04_14.wav,22050,9.359,206372,0.046868,0.096526,2270.72,2510.27,4952.9,train
LxBwH3Ehb7Y_30.wav,22050,10.0,220500,0.108086,0.026868,830.39,1389.6,1561.41,train
96XKVzjjkCY_30.wav,22050,10.0,220500,0.074139,0.063635,1616.71,2159.68,3233.2,train
gjpndNPlxvc_180.wav,22050,10.0,220500,0.10488,0.138015,2807.7,2706.06,6055.2,train
zqbCPHH7JnA_30.wav,22050,10.0,220500,0.160523,0.068598,1734.41,2175.62,3787.47,train
cIvTjBnxNck_110.wav,22050,10.0,220500,0.122188,0.088748,2162.49,2333.81,4953.81,train
jMYUwkL_xH4_290.wav,22050,10.0,220500,0.119349,0.126731,2130.51,1911.71,3549.01,train
RcQWcYqbkX8_0.wav,22050,10.0,220500,0.128441,0.134827,2229.58,1662.29,3555.83,train
4KyT330sX6Y_0.wav,22050,10.0,220500,0.068729,0.085823,2003.0,2518.66,4880.82,train
D1evMSlabaw_90.wav,22050,10.0,220500,0.128189,0.10996,1396.58,847.1,2298.23,train
vYTvIvYrmZw_0.wav,22050,10.0,220500,0.0534,0.07751,1889.43,2291.81,3924.59,train
35eRDAFvUsQ_30.wav,22050,10.0,220500,0.126583,0.213379,2940.43,2298.76,5207.44,train
ZEgzlvWnP9k_100.wav,22050,10.0,220500,0.259735,0.094238,1540.86,1381.05,2572.67,train
uWMRgF5ObLY_490.wav,22050,10.0,220500,0.128981,0.147465,2757.11,2624.21,5800.13,train
N7ZrPNCoq38_30.wav,22050,10.0,220500,0.240082,0.133388,2258.89,2153.23,4817.57,train
ewCaN2eHr7Y_20.wav,22050,9.791,215896,0.012036,0.313907,4053.01,3244.27,8480.23,train
QY0u2FdRlpA_30.wav,22050,10.0,220500,0.114015,0.30693,4094.47,2802.31,7336.55,train
QFKy9uEB_Cc_50.wav,22050,10.0,220500,0.083129,0.088568,2116.57,2180.53,4682.75,train
VXdx4Ngsn2I_40.wav,22050,10.0,220500,0.089396,0.099008,1833.89,1841.57,3474.91,train
SumS_9VAq9c_70.wav,22050,10.0,220500,0.140747,0.147264,2301.53,1750.04,4172.62,train
IvQhlifGEpE_30.wav,22050,10.0,220500,0.045836,0.259598,3809.77,2942.43,7502.67,train
NjLi4vfFksM_30.wav,22050,10.0,220500,0.20759,0.326803,4266.96,2962.34,8186.04,train
U-pHRiCot1I_380.wav,22050,10.0,220500,0.102148,0.29679,4086.27,2876.61,7280.67,train
OuBlkD7FcAs_30.wav,22050,10.0,220500,0.230132,0.256609,3384.49,2161.04,5622.51,train
N7sZfsZ8B_U_30.wav,22050,10.0,220500,0.123656,0.122428,1751.22,1469.34,3432.75,train
7IMOanqDg-0_20.wav,22050,10.0,220500,0.015713,0.128268,2413.37,2284.15,4286.11,train
2BYBDRLHpzo_1.wav,22050,10.0,220500,0.121797,0.192758,3013.05,2497.12,6125.6,train
UQS8whmJdAw_70.wav,22050,10.0,220500,0.342147,0.19327,3163.72,2339.28,5783.94,train
BfTw3ChsmHM_30.wav,22050,10.0,220500,0.060175,0.14569,3351.24,2941.2,6969.94,train
ft6dwlSY4mg_350.wav,22050,9.956,219524,0.12046,0.195208,3247.7,2727.34,6511.31,train
DkjX3KtPHCk_60.wav,22050,10.0,220500,0.079481,0.159464,2798.01,2649.33,5808.64,train
JwoG1ExxlJ0_40.wav,22050,10.0,220500,0.093685,0.182561,3103.13,2839.46,6255.3,train
GROCUT7VI5o_0.wav,22050,6.153,135680,0.15597,0.149798,2583.93,2194.76,4728.85,train
BuM_mrkzEXc_30.wav,22050,10.0,220500,0.063873,0.155515,2611.13,2080.65,4770.45,train
1eDacKns0Hk_30.wav,22050,10.0,220500,0.036565,0.058887,1434.85,1907.34,2922.4,train
RzlJMTG1E3M_0.wav,22050,10.0,220500,0.003318,0.208029,3550.1,2893.33,6986.03,train
N6yss_2YWzg_60.wav,22050,10.0,220500,0.097173,0.255677,3577.24,2443.65,6363.14,train
IyrhsTkd4Ek_0.wav,22050,1.138,25088,0.0257,0.081719,2165.98,2198.34,3876.62,train
_QNYjHM7YbM_30.wav,22050,10.0,220500,0.171653,0.080387,1764.52,1910.92,3346.94,train
knvo0dFM-iY_50.wav,22050,10.0,220500,0.04613,0.390124,4713.06,2897.67,7960.32,train
rkkiorecGjc_20.wav,22050,10.0,220500,0.032821,0.223564,3776.21,2704.07,6961.05,train
JIPcu2ZiLys_60.wav,22050,10.0,220500,0.010488,0.105506,1666.98,1545.8,3224.28,train
3aI28Pnngj8_20.wav,22050,10.0,220500,0.108042,0.183945,2743.92,2376.56,6077.23,train
q4PwrzXZZFs_0.wav,22050,10.0,220500,0.110406,0.138812,1919.56,1274.11,3306.55,train
TsZ7X7YnuWI_260.wav,22050,10.0,220500,0.068922,0.217694,3255.37,2439.54,6102.09,train
QeYHT6M4a5s_27.wav,22050,9.688,213610,0.116365,0.092441,1698.27,1820.17,3077.21,train
2RfdcONgE0I_30.wav,22050,10.0,220500,0.242964,0.098368,1629.95,1472.25,2871.01,train
T5PnqiPh5Rw_0.wav,22050,9.52,209920,0.382894,0.092751,1365.23,1235.45,2334.99,train
-3Y4NuyZmvA_250.wav,22050,10.0,220500,0.217549,0.036259,1315.65,2279.04,2653.38,train
d2CXd-B_dEE_30.wav,22050,10.0,220500,0.072515,0.097736,1956.93,2058.21,3886.64,train
QIyEClegOgE_14.wav,22050,9.29,204836,0.178102,0.137101,2220.84,2226.79,4505.43,train
ChcbpzVfLC8_30.wav,22050,10.0,220500,0.169438,0.043611,827.14,1060.84,1341.35,train
czJwh9cld4s_130.wav,22050,10.0,220500,0.066416,0.14814,2019.08,1673.73,4199.72,train
yqOfQePeFEs_150.wav,22050,10.0,220500,0.114117,0.013195,543.91,1166.87,745.57,train
h8mHb3pkpbg_6.wav,22050,8.983,198084,0.127989,0.237932,3193.16,2029.57,5839.42,train
5HVfB2IOJys_30.wav,22050,10.0,220500,0.015508,0.029063,1171.9,1929.42,2169.26,train
6zgspSLYTcc_30.wav,22050,10.0,220500,0.043327,0.113714,2113.79,2301.45,4349.53,train
5h-pCUn7tIw_7.wav,22050,9.184,202514,0.006486,0.199972,3233.11,2663.86,6423.88,train
4ZdX1Hl6mhs_30.wav,22050,10.0,220500,0.047768,0.090768,1484.75,1233.69,2619.21,train
Wh7M7DpLUik_0.wav,22050,10.0,220500,0.079126,0.05002,1933.66,2747.8,5027.75,train
Xvh6XAzaJVw_180.wav,22050,10.0,220500,0.100648,0.166104,2599.85,2091.05,4793.89,train
nbXwda_IqKc_5.wav,22050,9.164,202070,0.00471,0.503445,5597.17,2170.54,7889.77,train
LdPs2HvaC0I_30.wav,22050,10.0,220500,0.014966,0.144779,1709.26,1062.53,2627.65,train
0CkwIDM2gPQ_15.wav,22050,9.079,200194,0.158523,0.082229,2206.65,2391.97,5082.14,train
UUrudeBcDag_2.wav,22050,9.215,203196,0.134587,0.357203,4403.26,3064.06,8213.34,train
ZQS7cHN96Hw_30.wav,22050,10.0,220500,0.16228,0.23943,3596.19,2886.18,7185.64,train
2kx9Qx-W_Zs_30.wav,22050,10.0,220500,0.119507,0.045145,1200.34,1843.16,2320.76,train
qMTO0QvS-UM_30.wav,22050,10.0,220500,0.127066,0.190216,3095.34,2287.93,5683.02,train
UEjjdJ3fV94_260.wav,22050,10.0,220500,0.19056,0.127702,2326.68,2332.31,4673.58,train
LIqwSzWWg3E_30.wav,22050,10.0,220500,0.07556,0.140181,2172.56,1861.28,3950.24,train
xAfYgUDytOo_30.wav,22050,10.0,220500,0.012318,0.07244,2057.03,2743.35,4822.19,train
64coFYUI4f0_180.wav,22050,10.0,220500,0.153476,0.309942,4097.38,2701.17,7149.12,train
sYjYWMx9m9I_470.wav,22050,10.0,220500,0.155569,0.149508,2051.7,1502.95,3640.21,train
uhYBoxJLv5k_30.wav,22050,10.0,220500,0.012164,0.144098,2342.52,2137.21,5011.74,train
hypntC4lw_c_130.wav,22050,10.0,220500,0.173267,0.062313,1535.41,1479.84,3173.67,train
A4cCtuUiUvg_30.wav,22050,10.0,220500,0.272645,0.436074,5028.86,2838.54,7879.55,train
cBokMFx4yio_0.wav,22050,8.514,187744,0.341273,0.099893,1962.44,2065.22,3852.6,train
asZ1-xhzyVY_10.wav,22050,10.0,220500,0.096386,0.189966,2276.6,1519.1,4187.58,train
CHjjtD2ZDkY_30.wav,22050,10.0,220500,0.124395,0.03299,890.59,1276.85,1746.69,train
ZiqSkcy064k_210.wav,22050,10.0,220500,0.100334,0.114882,2151.39,1994.37,4010.8,train
E1m59gMKuZ0_20.wav,22050,10.0,220500,0.056979,0.095685,2026.53,2272.78,4292.98,train
PfvVdknvFqQ_50.wav,22050,10.0,220500,0.231184,0.073683,1829.19,2080.93,3651.95,train
75Ro0rRqJdg_50.wav,22050,10.0,220500,0.064928,0.201205,3180.03,2667.0,6365.01,train
85FLh1HqFds_220.wav,22050,10.0,220500,0.078604,0.183724,2829.62,2497.44,5638.23,train
JIXzk2qbTRQ_14.wav,22050,9.162,202020,0.073696,0.279526,4004.15,3055.32,7751.76,train
HYiQILsC1fQ_30.wav,22050,10.0,220500,0.266371,0.108675,2212.69,2483.32,5276.81,train
3pIckciKf8s_410.wav,22050,10.0,220500,0.025189,0.075269,1458.68,1804.87,2718.25,train
bFgchwECTjc_0.wav,22050,10.0,220500,0.080043,0.076394,1374.31,1614.94,2296.98,train
XjtBzrBKllo_540.wav,22050,10.0,220500,0.130811,0.055691,1254.99,1438.95,2373.7,train
GhZZ2oCgO8I_30.wav,22050,10.0,220500,0.101967,0.095309,1564.84,1675.28,3616.4,train
0-itgiHknUg_30.wav,22050,10.0,220500,0.040794,0.12941,2331.46,2257.02,4380.18,train
--L22BmDI6E_12.wav,22050,9.508,209656,0.024288,0.091668,1834.44,1945.67,3781.41,train
lEWLaaXBtww_160.wav,22050,10.0,220500,0.207384,0.085926,2122.57,2535.41,4638.13,train
PtDxUQXQBLU_23.wav,22050,9.856,217330,0.009201,0.256838,2970.02,1838.44,5033.55,train
jHgr4_QA9fY_10.wav,22050,10.0,220500,0.178567,0.124836,1392.38,396.46,1534.4,train
bULODAcW_GA_150.wav,22050,10.0,220500,0.138378,0.04895,1232.57,1769.57,2349.82,train
g5R4EtuM6i8_80.wav,22050,10.0,220500,0.057939,0.34358,4144.0,2709.97,7460.71,train
ErExAwBKNPw_80.wav,22050,10.0,220500,0.02339,0.20238,3270.75,3104.96,7029.74,train
5aAl1T7PNFc_21.wav,22050,10.0,220500,0.259365,0.074386,1191.23,1128.08,2702.44,train
2U1We_NV7BU_10.wav,22050,10.0,220500,0.111353,0.099982,1877.83,2033.23,3588.9,train
HMZYi1xa03o_130.wav,22050,10.0,220500,0.150665,0.068449,1168.76,1146.65,2532.6,train
J1xvBwur_zU_1.wav,22050,9.379,206814,0.176351,0.065366,1904.6,2232.0,4276.29,train
9II4AJMlV6s_30.wav,22050,10.0,220500,0.020542,0.077573,1376.08,1582.96,2332.41,train
iznerGE-1K8_0.wav,22050,6.177,136192,0.129474,0.041555,1050.95,1631.75,1911.09,train
GM_sFKmyge4_11.wav,22050,9.875,217738,0.017162,0.133143,2640.1,2626.87,5560.12,train
2FEZo7RCerc_30.wav,22050,10.0,220500,0.150233,0.131706,2952.5,2720.82,6346.22,train
sz79m8aNHoc_280.wav,22050,10.0,220500,0.084126,0.055973,1236.13,1608.66,2193.56,train
MwsPdX5GLPs_10.wav,22050,10.0,220500,0.030663,0.086721,1888.81,2202.18,4224.28,train
2FrMCrnNkZw_30.wav,22050,10.0,220500,0.006826,0.144641,2381.91,2296.39,4302.49,train
9XkUr5zVLeY_180.wav,22050,10.0,220500,0.262751,0.139162,1949.71,1468.6,3512.63,train
1Z5TWRw77xg_340.wav,22050,10.0,220500,0.206902,0.099603,2055.28,2080.52,3939.58,train
l29T1Ij2yr8_70.wav,22050,10.0,220500,0.024889,0.248733,3162.11,2139.29,5472.78,train
LMYpbTRbaBk_10.wav,22050,10.0,220500,0.042041,0.063387,1466.33,1671.5,3787.87,train
NIV5lOfuumk_30.wav,22050,10.0,220500,0.110613,0.120396,2708.09,2752.66,6299.34,train
-VCN1giSq7c_16.wav,22050,9.757,215152,0.068852,0.092152,1871.5,1735.54,3999.4,train
TLD97shh8aw_30.wav,22050,10.0,220500,0.02391,0.11193,2450.05,2802.47,5678.77,train
jEGj8L1lraQ_90.wav,22050,10.0,220500,0.138358,0.100305,2186.37,2307.35,4397.67,train
Vo4OHRCz8oo_30.wav,22050,10.0,220500,0.020243,0.199573,2590.41,1912.99,4770.35,train
BAAuVdnomLI_30.wav,22050,10.0,220500,0.112005,0.060671,1531.63,1872.38,3336.52,train
_a29rBTur5g_70.wav,22050,10.0,220500,0.161591,0.138536,1626.66,828.62,2394.51,train
77o2-YBA9UM_140.wav,22050,10.0,220500,0.087928,0.237282,3351.35,2521.07,6243.3,train
4L4AhCwe_Wk_30.wav,22050,10.0,220500,0.429313,0.055096,1286.67,1329.2,2618.26,train
GORpd5UCUpM_30.wav,22050,10.0,220500,0.071267,0.067505,2407.33,2940.58,6010.81,train
Isi7txrCZGc_10.wav,22050,10.0,220500,0.160068,0.092052,1503.91,1557.26,2563.7,train
qV5tDjLAIiI_30.wav,22050,10.0,220500,0.004428,0.220958,1826.33,1502.17,3682.18,train
IZGXmwbe_eM_30.wav,22050,10.0,220500,0.096945,0.202869,3258.27,2576.2,6011.59,train
9wpPbNOXixM_120.wav,22050,10.0,220500,0.08036,0.207247,2978.81,2353.91,5268.99,train
3Cq276AY0Lo_0.wav,22050,10.0,220500,0.073406,0.15428,1696.02,968.29,2711.46,train
3kdUyByPSAg_28.wav,22050,9.182,202456,0.004375,0.060826,966.56,781.77,1853.76,train
rgwNz-tnGBQ_0.wav,22050,10.0,220500,0.037752,0.369441,4500.39,2750.22,7707.34,train
0QJ9AzOyo0o_90.wav,22050,10.0,220500,0.121274,0.143281,2731.41,2862.15,6288.17,train
04sD8Itvgzg_20.wav,22050,10.0,220500,0.100333,0.059749,1112.25,1144.16,2188.57,train
DqJb2Rz79ao_300.wav,22050,10.0,220500,0.134371,0.130439,2739.89,2475.58,5554.32,train
krhO8jVB0cU_530.wav,22050,10.0,220500,0.066913,0.055856,1319.05,1689.93,2646.11,train
xsqCi_nT4UI_110.wav,22050,10.0,220500,0.070102,0.142292,1710.1,1132.95,3058.84,train
8TvWc_MHhwM_10.wav,22050,10.0,220500,0.006581,0.255214,3657.18,2956.23,7064.76,train
agXp2He0kPs_30.wav,22050,10.0,220500,0.004097,0.125914,1594.66,1090.51,2617.43,train
SDThnBSTiYw_13.wav,22050,9.663,213062,0.058102,0.142702,1985.69,1555.4,3801.1,train
jgWa8rEEcyI_150.wav,22050,10.0,220500,0.069846,0.117718,2244.13,2329.12,4369.74,train
JcBVMYqinmw_20.wav,22050,10.0,220500,0.030951,0.102388,2008.6,2079.23,3892.66,train
1kDJI-HCGsg_26.wav,22050,9.719,214300,0.11844,0.0857,1403.8,893.11,2428.24,train
5IM-GZ9Oa4U_30.wav,22050,10.0,220500,0.042263,0.338112,4600.5,3131.3,8562.55,train
HVB00t8D8VY_130.wav,22050,10.0,220500,0.024243,0.07349,1413.09,1586.93,2710.16,train
RqNW-We8TVk_530.wav,22050,10.0,220500,0.091142,0.406951,4872.64,3010.78,8252.66,train
XCGvXeuo7Is_290.wav,22050,10.0,220500,0.156888,0.098603,2026.36,2278.82,4319.06,train
g1RipaWyz4M_30.wav,22050,10.0,220500,0.20202,0.194184,3036.32,2510.32,5679.34,train
VyXi_FZ7ocY_580.wav,22050,10.0,220500,0.035824,0.098609,2186.64,2416.21,4732.88,train
kwlKoeMcaZ8_350.wav,22050,10.0,220500,0.11645,0.215453,3425.63,2704.2,6679.96,train
Fuv0jZ4FwP4_220.wav,22050,10.0,220500,0.089291,0.166433,2901.75,2584.98,5760.91,train
2QjphFns5Ts_30.wav,22050,10.0,220500,0.073114,0.144247,2411.15,2253.33,4515.7,train
2w37-L_W55g_20.wav,22050,10.0,220500,0.026455,0.186968,3220.33,2787.35,6542.1,train
WY8BiK_oWUQ_10.wav,22050,10.0,220500,0.031595,0.218527,2664.73,1928.55,4679.8,train
3OeGIbzwEHA_30.wav,22050,10.0,220500,0.074331,0.05478,1153.25,1327.91,2109.65,train
50HEcyRikl0_30.wav,22050,10.0,220500,0.031202,0.083195,1719.59,1932.09,3572.29,train
QTXc9zGohsI_150.wav,22050,10.0,220500,0.06786,0.268788,3818.64,2927.79,7574.12,train
Irt1RhZ_04U_0.wav,22050,6.246,137728,0.088714,0.117442,1853.68,1822.48,2782.81,train
BWBjfS3uNe8_500.wav,22050,10.0,220500,0.088699,0.180391,2871.74,2387.65,5092.75,train
oa835p_DMqo_80.wav,22050,10.0,220500,0.034023,0.101806,2001.74,2023.59,4373.74,train
SAnAK1HAmNs_120.wav,22050,10.0,220500,0.0824,0.058513,916.59,989.75,2001.14,train
rT3p7tarSxo_230.wav,22050,10.0,220500,0.111021,0.323422,4218.8,2828.03,7760.42,train
xgFKt7lV034_40.wav,22050,10.0,220500,0.029123,0.260575,3915.52,3094.46,7859.87,train
iuAT_1HQAAQ_420.wav,22050,10.0,220500,0.003502,0.187294,2955.27,2263.03,5449.75,train
CgJDW2mjhKY_1.wav,22050,9.588,211422,0.100264,0.09539,1595.32,1557.44,3551.88,train
XnDAC2S-Rs8_70.wav,22050,10.0,220500,0.114751,0.540108,5683.33,2241.56,7729.52,train
fwZPp-UHHAo_30.wav,22050,10.0,220500,0.043948,0.618214,6522.88,2849.99,9648.65,train
HxlsfoSrHZE_20.wav,22050,10.0,220500,0.466829,0.165493,2067.63,1345.45,3259.28,train
ilLSvkGehPY_0.wav,22050,10.0,220500,0.088659,0.181866,3089.62,2641.7,6082.46,train
WkmWLa55wjM_10.wav,22050,10.0,220500,0.034445,0.269331,3674.36,2727.36,6780.04,train
O1RVX1bm0Ho_23.wav,22050,9.996,220402,0.167717,0.07262,2002.41,2333.18,4369.87,train
fuTGgYso570_18.wav,22050,9.94,219180,0.256635,0.077422,1324.23,1034.58,2030.67,train
hQGDXreexHI_0.wav,22050,10.0,220500,0.040736,0.141061,2045.26,1690.82,3683.0,train
cc0vnDCKzmM_10.wav,22050,10.0,220500,0.236971,0.084142,1666.77,1717.74,3450.76,train
9p3CXqe8I7M_2.wav,22050,9.076,200124,0.121199,0.025865,1063.87,1693.47,2389.88,train
FzUW_LRp1DI_30.wav,22050,10.0,220500,0.332222,0.081371,1782.96,1703.16,3382.46,train
QL5NEPUIfGg_20.wav,22050,10.0,220500,0.061363,0.191913,2870.9,2303.44,5353.32,train
wY4PvQrZfkk_200.wav,22050,10.0,220500,0.022892,0.133871,2705.05,2663.6,5765.8,train
WlDTw5svRDs_150.wav,22050,10.0,220500,0.105019,0.076343,1202.54,1148.51,2214.2,train
N8_mK1RyQm8_170.wav,22050,10.0,220500,0.238218,0.119033,1968.27,1691.13,3231.73,train
qAGxljRTJAg_0.wav,22050,10.0,220500,0.261364,0.26663,3540.72,2751.99,7072.06,train
6GXREzhZ5D4_70.wav,22050,10.0,220500,0.121836,0.260274,3966.9,2743.61,6785.26,train
9sBm6nDP0dk_190.wav,22050,10.0,220500,0.059397,0.083732,1543.64,1446.75,3131.58,train
96fSJjFk6E0_180.wav,22050,10.0,220500,0.004989,0.311118,4207.67,2852.77,7573.07,train
EDJ3eisIR9k_0.wav,22050,7.5,165376,0.150062,0.090466,1879.75,2245.54,3860.36,train
6o2huhikh38_11.wav,22050,9.545,210458,0.135905,0.143299,2618.84,2271.36,4798.06,train
751QPB8mDAg_0.wav,22050,10.0,220500,0.001856,0.26488,3742.82,2799.51,7138.58,train
VgLlgs0Kx8k_230.wav,22050,10.0,220500,0.079304,0.027095,731.54,1082.61,1388.07,train
dN3SjXUMp08_100.wav,22050,10.0,220500,0.180574,0.222179,3239.67,2429.21,5687.36,train
Ppz7N0WTmlY_230.wav,22050,9.915,218628,0.071867,0.168978,2571.68,2138.24,4979.7,train
H4L6MmOcF2U_60.wav,22050,10.0,220500,0.079707,0.043551,1039.27,1372.41,1928.4,train
37gLkh_f0ZY_460.wav,22050,10.0,220500,0.048798,0.030176,1014.9,1654.99,1741.42,train
Aj_svaVG2Bs_40.wav,22050,10.0,220500,0.09181,0.272059,3802.32,2472.64,6638.4,train
0SKZWkFza5I_9.wav,22050,9.831,216782,0.108122,0.14598,1897.13,1360.89,3239.66,train
Kt1EcFxsbDw_30.wav,22050,10.0,220500,0.019003,0.090222,1347.58,1183.44,2370.83,train
8T09igVWANk_30.wav,22050,10.0,220500,0.141089,0.112057,2126.27,2143.24,4064.98,train
0QYb1OIm1Gk_340.wav,22050,10.0,220500,0.007205,0.181189,3329.63,3152.21,7360.76,train
CsEIYqI1qkY_7.wav,22050,9.695,213778,0.076206,0.214132,2857.57,1902.82,4774.88,train
NkqBWY0a3xk_560.wav,22050,10.0,220500,0.065454,0.050159,1529.56,2106.43,3363.75,train
pe0lGLUrR1A_100.wav,22050,10.0,220500,0.096374,0.194976,3344.98,2884.94,6813.61,train
IulKQFRcJVI_30.wav,22050,10.0,220500,0.0099,0.136982,2777.1,2815.32,6070.94,train
2g0RRuh2LFs_30.wav,22050,10.0,220500,0.098829,0.067008,1577.87,1513.96,3403.22,train
VAUahTcv-2s_30.wav,22050,10.0,220500,0.031312,0.091972,2027.97,2155.55,4253.58,train
oN3mnVpV1aQ_210.wav,22050,10.0,220500,0.123508,0.047566,1317.36,1793.45,2505.1,train
LjBR--J_lv0_0.wav,22050,10.0,220500,0.35398,0.318734,3512.14,2034.71,5712.97,train
At6YLQFtuwc_30.wav,22050,10.0,220500,0.099754,0.158885,2934.54,2780.32,6184.45,train
x8NxYu-2t7Q_18.wav,22050,9.725,214428,0.012872,0.215333,2842.36,1615.96,4746.66,train
HWoK7a9rTwE_30.wav,22050,10.0,220500,0.126848,0.102334,1396.29,990.37,2572.02,train
E8lAtR0OzJA_20.wav,22050,10.0,220500,0.058286,0.148797,2711.58,2661.4,5680.87,train
sHKTlz0y33Y_0.wav,22050,10.0,220500,0.242861,0.147351,1741.94,1114.3,3002.26,train
cJu5jNDuq6s_30.wav,22050,10.0,220500,0.217315,0.103852,1926.63,2143.92,3713.2,train
c2HkL1js4M0_80.wav,22050,10.0,220500,0.081912,0.26629,3734.13,2744.26,6974.96,train
yMrEzRsyoLg_110.wav,22050,10.0,220500,0.052949,0.202748,2983.62,2250.82,5239.21,train
6HZ6HFJTaTc_280.wav,22050,10.0,220500,0.165797,0.503728,5666.2,2601.83,8486.21,train
SWNPpMglrdE_30.wav,22050,10.0,220500,0.175438,0.11491,1659.69,1305.91,3189.16,train
CH52etGYvGM_30.wav,22050,10.0,220500,0.07554,0.065066,2068.03,2672.57,5076.94,train
GJttcMvX5Z4_0.wav,22050,10.0,220500,0.125246,0.117177,1488.32,822.66,2344.05,train
aTrxkPaTW8M_20.wav,22050,10.0,220500,0.059939,0.285326,4042.56,2837.14,7401.85,train
0gvqDWLoBfQ_10.wav,22050,10.0,220500,0.41215,0.078079,1649.08,1785.61,2971.01,train
IAVon9NLBZU_30.wav,22050,10.0,220500,0.07719,0.290582,3394.12,2269.52,5454.3,train
NS75SKuReuc_10.wav,22050,9.56,210787,0.121083,0.073365,1326.88,1306.52,2721.31,train
T_PAP7t9beM_30.wav,22050,10.0,220500,0.049042,0.197805,3024.98,2446.88,5710.97,train
A4LHAWYV9CE_230.wav,22050,10.0,220500,0.075138,0.076849,2025.92,2360.02,3950.02,train
3a3cnDXnb1k_4.wav,22050,9.909,218488,0.102682,0.09651,1557.31,1514.81,2329.52,train
aXiXHmi-hVU_0.wav,22050,10.0,220500,0.226998,0.228325,2998.02,1748.87,4448.41,train
U7tA0dsKVcw_440.wav,22050,10.0,220500,0.058482,0.252014,3653.42,2392.71,6305.88,train
qmY3rNei5Us_390.wav,22050,10.0,220500,0.07022,0.174742,2977.21,2450.08,5717.84,train
n3BpBBbPzS4_30.wav,22050,10.0,220500,0.06964,0.196022,2996.18,2611.62,5789.53,train
IJnym1mdpKM_50.wav,22050,10.0,220500,0.017191,0.158151,1810.52,820.95,2661.5,train
Pb0ZLgHLHFc_10.wav,22050,10.0,220500,0.065193,0.134888,2430.91,2258.55,4624.72,train
KfsCyYHZhjM_10.wav,22050,10.0,220500,0.008063,0.21068,3290.64,2807.07,6576.17,train
2bvOvs3zvC8_180.wav,22050,10.0,220500,0.00766,0.055209,1439.96,1910.48,2954.35,train
6owCyQlp5rM_16.wav,22050,9.037,199266,0.007545,0.212712,2500.6,1624.88,4541.85,train
KZrw74_tais_30.wav,22050,10.0,220500,0.002493,0.205156,3287.22,2683.55,6399.53,train
BWVWKvHsJQQ_20.wav,22050,10.0,220500,0.13933,0.1768,3057.03,2647.99,6351.77,train
vQwDGbxia0E_150.wav,22050,10.0,220500,0.063213,0.116524,2125.58,2051.0,4212.81,train
pJlK97bDb3o_30.wav,22050,10.0,220500,0.090231,0.52601,5670.31,2888.85,8621.35,train
02NV2o19b_Q_0.wav,22050,10.0,220500,0.056257,0.097723,2021.99,2024.48,3761.22,train
QXJkFWFEWJE_40.wav,22050,10.0,220500,0.046454,0.289155,4123.76,3217.02,8491.5,train
kRuITCzfwmg_30.wav,22050,10.0,220500,0.033324,0.164078,2653.34,2275.31,4974.37,train
MQOGykg6mJI_40.wav,22050,10.0,220500,0.101851,0.197286,3130.27,2659.92,6284.57,train
-1X2N5XJckw_0.wav,22050,9.938,219136,0.029568,0.035843,1584.94,2398.84,4067.69,train
OXV7PLCksA0_440.wav,22050,10.0,220500,0.045909,0.028213,2345.86,2528.97,5076.07,train
-aZDofgsqW0_30.wav,22050,10.0,220500,0.029109,0.067572,1193.27,1212.52,2231.48,train
NHwNvxoKNpA_90.wav,22050,10.0,220500,0.197042,0.100367,1410.35,1238.25,2944.13,train
OA_0MOeKdq4_40.wav,22050,10.0,220500,0.10844,0.214947,3693.98,2932.29,7145.58,train
D-HbplXZkjA_30.wav,22050,10.0,220500,0.066556,0.052426,1440.69,2056.67,2984.67,train
1zVRgrhkHYA_200.wav,22050,10.0,220500,0.048288,0.213778,2392.77,1520.31,4064.13,train
2l3nuHf91w0_11.wav,22050,9.689,213642,0.490248,0.075965,1814.17,2119.82,4610.68,train
wwTI7U2Fsvg_150.wav,22050,10.0,220500,0.077027,0.183825,2958.49,2534.72,5636.38,train
NhkKCpoWHIU_10.wav,22050,10.0,220500,0.068723,0.200217,3113.75,1939.12,5187.05,train
zzxSVJFyAuc_30.wav,22050,10.0,220500,0.012415,0.105652,2008.05,2044.88,3971.85,train
8fvC64xDuVc_100.wav,22050,10.0,220500,0.028929,0.266223,3564.63,2702.15,6389.82,train
rqF0g1TtR_M_30.wav,22050,10.0,220500,0.075061,0.11465,2519.14,2506.33,5394.52,train
MnVVVLgIVQQ_0.wav,22050,10.0,220500,0.085541,0.085641,1740.65,1976.21,3476.56,train
8EgyonZaGAE_10.wav,22050,10.0,220500,0.038921,0.314189,3326.13,2340.49,5582.2,train
94jDpNVq_Mc_70.wav,22050,10.0,220500,0.103691,0.209699,3522.08,3127.33,7387.31,train
lZfy-a8KKVQ_40.wav,22050,10.0,220500,0.018151,0.157715,2355.58,2232.3,4544.33,train
hK-wdD7LgSY_180.wav,22050,10.0,220500,0.316262,0.066963,1140.23,1057.22,2406.45,train
lsYCqSm-ULY_20.wav,22050,10.0,220500,0.10721,0.172286,2971.71,2761.37,6311.83,train
jVJ-4K9bc48_570.wav,22050,10.0,220500,0.118169,0.215835,3125.96,2433.08,5857.26,train
h6LMviUHilw_30.wav,22050,10.0,220500,0.351984,0.059234,1279.7,1710.84,2262.93,train
acjAU-qgCcc_20.wav,22050,10.0,220500,0.070881,0.039502,623.45,623.28,1131.34,train
QquMusIQ3No_50.wav,22050,10.0,220500,0.05034,0.542497,5821.2,2645.43,8588.0,train
W-3GOnakdy8_30.wav,22050,10.0,220500,0.067238,0.10254,2586.29,2460.66,5347.18,train
FSTA6odswvs_210.wav,22050,10.0,220500,0.144213,0.213893,3576.77,2870.66,6997.14,train
I8AOoWDUUxE_30.wav,22050,10.0,220500,0.122118,0.086676,1819.02,2306.51,3956.61,train
5ia-A3DYwuc_30.wav,22050,10.0,220500,0.084792,0.176143,3017.85,2525.96,5750.66,train
jcf9Smq-0Ps_20.wav,22050,10.0,220500,0.042234,0.222179,3419.05,2909.55,6996.64,train
NSkYNXaGNOo_60.wav,22050,10.0,220500,0.012976,0.120229,2074.95,2076.66,4007.1,train
3KiyEPPqDQ8_30.wav,22050,10.0,220500,0.031268,0.06795,1913.8,2214.4,4509.48,train
YFPFhMzDxn8_120.wav,22050,10.0,220500,0.077303,0.122017,2372.67,2257.14,4693.64,train
zgNnjBvhJiE_30.wav,22050,10.0,220500,0.1173,0.023656,695.86,1004.96,1560.48,train
O3rpeKmy8dQ_110.wav,22050,10.0,220500,0.043209,0.108887,1463.8,1512.57,3381.86,train
pTyyahGIIOc_20.wav,22050,10.0,220500,0.215879,0.172336,2806.12,2349.14,5405.88,train
_R2GqFuFoYQ_50.wav,22050,10.0,220500,0.084013,0.156574,1824.86,1120.71,3176.02,train
DyZUJAo7l3I_40.wav,22050,10.0,220500,0.345856,0.023697,888.48,1574.49,2004.16,train
aAl9yiGxdfQ_90.wav,22050,10.0,220500,0.03898,0.480632,5386.94,2956.98,8794.36,train
DWiOnjlIEPo_30.wav,22050,10.0,220500,0.011457,0.270513,3905.1,2910.72,7573.09,train
pISS9G4fwCs_30.wav,22050,10.0,220500,0.104954,0.117226,1724.84,1360.26,2809.43,train
0ryIFBC068g_7.wav,22050,9.672,213266,0.072615,0.154015,2499.1,2325.0,4730.18,train
7YpnTnKDMt8_21.wav,22050,9.883,217910,0.084486,0.16395,3208.91,2765.64,6571.9,train
5dgvwacd-04_25.wav,22050,9.598,211630,0.05111,0.129661,2281.54,1932.24,4629.72,train
70OY8aYl1SQ_30.wav,22050,10.0,220500,0.167688,0.11152,1446.78,918.05,2442.64,train
LOhICxSMgok_170.wav,22050,10.0,220500,0.030677,0.06636,1702.35,2066.23,3597.29,train
-3fImGL-sbQ_2.wav,22050,9.14,201548,0.088074,0.187602,3124.62,2702.66,6162.95,train
32YmhSSVU4U_30.wav,22050,10.0,220500,0.048648,0.385781,4237.23,2325.27,6514.09,train
JeNB6IFK7Ag_180.wav,22050,10.0,220500,0.024408,0.079141,2076.48,2407.66,4580.73,train
9sWUP6Ecmgw_90.wav,22050,10.0,220500,0.262962,0.061544,1043.8,1092.74,2102.63,train
LbBRrS3sryA_0.wav,22050,10.0,220500,0.331888,0.126907,1710.89,1128.43,2820.25,train
rqdvaFJ1esE_10.wav,22050,10.0,220500,0.317165,0.06841,1240.71,1361.93,2524.53,train
QQJqRJaYdKU_30.wav,22050,10.0,220500,0.04518,0.211561,3330.0,2559.75,6281.87,train
2GC1LlbfJ1k_210.wav,22050,10.0,220500,0.112636,0.364887,4556.93,2625.88,7690.73,train
h4WO7JiMaEE_260.wav,22050,10.0,220500,0.114434,0.139495,2453.43,2097.67,4389.8,train
8wF24G-ePdI_30.wav,22050,10.0,220500,0.027186,0.075366,1401.98,1254.58,2644.06,train
3poE9zc2bUs_30.wav,22050,10.0,220500,0.158847,0.20283,2045.28,859.79,2854.92,train
ESgnoz1IrOg_30.wav,22050,10.0,220500,0.093798,0.194847,2260.91,1563.73,4203.22,train
jvT_N0zi8uU_310.wav,22050,10.0,220500,0.042749,0.153495,2801.61,2625.43,5777.77,train
cTnIjeWtYNc_0.wav,22050,9.178,202384,0.035106,0.196395,2523.85,1595.82,4489.65,train
ZKoHVxxPm9A_30.wav,22050,10.0,220500,0.370311,0.139894,2619.01,2379.29,5133.22,train
xVv_J_uD-z8_240.wav,22050,10.0,220500,0.085459,0.164183,2818.2,2585.25,5241.41,train
dnhtzWda-FU_260.wav,22050,10.0,220500,0.021552,0.26614,3815.97,2786.08,7076.65,train
MqUHxrXxxiA_10.wav,22050,10.0,220500,0.164678,0.011483,275.14,638.74,349.58,train
lbhr7RrMbgE_30.wav,22050,10.0,220500,0.02105,0.225921,3311.66,2603.87,6205.56,train
U5rz5Ty0s14_220.wav,22050,10.0,220500,0.088214,0.165044,2335.42,1751.72,4001.2,train
4tCcsoXT4mc_20.wav,22050,10.0,220500,0.085392,0.118363,2311.09,2264.98,4601.99,train
muvLMa9Lv2E_40.wav,22050,10.0,220500,0.005773,0.102835,2261.41,2359.29,4780.05,train
hFl36WQ6G5Y_0.wav,22050,9.985,220160,0.107459,0.095508,1758.62,1777.02,3270.9,train
nP1vTLRVkFc_290.wav,22050,10.0,220500,0.228451,0.051952,1335.91,1679.64,2412.69,train
46LhKHCmFxA_130.wav,22050,10.0,220500,0.288652,0.204678,2831.91,2404.53,5199.44,train
XDJ1vOhPtPY_30.wav,22050,10.0,220500,0.141591,0.113071,1347.56,947.82,2441.62,train
CR7jVZCQlW8_110.wav,22050,10.0,220500,0.005166,0.188326,3472.71,2907.85,6986.5,train
LP7camnyge8_40.wav,22050,10.0,220500,0.022439,0.150234,2515.2,2277.68,4707.55,train
GbUo0vmESM0_30.wav,22050,10.0,220500,0.034185,0.176144,2568.59,2205.94,4693.56,train
L6XCFqNF83Q_15.wav,22050,2.183,48130,0.094091,0.050288,970.29,956.79,1871.01,train
H8Nv6plK7Ds_20.wav,22050,10.0,220500,0.217152,0.118583,2361.98,2314.51,4622.72,train
2G1HoFwTVj0_9.wav,22050,9.115,200990,0.209849,0.067009,1264.26,1191.33,2432.84,train
7nkT7E-nWME_30.wav,22050,10.0,220500,0.015236,0.163637,2817.3,2319.87,4908.15,train
bkbTbrZpAfc_210.wav,22050,10.0,220500,0.060427,0.224002,3510.25,2825.86,6939.09,train
dmwwFBpADxo_60.wav,22050,10.0,220500,0.083275,0.354514,4322.44,2624.28,7370.28,train
ApJtIkjHWRc_260.wav,22050,10.0,220500,0.053898,0.120088,2284.28,2245.85,4416.03,train
QahfU5du4lE_20.wav,22050,10.0,220500,0.037121,0.193025,3128.44,2451.72,5761.86,train
7MQAJQZwxNo_240.wav,22050,10.0,220500,0.133378,0.11139,1874.37,1812.39,3505.54,train
FiqO8E_T2wY_0.wav,22050,10.0,220500,0.093052,0.1831,2984.96,2283.2,5542.58,train
Mm3mS0hvluk_50.wav,22050,10.0,220500,0.057792,0.1753,2867.75,2515.41,5645.62,train
B_cWdKPOE-4_30.wav,22050,10.0,220500,0.136754,0.100278,2106.94,1998.4,4054.49,train
sgke-VL0gZ8_220.wav,22050,10.0,220500,0.100606,0.097487,2237.56,2571.86,4730.19,train
cvs0D6qttQk_70.wav,22050,10.0,220500,0.076205,0.088054,2244.92,2391.47,4976.47,train
0P-bPAubx3M_70.wav,22050,10.0,220500,0.083597,0.218573,3591.6,2920.93,7299.11,train
rZMdRXow96Y_30.wav,22050,10.0,220500,0.005865,0.174625,3436.78,3143.53,7461.48,train
8iIHUVBR2P4_30.wav,22050,10.0,220500,0.023676,0.181812,2807.03,2311.23,5245.98,train
Dxz59HbUWOI_160.wav,22050,10.0,220500,0.113639,0.096038,1301.48,920.87,2502.72,train
52o-9D111kA_30.wav,22050,10.0,220500,0.079197,0.07456,1539.23,1875.88,2813.36,train
11ZZKGBNDlo_30.wav,22050,10.0,220500,0.038721,0.083072,1862.36,2250.25,3963.21,train
KN4t2aN9KfM_30.wav,22050,10.0,220500,0.028976,0.173281,2399.23,1947.73,4613.2,train
1BFpJ67aM6s_30.wav,22050,10.0,220500,0.240459,0.096974,1919.12,1920.81,3884.99,train
VIXAX78f5DE_6.wav,22050,9.441,208180,0.151325,0.069614,1631.12,2089.45,3322.2,train
OkH6Zm74iTw_30.wav,22050,10.0,220500,0.249376,0.117587,2640.02,2568.4,5732.68,train
Vc5wX72RjN0_130.wav,22050,10.0,220500,0.030246,0.134493,2585.3,2515.8,5288.05,train
Am_VVn0JHCA_30.wav,22050,10.0,220500,0.082594,0.080138,1601.91,1955.52,3106.98,train
tUv10W3PCl0_19.wav,22050,9.955,219514,0.264252,0.108636,2013.24,1862.43,3840.64,train
HEaMIcsB5zA_27.wav,22050,9.2,202858,0.06798,0.140059,2643.22,2649.18,5645.77,train
iH86UuVUa1E_30.wav,22050,10.0,220500,0.172364,0.102627,2126.78,2208.16,4329.62,train
GnZ37FJeIuA_30.wav,22050,10.0,220500,0.087905,0.499976,5123.35,2839.72,8185.42,train
DJIlpUGG7wA_290.wav,22050,10.0,220500,0.054667,0.053616,1627.39,2311.23,3600.89,train
66YGQBFkhEY_30.wav,22050,10.0,220500,0.154821,0.149603,2527.39,2229.04,5102.32,train
RYdCx5cOXJw_30.wav,22050,10.0,220500,0.046852,0.143897,2638.51,2500.06,5432.49,train
2uaBU4UKM9o_22.wav,22050,8.97,197796,0.027979,0.173036,2861.38,2525.7,5889.05,train
6bprNCY-5_I_40.wav,22050,10.0,220500,0.298244,0.126089,2039.16,1683.57,4208.24,train
4xidiHAQszo_30.wav,22050,10.0,220500,0.043222,0.136066,2645.52,2391.06,5208.54,train
21WMz5hG0Zs_0.wav,22050,10.0,220500,0.051869,0.167142,2762.89,2546.44,5759.13,train
PxAV2Dqes44_160.wav,22050,10.0,220500,0.090555,0.174856,2529.83,2017.81,4545.85,train
M4vUB15xEoY_300.wav,22050,10.0,220500,0.083834,0.143454,2696.53,2512.65,5490.77,train
6cEIxRiFkdQ_150.wav,22050,10.0,220500,0.092448,0.212253,3475.15,2725.7,6868.72,train
WL-ubahU-EM_140.wav,22050,10.0,220500,0.075565,0.151408,2833.15,2652.1,5897.77,train
a-NME85CLBg_10.wav,22050,10.0,220500,0.080555,0.196495,2913.96,2203.86,5321.15,train
blJWKWcVo5g_40.wav,22050,10.0,220500,0.031802,0.262449,2713.47,1421.6,4327.25,train
nO9MefLkKv4_40.wav,22050,10.0,220500,0.00777,0.126169,2887.03,2822.2,6325.49,train
ON4vL2MbOYw_30.wav,22050,10.0,220500,0.157115,0.14765,2256.21,1785.28,3564.47,train
gfw6P3-c7I0_280.wav,22050,10.0,220500,0.097987,0.182311,2961.43,2701.34,6529.16,train
tsalAU58oSE_130.wav,22050,10.0,220500,0.017368,0.335163,3206.83,2239.54,5718.24,train
-0aiCtGjNXE_30.wav,22050,10.0,220500,0.140604,0.04515,890.18,913.37,1928.77,train
16le8L7RHUg_30.wav,22050,10.0,220500,0.034334,0.09244,1686.86,1982.15,3182.47,train
EyL1Y2hzOYY_500.wav,22050,10.0,220500,0.120342,0.095823,1694.06,1796.44,2994.16,train
ZjdAGuEwWy4_140.wav,22050,10.0,220500,0.178496,0.113802,2146.45,2135.86,4383.66,train
1x6bWKKAvKo_100.wav,22050,10.0,220500,0.031724,0.082068,1674.68,1787.23,3416.76,train
qpEJmFjas9E_480.wav,22050,10.0,220500,0.103461,0.313771,3916.0,2649.08,6947.53,train
bdGFgXjGm7o_30.wav,22050,10.0,220500,0.154605,0.162186,1781.54,984.06,2826.25,train
ayS7dnTdBfA_30.wav,22050,10.0,220500,0.047772,0.07458,1555.53,1877.11,3181.14,train
Q8ZpW0cDc5U_17.wav,22050,9.982,220094,0.084619,0.115757,1738.27,1426.73,3402.55,train
-NrpfrEGq5w_40.wav,22050,10.0,220500,0.06608,0.095873,2182.32,2394.73,4750.77,train
G22nDA9n2rU_440.wav,22050,10.0,220500,0.03417,0.172667,2787.87,2682.47,5882.79,train
WBJrtfUBD6Q_20.wav,22050,10.0,220500,0.061634,0.38667,4132.39,1990.12,6393.61,train
6VT1pFdGGEQ_30.wav,22050,10.0,220500,0.126703,0.097728,1174.32,987.54,2356.16,train
cdfJmv3264o_10.wav,22050,10.0,220500,0.05316,0.154321,2635.48,2339.78,4953.24,train
2B_YAVD5ILY_20.wav,22050,10.0,220500,0.056845,0.258473,3375.59,2535.42,6211.03,train
q8jAZ60OOtE_310.wav,22050,10.0,220500,0.053822,0.27026,3462.76,2319.48,6213.73,train
ywpfmb1s-nI_120.wav,22050,10.0,220500,0.203323,0.154258,2654.1,2173.77,4796.38,train
2ENoYbxGujk_100.wav,22050,10.0,220500,0.059697,0.165464,2901.54,2684.76,6019.45,train
1jahS4xQalI_190.wav,22050,10.0,220500,0.079906,0.180457,2679.01,2221.2,4903.03,train
zgefPi_YgfY_60.wav,22050,10.0,220500,0.055915,0.044189,1922.39,2399.04,4157.68,train
wDDKH8XdLps_320.wav,22050,10.0,220500,0.069295,0.203486,3210.39,2479.13,5923.43,train
9ixvm-OhQRs_20.wav,22050,10.0,220500,0.092572,0.134,2394.77,2253.81,4560.79,train
MULPIYL1nRE_10.wav,22050,10.0,220500,0.115254,0.320563,3831.91,2220.9,6525.83,train
sb60B2-aeJ4_80.wav,22050,10.0,220500,0.039852,0.124686,1645.4,1322.65,3066.26,train
5X0P1vuB69A_30.wav,22050,10.0,220500,0.028445,0.132365,1894.32,1565.76,3658.35,train
V-rqjqyVQF4_17.wav,22050,9.053,199614,0.027319,0.109559,1823.82,1697.42,3560.07,train
LyoUY-7rfpo_50.wav,22050,10.0,220500,0.010041,0.08566,1551.21,1678.26,3701.96,train
VRY6ANvvxC0_60.wav,22050,10.0,220500,0.067215,0.197348,3278.91,2868.96,6566.13,train
BOjpqGW3N-8_0.wav,22050,5.921,130560,0.040814,0.244438,3746.62,2935.97,7448.26,train
pYerqZMNVX8_10.wav,22050,10.0,220500,0.016266,0.195703,2892.44,2008.05,4716.22,train
hhn_-K9WyeU_190.wav,22050,10.0,220500,0.034097,0.115413,1970.89,2032.36,3439.02,train
nzrr_k-j4GQ_30.wav,22050,10.0,220500,0.017123,0.145012,2007.98,1635.67,3565.34,train
p05czXI8iqI_0.wav,22050,10.0,220500,0.092876,0.073559,1179.25,1079.45,2310.3,train
RVeYjNDTpJ4_170.wav,22050,10.0,220500,0.013834,0.167226,2428.99,2035.54,4437.84,train
cFoWS1HzvKM_130.wav,22050,10.0,220500,0.065125,0.192051,3066.0,2478.9,5819.76,train
dDDfg7Pj8tE_0.wav,22050,10.0,220500,0.243646,0.060172,1577.81,1851.7,3149.89,train
2N0vna9FLrw_28.wav,22050,9.547,210504,0.009222,0.087868,2302.97,2641.0,4953.76,train
jcZBxB_k-38_150.wav,22050,10.0,220500,0.139358,0.084558,1829.77,2099.83,3504.54,train
ZuKdfOdbdUc_0.wav,22050,10.0,220500,0.102878,0.134431,2095.74,1777.98,3681.25,train
JU6Q1wRx4I4_30.wav,22050,10.0,220500,0.115983,0.112294,2422.63,2424.44,5219.9,train
MliyquzFJ2U_30.wav,22050,10.0,220500,0.052452,0.096071,1548.9,1507.97,3257.11,train
KB9oEyI6tNM_17.wav,22050,9.477,208974,0.003335,0.127495,2899.93,3051.36,6737.39,train
gQXYwq_lgP0_100.wav,22050,10.0,220500,0.106849,0.575399,6313.01,2379.36,8699.71,train
NLB1PQu--VY_30.wav,22050,9.213,203156,0.081632,0.071556,1520.0,1436.09,3172.22,train
w_dLpTwERfk_20.wav,22050,10.0,220500,0.083812,0.13734,2383.54,2258.13,4647.87,train
twdba3mkM2o_40.wav,22050,10.0,220500,0.076357,0.205497,3331.66,2620.96,6375.55,train
1ldO0rQ21Y8_3.wav,22050,9.847,217130,0.086075,0.156807,1708.88,1052.11,2793.08,train
7r5fpBTvQhY_140.wav,22050,10.0,220500,0.053027,0.221242,3504.59,2914.44,7104.21,train
rRQhwt4p3eg_30.wav,22050,10.0,220500,0.119132,0.068059,1161.95,1309.59,1418.17,train
ROh7lewfNtQ_90.wav,22050,10.0,220500,0.08219,0.138925,2899.53,2762.17,5947.04,train
bRclHnZE0SY_40.wav,22050,10.0,220500,0.107835,0.130807,1657.61,1046.23,2782.13,train
5P8WZTb3fZg_30.wav,22050,10.0,220500,0.336361,0.062972,1154.71,1221.72,2292.34,train
dJQpy1P64Ew_5.wav,22050,9.159,201958,0.136267,0.101288,1563.67,1429.24,3115.85,train
NU-J2Aw5alE_30.wav,22050,10.0,220500,0.04038,0.091909,1922.03,2165.26,3846.82,train
vHF-_ap6yxI_250.wav,22050,10.0,220500,0.139829,0.007231,1773.91,2683.42,5061.55,train
nvp02FVE8EA_0.wav,22050,10.0,220500,0.00429,0.151419,2794.44,2671.83,5749.42,train
OMSs26lYghI_320.wav,22050,10.0,220500,0.066628,0.145381,2604.21,2229.29,4957.83,train
e1wzYKNdWDU_110.wav,22050,10.0,220500,0.097595,0.416559,4718.84,2826.11,8303.55,train
mbjLKJmT7aY_20.wav,22050,10.0,220500,0.014492,0.48222,5428.02,2736.8,8505.44,train
RJboGTbCAVU_60.wav,22050,10.0,220500,0.019752,0.129963,2131.2,2063.26,3822.59,train
DSNeK0S43rQ_110.wav,22050,10.0,220500,0.044066,0.13703,2603.9,2416.99,4925.98,train
Aw3017Ew45M_330.wav,22050,10.0,220500,0.047974,0.03189,651.85,761.28,1146.43,train
95noNIAENA0_30.wav,22050,10.0,220500,0.008694,0.212323,3221.91,2675.55,6177.63,train
wzSI-jX3sqI_40.wav,22050,10.0,220500,0.153446,0.134732,3166.38,2958.9,6933.52,train
JXzQWRe0wCY_480.wav,22050,10.0,220500,0.20149,0.045588,1371.52,1977.39,3044.13,train
E7uO-TAIymc_40.wav,22050,10.0,220500,0.109075,0.134575,2583.55,2309.86,5083.18,train
eTGBC-R9Pmg_20.wav,22050,10.0,220500,0.043858,0.24995,3417.53,2414.33,5931.9,train
poLJbUd0Xx4_70.wav,22050,10.0,220500,0.109534,0.238561,3568.13,2864.21,7200.83,train
nUo2ArBhUSs_30.wav,22050,10.0,220500,0.054896,0.125267,2453.91,2401.91,5001.02,train
a6NRZzLZafk_30.wav,22050,10.0,220500,0.153329,0.082794,1306.03,1339.74,2212.57,train
98wEPllGhdc_16.wav,22050,9.572,211056,0.157722,0.095449,1921.1,1890.12,3773.84,train
oltPxLPjkLA_100.wav,22050,10.0,220500,0.196079,0.110125,2251.91,2390.34,4808.52,train
_f4fBNhQcXc_170.wav,22050,10.0,220500,0.134378,0.361619,4575.38,2761.67,7646.51,train
HW7mNYidQS4_26.wav,22050,9.626,212252,0.099881,0.046693,1382.9,1921.42,2851.54,train
mq61rFzFzy0_160.wav,22050,10.0,220500,0.191049,0.261488,3565.62,2305.48,5966.05,train
C0NcduUBzs4_250.wav,22050,10.0,220500,0.018963,0.159012,2969.52,2716.78,6204.88,train
yzBU2joJs5k_450.wav,22050,10.0,220500,0.028662,0.452153,5362.61,3058.36,8876.38,train
3Jr7n7M05mo_30.wav,22050,10.0,220500,0.117713,0.327283,4326.66,3003.16,8093.69,train
33pEHpYf_bs_0.wav,22050,6.989,154112,0.084831,0.137055,1972.77,1737.66,3572.98,train
qyjPEH95pNA_25.wav,22050,9.528,210094,0.100332,0.105788,1506.07,1027.76,2536.96,train
uDyO2Ftto4U_40.wav,22050,10.0,220500,0.273332,0.456075,5351.3,2982.15,8821.84,train
60NO8PttMSI_30.wav,22050,10.0,220500,0.16651,0.220601,3517.97,2799.12,6850.43,train
xu-aLG1ZNs0_30.wav,22050,10.0,220500,0.039393,0.097652,1306.32,1207.34,2022.65,train
3Sn-bq2M95A_30.wav,22050,10.0,220500,0.044257,0.0784,1904.38,2272.94,4236.35,train
SXnuCv2W2rc_15.wav,22050,9.195,202754,0.020962,0.282856,4035.58,2864.37,7478.31,train
xlUxoL_6QhE_30.wav,22050,10.0,220500,0.023715,0.148954,2652.74,2444.7,5297.99,train
MFAmvXBkhTs_30.wav,22050,10.0,220500,0.045303,0.066389,1261.88,1542.55,2184.32,train
L0oiLPcXmH0_240.wav,22050,10.0,220500,0.084666,0.144088,2441.9,2436.14,4770.8,train
RH_kuEJTXXs_0.wav,22050,8.684,191488,0.073058,0.08728,1673.8,1819.57,3108.65,train
VQ9jHSr8SgY_330.wav,22050,10.0,220500,0.027407,0.311062,3989.24,2751.11,7074.86,train
v8CkC7C-Lfg_350.wav,22050,10.0,220500,0.080991,0.158605,2769.59,2408.16,5481.2,train
3Wg1RuKBNgg_130.wav,22050,10.0,220500,0.092547,0.145194,1789.71,1228.57,2189.34,train
2fiQxmymguw_30.wav,22050,10.0,220500,0.047315,0.131965,1888.71,1434.83,3355.38,train
zFYo0eBI8Ko_70.wav,22050,10.0,220500,0.018563,0.316228,4053.76,2992.9,7782.85,train
7Ekb8pAxRh4_23.wav,22050,10.0,220500,0.06736,0.0,575.68,1075.87,1681.81,train
Q4WnwjmUKXk_70.wav,22050,10.0,220500,0.457736,0.053872,1374.03,1626.08,2783.58,train
AteFCZfJfLY_11.wav,22050,9.614,211994,0.073282,0.128703,2695.58,2410.95,5215.24,train
TW8HV4dISCg_250.wav,22050,10.0,220500,0.091426,0.058883,1167.02,1271.36,2084.72,train
5ia9ENn5Slg_30.wav,22050,10.0,220500,0.129392,0.186753,2856.25,2254.91,4989.96,train
_Aakih9RiO4_100.wav,22050,10.0,220500,0.223127,0.025444,1242.75,1926.07,2709.64,train
BeeidQiZEgQ_30.wav,22050,10.0,220500,0.14551,0.182421,2202.42,2185.46,4347.48,train
U_lmQJyVJsU_30.wav,22050,10.0,220500,0.004974,0.25006,3973.71,3094.05,8050.6,train
pjxHb7Wmkdk_0.wav,22050,10.0,220500,0.058889,0.079596,2089.27,2311.94,4377.36,train
5ZpEnWaE6kU_30.wav,22050,10.0,220500,0.088185,0.146962,2148.49,1809.23,3707.41,train
Xlr0Maz4jvI_420.wav,22050,10.0,220500,0.127509,0.191899,3321.62,2952.96,7029.94,train
kJdgwTG7pJA_240.wav,22050,10.0,220500,0.243581,0.060797,1094.28,1194.59,2223.52,train
HlV-Q9HSAwU_30.wav,22050,10.0,220500,0.036414,0.182431,2177.49,1694.33,4264.02,train
9HwsV0U3HDQ_30.wav,22050,10.0,220500,0.141654,0.037879,1200.51,1871.29,2543.57,train
gGkyv6y0Wqg_330.wav,22050,10.0,220500,0.066815,0.12686,2525.25,2410.94,5139.19,train
WOVXQOQ40O8_30.wav,22050,10.0,220500,0.026562,0.152658,2938.04,2355.19,5212.66,train
NZma1zqNq2g_60.wav,22050,9.029,199079,0.083512,0.288637,3418.33,2092.05,5888.11,train
h7c1InGtyqY_60.wav,22050,10.0,220500,0.14596,0.062824,1204.94,1437.05,2254.22,train
gqkPa-4LshU_30.wav,22050,10.0,220500,0.067285,0.037883,670.11,716.75,1152.95,train
kzDtYRDTYhc_11.wav,22050,9.092,200474,0.357093,0.132203,2742.39,2604.08,5830.64,train
FqnepB-KZEU_30.wav,22050,10.0,220500,0.064424,0.239154,3676.32,2925.71,7218.49,train
3Enq7k2IpvQ_20.wav,22050,10.0,220500,0.237597,0.191555,2861.32,2060.38,5073.54,train
KVnEUXiGqqQ_180.wav,22050,10.0,220500,0.080466,0.185328,2869.4,2408.78,5576.45,train
EQMYBZDaLz8_20.wav,22050,10.0,220500,0.039697,0.182002,2767.94,2356.47,5538.63,train
2e_b-Oz4dNE_30.wav,22050,10.0,220500,0.048473,0.016676,1144.5,1200.15,2600.27,train
AiVDApVNsPQ_20.wav,22050,10.0,220500,0.21998,0.161657,2071.34,1414.0,3684.78,train
NUCh9Xtbjkw_240.wav,22050,10.0,220500,0.104752,0.154259,2703.46,2469.99,5492.09,train
Mkt_o4lPrxw_50.wav,22050,10.0,220500,0.172002,0.072603,2079.43,2172.0,4531.49,train
hHn7HjgeTP4_530.wav,22050,10.0,220500,0.007743,0.316706,3816.79,2211.52,6041.99,train
A3PnKgOjbiU_15.wav,22050,9.217,203234,0.043167,0.043161,660.35,569.35,1087.45,train
oRcqtJt0_WQ_30.wav,22050,10.0,220500,0.014744,0.109152,2136.04,2054.1,3959.51,train
qdggfFx3XoY_350.wav,22050,10.0,220500,0.091726,0.150764,2851.56,2404.78,5573.95,train
qw11f6UZeA4_30.wav,22050,10.0,220500,0.072312,0.108736,1435.88,1025.59,2655.95,train
0cnz5UnKhVQ_20.wav,22050,10.0,220500,0.090337,0.309332,4115.75,2697.54,7346.62,train
YoGfsvQOEWc_0.wav,22050,8.452,186368,0.17483,0.141216,2254.44,1892.76,3835.98,train
WYT-GRySm00_200.wav,22050,10.0,220500,0.10614,0.094254,1758.99,1813.39,3449.88,train
53DCj8f8f0k_15.wav,22050,9.336,205858,0.010737,0.443178,5141.15,3086.85,9099.22,train
X_MxK_qkW4M_180.wav,22050,10.0,220500,0.167454,0.089344,2087.77,2242.64,4363.87,train
2i0vfBErDUo_30.wav,22050,10.0,220500,0.040938,0.108916,1867.63,1712.88,3691.22,train
pfvZOKzFF9U_11.wav,22050,9.782,215690,0.250345,0.133388,1692.39,1111.27,2407.41,train
pwihUgU0FjI_20.wav,22050,10.0,220500,0.014736,0.094396,1589.33,1130.65,2931.76,train
cfird8bjWzg_350.wav,22050,10.0,220500,0.038656,0.230169,3523.9,2805.44,6955.0,train
DD92i2xSmAc_30.wav,22050,10.0,220500,0.238479,0.099631,2206.11,2707.88,5893.4,train
ZmOgWtDjQJE_160.wav,22050,10.0,220500,0.062488,0.315938,4153.53,2426.25,7104.01,train
Kd2P8uMUoTU_70.wav,22050,10.0,220500,0.024998,0.231531,3340.17,2127.58,5453.55,train
TVDvmHlcGm0_0.wav,22050,6.641,146432,0.020991,0.037593,794.73,852.61,1656.52,train
YXtwXjx3H28_30.wav,22050,10.0,220500,0.151009,0.164543,2768.0,2477.15,5386.7,train
fG1pHRylZZk_110.wav,22050,10.0,220500,0.010726,0.296855,4186.88,3080.78,8039.45,train
3jJHGSonhZI_250.wav,22050,10.0,220500,0.139545,0.148981,2897.51,2629.31,5961.6,train
p6ejD-iGAIY_21.wav,22050,9.75,214982,0.016915,0.204278,2628.15,1739.02,4676.63,train
TvZEO7M80rY_240.wav,22050,10.0,220500,0.0687,0.055903,1367.65,1660.63,2643.89,train
EwYkjqwoQ8o_30.wav,22050,10.0,220500,0.004775,0.33042,4265.34,2932.6,7897.91,train
-a4CZ3CV8Vo_30.wav,22050,10.0,220500,0.109845,0.068702,1630.07,2105.07,3421.76,train
HQh6J71Bf3c_30.wav,22050,10.0,220500,0.030403,0.194544,2392.87,1626.48,4416.6,train
YtrPXGja2Kc_30.wav,22050,10.0,220500,0.112199,0.248228,4425.13,2964.58,7960.32,train
Mpy2MKaMunE_40.wav,22050,10.0,220500,0.008836,0.170806,3071.28,2701.22,6319.42,train
6cmgN4IyTOk_25.wav,22050,9.256,204094,0.10242,0.103246,1579.99,1856.68,1866.18,train
mamlq-LzOck_250.wav,22050,10.0,220500,0.11565,0.031823,696.78,1049.26,1162.22,train
dqzzonDipPo_10.wav,22050,10.0,220500,0.13364,0.121913,2050.46,2022.28,3736.34,train
y2ACNvMiAMA_110.wav,22050,10.0,220500,0.030905,0.142548,2452.37,2381.59,5286.55,train
n31kP38FhAI_420.wav,22050,10.0,220500,0.097315,0.097134,2897.41,2801.12,6323.62,train
kVFXDVFtRDM_7.wav,22050,9.742,214802,0.213561,0.09343,1812.69,2020.29,3520.78,train
tIe6LyOK91M_140.wav,22050,10.0,220500,0.085086,0.167661,2959.31,2416.44,5710.97,train
SqiGOBD7icM_20.wav,22050,10.0,220500,0.013877,0.126238,2305.67,2441.02,4660.01,train
1o6SzWzGNpg_560.wav,22050,10.0,220500,0.130739,0.155648,2869.93,2695.42,6242.51,train
HGohY17_GEU_15.wav,22050,9.335,205826,0.082653,0.094426,1790.71,2010.62,3973.36,train
3qOswVO4sb0_30.wav,22050,10.0,220500,0.06072,0.23035,3410.93,2342.07,5900.65,train
R1EwMpJNtAw_130.wav,22050,10.0,220500,0.096587,0.464115,5564.5,2845.52,8779.8,train
MXoKCYoNjks_30.wav,22050,10.0,220500,0.010807,0.033285,1287.03,2113.78,2649.28,train
Cigs3CcFBvQ_30.wav,22050,10.0,220500,0.184882,0.06823,1693.3,1759.93,3365.97,train
4pxc0v9G1H4_30.wav,22050,10.0,220500,0.029175,0.102319,1844.82,1900.12,3937.23,train
yCc92iTYnOs_40.wav,22050,10.0,220500,0.038151,0.146354,2699.98,2689.43,5852.53,train
3MPS1rD7lzs_30.wav,22050,10.0,220500,0.107981,0.176037,2750.87,2034.35,5060.33,train
gmebDQEgx1Q_20.wav,22050,10.0,220500,0.054573,0.234861,3540.47,2763.03,6832.42,train
26vSsCfNPfE_30.wav,22050,10.0,220500,0.02743,0.257149,3700.41,2708.92,6824.18,train
e0DfmbL1ZcY_180.wav,22050,10.0,220500,0.09182,0.465287,5183.28,2968.35,8458.2,train
fdsrb-5NNLM_30.wav,22050,10.0,220500,0.003309,0.091908,2351.95,2637.52,5189.63,train
yLGcTSCePzI_0.wav,22050,6.06,133632,0.073838,0.173317,2762.22,2227.79,5119.11,train
xUJhNBep_Pc_20.wav,22050,10.0,220500,0.026185,0.139268,2950.73,2903.77,6573.45,train
z8VoZeo5BA0_29.wav,22050,9.824,216614,0.061081,0.095246,2028.78,2288.85,4708.41,train
9NUsTdzjFKA_10.wav,22050,10.0,220500,0.036588,0.15214,2394.02,2180.37,4546.95,train
80iUEdHzKqc_50.wav,22050,10.0,220500,0.012097,0.321073,4376.58,2868.28,7744.48,train
2NZcNHlf0c4_30.wav,22050,10.0,220500,0.280798,0.096087,1266.65,737.78,2037.41,train
RAKIwkkRYu0_130.wav,22050,10.0,220500,0.034031,0.410735,4771.8,2692.75,7652.83,train
s52pysPbFLw_550.wav,22050,10.0,220500,0.165634,0.124764,2502.6,2535.92,5254.83,train
l1jR6VSu5WY_30.wav,22050,10.0,220500,0.09037,0.089621,1885.85,2068.96,3575.09,train
SiVGwY47FUY_20.wav,22050,10.0,220500,0.043986,0.268112,3909.7,2817.91,7174.48,train
02ngMc3b-_k_7.wav,22050,10.0,220500,0.123017,0.060504,1110.43,1246.29,2231.66,train
dm83UvBFhXA_140.wav,22050,10.0,220500,0.180056,0.140654,2318.75,2169.94,4628.26,train
hvUmMiWYw58_110.wav,22050,10.0,220500,0.083209,0.089479,1795.43,1465.25,3470.92,train
47MkykZRE4c_30.wav,22050,10.0,220500,0.013795,0.115215,2594.29,2954.7,6204.69,train
64eGJ_LStW8_30.wav,22050,10.0,220500,0.042482,0.102519,2061.38,2276.57,4245.64,train
E6Jp0Er9Wno_19.wav,22050,10.0,220500,0.1464,0.03641,665.27,691.83,1153.08,train
-wblF8Yd3pQ_590.wav,22050,10.0,220500,0.147227,0.086955,2242.41,2496.32,4975.74,train
UlEscdxhz2Q_60.wav,22050,10.0,220500,0.100021,0.224378,2867.36,1757.73,4671.53,train
n7IFnrK8POM_320.wav,22050,10.0,220500,0.127444,0.281087,3809.95,2891.58,7366.43,train
XxCkIywHws0_150.wav,22050,10.0,220500,0.045345,0.535253,5611.8,2362.0,7887.05,train
mNMuWcwIdN0_10.wav,22050,10.0,220500,0.430786,0.050793,869.25,897.88,1515.87,train
X3ijpAvFriI_320.wav,22050,10.0,220500,0.02425,0.288459,4295.92,3170.59,8359.38,train
5pXbK7b5M50_0.wav,22050,10.0,220500,0.290237,0.14498,1907.16,1101.98,2893.52,train
Jpe1xzrRo6o_110.wav,22050,10.0,220500,0.295043,0.144352,3018.09,2986.04,7003.11,train
WEvwoejzILI_120.wav,22050,10.0,220500,0.102809,0.156406,2689.92,2717.7,5899.9,train
XK8FMnONOIc_210.wav,22050,10.0,220500,0.054179,0.069124,1908.32,2298.42,3880.52,train
22_VtpWk25E_0.wav,22050,9.729,214528,0.025981,0.157701,1712.84,994.9,2794.63,train
Vegkwx_EYZE_30.wav,22050,10.0,220500,0.09628,0.108044,2345.27,2911.47,5822.53,train
8QelRJ7ZLNs_30.wav,22050,10.0,220500,0.07814,0.195367,2152.92,1019.2,3245.62,train
vjrKAfUVEFg_30.wav,22050,10.0,220500,0.285744,0.048726,1165.91,1715.88,1912.33,train
AgsLKHq6FXo_240.wav,22050,10.0,220500,0.014714,0.156435,2494.06,2665.95,5764.15,train
Ra2QZdt3k68_19.wav,22050,9.096,200570,0.024584,0.048938,1587.28,2232.01,3438.09,train
NLXrnaf-xy4_140.wav,22050,10.0,220500,0.059523,0.053053,921.12,956.83,1567.63,train
09CxTd_olO4_30.wav,22050,10.0,220500,0.00833,0.072507,1625.41,2016.56,3352.16,train
rUyGYUj54fU_0.wav,22050,10.0,220500,0.019762,0.111548,2110.09,2126.11,3994.91,train
EdGHbSF2new_30.wav,22050,10.0,220500,0.063247,0.114815,2191.37,2267.49,4668.48,train
d6Upvt60vHc_330.wav,22050,10.0,220500,0.035788,0.31063,3368.87,1612.58,5238.41,train
4gr2Se5WKP4_30.wav,22050,10.0,220500,0.065748,0.130711,2324.0,2212.31,4319.01,train
ESPDevjOSVo_30.wav,22050,10.0,220500,0.071624,0.102507,2229.68,2453.35,4646.43,train
ZK0CmYaJ8iw_190.wav,22050,10.0,220500,0.091948,0.250951,3838.52,2662.57,6893.55,train
ihRItiHL2XM_30.wav,22050,10.0,220500,0.009196,0.404693,3891.1,2031.52,5790.66,train
KUeCf_B85bk_1.wav,22050,9.107,200814,0.137952,0.092187,2063.26,2461.99,4548.0,train
iHAD5NlXvus_100.wav,22050,10.0,220500,0.19987,0.053938,739.19,670.27,899.72,train
ivftkMSwp5A_60.wav,22050,10.0,220500,0.026385,0.240191,3636.48,2849.77,7137.96,train
x0aXbaLMXnI_50.wav,22050,10.0,220500,0.260318,0.084931,1583.24,1610.61,2779.01,train
vF_i8HMuVkU_310.wav,22050,10.0,220500,0.003279,0.134115,2511.79,2352.45,4873.62,train
ezK9k18Q3og_20.wav,22050,10.0,220500,0.146306,0.15115,2409.73,1894.81,4152.64,train
SaGR0Gg0KDU_21.wav,22050,9.251,203974,0.02837,0.177468,2845.25,2328.89,5381.79,train
yJIn1OJgv9Q_120.wav,22050,10.0,220500,0.042078,0.254654,3545.39,2344.89,6024.58,train
3xw-ArXjCd0_1.wav,22050,9.077,200158,0.056172,0.457495,5330.76,2859.59,8843.1,train
o7hBsctFW2w_590.wav,22050,10.0,220500,0.021181,0.070724,1694.6,2073.91,3501.09,train
22KLnRfU4Hg_30.wav,22050,10.0,220500,0.029197,0.108218,1896.95,1872.81,3408.02,train
nKOvv1hyl_g_0.wav,22050,9.515,209808,0.049743,0.16184,2635.86,2163.03,5193.7,train
7W_zK3d4Daw_30.wav,22050,10.0,220500,0.010121,0.119053,2339.98,2374.53,5480.52,train
EITWf_5bSKI_0.wav,22050,10.0,220500,0.173373,0.116295,2077.04,1846.62,3757.62,train
tdg1BUzQ8Ps_0.wav,22050,10.0,220500,0.28058,0.289624,3446.24,2423.78,6181.45,train
K0pjk3RaF_U_30.wav,22050,10.0,220500,0.375324,0.062653,1374.12,1549.82,2607.27,train
6l0sxqfnaFI_5.wav,22050,9.466,208726,0.008318,0.200971,3225.55,2759.81,6684.58,train
ldlzPXBNB1U_30.wav,22050,10.0,220500,0.025975,0.224971,3505.73,2660.04,7023.65,train
w7aDYzE47kk_0.wav,22050,10.0,220500,0.026318,0.140346,2496.87,2280.54,4684.7,train
BdbC737QwNs_30.wav,22050,10.0,220500,0.071008,0.045595,1728.94,2368.16,3980.94,train
-4c0GKMHLkE_0.wav,22050,10.0,220500,0.013323,0.053614,1890.56,2051.32,4384.55,train
TS9GM5qAOsc_23.wav,22050,9.067,199922,0.084089,0.104843,1354.25,991.79,2519.44,train
psGNs1JQlVA_30.wav,22050,10.0,220500,0.010927,0.056296,1418.99,2095.16,2582.66,train
JMfAWv8qrMU_30.wav,22050,10.0,220500,0.511544,0.124113,1855.29,1558.6,3328.88,train
8jcBwmu_zZE_40.wav,22050,10.0,220500,0.112123,0.106023,2160.85,2248.24,4248.84,train
F1SIH2Hr9VQ_17.wav,22050,9.872,217678,0.065376,0.016375,1191.59,2310.35,2403.28,train
FZL6XiuuzNQ_30.wav,22050,10.0,220500,0.107895,0.0226,638.15,1015.85,1255.95,train
hapqqpiWaSk_100.wav,22050,10.0,220500,0.010663,0.085076,2589.94,2826.68,5999.87,train
0GSi9BSZq3Y_8.wav,22050,9.81,216304,0.002992,0.164819,2640.79,2298.67,5522.38,train
55JxI7MpkkA_12.wav,22050,9.78,215656,0.0708,0.131351,2260.3,2124.91,4318.53,train
N18ol4cJkLk_30.wav,22050,10.0,220500,0.134468,0.107501,2122.92,2557.59,5153.11,train
I0Ie_O5klEw_200.wav,22050,10.0,220500,0.169427,0.093583,1713.02,1752.25,3215.27,train
8gAMieUklJs_30.wav,22050,10.0,220500,0.078749,0.205778,2861.27,2121.89,5139.22,train
kgIDYEtB_oY_20.wav,22050,10.0,220500,0.10448,0.168204,1921.01,1086.54,2854.97,train
61IO6iQQYbo_260.wav,22050,10.0,220500,0.016818,0.159296,2950.74,2708.39,6117.4,train
v-ywAd_YEic_10.wav,22050,10.0,220500,0.153942,0.095956,1303.56,950.03,2330.86,train
NHXEtsgQOMA_40.wav,22050,10.0,220500,0.120073,0.043716,991.86,926.9,2036.86,train
w2uNCnrhTbY_160.wav,22050,10.0,220500,0.050629,0.139131,2691.68,2367.38,5005.97,train
gty1Ll_Ai38_30.wav,22050,10.0,220500,0.021434,0.190461,2961.63,2577.47,5814.79,train
M66HyyZnhD4_230.wav,22050,10.0,220500,0.095624,0.402881,5005.66,2771.29,8420.56,train
We_CcyM8o_U_29.wav,22050,9.383,206886,0.127022,0.037131,805.97,1095.64,1591.73,train
6zzDOFmpHRY_20.wav,22050,10.0,220500,0.092536,0.200108,2876.01,2305.16,5111.24,train
mjPbeoOZKI0_0.wav,22050,10.0,220500,0.025845,0.237088,3860.8,2841.36,6994.44,train
YXNJJ2iKcis_30.wav,22050,10.0,220500,0.065076,0.064062,1402.01,1664.83,2621.21,train
JG1OY5UdKlU_520.wav,22050,10.0,220500,0.108318,0.1355,2592.19,2642.12,5690.59,train
76tO6RFbDWo_5.wav,22050,9.031,199142,0.423931,0.12999,2155.52,1735.39,3920.68,train
CsuXF8XuAf8_210.wav,22050,9.382,206876,0.12045,0.083285,1199.96,922.28,2258.41,train
9-XHdlyHhaQ_30.wav,22050,10.0,220500,0.195396,0.151279,2189.33,1618.42,4053.91,train
2A0V2P_k54o_140.wav,22050,10.0,220500,0.003998,0.1802,3619.64,3008.26,7067.84,train
TNtO8RPd3iE_30.wav,22050,10.0,220500,0.041502,0.288068,3914.12,2799.06,7262.56,train
FZsQF5E2QYw_15.wav,22050,9.016,198802,0.20266,0.060887,969.15,858.28,1759.94,train
gOyA60WyIXQ_110.wav,22050,10.0,220500,0.107093,0.132771,2418.25,2280.9,4762.73,train
29ZIkKs6SQ4_0.wav,22050,10.0,220500,0.022268,0.106023,2153.2,2372.7,4585.57,train
3raxqqDNKJs_2.wav,22050,9.187,202572,0.083386,0.24724,2887.53,1946.22,4806.34,train
vivA0FeiFno_0.wav,22050,10.0,220500,0.079492,0.220566,3884.91,3095.19,7805.21,train
cDBVaDbph0E_120.wav,22050,10.0,220500,0.129665,0.046869,1195.74,1287.66,2660.42,train
LW4nvMuBIQc_10.wav,22050,10.0,220500,0.178924,0.097101,2347.62,2692.5,5314.05,train
Eqp8gSDK0Rk_60.wav,22050,10.0,220500,0.071708,0.291344,4053.63,2877.06,7599.5,train
YRuYS8Kym90_120.wav,22050,10.0,220500,0.05544,0.314178,3959.48,2667.38,6688.08,train
RaYsGHFokc8_0.wav,22050,8.731,192512,0.515805,0.228148,3454.01,2567.81,6489.69,train
eY3kyBoVsSQ_150.wav,22050,10.0,220500,0.012949,0.167193,2938.83,2674.43,6088.88,train
i7-o7vxPlMk_30.wav,22050,10.0,220500,0.160546,0.17112,2721.72,1876.99,4689.54,train
rapmFevZGPI_100.wav,22050,10.0,220500,0.096143,0.146714,2713.03,2539.19,5641.9,train
Pw61sjaAT3o_200.wav,22050,10.0,220500,0.072669,0.148281,2542.05,2372.92,5202.52,train
cNgPwbDVnFc_30.wav,22050,10.0,220500,0.048275,0.063746,1046.56,1002.02,2223.39,train
8u3IVrtMy-A_40.wav,22050,10.0,220500,0.130242,0.194157,3170.14,2519.62,5796.83,train
nHM_nXP-NrM_300.wav,22050,10.0,220500,0.088538,0.04373,1273.71,1934.94,2805.96,train
ed1pw1EHbKY_20.wav,22050,10.0,220500,0.035575,0.148134,2773.18,2685.34,5780.04,train
PaWhD-nlzDo_30.wav,22050,10.0,220500,0.142022,0.127214,2378.17,2263.17,4574.01,train
jX8jZ_wOURo_30.wav,22050,10.0,220500,0.04548,0.144387,2679.49,2412.07,5751.39,train
80ydIsBidGA_30.wav,22050,10.0,220500,0.042454,0.17036,2830.65,2448.78,5711.17,train
4ZpT3IQowL0_570.wav,22050,10.0,220500,0.063627,0.144276,2711.05,2529.69,5494.14,train
wJ121qgepgo_30.wav,22050,10.0,220500,0.025712,0.13443,2620.11,2644.89,5647.87,train
oqIzSJTMBRE_0.wav,22050,10.0,220500,0.08943,0.096675,2326.28,2694.9,5326.22,train
I0I6OoiGGwM_0.wav,22050,10.0,220500,0.013183,0.194965,3314.73,2947.41,7100.49,train
g3F64Ceg1UY_22.wav,22050,10.0,220500,0.121734,0.128325,1566.23,965.95,2598.77,train
1FTRYZDvjWU_90.wav,22050,10.0,220500,0.067888,0.333774,4260.18,2821.14,7697.52,train
kehc11WhRwU_0.wav,22050,5.689,125440,0.016333,0.046486,1316.47,1896.17,2526.26,train
MYkr5bhXK8E_0.wav,22050,10.0,220500,0.470549,0.058411,1614.11,1902.73,3146.9,train
G0nppwI1nAs_40.wav,22050,10.0,220500,0.085764,0.1457,1814.54,1137.25,3124.39,train
-Fid6wTPBzU_17.wav,22050,9.285,204734,0.06978,0.050824,1386.05,1904.52,2564.12,train
mzxtnX4Rh7o_0.wav,22050,6.525,143872,0.334572,0.211391,3742.46,2492.04,6568.47,train
8xny9pVDHyY_23.wav,22050,9.004,198530,0.024616,0.127056,2528.65,2513.06,5376.86,train
8wwTGaRye0I_250.wav,22050,10.0,220500,0.029756,0.203815,3115.62,2614.37,6497.11,train
XCJtHA3Duzw_10.wav,22050,10.0,220500,0.014199,0.386682,4529.33,2244.03,6841.69,train
fKhG0tRnWJg_0.wav,22050,10.0,220500,0.024015,0.136235,2082.42,1566.92,3826.17,train
z_u-0xyqIos_20.wav,22050,10.0,220500,0.168652,0.148942,2398.13,1996.64,4550.78,train
-p4gvAWtbLI_30.wav,22050,10.0,220500,0.037993,0.205718,3259.77,2691.23,6372.5,train
eV3xxM-Kfxc_130.wav,22050,10.0,220500,0.0533,0.118462,2592.87,2776.39,5862.6,train
mllOCSmY-zU_200.wav,22050,10.0,220500,0.120414,0.123837,2393.43,2197.27,4931.93,train
zhtIGCg7Ijs_20.wav,22050,10.0,220500,0.131374,0.02431,570.58,1130.38,678.35,train
gTjQzB1rChI_60.wav,22050,10.0,220500,0.067467,0.12285,2332.85,2344.39,4674.63,train
V0YIGrzoJs4_0.wav,22050,10.0,220500,0.099588,0.274755,3746.49,2697.08,6973.49,train
dSuI-Z-9efE_120.wav,22050,10.0,220500,0.144002,0.053667,1332.38,1902.14,2663.57,train
77h7NnpETCg_100.wav,22050,10.0,220500,0.505188,0.028905,2671.9,2274.92,5352.57,train
aNjrk0F-SL0_30.wav,22050,10.0,220500,0.016209,0.13117,2841.94,2737.81,6330.14,train
scj5ddmd9K0_5.wav,22050,9.449,208358,0.01751,0.178918,2573.72,1934.33,3994.49,train
o1c5JjtAv0o_40.wav,22050,10.0,220500,0.11837,0.166482,2478.51,2120.8,4510.73,train
vtHpE73e104_360.wav,22050,10.0,220500,0.249182,0.075139,1305.16,1076.27,2199.43,train
Jl_YafQ-l8w_50.wav,22050,10.0,220500,0.010681,0.183286,3514.86,3021.29,7417.76,train
G4Dwcof6UgU_30.wav,22050,10.0,220500,0.156003,0.196897,2931.91,2046.27,5300.04,train
TzMd2DIrQ_4_50.wav,22050,10.0,220500,0.040035,0.281376,3839.96,2695.94,6977.71,train
8Hf9nFXApAQ_30.wav,22050,10.0,220500,0.036727,0.113807,2155.78,2281.1,4278.86,train
wFAGftYqEdg_51.wav,22050,9.163,202042,0.1141,0.082916,2573.04,1937.59,4495.29,train
cGQxYk4Anxw_90.wav,22050,10.0,220500,0.201638,0.072892,2044.56,2192.43,4783.74,train
hsDdZeTcYF8_0.wav,22050,10.0,220500,0.018682,0.217935,3481.7,2883.74,7051.6,train
Ct83M-Pk6-Q_30.wav,22050,10.0,220500,0.018802,0.061553,1467.64,1817.72,2987.52,train
tLBQgZF2NBY_40.wav,22050,10.0,220500,0.135746,0.098688,1400.66,1080.42,2470.07,train
4MKvVHqkyK0_260.wav,22050,10.0,220500,0.127502,0.203269,3276.09,2652.99,6118.3,train
biSCX9iqtrY_280.wav,22050,10.0,220500,0.046516,0.282604,4019.41,2895.91,7465.6,train
cw0nA1soMsc_150.wav,22050,10.0,220500,0.104977,0.283423,3797.52,2423.55,6611.74,train
RudWhdv1Rh4_380.wav,22050,10.0,220500,0.041286,0.082919,1616.42,1883.29,3263.58,train
NCnxDcaltzo_0.wav,22050,10.0,220500,0.069418,0.078664,949.74,525.87,1400.06,train
hFpsfv3pxtY_60.wav,22050,10.0,220500,0.486337,0.076822,1466.86,1522.92,2478.57,train
5UqwkZ1XK18_50.wav,22050,10.0,220500,0.223314,0.499417,5037.61,1910.45,6839.04,train
gRcMlw9JgHU_110.wav,22050,10.0,220500,0.173008,0.039142,918.6,1261.66,1688.78,train
avkLXRfJ4bY_170.wav,22050,10.0,220500,0.03081,0.054169,1187.7,1404.36,2416.19,train
2hxyWkenHI4_270.wav,22050,10.0,220500,0.094495,0.232188,3421.44,2601.56,6443.47,train
YV4P379CC94_10.wav,22050,10.0,220500,0.350237,0.129269,3211.4,2937.0,6868.79,train
2Q3-WMIvCpg_190.wav,22050,10.0,220500,0.138628,0.148464,2666.96,2575.47,5621.56,train
L0lafbsYKig_290.wav,22050,10.0,220500,0.054184,0.07764,2170.33,2176.12,4983.91,train
71cH1v88vQE_30.wav,22050,10.0,220500,0.223763,0.09504,1343.21,1011.84,2439.42,train
6lliXFUxyTM_30.wav,22050,10.0,220500,0.155645,0.198433,3232.44,2641.19,6525.04,train
e4uuStxOuLk_280.wav,22050,10.0,220500,0.141786,0.099069,1985.74,2015.24,4032.9,train
632XIdz1GXk_80.wav,22050,10.0,220500,0.280996,0.120851,1733.73,1537.04,3610.66,train
P31z3q8mzcs_130.wav,22050,10.0,220500,0.106652,0.039683,1155.38,1584.91,2497.88,train
6y1qZYBFBDo_30.wav,22050,10.0,220500,0.051295,0.083688,2037.36,2444.15,4341.79,train
qNjH5ihchlk_150.wav,22050,9.516,209828,0.205357,0.285521,3783.79,2157.16,6112.33,train
Ysz8_G8aKGI_570.wav,22050,10.0,220500,0.120027,0.1517,2613.9,2339.81,5094.35,train
3NINza9-bAE_30.wav,22050,10.0,220500,0.088408,0.085074,1184.51,891.56,1959.6,train
Ne5ypjx57MA_30.wav,22050,10.0,220500,0.434924,0.188175,2269.87,1443.95,3645.11,train
50Ophs2Ih-4_120.wav,22050,10.0,220500,0.064826,0.451718,5283.6,2911.65,8659.17,train
1GZMDC2uu58_30.wav,22050,10.0,220500,0.023963,0.039815,1385.53,2048.75,3027.94,train
XBO2AQQcR5Q_20.wav,22050,10.0,220500,0.003667,0.264481,3574.35,2595.47,6638.25,train
ydO6ZIcghzU_0.wav,22050,10.0,220500,0.056847,0.093032,1631.12,1311.29,2820.8,train
HsBcV4PYuIY_30.wav,22050,10.0,220500,0.070777,0.291911,3437.44,2284.3,5244.61,train
gGXorO8Eh20_20.wav,22050,10.0,220500,0.103874,0.130974,2305.71,1986.43,3969.9,train
CF78-TIXN5I_0.wav,22050,7.546,166400,0.1348,0.139577,1620.59,1027.77,2848.69,train
25OVN5Ey3FU_0.wav,22050,10.0,220500,0.032492,0.245672,3545.72,2504.25,6155.7,train
Hi8GA42aa6w_10.wav,22050,10.0,220500,0.086789,0.29949,3281.62,2018.62,5704.7,train
LCO30NuUG8Q_30.wav,22050,10.0,220500,0.190504,0.068251,1295.65,1261.26,2644.84,train
9CSaGF9Tf3s_510.wav,22050,10.0,220500,0.064071,0.062046,1285.3,1464.76,2364.03,train
tf_4RIp_TBE_30.wav,22050,10.0,220500,0.178909,0.1027,1381.46,806.95,2092.82,train
lcHPWtp4Nxk_10.wav,22050,10.0,220500,0.032354,0.160058,2687.21,2259.37,4938.02,train
KeJzjENDtNw_10.wav,22050,10.0,220500,0.074881,0.300565,4056.47,2782.44,7329.16,train
6kI5Yr-5cmQ_10.wav,22050,10.0,220500,0.127263,0.127548,2857.55,3011.12,6586.69,train
GLB6sXBb-ek_30.wav,22050,10.0,220500,0.107956,0.067894,1284.88,1182.83,2456.93,train
18Ecd_rbNIY_520.wav,22050,10.0,220500,0.069974,0.197843,3066.8,2501.62,5889.96,train
Ym7NZpMpYb0_30.wav,22050,10.0,220500,0.003161,0.086204,2672.37,2866.23,6334.01,train
3rO0TCjNriw_220.wav,22050,10.0,220500,0.094135,0.047933,737.6,631.64,1254.92,train
A8BU42fjbtM_30.wav,22050,10.0,220500,0.04114,0.107912,2163.69,2176.97,4335.67,train
nUWUWGBxGcA_29.wav,22050,9.378,206774,0.014563,0.187595,3060.52,2649.61,6176.91,train
WScp8iIj2WA_10.wav,22050,10.0,220500,0.096676,0.23928,3680.96,2940.15,7324.46,train
JAnO0B5l4o4_30.wav,22050,10.0,220500,0.168524,0.040224,1981.28,2651.31,4529.67,train
KJBcmomSQOU_30.wav,22050,10.0,220500,0.069123,0.140231,1646.93,952.02,2371.67,train
SGiOjt8ot6M_330.wav,22050,10.0,220500,0.043034,0.059655,1528.16,2145.74,3361.98,train
afUN_J3o-4M_100.wav,22050,10.0,220500,0.095545,0.197712,3198.69,2673.09,6287.6,train
_EIcU1KrKxk_30.wav,22050,10.0,220500,0.046777,0.077131,1290.75,1199.22,2819.48,train
1ZxjZrNfTj8_80.wav,22050,10.0,220500,0.172455,0.093589,1734.68,1713.69,3147.82,train
0TxZyvH6VUY_10.wav,22050,10.0,220500,0.219475,0.103181,1702.87,1399.99,3245.19,train
_j1XtxVa6lM_60.wav,22050,10.0,220500,0.027743,0.18398,3306.95,3099.78,7363.33,train
Oqcn_ftjhhU_180.wav,22050,10.0,220500,0.141589,0.136479,2817.74,3001.3,6755.53,train
VYD17VP8oUI_0.wav,22050,10.0,220500,0.242145,0.153848,2649.65,2386.18,5267.82,train
rQK08E1cFmE_90.wav,22050,10.0,220500,0.211933,0.106255,2500.89,2607.76,5666.73,train
R_kb0uKR-zI_40.wav,22050,10.0,220500,0.369714,0.134879,2357.28,1943.23,4456.62,train
X9C9w1bk8PE_190.wav,22050,10.0,220500,0.204797,0.101974,1818.77,1624.94,3352.66,train
Qc_U8EW5lIg_110.wav,22050,10.0,220500,0.011599,0.116997,2104.91,2117.34,4004.88,train
fcqZhwtQSZs_230.wav,22050,10.0,220500,0.121469,0.055834,1287.34,1662.99,2527.98,train
hDKz_1FiNu8_0.wav,22050,5.254,115856,0.105846,0.060259,1165.72,1537.33,1925.51,train
88LYqtsAUh4_30.wav,22050,10.0,220500,0.257109,0.114783,1907.47,1855.91,3813.03,train
5ca-ERYOrrU_4.wav,22050,9.05,199544,0.118727,0.13884,1627.96,700.18,2010.51,train
lBnShgOXTf4_110.wav,22050,10.0,220500,0.091526,0.067336,1287.99,1279.6,2348.64,train
dEdc7fnSG-A_3.wav,22050,10.0,220500,0.155168,0.093644,1877.87,1813.52,3448.98,train
5tjJCuFGtrA_25.wav,22050,9.477,208958,0.050431,0.210247,3599.73,3096.16,7332.58,train
ODh4YqftedM_30.wav,22050,10.0,220500,0.04711,0.081578,1826.55,2173.72,3534.89,train
-wl9-tdrNNU_30.wav,22050,10.0,220500,0.176511,0.065672,1311.7,1410.1,2498.85,train
gncVUvG1cm0_150.wav,22050,10.0,220500,0.054515,0.362154,4562.31,2934.53,8186.39,train
paWd0AqTGzA_20.wav,22050,10.0,220500,0.004455,0.293579,4032.98,3071.73,7805.49,train
BAPVJdc27pA_30.wav,22050,10.0,220500,0.226454,0.11387,2314.36,2386.78,4830.31,train
3QXHLCLrfN4_30.wav,22050,10.0,220500,0.099881,0.139723,1794.12,1321.48,3285.71,train
Evb_3cF8QSg_0.wav,22050,10.0,220500,0.378532,0.114998,1661.69,1463.74,2608.91,train
6t5rIjr8oKg_30.wav,22050,10.0,220500,0.143113,0.046805,1140.31,1229.48,2485.06,train
4fJKThnLshU_4.wav,22050,9.63,212344,0.049256,0.167599,2829.88,2509.79,5688.22,train
_iLZB3eA2gM_0.wav,22050,9.636,212480,0.039675,0.035194,695.2,558.49,1262.18,train
Of4_8RGGI80_10.wav,22050,10.0,220500,0.024676,0.244621,3657.94,2865.68,7317.57,train
6tqBfxotvoA_18.wav,22050,9.794,215964,0.001394,0.056756,1145.4,1343.24,2353.14,train
pPsf0n8WAlw_160.wav,22050,10.0,220500,0.024745,0.203273,3663.04,2798.49,6913.01,train
C0jDy7PLyhA_30.wav,22050,10.0,220500,0.031551,0.153906,2310.16,2604.51,5304.79,train
pvPJaFuhZsg_0.wav,22050,10.0,220500,0.064965,0.161368,1916.1,841.83,2591.45,train
5i2Lr9TdPlA_120.wav,22050,10.0,220500,0.031877,0.095955,2004.97,1972.73,4252.41,train
c_-HYYulpuA_0.wav,22050,10.0,220500,0.239822,0.131587,2408.21,2181.06,4608.36,train
ST0p5BpvCLs_230.wav,22050,10.0,220500,0.167333,0.156765,2704.41,1918.07,5079.31,train
I7yO7oOS5hg_0.wav,22050,10.0,220500,0.076296,0.099137,1315.9,789.14,1635.17,train
bMIHSKTaGPI_30.wav,22050,10.0,220500,0.087565,0.05511,1234.27,1690.45,2191.84,train
jcBwabZOFwo_530.wav,22050,10.0,220500,0.410452,0.062134,1790.38,2220.15,3749.87,train
YRR42b9LClU_30.wav,22050,10.0,220500,0.102982,0.092662,2116.13,2291.33,4500.26,train
3X2lKvKJWuw_80.wav,22050,10.0,220500,0.022069,0.107703,2004.53,1743.8,4026.28,train
SOAETmZT73o_40.wav,22050,10.0,220500,0.004496,0.169817,3122.53,2933.67,6722.38,train
Y6KALdmaZPs_30.wav,22050,10.0,220500,0.368252,0.201466,2494.29,1618.13,4233.12,train
Jz2uASgT1Ps_30.wav,22050,10.0,220500,0.032554,0.155534,2978.28,3098.05,6743.79,train
_h23AvUSOD4_30.wav,22050,10.0,220500,0.106646,0.114807,2228.88,2173.89,4277.84,train
KF_kfdE2n1o_20.wav,22050,10.0,220500,0.077343,0.149765,2381.22,2016.9,4215.71,train
z54cO5ooP6Y_0.wav,22050,10.0,220500,0.119159,0.06577,1189.25,1317.54,2170.56,train
9-HQm-crbAE_220.wav,22050,10.0,220500,0.063107,0.138874,2199.95,1763.97,4116.36,train
Ognrype05OI_440.wav,22050,10.0,220500,0.055939,0.419686,5921.22,3804.85,9872.4,train
fzMMDhumkkc_340.wav,22050,10.0,220500,0.168385,0.055743,1704.03,2157.05,3699.64,train
H6pwM3eqZSg_30.wav,22050,10.0,220500,0.027501,0.250254,2635.64,1552.13,4265.55,train
2TUoPDvS3WE_30.wav,22050,10.0,220500,0.087202,0.501504,5559.71,3097.65,9227.28,train
Zx8LJWLdxeg_15.wav,22050,9.427,207874,0.231239,0.101892,1747.88,1513.55,3528.43,train
wRTbswBmGiQ_560.wav,22050,10.0,220500,0.109482,0.077085,1643.07,1813.5,3037.01,train
ogtbtvBrjuk_30.wav,22050,10.0,220500,0.152334,0.148162,1759.22,1038.8,2932.91,train
dcDTf7fnOK4_25.wav,22050,9.017,198830,0.017457,0.18683,3132.79,2733.46,6634.14,train
P_dPUeqhDxQ_0.wav,22050,10.0,220500,0.557546,0.1834,3352.75,2682.3,6627.85,train
d3-Vex9teik_570.wav,22050,10.0,220500,0.115096,0.191111,3221.77,2707.61,6108.66,train
bjsMZ-yjjck_30.wav,22050,10.0,220500,0.131224,0.273927,3822.76,2958.82,7512.94,train
A7qS6N7Nf1w_70.wav,22050,10.0,220500,0.066531,0.221999,3478.73,2756.08,6828.62,train
1UgCfEUzfqo_30.wav,22050,10.0,220500,0.00587,0.067085,1288.5,1387.8,2938.88,train
iP9812ZdG_A_0.wav,22050,10.0,220500,0.087899,0.107167,2392.59,2510.16,5696.51,train
tnetRO6T1HM_30.wav,22050,10.0,220500,0.046935,0.189535,3126.77,2350.3,6166.46,train
C3s-uheLYEk_30.wav,22050,10.0,220500,0.336031,0.054789,1525.93,2312.78,2884.3,train
Eo9jnxrpaIo_30.wav,22050,10.0,220500,0.056638,0.2024,3518.27,2951.15,7468.65,train
45f2Eb2Z1aw_30.wav,22050,10.0,220500,0.098598,0.199982,2686.69,1823.05,4148.09,train
k3GG50mjw4M_140.wav,22050,10.0,220500,0.207363,0.062645,1404.54,1505.16,2666.5,train
cvxZUSHqZqc_30.wav,22050,10.0,220500,0.15101,0.136702,2717.66,2870.04,6468.45,train
E7-7GNldmWo_60.wav,22050,10.0,220500,0.005155,0.192198,3365.21,3020.06,7111.15,train
jf3CehuTcp8_170.wav,22050,10.0,220500,0.020558,0.205527,3511.72,2949.46,7180.15,train
jYG5dzZrln4_10.wav,22050,10.0,220500,0.009569,0.216506,3433.96,2933.42,7209.18,train
FcL-3j8OFTM_250.wav,22050,10.0,220500,0.099862,0.137683,1854.18,1774.82,3689.22,train
TVtMZ1nx_Mk_30.wav,22050,10.0,220500,0.036582,0.380356,4750.25,3150.27,8797.49,train
eSv2t3N-c_E_40.wav,22050,10.0,220500,0.050467,0.152866,2046.21,1448.46,3063.36,train
-doq4BJliHs_30.wav,22050,10.0,220500,0.037337,0.103537,2007.12,2247.13,4162.68,train
wauBVIMRsA4_10.wav,22050,10.0,220500,0.103243,0.344985,3414.49,1515.93,5079.71,train
D_zqTGfNo6g_30.wav,22050,10.0,220500,0.09519,0.141555,2578.35,2480.19,5243.63,train
sogaJuk00o4_50.wav,22050,10.0,220500,0.096539,0.140074,2394.87,2147.52,4587.7,train
FkyO6R1Frgw_0.wav,22050,10.0,220500,0.013169,0.06575,1356.84,1454.01,2790.47,train
Vx44QGMkps8_30.wav,22050,10.0,220500,0.063188,0.026231,934.39,1854.15,1481.42,train
YsSamZ5NZgA_20.wav,22050,10.0,220500,0.050323,0.110491,2254.02,2424.0,4684.2,train
mSl5sHt84uA_140.wav,22050,10.0,220500,0.033206,0.136977,2496.09,2279.02,4694.14,train
0l0TXQRlQa0_30.wav,22050,10.0,220500,0.188001,0.098428,2073.2,2217.54,4024.04,train
xqXtYjg_OdY_50.wav,22050,10.0,220500,0.484416,0.113774,2498.48,2124.84,5074.67,train
-kqLcm1nTwY_0.wav,22050,10.0,220500,0.087275,0.133769,2362.68,1934.33,4829.61,train
9LUQ6JD8500_30.wav,22050,10.0,220500,0.14925,0.090756,1145.5,747.98,1851.68,train
Uer0sFSa4O0_10.wav,22050,10.0,220500,0.131517,0.108903,2085.73,2105.31,3981.64,train
nwEkhvUErao_30.wav,22050,10.0,220500,0.101305,0.088516,1710.98,1819.93,3341.64,train
l9bJ98NMp08_24.wav,22050,9.088,200400,0.02668,0.052447,1364.8,1863.9,2592.14,train
Mr-0_zQjvFE_30.wav,22050,10.0,220500,0.103512,0.139979,2864.34,2642.54,5956.88,train
PQ4FmfFJlgA_26.wav,22050,10.0,220500,0.302367,0.086424,1279.67,958.64,2263.71,train
-o5IiTV6RGg_30.wav,22050,10.0,220500,0.029792,0.220248,4276.99,3442.48,8590.85,train
H-o2TWcKIjw_40.wav,22050,10.0,220500,0.060771,0.093426,2796.1,2644.71,5752.76,train
R27Vp9go7tU_40.wav,22050,10.0,220500,0.177859,0.541422,5931.41,2301.74,8376.39,train
5kNFNqasPfo_30.wav,22050,10.0,220500,0.190767,0.114105,1812.4,1758.06,3191.34,train
wCRDauy-_JE_20.wav,22050,10.0,220500,0.009707,0.044175,1011.7,1467.72,1825.03,train
bd77tW1y6FQ_70.wav,22050,10.0,220500,0.013321,0.015411,1147.18,1729.7,2835.24,train
GjpVTffFdsk_30.wav,22050,10.0,220500,0.074428,0.11378,1558.98,1279.87,2901.34,train
dw4vnZjDN-I_520.wav,22050,10.0,220500,0.023174,0.224592,3529.29,2670.39,6610.87,train
ir6TuBIPxkY_30.wav,22050,10.0,220500,0.108883,0.134042,1697.79,1089.19,2959.04,train
AziH7VwH60U_250.wav,22050,10.0,220500,0.134662,0.073727,1614.86,2028.26,3350.61,train
5Kd-wN37IFo_280.wav,22050,10.0,220500,0.02378,0.107168,2201.85,2134.3,4371.52,train
lwCuujMHgaE_70.wav,22050,10.0,220500,0.181648,0.242927,3812.46,2773.66,7111.58,train
41thl86RcXE_160.wav,22050,10.0,220500,0.02893,0.099936,1904.68,2086.17,3760.94,train
oXUkBm98cM4_410.wav,22050,10.0,220500,0.02491,0.253386,3546.08,2545.85,6464.98,train
yI8K6UP46ug_10.wav,22050,10.0,220500,0.043866,0.358328,4331.05,2540.36,7029.19,train
i9pE9Nq3AZQ_100.wav,22050,10.0,220500,0.04672,0.174151,2677.58,2319.78,5007.89,train
12Y-_doK81M_0.wav,22050,10.0,220500,0.230057,0.12113,2096.69,1995.36,4138.12,train
FigGJwwxe0s_200.wav,22050,10.0,220500,0.007692,0.200235,3741.13,3074.09,7422.21,train
R731TRJY86w_30.wav,22050,10.0,220500,0.0038,0.203434,3300.63,2776.89,6867.67,train
KxOF078vkFc_30.wav,22050,10.0,220500,0.053051,0.142,2576.88,2613.03,5471.48,train
cxRhySahrxo_40.wav,22050,10.0,220500,0.292969,0.192149,2177.37,1379.95,3843.18,train
fwjyHBFQ564_110.wav,22050,10.0,220500,0.048106,0.181463,2811.12,2294.96,5248.51,train
3wRWedMGIHU_30.wav,22050,10.0,220500,0.699071,0.139631,2501.37,2145.87,4603.13,train
9Wa_1JEheIU_80.wav,22050,10.0,220500,0.17654,0.075806,1187.87,1161.48,2453.11,train
3rZKZ2bDiHQ_30.wav,22050,10.0,220500,0.169893,0.080106,2184.06,2420.7,4697.96,train
DvRkr3TRTAE_210.wav,22050,10.0,220500,0.059909,0.040064,1518.73,2068.93,3576.91,train
_gISHwr4Y50_30.wav,22050,10.0,220500,0.022354,0.120837,1633.79,1163.81,2998.11,train
fELIvVX_l4M_80.wav,22050,10.0,220500,0.165243,0.166084,2819.8,2585.32,5599.06,train
3MNEDBOE1BE_30.wav,22050,10.0,220500,0.017132,0.143964,2444.93,2261.75,4852.12,train
_9NT1KOYPkM_18.wav,22050,9.371,206636,0.129071,0.18583,3068.58,2255.42,5686.58,train
SS6PcLr56cA_80.wav,22050,10.0,220500,0.118914,0.027027,1758.18,1760.75,3561.92,train
1HyUAtlw7nc_20.wav,22050,10.0,220500,0.072426,0.137814,2471.17,2370.9,4944.07,train
fXAVGa2FtJw_0.wav,22050,9.747,214928,0.153359,0.064776,1009.82,824.65,1871.75,train
E0aHOpSmsjA_350.wav,22050,10.0,220500,0.099364,0.096481,2235.88,2454.78,4849.27,train
-DovPjyFTfs_30.wav,22050,10.0,220500,0.038451,0.113469,1601.22,1243.37,2907.08,train
r9-z52SWiVU_30.wav,22050,10.0,220500,0.091624,0.077046,1531.01,1863.46,2764.07,train
znllr-n0h4A_30.wav,22050,10.0,220500,0.014327,0.162796,3367.79,2925.08,6932.72,train
2dlyjhaSEyU_30.wav,22050,10.0,220500,0.015672,0.070641,1410.84,1606.78,2718.98,train
-gAYyzIl2-w_40.wav,22050,10.0,220500,0.170248,0.198826,3374.76,2867.05,6938.71,train
4Nd6anJtZ0o_30.wav,22050,10.0,220500,0.009069,0.062609,1723.6,2333.63,3982.52,train
8pKyaptVj1M_30.wav,22050,10.0,220500,0.080733,0.137001,2033.66,1769.03,3267.58,train
M7kJxHlAf-Q_140.wav,22050,10.0,220500,0.055392,0.108333,2555.84,2683.44,5745.52,train
3PPCeZBxIgI_10.wav,22050,10.0,220500,0.177942,0.280975,4000.52,2573.76,6924.52,train
DuF8-Tl3a-8_30.wav,22050,10.0,220500,0.085155,0.130424,2608.18,2633.96,5491.69,train
jwlHPZqkStg_30.wav,22050,10.0,220500,0.215758,0.20751,3421.54,2959.26,6990.77,train
O-VRb0oNG8k_230.wav,22050,10.0,220500,0.02946,0.181779,2891.36,2411.01,5601.28,train
zAR7N79HIyY_30.wav,22050,10.0,220500,0.016498,0.075823,1307.77,1353.6,2453.14,train
3Kpaz952ZuY_80.wav,22050,10.0,220500,0.016741,0.135894,2954.7,3021.33,6725.33,train
BuvtnEJTgko_17.wav,22050,9.587,211390,0.039298,0.139725,2464.18,2241.81,4897.63,train
5DlCbPoafow_23.wav,22050,9.747,214914,0.159228,0.073178,1369.43,1345.89,2425.38,train
xVSMZp7l8vw_150.wav,22050,10.0,220500,0.043904,0.122767,2284.96,2245.83,4210.52,train
SNYCr5Tl8e4_30.wav,22050,10.0,220500,0.102107,0.106124,1866.02,1667.12,3293.98,train
wk1SUIhqRbw_180.wav,22050,10.0,220500,0.033329,0.152432,2551.56,2437.57,4874.72,train
QQu0HfPAD2c_0.wav,22050,10.0,220500,0.118993,0.174169,2908.62,2589.08,5801.02,train
6Unw5OapjkA_30.wav,22050,10.0,220500,0.025712,0.105638,2088.94,2233.95,4277.84,train
utQ7W0rjGRk_20.wav,22050,10.0,220500,0.176463,0.140585,2550.56,2526.86,5225.07,train
bQ_ZT5ZUyP0_50.wav,22050,10.0,220500,0.0584,0.147339,2572.57,2332.83,4997.28,train
sN-ZWpTvL3E_10.wav,22050,10.0,220500,0.106155,0.167508,1904.42,965.3,2926.72,train
f-9WBipFOvY_0.wav,22050,10.0,220500,0.146444,0.223001,3253.47,2380.0,5980.19,train
vS7gi9eQIZU_20.wav,22050,10.0,220500,0.119609,0.150345,2226.36,1407.35,4015.04,train
faRz2w4qSiQ_120.wav,22050,10.0,220500,0.037483,0.159581,2590.75,2325.12,5160.07,train
-JKnrzprvBc_30.wav,22050,10.0,220500,0.183096,0.10255,2228.35,2369.2,4641.73,train
29Eywp0cbUg_10.wav,22050,10.0,220500,0.100335,0.326983,4382.05,2968.69,7786.75,train
FJYtfDaul-Q_80.wav,22050,10.0,220500,0.07841,0.168846,2951.75,2504.64,5397.14,train
v1QtkedlwyI_40.wav,22050,10.0,220500,0.129218,0.139017,2187.65,1721.29,3909.05,train
_xKFo2pA-zc_10.wav,22050,10.0,220500,0.160418,0.132911,2488.11,2330.38,4873.75,train
XJqyCc1i53s_16.wav,22050,9.867,217568,0.013087,0.044021,1516.15,2110.95,3189.78,train
6ICd5nNZJA4_30.wav,22050,10.0,220500,0.035111,0.105715,2085.53,2241.1,4222.46,train
GcYoP8Ne2p0_40.wav,22050,10.0,220500,0.508275,0.096996,2386.03,2336.36,4972.57,train
-l-DEfDAvNA_30.wav,22050,10.0,220500,0.069808,0.131985,1633.44,1009.21,2345.1,train
hH4ZsQ2xSI4_20.wav,22050,10.0,220500,0.171874,0.099753,1456.84,1173.86,2374.45,train
rIBWuI5efpU_30.wav,22050,10.0,220500,0.18705,0.049273,1578.01,2235.67,3382.19,train
0K_24pGBYTY_100.wav,22050,10.0,220500,0.035002,0.071939,1510.47,1773.32,2738.66,train
VIIWOccPjgE_0.wav,22050,10.0,220500,0.173467,0.170186,2650.13,2083.86,4628.96,train
EpFUHRgbXGM_30.wav,22050,10.0,220500,0.027278,0.051529,1281.87,1705.7,2744.28,train
55Al8YhCeUw_30.wav,22050,10.0,220500,0.111507,0.172238,2859.72,2652.57,5601.93,train
yqXI0OVN3zw_9.wav,22050,9.855,217294,0.198983,0.066158,1809.39,2343.48,3809.32,train
A6iAUSbEXQY_10.wav,22050,10.0,220500,0.255672,0.2432,3096.85,2525.4,5848.04,train
7irEXBddu8c_40.wav,22050,10.0,220500,0.146027,0.013612,267.91,440.81,425.79,train
Hs8F4rYagQ4_0.wav,22050,10.0,220500,0.032631,0.04313,786.81,750.1,1572.6,train
U8rlTxIjqZE_410.wav,22050,10.0,220500,0.048825,0.203771,3188.87,2673.62,6396.81,train
i6_Gcz5f2Qo_30.wav,22050,10.0,220500,0.203963,0.060042,1951.12,2499.79,4592.89,train
X5XRKqzsKTE_60.wav,22050,10.0,220500,0.018252,0.1841,2771.19,2359.53,5178.64,train
cCLtbpDlMIg_20.wav,22050,9.949,219368,0.085744,0.326373,4305.28,2816.76,7635.13,train
4jN5fJxQGNQ_330.wav,22050,10.0,220500,0.03374,0.152739,2875.65,2630.01,5712.92,train
hkEqACliirc_30.wav,22050,10.0,220500,0.01882,0.34086,3505.64,2281.1,6167.51,train
NndxlF2z-L0_30.wav,22050,10.0,220500,0.059232,0.047345,1429.58,2128.42,2819.83,train
r3rlIzjAuqI_0.wav,22050,10.0,220500,0.240089,0.107173,2107.12,2135.85,4180.16,train
3UD37dagPlQ_30.wav,22050,10.0,220500,0.006165,0.253478,3785.05,3210.64,7974.5,train
6KwtthFuRtE_70.wav,22050,10.0,220500,0.09237,0.046584,1655.73,2250.93,3767.61,train
OCksmyxSnSI_20.wav,22050,10.0,220500,0.008037,0.317192,4113.16,3037.78,7770.31,train
MhZ9-7-Hu_A_20.wav,22050,10.0,220500,0.062815,0.261275,4042.31,2985.56,7482.64,train
67hXUlfCNWI_130.wav,22050,9.802,216140,0.050853,0.159245,2197.06,1752.55,4103.22,train
PwokAUqDBpU_19.wav,22050,9.584,211322,0.172009,0.184355,3547.33,2920.11,7578.67,train
nJuq2z_PMhk_20.wav,22050,10.0,220500,0.111529,0.070661,1508.51,1496.75,3296.9,train
G8HYlqLiJXE_180.wav,22050,10.0,220500,0.263037,0.047422,952.35,1172.47,1975.03,train
MAUugDU9TrI_0.wav,22050,10.0,220500,0.100256,0.041959,1413.14,1681.0,3063.54,train
0vK80s2WEno_140.wav,22050,10.0,220500,0.009503,0.432182,5302.62,3325.5,9006.37,train
KRPlcAANvn0_120.wav,22050,10.0,220500,0.014173,0.431541,5056.59,2985.64,8670.14,train
JDntO1nKiUQ_30.wav,22050,10.0,220500,0.556247,0.105198,2286.22,2498.99,5046.36,train
Lrb4FbQq3XE_120.wav,22050,10.0,220500,0.116698,0.109044,3202.34,2781.27,6412.42,train
DkFamvr8kEY_20.wav,22050,10.0,220500,0.264352,0.020584,1099.78,1749.66,2649.81,train
DTo7Hy3f5to_6.wav,22050,9.743,214836,0.204093,0.069691,1544.92,1921.27,3473.31,train
ZDvRACkBasE_24.wav,22050,9.53,210128,0.100861,0.156534,2528.36,2012.12,4526.87,train
cy7txfZbllU_170.wav,22050,10.0,220500,0.095758,0.219616,2538.22,1830.23,4662.71,train
99g83CSiXeA_560.wav,22050,10.0,220500,0.059155,0.329488,4252.74,2916.03,7728.05,train
HlinIh_mbz8_0.wav,22050,4.697,103568,0.110452,0.11991,2300.35,2114.98,4441.2,train
Xsj-tP_5e1E_30.wav,22050,10.0,220500,0.048721,0.073897,1584.21,2035.49,3032.28,train
crNChC2-KT0_90.wav,22050,10.0,220500,0.123718,0.38005,4634.37,2373.0,7298.23,train
oZyKQRVRGcM_30.wav,22050,10.0,220500,0.161812,0.132375,2232.74,2074.51,4289.78,train
8-twMDULIxk_180.wav,22050,10.0,220500,0.032535,0.198363,2495.25,1870.06,4736.21,train
usasw640oaU_10.wav,22050,10.0,220500,0.028997,0.214147,3341.06,2752.48,6664.53,train
GtBtMMK95LA_50.wav,22050,10.0,220500,0.079061,0.261453,3913.08,2884.32,7393.98,train
eCD_-32__UM_0.wav,22050,10.0,220500,0.049536,0.043784,1858.29,2542.68,4634.09,train
03yHjGd5Y6c_40.wav,22050,10.0,220500,0.273364,0.062923,1489.2,1296.06,2905.36,train
47tADKZxUnM_470.wav,22050,10.0,220500,0.083543,0.123153,2438.86,2459.0,4812.52,train
1RSqXK9hVT8_30.wav,22050,10.0,220500,0.08671,0.159709,2604.25,2295.39,5006.22,train
Nz60Via4pGg_30.wav,22050,10.0,220500,0.057229,0.101618,1632.28,1532.29,3011.85,train
ZcIR9Pp79Mo_30.wav,22050,10.0,220500,0.046635,0.198374,2802.0,2148.34,5486.7,train
TY2BdV9CPgc_290.wav,22050,10.0,220500,0.146493,0.046771,1165.62,1480.15,2300.06,train
g4Ef_Hw8rak_30.wav,22050,10.0,220500,0.24582,0.08364,1154.58,726.8,1748.94,train
Uv31HdqXy5Y_520.wav,22050,10.0,220500,0.015246,0.093547,2134.21,2509.48,4782.27,train
wWUUKV3yQeg_570.wav,22050,10.0,220500,0.088086,0.145213,2739.26,2497.61,5527.94,train
Wh9McHnCowg_0.wav,22050,10.0,220500,0.036686,0.123082,2187.3,1887.34,4106.9,train
3AkGXDE_90o_30.wav,22050,10.0,220500,0.221841,0.114227,2472.22,2415.05,5032.52,train
40oBU5oboag_30.wav,22050,10.0,220500,0.013494,0.128585,1667.37,1217.75,2967.01,train
xDRZQxau_fM_510.wav,22050,10.0,220500,0.105679,0.163842,2734.66,2507.77,5535.56,train
CAkuWRvQRMg_30.wav,22050,10.0,220500,0.044846,0.263356,3744.1,2675.57,6898.22,train
BD1xS5nNSMY_30.wav,22050,10.0,220500,0.109324,0.119879,1456.05,910.81,2428.61,train
rYx5M4B-O2w_19.wav,22050,9.706,214026,0.075929,0.375141,4211.15,2257.73,6600.21,train
enQWcDcqHgU_140.wav,22050,10.0,220500,0.106226,0.088795,1196.28,888.23,2174.25,train
1liYmZMHwXs_370.wav,22050,10.0,220500,0.102406,0.142455,2216.16,1672.82,3784.05,train
VCryaACktco_0.wav,22050,10.0,220500,0.126521,0.047897,834.17,953.65,1792.0,train
sveWt-6lAfw_30.wav,22050,10.0,220500,0.015665,0.097938,2077.89,2528.89,4342.74,train
fRztXG_T0sY_21.wav,22050,9.576,211142,0.040485,0.102019,1721.28,2019.7,2870.85,train
Say67sygwNE_30.wav,22050,10.0,220500,0.030948,0.034318,1391.64,2143.27,3014.32,train
sNL8k4EuQR4_60.wav,22050,10.0,220500,0.046551,0.217982,3473.37,2941.37,7086.65,train
-Sn1HU1tQgM_220.wav,22050,10.0,220500,0.051142,0.166004,2637.57,2257.63,5064.52,train
MYHtJ7_Cn9k_150.wav,22050,10.0,220500,0.050241,0.184514,2691.79,2056.1,4653.47,train
2svNOEl0JLc_30.wav,22050,10.0,220500,0.093334,0.134211,2250.89,2376.16,4358.25,train
rv4oj9lIh-Q_0.wav,22050,9.567,210944,0.082313,0.224615,3701.04,2964.79,7484.95,train
CalrtHAXuqs_20.wav,22050,10.0,220500,0.094737,0.068236,1493.01,1676.99,3213.27,train
M9aRXYqVBfA_180.wav,22050,10.0,220500,0.051319,0.111164,1696.2,1436.79,3437.67,train
4NRdEPmt8MY_130.wav,22050,10.0,220500,0.07262,0.431841,5608.7,3031.39,9100.38,train
MX9SiTYGBiM_12.wav,22050,9.153,201832,0.12723,0.458249,5121.89,2487.81,7011.65,train
4Zw_YDMP8PE_260.wav,22050,10.0,220500,0.018025,0.168829,2321.01,1491.35,4053.46,train
0i51hDY_RPA_80.wav,22050,10.0,220500,0.001802,0.483432,5399.05,3197.3,8996.93,train
IfXhJaHM_Kg_20.wav,22050,10.0,220500,0.046883,0.150416,2587.98,2391.88,5178.54,train
EAzCHY_YMVg_30.wav,22050,10.0,220500,0.151911,0.194015,2939.33,2322.23,5348.73,train
2dkVx7myTOM_30.wav,22050,10.0,220500,0.165305,0.094721,1329.97,906.64,2190.09,train
6n1fCPitFow_160.wav,22050,10.0,220500,0.108541,0.312101,4134.46,2686.77,7328.13,train
GbQ67ta3mKY_250.wav,22050,10.0,220500,0.179431,0.12132,2282.61,2414.03,4723.02,train
xpqZhpdOzcY_100.wav,22050,10.0,220500,0.056209,0.430462,4437.67,2022.39,6726.48,train
0TI6-hkjV04_30.wav,22050,10.0,220500,0.37493,0.116647,2352.94,2266.82,4575.51,train
5yz-Mlrjilw_22.wav,22050,9.3,205076,0.206199,0.122609,1716.61,1363.33,3214.11,train
Ijm0p7QOct4_140.wav,22050,10.0,220500,0.067573,0.049506,1359.84,1953.68,2623.85,train
5gppYWgryzI_30.wav,22050,10.0,220500,0.024366,0.191126,2117.91,1430.51,3630.22,train
S4Igbs59s8o_20.wav,22050,10.0,220500,0.018351,0.097021,2106.78,2446.48,4377.79,train
VV3Q2N5JKS0_0.wav,22050,7.57,166912,0.154361,0.037408,760.15,860.16,1417.7,train
EqIdSkQg8Qk_20.wav,22050,10.0,220500,0.235805,0.087939,1998.66,2268.11,4178.82,train
A7EKMjwxyK4_30.wav,22050,10.0,220500,0.057571,0.085862,1547.8,1761.29,2889.85,train
HLY9kdv7hGk_0.wav,22050,6.896,152064,0.109505,0.074219,1477.26,1777.14,2580.88,train
MsBiOHuzwY4_30.wav,22050,10.0,220500,0.151172,0.158782,1746.83,1092.38,3010.83,train
nJuPP-jH4Yw_0.wav,22050,2.531,55808,0.148902,0.072403,1800.47,2296.95,4104.33,train
Wrn39Ckw6mw_490.wav,22050,10.0,220500,0.003148,0.270749,4395.38,3062.79,8078.45,train
pVb3X3UMIKg_30.wav,22050,10.0,220500,0.070061,0.165107,2596.52,2225.33,4942.02,train
LEX93L9I6uI_190.wav,22050,10.0,220500,0.131679,0.053356,1102.69,1423.73,1931.82,train
tqOVPKuXM4M_30.wav,22050,10.0,220500,0.007433,0.114131,2109.44,2160.85,3921.77,train
AqrSHCCehgY_30.wav,22050,10.0,220500,0.088835,0.172403,2935.56,2377.4,5255.93,train
rEuJB6R8SFs_16.wav,22050,9.426,207840,0.005908,0.178629,2685.87,2127.02,5231.24,train
Dj3sFN2PPzE_0.wav,22050,5.0,110250,0.011518,0.047063,1845.88,2430.71,4038.67,train
xkqKKxM69x8_0.wav,22050,10.0,220500,0.336796,0.152813,2434.6,1959.31,4395.15,train
teLb1bZkx4g_160.wav,22050,10.0,220500,0.161922,0.097838,1824.47,1900.08,3557.0,train
2P5SAsilxeM_0.wav,22050,10.0,220500,0.120432,0.159189,3160.64,2992.29,6945.63,train
0ZRp7XYpfcc_22.wav,22050,9.481,209060,0.004656,0.087751,1631.76,1256.43,3093.57,train
aUkjSUbodaQ_0.wav,22050,10.0,220500,0.14878,0.22752,3396.31,2631.0,6540.77,train
NVHf0-olVAc_100.wav,22050,10.0,220500,0.196834,0.084355,2034.32,2342.43,4454.68,train
5ttsSgm21vo_0.wav,22050,9.0,198450,0.102074,0.115521,1397.6,893.11,2379.34,train
EPaHmNPV8_s_80.wav,22050,10.0,220500,0.096477,0.122725,1963.49,1770.28,3810.7,train
Z9XF-0Xfma4_30.wav,22050,10.0,220500,0.077324,0.109333,2422.32,2393.51,4917.94,train
5yDRoBtogY0_2.wav,22050,9.175,202316,0.147327,0.084851,1668.81,1867.19,3237.95,train
sFok1rcnU6U_60.wav,22050,10.0,220500,0.139926,0.199478,2509.76,1191.2,2774.64,train
NspiBGaAz3k_190.wav,22050,10.0,220500,0.026261,0.224335,3856.78,2915.65,7738.09,train
7M6pWV4u75I_70.wav,22050,10.0,220500,0.181084,0.118086,2137.07,1953.53,3929.48,train
36ZvZIQG5jE_24.wav,22050,9.646,212688,0.167784,0.139484,1653.08,1112.37,3147.32,train
3swTU6F1-ec_30.wav,22050,10.0,220500,0.135693,0.088288,1302.28,1057.97,2615.78,train
4drz22OxVn0_30.wav,22050,10.0,220500,0.056314,0.170972,3570.81,3306.08,7745.98,train
uSCpYOTSQuI_30.wav,22050,10.0,220500,0.028386,0.25728,4205.96,3073.35,7945.15,train
x4Jk_hQfxEk_330.wav,22050,10.0,220500,0.201298,0.283568,3819.45,2254.74,6237.83,train
r_1bca_xlWU_0.wav,22050,10.0,220500,0.108111,0.164777,2220.04,1292.23,3454.11,train
RCs-8QeHNEM_50.wav,22050,10.0,220500,0.076234,0.162386,2815.7,2385.56,5130.97,train
aqdFkTmjyPY_120.wav,22050,10.0,220500,0.107171,0.149509,3229.58,3000.04,6710.94,train
mExSMKLmTao_170.wav,22050,10.0,220500,0.090474,0.099302,2314.34,2551.73,5043.54,train
8RBlWITES0Y_60.wav,22050,10.0,220500,0.121537,0.152856,2648.66,2238.74,4846.42,train
gbTBPDyLFJk_30.wav,22050,10.0,220500,0.099788,0.129694,1783.67,1311.42,2989.72,train
jbjdqh4oNgE_320.wav,22050,10.0,220500,0.103816,0.048445,1088.76,1185.88,2382.37,train
f8hG8Kn0t84_20.wav,22050,10.0,220500,0.084179,0.080052,1535.5,1414.68,3160.66,train
f_7v-7YDsFs_510.wav,22050,10.0,220500,0.074136,0.142318,2361.79,2234.82,4415.53,train
NucyWgxj364_5.wav,22050,10.0,220500,0.006507,0.137462,1641.0,1198.9,2798.42,train
DHx9OEyyMyM_30.wav,22050,10.0,220500,0.076677,0.152665,2249.34,2002.51,3915.92,train
BB73kXRrlcw_30.wav,22050,10.0,220500,0.149402,0.108038,3395.44,2801.07,6683.74,train
imZFfa8AvaE_220.wav,22050,10.0,220500,0.019731,0.078092,1919.84,2352.12,4141.77,train
lEcRtAAFyNM_30.wav,22050,10.0,220500,0.236113,0.4733,5578.55,2937.46,9231.37,train
Lh8YJKwBa4I_10.wav,22050,10.0,220500,0.063358,0.112972,1726.55,1580.65,3650.25,train
PmRayk0uWpc_80.wav,22050,10.0,220500,0.08455,0.167721,2793.86,2449.3,5174.24,train
MuXlximELks_30.wav,22050,10.0,220500,0.136063,0.118175,1579.03,1237.56,2827.52,train
nUoJVDO1HiQ_20.wav,22050,10.0,220500,0.090531,0.183054,3097.32,2632.41,6202.64,train
1oZ6_eGLPx0_20.wav,22050,10.0,220500,0.002137,0.254625,3218.92,2264.91,5511.73,train
58Xb85DC_PE_30.wav,22050,10.0,220500,0.091441,0.159671,2103.15,1497.64,3957.74,train
bbARRiQV1W8_26.wav,22050,9.243,203804,0.051225,0.132596,1867.31,1392.32,3568.39,train
HperBQQszpQ_0.wav,22050,7.019,154768,0.0607,0.12927,2512.48,1372.77,3744.68,train
14UJ2LZS_V8_30.wav,22050,10.0,220500,0.152813,0.101159,2215.13,2177.18,4649.32,train
A2BxejB_Rtk_0.wav,22050,10.0,220500,0.116861,0.147364,1845.13,1001.9,2776.06,train
dSYEBdf0bL4_30.wav,22050,10.0,220500,0.024875,0.004491,489.88,1376.33,507.05,train
YyjVSKpUtlU_0.wav,22050,10.0,220500,0.152374,0.268836,4450.53,3308.91,8686.37,train
BBP8J1haCSg_130.wav,22050,10.0,220500,0.052852,0.394811,5184.49,2920.14,8764.61,train
XVSpdNiLRT4_120.wav,22050,10.0,220500,0.033832,0.154593,2225.03,1899.44,3624.1,train
pJPn3bgqzyE_30.wav,22050,10.0,220500,0.002743,0.246241,3190.2,2303.58,5571.35,train
gepz9OEju5g_340.wav,22050,10.0,220500,0.044172,0.090469,2205.15,2348.63,4315.38,train
ERQyYd8Kivc_30.wav,22050,10.0,220500,0.012591,0.091227,1975.53,2083.21,4113.49,train
EU9PjfHLKOw_210.wav,22050,10.0,220500,0.041799,0.15226,2717.03,2217.54,5046.39,train
949NP5fUjB0_290.wav,22050,10.0,220500,0.262644,0.073677,1396.81,1698.34,2460.91,train
3kr7rTUMT-Y_15.wav,22050,9.613,211970,0.216466,0.098173,1719.35,1619.86,3207.54,train
E6mxf9HjKkQ_260.wav,22050,10.0,220500,0.023429,0.246769,3465.46,2465.08,6186.17,train
uQWcD-QQpCE_30.wav,22050,10.0,220500,0.354532,0.037746,1161.59,1710.06,2016.45,train
4X1znF0CUts_30.wav,22050,10.0,220500,0.18048,0.094509,1285.78,964.18,2437.2,train
0-B5WeWmO7c_30.wav,22050,10.0,220500,0.060603,0.173055,3050.19,2642.66,5897.67,train
dKCPA59_90o_30.wav,22050,10.0,220500,0.066877,0.246636,3799.54,2594.62,6977.26,train
pFxRyTNRqaw_40.wav,22050,10.0,220500,0.039263,0.105963,1722.28,1674.82,3158.11,train
9STGQz1u7is_110.wav,22050,10.0,220500,0.198924,0.161871,2352.14,2021.33,4675.25,train
blYSghZHTFA_70.wav,22050,10.0,220500,0.0475,0.333027,4312.62,2699.71,7471.55,train
CMzlxMzoQJE_20.wav,22050,10.0,220500,0.037124,0.289359,4349.1,2857.01,8174.15,train
4F_Y3y2V89M_30.wav,22050,10.0,220500,0.237611,0.026146,1150.55,1924.52,2514.76,train
QkC37Z82Zq8_10.wav,22050,10.0,220500,0.093023,0.063202,1015.59,866.77,1658.88,train
Z3mmijHMPec_170.wav,22050,10.0,220500,0.238354,0.221774,3528.12,2801.17,6867.44,train
UmRe1q5PmEM_310.wav,22050,10.0,220500,0.12071,0.115396,2198.62,2180.32,4749.97,train
dJXdwoRCE6Q_90.wav,22050,10.0,220500,0.201612,0.153457,1829.54,1052.36,2933.01,train
994oCwwPHNk_50.wav,22050,10.0,220500,0.110676,0.103252,1293.6,820.17,2171.63,train
G3nhh1Rv-n8_7.wav,22050,9.347,206098,0.350876,0.110542,1951.26,1857.32,3661.63,train
omgW2QYPJWc_30.wav,22050,9.845,217092,0.03985,0.062506,1069.32,1185.77,1880.68,train
7E5mTmfcvtI_0.wav,22050,3.971,87552,0.080783,0.107706,2228.03,2341.5,4609.29,train
0IQ3lxVgKxo_30.wav,22050,10.0,220500,0.248577,0.113681,1923.85,1789.57,3393.95,train
8jPN_F6fCIQ_30.wav,22050,10.0,220500,0.092995,0.230118,3216.49,2545.66,6290.19,train
-mg-6T9v19M_30.wav,22050,10.0,220500,0.049331,0.19027,2054.87,1095.2,3126.44,train
aHenKQwn4yk_30.wav,22050,10.0,220500,0.018652,0.158519,2791.48,2406.44,5539.88,train
-jAvowZLmqc_17.wav,22050,9.651,212814,0.016538,0.196722,1899.05,1577.77,3829.62,train
41jjaMFSjyE_110.wav,22050,10.0,220500,0.029476,0.153205,2699.54,2554.66,5794.03,train
9pOL5Q2uydk_30.wav,22050,10.0,220500,0.043058,0.110572,2227.01,2430.08,4483.3,train
VuhjWkYqMpg_50.wav,22050,10.0,220500,0.023802,0.025868,1101.97,2021.78,2155.02,train
7J63nRKSPCg_30.wav,22050,10.0,220500,0.239632,0.21367,3158.52,2516.5,6301.18,train
CacHlJunzzE_30.wav,22050,10.0,220500,0.053949,0.051385,1458.36,2052.94,3023.99,train
dADr6479WTM_170.wav,22050,10.0,220500,0.030579,0.147383,2799.64,2783.47,6004.94,train
ZG5XmTN7-zE_30.wav,22050,10.0,220500,0.001125,0.181594,3429.93,3251.94,7842.48,train
FBRE5H5ObmM_30.wav,22050,10.0,220500,0.029611,0.401621,4929.68,2556.22,8032.43,train
N3y05PpH4Sg_12.wav,22050,9.276,204536,0.01077,0.165111,2854.24,2541.74,5837.3,train
rFK24tB5lSM_30.wav,22050,10.0,220500,0.021023,0.209178,3227.02,2670.82,6384.1,train
Fug_3GLItPc_25.wav,22050,9.477,208958,0.187075,0.063736,893.82,791.2,1609.91,train
-dekuBpHa4g_30.wav,22050,10.0,220500,0.224348,0.073429,1659.56,1994.51,3416.81,train
UYkhAI5cADo_0.wav,22050,10.0,220500,0.00825,0.219963,3916.11,2979.59,7364.31,train
1isUtW7FK_E_0.wav,22050,10.0,220500,0.237612,0.104097,2087.85,2209.54,4216.16,train
YUeBLnHHV-c_100.wav,22050,10.0,220500,0.049345,0.208495,3130.39,2319.26,5390.99,train
FDAlSF0UzCU_20.wav,22050,10.0,220500,0.019597,0.088204,1495.81,1573.4,2777.73,train
6FoKBRFK970_60.wav,22050,10.0,220500,0.020128,0.386706,4522.8,2102.88,6316.25,train
4plItbIKmac_60.wav,22050,10.0,220500,0.005132,0.182264,2984.0,2587.25,5870.95,train
B39Je0oLLPw_30.wav,22050,10.0,220500,0.056409,0.107972,2446.76,2688.08,5603.78,train
FN1rC23Rrlg_170.wav,22050,10.0,220500,0.115849,0.089004,1253.79,1025.85,2449.89,train
Dd_By3txSzY_30.wav,22050,10.0,220500,0.048211,0.137112,2021.3,1627.76,3738.61,train
PvTpnqWOsA0_0.wav,22050,5.383,118688,0.076349,0.127869,2238.04,2186.98,4935.28,train
3-UMH4RBsW0_18.wav,22050,9.655,212892,0.050365,0.088226,1552.16,1584.7,3326.05,train
2OiggZaQXWg_30.wav,22050,10.0,220500,0.103023,0.185803,2966.47,2486.04,5935.37,train
zjj3nihZiAg_310.wav,22050,10.0,220500,0.036216,0.220645,3265.0,2613.32,6229.02,train
PYX2lTnr4ns_30.wav,22050,10.0,220500,0.204388,0.026017,564.58,797.5,961.92,train
pzIH0GJxrhk_380.wav,22050,10.0,220500,0.092238,0.197833,3098.29,2622.14,6434.83,train
QAzApd0mQck_23.wav,22050,9.833,216818,0.158446,0.115644,1865.15,1572.42,3218.86,train
8GCcxr7_2tw_30.wav,22050,10.0,220500,0.009945,0.089872,1758.32,2049.97,3508.16,train
PTtb84j0sRY_30.wav,22050,10.0,220500,0.004221,0.213813,3492.97,2833.3,7038.68,train
jLBeMp_cHVk_30.wav,22050,10.0,220500,0.12914,0.14991,2298.87,2334.12,5021.28,train
Nf_NwISZYdo_30.wav,22050,10.0,220500,0.042678,0.064029,1112.99,1283.06,1887.8,train
1yrRQxNaE0k_310.wav,22050,10.0,220500,0.024776,0.239429,3709.55,2758.85,6888.83,train
5XrPzlRLnBI_100.wav,22050,10.0,220500,0.474464,0.146573,2004.06,1707.07,3937.1,train
089a2UWj08U_10.wav,22050,10.0,220500,0.165824,0.094785,1282.27,1330.33,1763.8,train
iexA85JGhtA_20.wav,22050,10.0,220500,0.216885,0.168766,2735.19,2420.11,5497.04,train
ynSz1KtSQ4U_0.wav,22050,10.0,220500,0.113939,0.056016,1445.95,1880.49,2907.38,train
JW644W5bw0M_20.wav,22050,10.0,220500,0.282973,0.139506,1935.28,1558.91,3522.28,train
qrg-gxkxLB4_170.wav,22050,10.0,220500,0.049371,0.031934,870.68,1372.53,1845.71,train
4Cfnd8-EePQ_580.wav,22050,10.0,220500,0.053943,0.127999,2558.48,2472.6,4842.3,train
Jf9DG3hlvQk_14.wav,22050,9.336,205860,0.020845,0.088802,1839.95,1986.82,4153.26,train
hj9D4EcQFio_340.wav,22050,10.0,220500,0.089566,0.144732,3414.16,2919.69,6827.82,train
afAsf8B285s_30.wav,22050,10.0,220500,0.116455,0.172159,2771.83,2362.81,5706.6,train
A-5lcNgiepI_10.wav,22050,10.0,220500,0.167608,0.119981,2268.61,2201.06,4422.97,train
236k4rSwoRo_30.wav,22050,10.0,220500,0.165118,0.141956,1999.42,1575.72,3514.58,train
LqzRdRNHnso_0.wav,22050,10.0,220500,0.159185,0.138525,2584.06,2386.1,5108.34,train
lretdBkt98k_260.wav,22050,10.0,220500,0.161661,0.118666,2331.75,2351.12,4679.3,train
C198zUzTwTY_13.wav,22050,9.268,204358,0.18916,0.173785,3894.46,3350.49,7984.35,train
ywEO89bcVLo_70.wav,22050,10.0,220500,0.166052,0.154482,2880.22,2416.93,5936.97,train
CHG8bMHrhSA_130.wav,22050,10.0,220500,0.105487,0.230965,3261.1,2461.83,6049.98,train
38ktMmVHJHs_0.wav,22050,10.0,220500,0.242086,0.028546,784.5,1108.36,1352.4,train
13V2j5shocc_30.wav,22050,10.0,220500,0.360889,0.055694,1462.53,1776.11,3063.14,train
mayZXAMTefY_0.wav,22050,10.0,220500,0.076245,0.161751,2652.89,2389.81,5459.24,train
8fWj2hxcZEM_30.wav,22050,10.0,220500,0.0394,0.062899,1298.38,1507.92,2621.88,train
p-CVFg3HTgg_50.wav,22050,10.0,220500,0.01842,0.315356,4574.86,2942.93,8150.14,train
ZXXbk8vGe1s_300.wav,22050,10.0,220500,0.103304,0.075774,2374.67,2695.98,5460.57,train
7IZyyDrHoEg_30.wav,22050,10.0,220500,0.116739,0.14994,2716.71,2579.27,5680.12,train
7AZ7Y0fMwWk_90.wav,22050,10.0,220500,0.050988,0.096764,1890.88,1930.46,3596.82,train
UG9_oiMYCG0_30.wav,22050,10.0,220500,0.139001,0.084232,1184.84,889.97,2149.7,train
j_up3aqJlpA_10.wav,22050,10.0,220500,0.201917,0.109201,2201.05,2014.98,4229.03,train
34qMt_-kgas_30.wav,22050,10.0,220500,0.132798,0.15746,2527.78,1945.11,4449.58,train
3giZedEDX-s_130.wav,22050,10.0,220500,0.199022,0.169667,2444.21,1761.37,3711.43,train
h0T9C1mz7Z4_10.wav,22050,10.0,220500,0.108505,0.220299,3600.34,2591.28,6689.76,train
i5YJOvzuhBQ_30.wav,22050,10.0,220500,0.045749,0.357447,4850.23,3063.45,8396.28,train
CdQ8jkye2go_190.wav,22050,10.0,220500,0.010537,0.170365,2582.35,2116.63,5120.93,train
B9F7ijiMaxs_30.wav,22050,10.0,220500,0.030559,0.081322,1259.36,1119.19,2168.46,train
anRI_bYlZWA_10.wav,22050,10.0,220500,0.137546,0.10384,2608.8,2653.94,5607.28,train
9mNTdsd60RE_30.wav,22050,10.0,220500,0.207321,0.116484,2628.74,2525.69,5401.34,train
dz5nK0QucYo_70.wav,22050,10.0,220500,0.017299,0.166606,3436.86,3184.78,7519.81,train
_yG1olNoVKY_90.wav,22050,10.0,220500,0.085934,0.15468,2392.23,2016.98,4254.83,train
MCTHXyUlobA_8.wav,22050,9.624,212208,0.031285,0.061532,1459.9,1991.21,2511.39,train
4YjSiRemuRc_0.wav,22050,6.497,143248,0.208876,0.057851,993.89,1288.56,1637.25,train
aQ30aiOrLk8_110.wav,22050,10.0,220500,0.194056,0.099129,1538.23,1505.19,2653.11,train
9C5yZy9g_Os_0.wav,22050,10.0,220500,0.046937,0.147606,2176.94,1743.94,4016.64,train
jk6kmw-Bllg_20.wav,22050,10.0,220500,0.124973,0.169574,2643.67,2379.58,5155.9,train
FVhaofBQn6c_30.wav,22050,10.0,220500,0.065677,0.121565,2210.33,2182.27,4210.62,train
onkvJxbatfM_300.wav,22050,10.0,220500,0.113326,0.090909,1620.11,1706.64,2748.36,train
wI3X3Ra0TII_180.wav,22050,10.0,220500,0.029514,0.055435,743.13,489.44,1273.96,train
_5bY6iN_ITQ_160.wav,22050,10.0,220500,0.124384,0.058365,1195.89,1324.98,2633.95,train
dsH8lKg1Cx8_30.wav,22050,10.0,220500,0.245086,0.164152,2422.21,2027.21,4953.91,train
B_FsIsYqVD4_11.wav,22050,9.231,203546,0.046685,0.1266,2125.84,2040.55,3725.22,train
JSDKrQw3mkU_1.wav,22050,9.751,215006,0.009988,0.150729,2540.46,2149.48,5273.46,train
KTLMJPZQqSg_23.wav,22050,10.0,220500,0.106248,0.059349,1823.93,2359.29,4383.86,train
x9G9hwqhJg8_20.wav,22050,10.0,220500,0.088003,0.151081,1820.72,1056.24,2979.38,train
KfwtHAOHkos_0.wav,22050,7.059,155648,0.062337,0.118286,1982.89,1616.51,3591.31,train
YNIh_B7u9yA_30.wav,22050,10.0,220500,0.14681,0.1231,2244.91,2012.36,4029.11,train
cBvVwAA4dQw_30.wav,22050,10.0,220500,0.007523,0.224083,3366.87,2638.18,6692.53,train
FuYWK-Jh2DM_100.wav,22050,10.0,220500,0.145244,0.150938,2774.0,2624.45,5762.41,train
ZWouRxUi2I0_30.wav,22050,10.0,220500,0.08288,0.156451,2333.43,1815.97,3811.65,train
MFyvo1GdGY4_170.wav,22050,10.0,220500,0.039736,0.026258,2223.05,2121.22,4538.16,train
1HBpQPSiBfw_20.wav,22050,9.838,216920,0.006013,0.142637,2925.12,2868.73,6527.2,train
GkoxYzT99kQ_0.wav,22050,2.299,50688,0.058483,0.116641,2378.98,2203.38,4725.78,train
JwkCsCzDU1Y_220.wav,22050,10.0,220500,0.047022,0.277647,3838.59,2413.22,6604.85,train
foH4eTovuZU_170.wav,22050,10.0,220500,0.034923,0.11792,1315.24,832.03,2242.7,train
XghOxRTVo-g_160.wav,22050,10.0,220500,0.029812,0.195607,4018.27,3314.09,8125.21,train
mPf6JNk-5aI_10.wav,22050,10.0,220500,0.005234,0.345194,3662.4,2170.02,5912.66,train
8jW6yHHdx44_26.wav,22050,9.085,200332,0.221625,0.065943,1637.53,1905.89,3641.47,train
oGNnL8q1l2E_170.wav,22050,10.0,220500,0.130674,0.23626,3442.35,2536.18,6276.58,train
6S-ibb2K7U8_580.wav,22050,10.0,220500,0.090289,0.092377,1819.22,1994.13,3559.42,train
-H25rbDASF0_130.wav,22050,10.0,220500,0.049036,0.219976,3743.58,3297.4,8233.83,train
5EenVClRRKU_440.wav,22050,10.0,220500,0.181572,0.101843,2324.08,2268.86,4858.59,train
gCw4rzde2mg_30.wav,22050,10.0,220500,0.060945,0.30888,3404.64,2168.67,5029.18,train
-MV5a_-caFA_390.wav,22050,10.0,220500,0.124669,0.15591,2654.68,2351.09,5069.95,train
avuqSpqkTgA_17.wav,22050,9.587,211390,0.00708,0.15168,3081.17,3081.11,7121.94,train
r-I2WIwtzwU_10.wav,22050,10.0,220500,0.05822,0.155074,2867.95,2474.28,5820.68,train
dUIEzmYQ6tQ_16.wav,22050,9.101,200672,0.031377,0.089691,1587.74,1700.05,2436.69,train
pjULWVWP32k_30.wav,22050,10.0,220500,0.077849,0.192516,1994.92,1151.46,3375.37,train
-0Zb56jXKGI_30.wav,22050,10.0,220500,0.137378,0.105809,1865.05,1801.87,3388.56,train
6nET9yA6ddY_30.wav,22050,10.0,220500,0.198953,0.027092,1445.42,2272.4,3275.97,train
5UoVk1deBss_30.wav,22050,10.0,220500,0.044147,0.136615,2385.22,2247.02,4541.68,train
_UzQLvYXVR8_30.wav,22050,10.0,220500,0.04724,0.053587,1136.26,1616.45,1777.44,train
4oo170zBAS0_30.wav,22050,10.0,220500,0.048072,0.071715,1650.73,1982.22,3253.04,train
z6fDYgOG7Ek_0.wav,22050,6.153,135680,0.116332,0.272327,3780.76,2745.05,7144.04,train
HqNzkCNO_vs_350.wav,22050,10.0,220500,0.004888,0.191575,2866.68,2422.96,5349.95,train
6cnBm1ELC_0_90.wav,22050,10.0,220500,0.038412,0.222959,3372.67,2590.02,6179.4,train
pctugCCd18w_30.wav,22050,10.0,220500,0.078877,0.074831,1435.7,1420.43,3102.95,train
LtHhDgQ4j64_160.wav,22050,10.0,220500,0.076094,0.112246,2254.77,2386.24,4683.4,train
BJMS9dKD6VM_29.wav,22050,9.11,200886,0.028796,0.064749,1680.07,2212.12,3447.83,train
GI80n9o3I_Q_30.wav,22050,10.0,220500,0.176863,0.066922,2208.33,2688.11,5207.56,train
MOm9vpe7azk_70.wav,22050,10.0,220500,0.151102,0.286994,3839.84,2658.37,7055.87,train
xTTHf44kHyM_80.wav,22050,10.0,220500,0.167455,0.107663,2015.43,1926.6,3471.34,train
Mu9G44mA_Mg_0.wav,22050,10.0,220500,0.041866,0.046843,1298.81,1722.54,2674.81,train
wMnb7zJM0TQ_0.wav,22050,10.0,220500,0.040509,0.148374,2312.0,2019.87,4084.46,train
ojT7Y_DSFdE_17.wav,22050,9.942,219214,0.056077,0.565225,6011.41,3098.89,9474.46,train
UR-fBo0fmRo_20.wav,22050,10.0,220500,0.151841,0.103635,1838.39,1823.14,3251.54,train
mFYFysy2nAQ_140.wav,22050,10.0,220500,0.141498,0.127547,2485.56,2636.67,5343.41,train
-OrSYfdmkxU_70.wav,22050,10.0,220500,0.037548,0.497568,5262.1,2603.09,8046.52,train
gm3ciS9DiQM_20.wav,22050,10.0,220500,0.075608,0.160081,2726.71,2513.91,5656.86,train
gK-yj2IGMwU_120.wav,22050,10.0,220500,0.328269,0.082629,2129.1,2649.34,4700.91,train
18OJdplczro_210.wav,22050,10.0,220500,0.098235,0.147283,2715.43,2616.84,5749.59,train
BUoDaKZkitU_30.wav,22050,10.0,220500,0.130171,0.064837,1329.14,1595.61,2378.12,train
LLkNsHcG3oA_4.wav,22050,9.822,216584,0.010686,0.105888,2062.34,2156.64,4178.08,train
Oc4-00ib3ng_0.wav,22050,10.0,220500,0.247646,0.074459,2178.45,2424.68,4980.02,train
aieaEYUvU4I_0.wav,22050,10.0,220500,0.222348,0.109659,1984.31,1908.64,3373.52,train
x3PDtjOsmcU_140.wav,22050,10.0,220500,0.106031,0.180453,2954.12,2617.07,6057.4,train
_93E3fieTuw_10.wav,22050,10.0,220500,0.118395,0.234576,3428.7,2619.83,6353.82,train
vcMR57x4co4_30.wav,22050,10.0,220500,0.069185,0.050094,1169.55,1715.5,2094.54,train
PlasyVvEEwI_0.wav,22050,7.059,155648,0.023987,0.089331,1854.59,2037.57,3713.6,train
7EWWhDSFreY_30.wav,22050,10.0,220500,0.172751,0.082253,1267.13,1068.14,2262.64,train
4E9hqcZdRc4_30.wav,22050,9.706,214020,0.054721,0.067295,994.98,886.34,1924.55,train
8UuIvyT27Pc_120.wav,22050,10.0,220500,0.047537,0.261185,3803.5,2801.34,7065.49,train
JfdD5VJHOGA_40.wav,22050,10.0,220500,0.100955,0.155876,2987.55,2734.45,6324.77,train
_UHxSbpR5AQ_270.wav,22050,10.0,220500,0.109645,0.271214,2960.3,1579.68,4450.45,train
1myQKZoKDGg_10.wav,22050,10.0,220500,0.004091,0.067888,1353.26,1425.66,2994.94,train
3HpJfGh23YE_0.wav,22050,8.034,177152,0.44757,0.044674,1461.32,1936.07,3085.17,train
BuYhQS4aVdQ_30.wav,22050,10.0,220500,0.209623,0.08701,1534.82,1431.82,2704.97,train
CJTjo79ZMOA_130.wav,22050,10.0,220500,0.061359,0.074267,1844.12,2218.55,4132.4,train
9HHxjXzS9PU_60.wav,22050,10.0,220500,0.073607,0.157765,2277.6,1909.75,4088.46,train
FfLm4OuK05A_50.wav,22050,10.0,220500,0.092176,0.203518,2615.8,1500.06,3872.73,train
BkfcSSo-Gcc_450.wav,22050,10.0,220500,0.052577,0.124133,2390.12,2341.96,4908.55,train
9FNK87ppnog_0.wav,22050,10.0,220500,0.148209,0.059081,2400.47,2906.45,6008.26,train
rOXJ9YHpYns_20.wav,22050,10.0,220500,0.122871,0.265923,3826.43,2345.99,6386.69,train
SLKctTkA6LI_30.wav,22050,10.0,220500,0.063176,0.108773,1479.91,917.6,2390.93,train
UL_8J1Bxp1M_30.wav,22050,10.0,220500,0.095254,0.111702,1643.59,1394.88,2605.62,train
IK5Yr--9tUc_30.wav,22050,10.0,220500,0.0315,0.185832,3100.82,2532.34,5851.04,train
W97YhMiK1YI_160.wav,22050,10.0,220500,0.04719,0.20853,3152.95,2444.01,5840.29,train
RshraCaaxh4_140.wav,22050,10.0,220500,0.152768,0.170304,2551.45,2219.53,5105.04,train
6JRnAHgnQQI_100.wav,22050,10.0,220500,0.046279,0.179458,3406.36,2712.55,6464.18,train
7dxmVDDc52w_10.wav,22050,9.412,207532,0.14511,0.073733,1596.39,1857.2,2947.87,train
MHezonAYy9A_30.wav,22050,10.0,220500,0.109701,0.052857,1323.29,1820.76,2377.0,train
CK0dsCvfnUs_0.wav,22050,8.313,183296,0.09214,0.191129,3005.62,2517.27,6159.55,train
mpB3A6Itq5M_30.wav,22050,10.0,220500,0.092562,0.262447,3969.59,2930.87,7780.41,train
S5T8jFe9sqQ_410.wav,22050,10.0,220500,0.236008,0.130342,2186.32,1944.8,3827.91,train
74-okfsYSKU_150.wav,22050,10.0,220500,0.114506,0.400879,4726.87,2465.15,7383.72,train
hSZSivfrUMQ_50.wav,22050,10.0,220500,0.232309,0.480105,5283.42,2656.64,8151.12,train
zEU2gaOAUdY_70.wav,22050,10.0,220500,0.223915,0.224256,3370.27,2754.28,6769.42,train
FA8Hbf1BWb8_20.wav,22050,10.0,220500,0.099679,0.154798,2587.33,2278.29,4640.63,train
KdKdp1mv0pk_30.wav,22050,10.0,220500,0.050315,0.049869,990.25,1152.79,1821.98,train
HC-utKUX3a4_50.wav,22050,10.0,220500,0.224168,0.048434,827.64,887.11,1329.61,train
26FPrlIkXW0_360.wav,22050,10.0,220500,0.088219,0.160638,3047.5,2869.28,6541.32,train
TUiUlChDNB4_25.wav,22050,9.471,208846,0.15792,0.166774,3052.32,2840.53,6571.48,train
Qskrvf0toXE_240.wav,22050,10.0,220500,0.0303,0.194275,3147.58,2581.63,5895.03,train
95Hpv2uTciw_30.wav,22050,10.0,220500,0.525378,0.055603,1104.88,1322.12,1775.44,train
0FJMXT1NJQM_30.wav,22050,10.0,220500,0.03497,0.082151,2155.48,2571.34,4868.93,train
SYU18oroudQ_30.wav,22050,10.0,220500,0.084145,0.292463,4033.42,2380.54,7026.67,train
_jc5RtB285A_60.wav,22050,10.0,220500,0.04458,0.381477,4793.84,3070.67,8387.98,train
FxXxa6N5oSo_30.wav,22050,10.0,220500,0.008831,0.07715,1247.31,1231.72,2839.31,train
xSc9RCFCrS8_440.wav,22050,10.0,220500,0.073519,0.130713,2011.89,1798.82,3651.48,train
ongm6CBqzcs_50.wav,22050,10.0,220500,0.092151,0.102615,1488.66,1135.98,2679.66,train
Ka7GzwdZepc_550.wav,22050,10.0,220500,0.017483,0.104083,2739.2,2880.48,6133.92,train
v0i1J9Yi4Yg_30.wav,22050,10.0,220500,0.015732,0.053732,986.59,1046.56,1846.53,train
u2WcDSyVG7s_210.wav,22050,10.0,220500,0.066592,0.338758,4502.36,3053.76,8169.45,train
IaSUq14bQ-Y_450.wav,22050,10.0,220500,0.058458,0.31571,4227.41,3040.14,8062.31,train
E4yf6xPkUV8_30.wav,22050,10.0,220500,0.150799,0.106279,1438.96,978.85,2512.54,train
320_d2As-48_18.wav,22050,9.011,198700,0.117776,0.098357,1303.14,954.12,2360.87,train
ma23RDdUW1E_160.wav,22050,10.0,220500,0.051662,0.260659,3802.08,2665.57,6864.2,train
GEBMPrzW0NI_30.wav,22050,10.0,220500,0.033303,0.066828,1389.29,1750.35,2418.89,train
bpWWEbELKeg_30.wav,22050,10.0,220500,0.057346,0.104032,2238.85,2388.4,4991.46,train
nEdyYP-vERs_30.wav,22050,10.0,220500,0.117333,0.140039,1861.96,1435.65,3524.48,train
MaIzV2bFSvI_40.wav,22050,10.0,220500,0.081248,0.315187,3966.62,2661.17,7146.0,train
8bPS1NJFoZs_30.wav,22050,10.0,220500,0.159285,0.099387,1911.4,1900.94,3547.83,train
7TI2caccweU_30.wav,22050,10.0,220500,0.119342,0.108753,2225.36,2304.26,4403.81,train
CEnhuZ5Rm_Q_30.wav,22050,10.0,220500,0.011753,0.218118,3673.29,3094.5,7679.01,train
2-ETU2W_TFc_14.wav,22050,10.0,220500,0.125505,0.058659,1776.61,2203.38,3920.72,train
EyymnKYT1II_360.wav,22050,10.0,220500,0.034214,0.070731,1790.07,2147.85,3589.13,train
iK06hn5_zqw_220.wav,22050,10.0,220500,0.089602,0.190602,2607.11,2008.47,4556.92,train
yvseWitjL3o_3.wav,22050,9.33,205722,0.040368,0.178735,3257.78,2871.75,6869.79,train
6WNLKH1MBI8_150.wav,22050,10.0,220500,0.140537,0.197839,3021.1,2389.74,5546.47,train
xsuVhhcISkY_150.wav,22050,10.0,220500,0.043245,0.247448,3543.03,2589.2,6516.07,train
9QaYAaryr1k_30.wav,22050,10.0,220500,0.0197,0.166342,2488.38,2043.61,4611.38,train
6TW-j2BE6Tk_110.wav,22050,10.0,220500,0.064419,0.082863,1761.17,1812.18,3012.8,train
Omw6NluecZc_10.wav,22050,10.0,220500,0.045858,0.281139,3316.82,1926.93,5661.88,train
UlCBPy2t8YI_30.wav,22050,10.0,220500,0.125616,0.068442,1572.54,1940.24,3028.26,train
46NJdpLMesQ_60.wav,22050,10.0,220500,0.011277,0.11631,1782.76,1804.68,3655.95,train
4KxqVpMZ5cE_30.wav,22050,10.0,220500,0.116585,0.113195,2322.31,2322.94,4598.59,train
pHivubc0rH4_320.wav,22050,10.0,220500,0.098205,0.105655,1665.03,1408.55,3322.31,train
EskwVxWk4V4_460.wav,22050,10.0,220500,0.010115,0.153775,2677.64,2561.75,5291.85,train
nhu9-Jrd4TQ_320.wav,22050,10.0,220500,0.047438,0.280425,3951.61,2664.72,7016.05,train
k3hC-If-goU_40.wav,22050,10.0,220500,0.222849,0.104227,1812.94,1631.09,3128.96,train
57NefYJLTE4_30.wav,22050,10.0,220500,0.124593,0.162904,2417.03,1958.3,4434.52,train
zNHshLBEdbU_30.wav,22050,10.0,220500,0.190213,0.177763,2588.89,1988.38,4504.29,train
CjXRnj_nkSs_30.wav,22050,10.0,220500,0.247151,0.034177,1293.03,2150.28,3158.16,train
48EbgWTH7qY_210.wav,22050,10.0,220500,0.068484,0.104526,1629.32,1423.81,2925.27,train
FD6AA6Yx0Bg_30.wav,22050,10.0,220500,0.201389,0.171181,2925.59,2632.48,5817.46,train
OfisvxFyUxA_10.wav,22050,10.0,220500,0.096919,0.195833,3231.8,2708.84,6549.67,train
LLWQBGjko1o_80.wav,22050,10.0,220500,0.050521,0.19547,2554.94,1944.34,4359.37,train
xyIy4EKRoNE_10.wav,22050,10.0,220500,0.196471,0.096334,1351.96,1030.38,2708.09,train
Lg1ewRuJCZ8_30.wav,22050,10.0,220500,0.001958,0.260024,3941.24,3159.61,8010.6,train
smjUkGOWy48_560.wav,22050,10.0,220500,0.033436,0.077588,2149.34,2645.95,4883.62,train
kKZCRj9axs8_50.wav,22050,10.0,220500,0.087514,0.237659,3659.96,2864.63,7118.15,train
EMTViJVcv5Q_30.wav,22050,10.0,220500,0.008504,0.315279,4004.84,2715.23,7341.87,train
J1m8xAEhBn0_20.wav,22050,10.0,220500,0.72071,0.079973,2108.43,2067.95,4093.76,train
Wbrv73gtKn4_20.wav,22050,10.0,220500,0.030578,0.141837,2450.88,2203.48,4713.47,train
wYIX2dMIx2M_190.wav,22050,10.0,220500,0.087768,0.074142,2328.08,2912.0,5853.03,train
FU8eXnbPsmM_150.wav,22050,10.0,220500,0.155947,0.138006,2723.65,2563.18,5478.9,train
1Uvr1e8adfc_90.wav,22050,10.0,220500,0.163215,0.079656,1499.59,1378.83,3035.26,train
2uNich4uYjM_30.wav,22050,9.265,204292,0.132814,0.084884,1541.21,1699.38,2423.54,train
Yul3zrT-IgY_570.wav,22050,10.0,220500,0.010698,0.220261,3758.1,3251.5,7681.83,train
LhBzwrenHBc_20.wav,22050,10.0,220500,0.162376,0.169241,2900.22,2282.76,5319.48,train
sq1o-40Imdo_80.wav,22050,10.0,220500,0.038581,0.14078,2553.33,2434.57,5201.29,train
GsQX7PbRAbQ_30.wav,22050,10.0,220500,0.106939,0.144938,2373.13,2107.67,4452.6,train
FgG2HXtpDCw_0.wav,22050,10.0,220500,0.068121,0.102186,1573.87,1219.91,2677.49,train
aQfETO9MwNw_130.wav,22050,10.0,220500,0.113175,0.234412,3396.19,2711.29,6609.97,train
85_aWvr2-0I_30.wav,22050,10.0,220500,0.015888,0.237698,2576.12,1707.27,4603.16,train
q0neRzBlPf8_30.wav,22050,10.0,220500,0.086351,0.198363,2772.13,1997.62,5213.01,train
KhyJgR5sBes_70.wav,22050,10.0,220500,0.007864,0.279133,3632.61,2469.53,6427.96,train
ldj4cQtZMxU_280.wav,22050,10.0,220500,0.065084,0.297779,2970.18,1497.34,4611.98,train
xUeQLnxrRWo_150.wav,22050,10.0,220500,0.030896,0.446773,4858.16,2470.83,7362.58,train
VFNWvwpio8U_290.wav,22050,10.0,220500,0.019349,0.261687,3967.08,2814.6,7138.53,train
VciUIC_cUgc_80.wav,22050,10.0,220500,0.151573,0.21149,3416.28,2607.34,6301.98,train
6BMN_8txY40_0.wav,22050,9.474,208896,0.106002,0.116105,1427.54,918.47,2442.36,train
YD5DLfT8yXc_10.wav,22050,10.0,220500,0.027546,0.1952,3493.3,3155.45,7569.7,train
0sbkEsiPq6g_30.wav,22050,10.0,220500,0.208863,0.064212,1349.25,1278.88,2682.98,train
xBA1yvHitls_20.wav,22050,10.0,220500,0.052096,0.1725,2908.65,2674.32,6015.68,train
m8rowRrBn8E_8.wav,22050,9.345,206064,0.025096,0.18209,3275.32,2803.27,6643.9,train
xLzisa_5wgQ_70.wav,22050,10.0,220500,0.120195,0.309513,3991.56,2609.38,7123.74,train
jAl3-L1-W5c_70.wav,22050,10.0,220500,0.101335,0.250518,3680.92,2723.18,6809.16,train
GEPjYPKuUR8_90.wav,22050,10.0,220500,0.087528,0.193227,2787.01,2170.99,5162.9,train
YBKxCXLECEs_20.wav,22050,10.0,220500,0.074015,0.106582,2172.32,2325.87,4453.55,train
KYP2Lgb_wkY_190.wav,22050,10.0,220500,0.205576,0.099919,2002.29,2110.51,4024.56,train
Fi7XP29yONA_30.wav,22050,10.0,220500,0.11247,0.157346,1862.02,991.84,2759.07,train
KZ41U8hQf5w_60.wav,22050,10.0,220500,0.130366,0.148381,2700.0,2527.81,5771.92,train
XIzL2zvnZ5M_70.wav,22050,10.0,220500,0.006887,0.186419,2776.88,2166.4,5440.28,train
5Jx972GPNRI_30.wav,22050,10.0,220500,0.196497,0.10253,2079.27,2145.92,4174.97,train
ND4fgPoVrzc_260.wav,22050,10.0,220500,0.028101,0.229604,3606.4,2885.0,6893.27,train
B6oeX0s1otk_200.wav,22050,10.0,220500,0.004305,0.130039,1637.74,1280.77,2896.17,train
NL9kXZskQ1o_210.wav,22050,10.0,220500,0.079588,0.076044,1052.86,1123.37,2380.14,train
Ym_sgK8UwS0_580.wav,22050,10.0,220500,0.114224,0.098495,1470.08,1095.56,2897.69,train
DqDPoW9Wv9g_70.wav,22050,10.0,220500,0.019771,0.168414,2526.94,2051.39,4933.63,train
3L0P4WERpN8_20.wav,22050,10.0,220500,0.010647,0.302317,4347.96,3260.05,8561.0,train
hwVIaon6MTk_230.wav,22050,10.0,220500,0.018757,0.240382,3391.01,2605.85,6446.0,train
Gf1qrZrpNw4_30.wav,22050,10.0,220500,0.046426,0.343671,4024.97,2755.27,7042.53,train
ZLVMKtYQF5k_30.wav,22050,10.0,220500,0.211114,0.186902,2352.82,1705.99,3824.09,train
rXSyyvt8las_130.wav,22050,10.0,220500,0.072492,0.13675,2942.0,3041.65,6508.55,train
KjinuQ4NkyA_0.wav,22050,10.0,220500,0.014873,0.073578,1064.82,695.7,1843.66,train
KrveOa8Ygys_30.wav,22050,10.0,220500,0.032378,0.14682,2313.97,1920.22,3680.68,train
QZmRNSn7B3s_0.wav,22050,10.0,220500,0.063649,0.042092,978.01,1133.78,2145.48,train
nvmaZvWU-tA_50.wav,22050,10.0,220500,0.108639,0.153195,2596.1,2178.7,4877.35,train
IPFvDdxmBSw_80.wav,22050,10.0,220500,0.057308,0.182993,2707.23,1996.62,5011.02,train
cHo6UxsA1ds_0.wav,22050,10.0,220500,0.086294,0.371067,4728.39,2706.97,7722.65,train
0qLcatxf9bU_30.wav,22050,10.0,220500,0.115909,0.013463,818.91,1727.53,1263.89,train
hrXMv0Rj1Jc_30.wav,22050,10.0,220500,0.185658,0.132217,2395.31,2233.96,4622.17,train
nsQRhS5re38_0.wav,22050,10.0,220500,0.051426,0.448335,5189.88,2585.62,8178.77,train
KaJKfwwFOIs_170.wav,22050,10.0,220500,0.009543,0.172925,2587.86,2107.04,5107.72,train
yUDbOBl_gaU_20.wav,22050,10.0,220500,0.152006,0.136871,2123.78,1666.42,3536.94,train
tAjGDD4HkXQ_0.wav,22050,10.0,220500,0.020012,0.102028,1881.5,1693.76,3942.32,train
GuZLWdhvrf4_27.wav,22050,9.897,218218,0.007214,0.107593,1757.11,1824.63,3382.15,train
7Zdse-L2UIE_30.wav,22050,10.0,220500,0.180496,0.09182,2185.28,2278.18,4665.11,train
jxTK9y1d0ng_70.wav,22050,10.0,220500,0.074612,0.248961,3536.27,2471.31,6539.4,train
gDHtHNpKBAc_0.wav,22050,10.0,220500,0.012318,0.390613,4478.9,2929.03,7760.87,train
09Q230vOXWg_8.wav,22050,9.549,210560,0.058366,0.135158,2237.18,1950.18,4037.11,train
GDP1DgI04hI_29.wav,22050,9.615,212006,0.070769,0.08921,1807.52,2144.96,3565.2,train
YPxckNtPGcY_440.wav,22050,10.0,220500,0.034504,0.112679,2250.03,2448.51,4973.07,train
KltYRw6CAXs_18.wav,22050,9.278,204588,0.174739,0.192339,2094.22,1026.35,3103.47,train
gwjBAjcugR8_70.wav,22050,10.0,220500,0.146634,0.257082,3415.01,1766.52,4591.42,train
b2UFRFeyC7o_40.wav,22050,10.0,220500,0.081975,0.198354,2408.78,1138.4,2771.54,train
F63X7zFUZCA_30.wav,22050,10.0,220500,0.041935,0.052726,1582.21,2122.59,3429.23,train
Ur5utKmud8o_450.wav,22050,10.0,220500,0.161557,0.566235,5985.49,2349.39,8194.66,train
SnvYK9HTyvY_30.wav,22050,10.0,220500,0.047206,0.077936,2144.2,2591.09,4862.58,train
apJgkZk3EkA_0.wav,22050,3.553,78336,0.114304,0.275933,4049.11,2922.79,7804.53,train
6ALmUxLpPVQ_130.wav,22050,10.0,220500,0.351037,0.042628,1519.22,2286.04,3105.55,train
s6VfhTZg6BA_30.wav,22050,10.0,220500,0.037684,0.185579,2698.6,2053.35,5129.4,train
M0t3XhGlG2Y_370.wav,22050,10.0,220500,0.191103,0.118616,2276.17,2004.22,4344.89,train
mAGcH_Z5v_U_21.wav,22050,9.093,200502,0.08665,0.133932,2667.04,2474.45,4970.16,train
Vh14-Taz6BQ_150.wav,22050,10.0,220500,0.186075,0.054987,1242.44,1509.49,2537.0,train
mhG5rYMI2qs_100.wav,22050,10.0,220500,0.066862,0.091586,2318.67,2512.62,5037.2,train
J5ZU9qmSX6c_16.wav,22050,10.0,220500,0.057921,0.118921,2412.3,2664.44,5460.32,train
MJCrHvZZn2E_20.wav,22050,10.0,220500,0.13575,0.325982,3854.92,2364.86,6421.84,train
1ceprZO-VEU_210.wav,22050,10.0,220500,0.092089,0.154501,2343.07,1727.47,4160.73,train
n4HvSSW8fq0_20.wav,22050,10.0,220500,0.008261,0.154781,2752.15,2690.58,5484.62,train
9etV_TT9_xY_20.wav,22050,10.0,220500,0.152467,0.068288,1820.82,2095.08,3709.03,train
G9BOGCcrVKg_30.wav,22050,10.0,220500,0.212134,0.165218,3207.72,3105.81,7294.48,train
UZm046pi9Ss_50.wav,22050,10.0,220500,0.139911,0.028868,844.31,939.55,1867.09,train
YPdBZp38__g_90.wav,22050,10.0,220500,0.075289,0.591835,6119.21,3207.43,9417.03,train
tnaw3vV-2PQ_27.wav,22050,9.525,210026,0.019148,0.110828,1324.06,916.15,1991.19,train
SgO1Oat65iA_27.wav,22050,9.74,214778,0.180419,0.178352,2561.15,1949.79,4902.32,train
obh88Lqof0E_130.wav,22050,10.0,220500,0.080014,0.05804,1448.41,1906.81,2951.55,train
tfAW5gyJ_S4_40.wav,22050,10.0,220500,0.070205,0.18824,3156.75,2712.01,6387.24,train
U_RTgbxpymE_30.wav,22050,10.0,220500,0.179236,0.115225,1685.7,1493.98,2555.06,train
nLUHhgamT4o_30.wav,22050,10.0,220500,0.243303,0.185029,2731.77,1800.98,4786.02,train
EQF0QsGh3rs_30.wav,22050,10.0,220500,0.04972,0.141327,2210.53,1851.79,3850.15,train
FaQ-fJ4n2Lg_250.wav,22050,10.0,220500,0.072641,0.107667,2595.76,2900.67,6266.89,train
1DGv1rFPlDk_30.wav,22050,10.0,220500,0.086869,0.356564,4430.84,2477.16,7286.92,train
TGJ4zanrPDg_30.wav,22050,10.0,220500,0.101734,0.055658,1289.73,1648.43,2751.23,train
9hPRtAe--ys_30.wav,22050,10.0,220500,0.0118,0.142901,1984.95,1613.29,3876.68,train
Bcw8gRr0mMw_30.wav,22050,10.0,220500,0.089378,0.086323,1631.83,1917.4,2798.62,train
73znXgB9zOY_130.wav,22050,10.0,220500,0.402103,0.079744,1934.99,2181.91,3798.39,train
-uLouaHhZww_19.wav,22050,10.0,220500,0.104219,0.115119,1556.11,1101.41,2589.56,train
IRXtZg_AdeQ_30.wav,22050,10.0,220500,0.061743,0.077229,1722.0,2072.31,3403.74,train
jlO3iii3D_A_160.wav,22050,10.0,220500,0.047861,0.139384,1789.84,1351.96,3285.06,train
gq6NYS58Ihc_30.wav,22050,10.0,220500,0.116702,0.085949,1870.07,2120.18,3963.41,train
qz9jEJV7Qrc_30.wav,22050,10.0,220500,0.28011,0.064953,1447.62,1589.96,2854.77,train
8sR6-SBjAz8_30.wav,22050,10.0,220500,0.100348,0.197898,3477.52,2781.98,6761.28,train
1ZmxcGxOM04_30.wav,22050,10.0,220500,0.06562,0.089397,1986.93,2203.9,4187.41,train
YFBYVchVvzo_30.wav,22050,10.0,220500,0.06528,0.101586,2118.47,2163.02,4029.23,train
7i5Ih0DdUhk_50.wav,22050,10.0,220500,0.011564,0.204122,3779.2,3031.46,7203.56,train
mYiGNh0RQVk_0.wav,22050,10.0,220500,0.038126,0.241129,3674.81,2924.7,7099.49,train
NvX71TeDskw_30.wav,22050,10.0,220500,0.013828,0.245655,3597.97,2817.01,7059.99,train
iOosCGZ-Za0_0.wav,22050,6.578,145040,0.136381,0.15221,2229.21,1748.7,3948.95,train
MLTQCAHHk90_30.wav,22050,10.0,220500,0.011872,0.281451,3736.26,2403.22,6494.96,train
NgIUwDl1pwo_20.wav,22050,9.74,214760,0.109605,0.07098,1038.44,880.71,1902.61,train
6OkKXI9MZKs_20.wav,22050,10.0,220500,0.189773,0.056243,1101.01,1198.56,2241.85,train
Xve0HNCcqu0_130.wav,22050,10.0,220500,0.205019,0.268235,4144.48,2913.64,7640.09,train
VdB_bbWrutc_430.wav,22050,10.0,220500,0.019314,0.194633,3134.91,2772.58,6344.45,train
1Z4bkTmdJ2o_530.wav,22050,10.0,220500,0.057857,0.026333,977.36,1360.63,2396.18,train
dl_uUMzsHRk_310.wav,22050,10.0,220500,0.064126,0.214776,3288.03,2753.32,6608.87,train
eVYcic374GY_0.wav,22050,10.0,220500,0.064702,0.231232,3302.58,2500.28,6206.01,train
ZNKuVWyA3d0_30.wav,22050,10.0,220500,0.088394,0.107411,2259.58,2441.88,5003.17,train
3aESCWWbV2k_30.wav,22050,10.0,220500,0.027088,0.099118,1940.95,1915.16,3593.15,train
dY23_fLMTuw_9.wav,22050,9.483,209102,0.074942,0.259139,3616.25,2760.23,7107.56,train
yL-kJ8L2mmM_50.wav,22050,10.0,220500,0.020523,0.215163,3401.85,2781.56,6422.99,train
H_PjX15qsNc_30.wav,22050,10.0,220500,0.163996,0.071056,1387.6,1435.38,3089.66,train
BE8Zu24qnAA_38.wav,22050,9.933,219012,0.105707,0.127519,2090.73,1767.46,3968.93,train
XT54Ae2-Ix0_50.wav,22050,10.0,220500,0.155416,0.312958,3914.62,2927.09,7587.98,train
VlHj2xsV1I8_40.wav,22050,10.0,220500,0.043478,0.258393,3994.11,3413.5,8298.18,train
8WTh4WeqQl8_80.wav,22050,10.0,220500,0.069116,0.14818,2644.3,2467.12,5112.99,train
fKeqEH0Mpno_430.wav,22050,10.0,220500,0.106541,0.261271,3740.46,2582.58,6705.04,train
_K7iElgpbtY_220.wav,22050,10.0,220500,0.094001,0.198899,3690.86,2843.61,6745.69,train
VtbEIoZxMgw_360.wav,22050,10.0,220500,0.016244,0.106774,2167.9,2433.99,4526.04,train
67NrNgStyLc_0.wav,22050,10.0,220500,0.284377,0.056112,2120.15,2442.68,4585.77,train
3uZECHvEezg_30.wav,22050,10.0,220500,0.09065,0.06579,981.54,901.26,1977.21,train
0TEvskZcS0g_10.wav,22050,9.43,207932,0.023502,0.347582,4552.96,2918.81,8143.44,train
8w7IUeenAf0_30.wav,22050,10.0,220500,0.232889,0.032785,1242.83,1995.88,2464.58,train
fJrJtYv0GzU_30.wav,22050,10.0,220500,0.000368,0.127091,2102.09,1797.5,4322.28,train
BWYdfatF4B0_30.wav,22050,10.0,220500,0.189105,0.132493,1627.12,1003.95,2651.83,train
sKdmY3NQl4I_460.wav,22050,10.0,220500,0.031706,0.151231,2601.09,2509.98,5464.49,train
zDWW0If44ZA_50.wav,22050,10.0,220500,0.334636,0.310737,4209.53,2876.32,7874.11,train
JMUh0hL4Fu0_30.wav,22050,10.0,220500,0.230874,0.121913,1892.38,1487.28,2886.85,train
-sE6mfbydzE_30.wav,22050,10.0,220500,0.028564,0.040703,916.99,1203.52,1901.29,train
zXfrAKTD_gY_170.wav,22050,10.0,220500,0.084018,0.163166,3347.43,3507.4,8502.57,train
LILs4MaEzho_30.wav,22050,10.0,220500,0.123698,0.24539,3424.04,2696.5,6703.02,train
mP6iVopt9IQ_30.wav,22050,10.0,220500,0.129988,0.100868,1903.99,1870.33,3549.58,train
U4FQgrU2fYk_0.wav,22050,10.0,220500,0.130487,0.111511,2608.36,2517.54,5428.07,train
7pUe_uJ4zlI_30.wav,22050,10.0,220500,0.055934,0.054061,800.58,702.91,1441.85,train
_ObXqh4oNfg_0.wav,22050,6.502,143360,0.032028,0.078697,1769.43,2043.71,3858.27,train
SKHWggncyjo_0.wav,22050,10.0,220500,0.031492,0.146849,2625.24,2329.3,5185.13,train
vTQac3Wkg30_0.wav,22050,7.639,168448,0.197751,0.057472,1216.01,1761.47,2623.4,train
ajS_vLWB0HE_30.wav,22050,10.0,220500,0.030478,0.079372,1807.48,2137.57,3629.17,train
3n5QcpNkCbk_30.wav,22050,10.0,220500,0.143724,0.176887,2864.28,2595.71,5803.0,train
2GusV_dvGzo_30.wav,22050,10.0,220500,0.193382,0.015072,591.49,1037.14,1191.95,train
K3WMSc-qIGc_60.wav,22050,10.0,220500,0.038819,0.140641,2315.17,2091.16,4695.76,train
_8zz2ZkS6QY_30.wav,22050,9.892,218116,0.088094,0.052838,1103.48,1395.77,1969.51,train
2pkVPCKj2Ss_2.wav,22050,9.61,211900,0.003519,0.145047,2692.84,2624.08,5675.61,train
CF0RXKF4puQ_7.wav,22050,9.625,212242,0.104558,0.26683,3034.87,2267.18,5670.73,train
Y12efRHPBok_130.wav,22050,10.0,220500,0.00916,0.17221,3117.46,2843.46,6708.29,train
r6tv1by3JPs_30.wav,22050,10.0,220500,0.06079,0.216084,3241.47,2380.4,5768.4,train
Oln8YAf73IQ_50.wav,22050,10.0,220500,0.098022,0.167203,2489.69,1871.44,4523.22,train
il_XiwwxFrs_240.wav,22050,10.0,220500,0.016681,0.161186,1858.43,1068.2,2784.85,train
m8Q9iDzj2NA_10.wav,22050,10.0,220500,0.172205,0.169446,2244.29,1499.88,3649.85,train
PauYIHOLjJY_20.wav,22050,10.0,220500,0.030612,0.149754,2870.12,2747.54,6020.55,train
5kldH6pXFSw_0.wav,22050,10.0,220500,0.020288,0.227015,2874.16,1933.47,5167.84,train
m5aONMRsYfE_0.wav,22050,10.0,220500,0.252234,0.167044,3415.33,2923.04,7434.88,train
S78yKiCiSdQ_150.wav,22050,10.0,220500,0.115432,0.203853,3166.25,2678.38,6167.69,train
g2B7UHGhPBw_19.wav,22050,9.451,208394,0.085273,0.102111,1549.43,1392.22,2950.71,train
orZh_mFl7Vw_160.wav,22050,10.0,220500,0.109712,0.109329,2130.76,2357.33,4271.62,train
2dn29GxnfPQ_23.wav,22050,9.624,212210,0.076716,0.11592,2602.23,2534.15,5266.5,train
_vwLjGKuh3I_0.wav,22050,10.0,220500,0.119503,0.196909,2865.69,1924.38,4570.16,train
7_667DAMkdg_0.wav,22050,10.0,220500,0.088983,0.0688,1495.23,1799.31,2824.32,train
hytgE7WyL_Y_12.wav,22050,9.084,200296,0.039054,0.183722,3084.66,2718.45,6499.81,train
JayjEp0uXn8_20.wav,22050,10.0,220500,0.230924,0.039585,1096.91,1222.22,2344.87,train
-r55obRRIBE_20.wav,22050,10.0,220500,0.187312,0.136875,1863.08,1535.73,3765.86,train
36XWnRAV9Q8_30.wav,22050,10.0,220500,0.084575,0.068206,1593.15,1875.84,3111.62,train
UQnvl3jqJyc_0.wav,22050,10.0,220500,0.009677,0.140083,2828.44,2844.6,6337.41,train
_8YmHAaon0w_340.wav,22050,10.0,220500,0.149643,0.095354,1863.82,1925.82,4023.26,train
ycoyJGfQWjo_10.wav,22050,10.0,220500,0.095656,0.142779,2619.97,2350.7,4994.98,train
CbrU5wOeOfg_30.wav,22050,10.0,220500,0.073798,0.032816,2245.51,2679.53,5431.86,train
OTmVuNwtUBI_30.wav,22050,10.0,220500,0.039453,0.09676,2393.35,2760.54,5761.16,train
k3wWurYGygk_500.wav,22050,10.0,220500,0.011119,0.272479,4056.14,2749.89,7347.74,train
10tzumfAYeA_40.wav,22050,9.041,199344,0.036191,0.15252,2855.4,2605.9,5902.39,train
J5UNOu1dDD8_40.wav,22050,10.0,220500,0.070531,0.218077,3299.46,2561.71,6128.84,train
qxeIQYxTVCk_10.wav,22050,10.0,220500,0.082607,0.247632,2714.62,1425.06,4215.01,train
ojQvOezitW4_27.wav,22050,9.037,199274,0.163802,0.046473,891.97,908.82,1711.39,train
ZRbi0Ws1yM8_580.wav,22050,10.0,220500,0.033026,0.101069,2430.66,2690.02,5528.64,train
g_oXh3306mg_20.wav,22050,10.0,220500,0.218072,0.129749,2344.81,2185.75,4702.33,train
3FUqYGQLlww_50.wav,22050,10.0,220500,0.145674,0.346017,4273.82,2383.85,6766.62,train
IvwE2bk4bfs_10.wav,22050,10.0,220500,0.117862,0.129093,2457.04,2371.45,4922.11,train
zFB_XEnO_h4_10.wav,22050,10.0,220500,0.567127,0.033187,1062.96,1492.39,2188.64,train
_0GMVllsIy4_30.wav,22050,10.0,220500,0.007952,0.096315,1394.38,1078.23,2501.7,train
M28p_OY2rAM_30.wav,22050,10.0,220500,0.087922,0.253517,3801.39,2933.92,7227.61,train
5eho-E5V1VA_260.wav,22050,10.0,220500,0.151062,0.097206,1758.27,1680.51,3139.23,train
OuY5tNqHYTE_30.wav,22050,10.0,220500,0.082868,0.165866,2457.17,2009.53,4882.32,train
XOWqON2n4yo_10.wav,22050,10.0,220500,0.124434,0.130559,3036.96,2840.02,6664.5,train
5QcqN1OFk8o_30.wav,22050,10.0,220500,0.141417,0.04062,1774.41,2656.35,4816.02,train
osxV-TRFJOo_50.wav,22050,10.0,220500,0.061772,0.152825,1834.94,1007.87,2953.07,train
IMrI0TfCnVw_420.wav,22050,10.0,220500,0.099374,0.182387,2923.6,2500.94,5612.85,train
38nQ1G9XbUs_120.wav,22050,10.0,220500,0.009275,0.078435,1334.96,1227.11,2722.38,train
SKi54b_DiH8_30.wav,22050,10.0,220500,0.016537,0.007961,1386.78,1376.42,3184.29,train
Idmyq05j8EM_30.wav,22050,10.0,220500,0.077103,0.015449,412.88,834.47,600.23,train
7uakGcXbF34_30.wav,22050,10.0,220500,0.085267,0.165359,3397.31,3143.99,7624.23,train
ga_6cU6tOKc_0.wav,22050,10.0,220500,0.28245,0.122903,1636.27,1109.48,3008.18,train
dgS_Fy1FiNA_110.wav,22050,10.0,220500,0.042989,0.180206,2824.56,2257.16,5530.69,train
piSr4T49mMM_40.wav,22050,10.0,220500,0.188199,0.089128,1944.41,2164.4,4153.04,train
E2ja2gV-7oY_30.wav,22050,10.0,220500,0.193023,0.138292,2885.29,2871.23,6208.16,train
gNoOgQXArmw_230.wav,22050,10.0,220500,0.133488,0.07572,1599.0,1922.22,3342.62,train
12eB4tdSdD0_30.wav,22050,10.0,220500,0.105247,0.096861,1796.0,1734.19,3671.09,train
AxXoisNdQxA_30.wav,22050,10.0,220500,0.082376,0.173549,2908.03,2674.59,6040.44,train
LFm46bRymX0_14.wav,22050,9.036,199236,0.173305,0.231587,3662.56,3149.48,8078.87,train
yEW1y0Z0nOI_0.wav,22050,10.0,220500,0.178106,0.108039,2019.9,2030.97,4190.98,train
Gn6N5ovNGYQ_30.wav,22050,10.0,220500,0.017969,0.1192,2278.36,2346.51,4547.5,train
ZQ5kk-oJ52k_28.wav,22050,9.663,213064,0.177648,0.066417,2789.52,3002.63,6767.13,train
FvPG4uBpMIg_30.wav,22050,10.0,220500,0.066812,0.160952,2820.31,2389.5,5397.29,train
Xrls3EEIqj4_380.wav,22050,10.0,220500,0.065623,0.204714,2997.43,2307.79,5431.01,train
Gzd8HlNkQoI_14.wav,22050,9.8,216100,0.15559,0.116288,1686.29,1561.42,2482.83,train
2gRISsbP3oA_24.wav,22050,9.948,219344,0.062386,0.14629,2536.11,2154.66,4525.71,train
cjzDdOWhTDY_50.wav,22050,10.0,220500,0.166224,0.129298,2535.88,2624.72,5613.57,train
_UQ6k1JjGBM_1.wav,22050,9.077,200158,0.277421,0.0752,1906.18,2248.32,4747.41,train
gJy4W1qbjeU_16.wav,22050,9.119,201072,0.060968,0.070477,977.33,591.38,1504.31,train
2ktsqzJpZ9k_30.wav,22050,10.0,220500,0.117529,0.110757,1494.63,1181.0,2459.96,train
H-b4rSabW10_270.wav,22050,10.0,220500,0.476065,0.087759,1845.97,1986.13,3604.39,train
uvkdO6gShd4_20.wav,22050,10.0,220500,0.086957,0.208936,2211.47,957.19,3313.34,train
n0_SxMudB-s_350.wav,22050,10.0,220500,0.008837,0.217696,3720.26,3119.25,7479.49,train
6ZVIgKqUhAM_30.wav,22050,10.0,220500,0.024617,0.096717,2230.6,2474.77,4843.5,train
Hr0SaeZixtE_9.wav,22050,9.785,215758,0.094558,0.11288,2064.79,1959.76,4100.95,train
Enq6kC0FmS8_30.wav,22050,10.0,220500,0.016192,0.205117,2808.55,2438.71,5617.19,train
xmxvQOpxIRQ_30.wav,22050,10.0,220500,0.192196,0.095535,1504.5,1227.45,2840.91,train
LR1SGT9uEO4_90.wav,22050,10.0,220500,0.105181,0.175796,2591.25,1940.08,4961.28,train
GXGIUzrzcTY_20.wav,22050,10.0,220500,0.104433,0.120712,2994.27,2863.89,6445.47,train
4L05BFOGJVM_520.wav,22050,10.0,220500,0.059186,0.110688,1827.65,1690.39,3640.74,train
_rq_dX_kPow_0.wav,22050,8.986,198144,0.038138,0.257841,3707.81,2719.33,6983.94,train
0_f_4qRROz4_30.wav,22050,10.0,220500,0.101152,0.124139,1695.62,1111.3,2963.34,train
GCtK9bOjB88_20.wav,22050,10.0,220500,0.12378,0.104581,2287.45,2366.67,4649.2,train
lrjEgnKvD_Y_0.wav,22050,10.0,220500,0.15911,0.024698,638.58,1005.78,1045.28,train
CtWRTxO3yV0_30.wav,22050,10.0,220500,0.178795,0.075071,1908.02,2193.38,4089.31,train
1lM-73JZ2G8_30.wav,22050,10.0,220500,0.079146,0.222409,3316.77,2550.12,6143.98,train
rPOSMFSQ5Z0_24.wav,22050,9.942,219232,0.438811,0.037022,824.36,1078.62,1734.33,train
a-I7SanHAnQ_370.wav,22050,10.0,220500,0.020799,0.203352,3076.57,2722.95,6291.12,train
UKulYTlhfeA_510.wav,22050,10.0,220500,0.056169,0.093086,1872.96,2062.37,3720.72,train
XjEIncJg5Og_30.wav,22050,10.0,220500,0.108641,0.066674,2362.39,2722.19,5322.75,train
EQfc_HBhQG0_120.wav,22050,10.0,220500,0.227469,0.064965,1432.83,1756.85,2740.36,train
Ez55l0rCFhE_370.wav,22050,10.0,220500,0.125335,0.086366,1747.25,1933.78,3332.23,train
eja1yKacCpk_0.wav,22050,10.0,220500,0.045812,0.069498,1554.75,1986.18,2711.38,train
_O5NaJziPSo_490.wav,22050,10.0,220500,0.136034,0.078904,1541.78,1913.39,2796.42,train
CG81WWzF3PA_30.wav,22050,10.0,220500,0.041093,0.094554,1705.93,1610.86,3125.71,train
4J4jaZkO4AQ_40.wav,22050,10.0,220500,0.017751,0.263202,3281.32,2194.94,5425.02,train
E8ANQfEdxDY_30.wav,22050,10.0,220500,0.008774,0.144741,2823.2,2748.17,6036.92,train
soNjv3jxyjE_100.wav,22050,10.0,220500,0.081598,0.236833,3367.82,2571.97,6270.96,train
C2FpZ50siIM_20.wav,22050,9.891,218088,0.16618,0.184044,2825.0,2171.02,5173.07,train
_Uw3PuDAVEM_520.wav,22050,10.0,220500,0.002433,0.180041,2566.54,2250.49,4754.02,train
vO9yR0kQXfg_10.wav,22050,10.0,220500,0.184801,0.057289,1721.44,2094.14,3791.09,train
NFhPz6dqGYY_3.wav,22050,9.98,220058,0.122333,0.129681,2707.85,2562.23,5480.1,train
TmQFrz24KJY_24.wav,22050,9.483,209104,0.137703,0.103603,1397.4,1007.32,2481.64,train
2uKuVOBlXPM_450.wav,22050,10.0,220500,0.072703,0.095445,1787.18,1891.87,3683.8,train
1rlnuGhKrM4_250.wav,22050,10.0,220500,0.065685,0.07059,1754.21,2014.13,3705.53,train
FqvM9W5C7NI_410.wav,22050,10.0,220500,0.213547,0.069925,2298.26,2628.93,5286.8,train
CbVCwRQQ8UI_30.wav,22050,10.0,220500,0.064023,0.175124,3138.3,2878.36,6748.14,train
Jlv1zTuLWkc_4.wav,22050,10.0,220500,0.13206,0.121855,1969.09,1713.05,3452.86,train
l_DsYJbR4NY_50.wav,22050,10.0,220500,0.111091,0.204296,3056.73,2501.05,6093.67,train
-O61O9ZmD-k_30.wav,22050,10.0,220500,0.106348,0.040261,1417.27,2142.63,3007.18,train
L31Umyn4bFc_260.wav,22050,10.0,220500,0.074265,0.113237,2381.0,2600.43,5031.9,train
0BDGdUr1N6Y_30.wav,22050,10.0,220500,0.136231,0.101092,1319.36,860.96,2126.77,train
A5GaxUnQT5I_12.wav,22050,9.253,204024,0.090923,0.226365,3107.47,2364.74,5728.29,train
2xJliDImcQI_30.wav,22050,10.0,220500,0.19096,0.087535,1955.76,2192.45,4158.81,train
57gUMqGtk6Q_30.wav,22050,10.0,220500,0.003088,0.124073,2366.29,2016.41,4233.77,train
kFAkbYGREew_160.wav,22050,10.0,220500,0.042754,0.254178,3367.81,2140.26,5534.11,train
Q7ot-KhTr84_20.wav,22050,10.0,220500,0.01402,0.154463,2797.61,2459.0,5717.14,train
05SbeMRf55o_30.wav,22050,10.0,220500,0.012166,0.164282,1604.53,1187.87,3047.72,train
MTOOLVr9IVg_20.wav,22050,10.0,220500,0.225344,0.080614,1559.58,1347.02,3082.5,train
6mo-QLaCmbU_30.wav,22050,10.0,220500,0.04538,0.033012,1070.07,2164.44,1444.4,train
eOlw03tICSM_8.wav,22050,9.05,199552,0.518049,0.061281,1138.99,1254.98,2132.67,train
C_mmTAxFIBE_0.wav,22050,10.0,220500,0.20523,0.289254,3903.61,2674.58,7111.43,train
L3SofyvgObU_30.wav,22050,10.0,220500,0.012176,0.134576,2823.5,3049.87,6776.16,train
8GMmvFEDBvo_30.wav,22050,10.0,220500,0.127214,0.124761,2223.54,1947.78,4189.26,train
v8IEwM760MI_30.wav,22050,10.0,220500,0.1304,0.133251,1668.48,1175.07,3115.62,train
A4jzTkW50Zg_80.wav,22050,10.0,220500,0.14135,0.088411,1338.49,1334.13,2211.9,train
n_FqNaRyUL0_0.wav,22050,10.0,220500,0.071217,0.070119,1395.65,1395.14,2872.36,train
m8x7VKbC2Wg_10.wav,22050,10.0,220500,0.120218,0.295779,3625.2,2311.98,5985.66,train
9-WpeK0KOIw_20.wav,22050,9.861,217432,0.112484,0.09953,1935.79,2076.23,3844.18,train
_x_1bcq73B4_170.wav,22050,10.0,220500,0.28345,0.104695,2472.49,2931.8,6288.32,train
ucGpCs4sxl4_30.wav,22050,10.0,220500,0.005482,0.196945,3671.13,3202.75,8146.2,train
UQoDsstR2yM_0.wav,22050,10.0,220500,0.023856,0.240353,2927.09,1759.31,3828.04,train
kauZ8RltGHU_30.wav,22050,10.0,220500,0.081865,0.038066,1266.45,1834.71,2303.08,train
eVKfQGOrxAQ_460.wav,22050,10.0,220500,0.044749,0.088686,2097.44,2499.31,4645.98,train
79uaK8DoXbo_30.wav,22050,10.0,220500,0.24105,0.048476,1311.63,1573.42,2511.57,train
9wTmv0UtPCA_70.wav,22050,10.0,220500,0.023422,0.169642,2796.75,2266.65,5189.25,train
1Ro50Wxz_aI_30.wav,22050,10.0,220500,0.058189,0.107502,2065.74,1956.64,3725.17,train
1ntWY3MfXHE_11.wav,22050,9.155,201866,0.28647,0.07255,1104.69,974.96,2218.82,train
3a2m03RlWrA_0.wav,22050,4.969,109568,0.154034,0.12138,2477.42,2597.74,5724.93,train
1k_ECUduVpw_210.wav,22050,10.0,220500,0.002244,0.284896,4026.74,3093.63,8096.03,train
8-yKZLSR5v0_40.wav,22050,10.0,220500,0.02775,0.213449,3388.17,2959.13,7120.9,train
P5uBmuVhNJE_10.wav,22050,10.0,220500,0.005221,0.204976,2159.07,1255.67,3172.88,train
fCRWu20zpLs_40.wav,22050,10.0,220500,0.081081,0.069825,1667.35,2059.64,3331.85,train
QbI-uE6tKqo_190.wav,22050,10.0,220500,0.01092,0.195114,3103.8,2679.24,6056.6,train
jHt9SL4a-Go_60.wav,22050,10.0,220500,0.02148,0.326449,4467.15,3109.86,8350.99,train
CVLK0tMweFw_30.wav,22050,10.0,220500,0.060275,0.092438,1915.19,2103.12,3892.59,train
yu2ZkPLHTBg_10.wav,22050,10.0,220500,0.060372,0.140156,2943.17,2958.4,6413.37,train
2QmWcgQrrzA_30.wav,22050,10.0,220500,0.203681,0.043637,1326.17,1219.83,2762.6,train
CxZ35DP1aU0_30.wav,22050,10.0,220500,0.097257,0.141651,2715.19,2664.84,5528.71,train
nF1vihmlVDg_40.wav,22050,10.0,220500,0.165096,0.286541,3979.59,2937.89,7522.01,train
2JGNi2QLabM_550.wav,22050,10.0,220500,0.053609,0.077095,1328.31,1580.04,2247.4,train
tKcypQ_ZAXE_120.wav,22050,10.0,220500,0.066632,0.099215,1939.51,2103.67,3848.62,train
kMbzCVYxOeY_30.wav,22050,10.0,220500,0.046656,0.245036,3659.13,2628.5,6739.67,train
542gx2PnI-k_30.wav,22050,10.0,220500,0.022818,0.121651,2290.03,2233.58,4353.6,train
HS9YBBUoLic_240.wav,22050,10.0,220500,0.125044,0.079053,1602.63,1782.75,3090.81,train
Vib_bfGADpY_30.wav,22050,10.0,220500,0.114957,0.287802,3239.9,2207.05,5817.04,train
wO6Wb-nHBGo_130.wav,22050,10.0,220500,0.087319,0.167952,2977.23,2609.5,6301.66,train
6uZATefYSak_30.wav,22050,10.0,220500,0.005485,0.130706,2481.18,2334.41,4521.5,train
neN-RJZENmc_10.wav,22050,10.0,220500,0.103205,0.211005,3258.46,2514.54,6136.01,train
QVAJJEqxvBU_0.wav,22050,10.0,220500,0.091859,0.347203,4405.0,2284.59,6721.51,train
bBAr2-khxc8_400.wav,22050,10.0,220500,0.072853,0.063586,1771.05,2235.62,3500.24,train
VjICHH1qkX0_0.wav,22050,10.0,220500,0.033824,0.280886,3827.7,2696.7,6990.42,train
JOM42NjFRx8_30.wav,22050,10.0,220500,0.07685,0.037344,1129.46,1724.98,2368.18,train
5GFlN-v7D9Q_30.wav,22050,10.0,220500,0.033533,0.190001,3045.43,2513.08,5823.66,train
bxtGCoD_jZc_300.wav,22050,10.0,220500,0.116322,0.378616,4570.89,2937.7,8088.49,train
Hw5q7aiY9yg_130.wav,22050,10.0,220500,0.027942,0.137596,3148.68,3320.04,7749.08,train
OIGovbDeybw_30.wav,22050,10.0,220500,0.048369,0.12322,2501.9,2835.74,5737.35,train
Bqig3egkU_4_0.wav,22050,9.288,204800,0.171889,0.084117,1766.71,1874.16,3898.64,train
War0oyNH1hw_90.wav,22050,10.0,220500,0.046697,0.088724,2372.14,2801.07,5654.11,train
c3vLk77MIWU_310.wav,22050,9.669,213204,0.105241,0.098087,1756.31,1703.19,3301.34,train
EFg4g14d8lU_30.wav,22050,10.0,220500,0.015398,0.098111,1630.55,1576.08,2697.52,train
K5Iboptps0c_22.wav,22050,9.086,200356,0.041508,0.130933,2724.04,2546.83,5804.32,train
7XsWZg3eUs8_30.wav,22050,10.0,220500,0.206609,0.099901,2119.56,2267.92,4395.65,train
cMuNEx248qI_30.wav,22050,10.0,220500,0.02319,0.244807,3420.74,2600.82,6464.66,train
ZwmO3Df8FXg_500.wav,22050,10.0,220500,0.136313,0.02119,876.86,1229.77,2002.34,train
XTVhAWpiqQ0_10.wav,22050,10.0,220500,0.111411,0.201073,2944.89,2516.23,5459.62,train
34lfAybTXD8_0.wav,22050,10.0,220500,0.019631,0.143317,2157.82,1586.17,4064.7,train
IL_wLVs4pGU_30.wav,22050,10.0,220500,0.039899,0.190531,2868.33,2395.13,5121.31,train
2-awMGjsHhI_40.wav,22050,10.0,220500,0.078633,0.269984,3710.4,2704.02,6761.35,train
tnmBAVSxJnY_80.wav,22050,10.0,220500,0.03641,0.241041,3991.6,2906.04,7602.89,train
8edVZrlxjag_20.wav,22050,10.0,220500,0.033412,0.306303,4052.51,2831.04,7416.51,train
x2zfCf_BYoo_10.wav,22050,10.0,220500,0.092469,0.074007,1467.76,1483.2,3266.5,train
-QYgW-Ex6SU_30.wav,22050,10.0,220500,0.037333,0.115498,2551.84,2477.72,5957.0,train
JqB0resmFy0_190.wav,22050,10.0,220500,0.150005,0.154572,2423.63,2086.86,4544.41,train
BSUQOny6e1c_10.wav,22050,10.0,220500,0.03254,0.064692,1337.6,1676.54,2430.58,train
Oma49eDAXWw_0.wav,22050,1.625,35840,0.050403,0.084101,1678.39,1626.6,3162.35,train
uBJkXHTemFE_30.wav,22050,10.0,220500,0.029985,0.131265,2408.45,2335.47,4826.51,train
ZAw25udrgc4_220.wav,22050,10.0,220500,0.222376,0.189054,2238.71,1366.09,3633.04,train
wu3z3J3VQZA_140.wav,22050,10.0,220500,0.158196,0.204552,3070.86,2533.52,5898.57,train
v3_BoF7KX34_50.wav,22050,10.0,220500,0.070542,0.148655,2559.99,2117.99,4625.27,train
ostd6VihluM_30.wav,22050,10.0,220500,0.048045,0.159603,3016.65,2554.34,5945.89,train
4W-6JKJa534_30.wav,22050,10.0,220500,0.070018,0.173873,2231.07,1557.31,3982.99,train
2wezvryQt0I_40.wav,22050,10.0,220500,0.047982,0.041309,1186.93,1910.8,2211.55,train
PVvcD6dRFsU_16.wav,22050,9.751,215008,0.079131,0.128883,1831.58,1650.07,3428.16,train
XXwt44xj9bI_0.wav,22050,10.0,220500,0.099946,0.110083,1807.99,1564.06,3650.83,train
Ol9TN9Yp-Ww_110.wav,22050,10.0,220500,0.058339,0.298536,4388.96,2954.8,7741.96,train
lj3xietGMjw_80.wav,22050,10.0,220500,0.110768,0.050419,1387.65,1588.64,2914.9,train
4kqNo2Iphpg_10.wav,22050,10.0,220500,0.22004,0.085968,1987.53,2262.28,4399.29,train
I7P6171B-Pc_8.wav,22050,10.0,220500,0.145819,0.076515,1441.11,1615.56,2664.95,train
Jjd4hCQFp9k_11.wav,22050,9.319,205482,0.125046,0.184309,3120.05,2606.48,5859.01,train
MfxCEaGkw-c_25.wav,22050,9.598,211630,0.149911,0.093465,2501.06,2960.9,6687.96,train
Nj3VnswxmpU_0.wav,22050,10.0,220500,0.095856,0.157849,2444.03,2205.29,4739.28,train
1SRZ8HOomEk_30.wav,22050,10.0,220500,0.145112,0.064736,1594.59,2031.23,3186.64,train
wZHk5VSe8X0_0.wav,22050,10.0,220500,0.020515,0.382849,4797.75,2826.3,8237.0,train
MdXGGoBN5KQ_20.wav,22050,10.0,220500,0.34304,0.064878,1342.57,1417.84,2460.63,train
esU5QHUK4XU_20.wav,22050,10.0,220500,0.007937,0.07681,1926.62,2296.37,4051.74,train
r3vttU6jMAo_290.wav,22050,10.0,220500,0.081077,0.13029,2431.68,2535.91,5191.15,train
4BLehpVhiGY_30.wav,22050,10.0,220500,0.163061,0.147742,2542.18,2135.31,4494.72,train
XYxGwQb7_9Y_80.wav,22050,10.0,220500,0.222521,0.132962,2317.28,2002.56,4462.22,train
Za21JaWuYNo_0.wav,22050,10.0,220500,0.030345,0.19522,2214.08,1212.87,3186.84,train
mC6jQVjEAXI_30.wav,22050,10.0,220500,0.093623,0.166512,2932.16,2448.21,5545.17,train
zsJv82hEza8_14.wav,22050,9.499,209444,0.177793,0.074013,2082.71,2519.63,4721.47,train
4AtBY_MyoD4_21.wav,22050,9.302,205110,0.117367,0.140446,2334.14,2096.02,4743.4,train
lOMe2JlRe_U_30.wav,22050,10.0,220500,0.321737,0.297296,3922.59,2279.71,6382.7,train
0qLGySZKP-I_80.wav,22050,10.0,220500,0.020554,0.097777,2837.4,2867.49,5983.26,train
kVj4SQ2yU0E_70.wav,22050,10.0,220500,0.193478,0.143863,3297.66,2354.06,5862.63,train
YN1qrzfCN_I_60.wav,22050,10.0,220500,0.05733,0.409628,4390.26,2255.91,6591.86,train
998RhGRlp1c_30.wav,22050,10.0,220500,0.041853,0.178891,3122.55,2745.4,6466.86,train
LkjIkuC_eWM_0.wav,22050,10.0,220500,0.041623,0.108754,1925.12,1931.45,3709.76,train
Q8UfN47kl9s_210.wav,22050,10.0,220500,0.100584,0.181377,3070.74,2636.16,6149.1,train
5y8PE3-AJ6M_410.wav,22050,10.0,220500,0.008184,0.256743,2852.29,2724.1,5962.62,train
N_GamP2jaIs_30.wav,22050,10.0,220500,0.021525,0.086792,2260.45,2403.58,5379.75,train
1_vBCN7D6Tw_29.wav,22050,9.401,207286,0.13477,0.123178,1468.97,826.46,2334.62,train
j9TyASUgzKQ_0.wav,22050,7.681,169360,0.048999,0.133347,2048.84,1919.06,4518.43,train
14Y72r4KHos_70.wav,22050,10.0,220500,0.058165,0.173966,3108.55,2699.07,6340.6,train
VNOlCExKV_E_110.wav,22050,10.0,220500,0.13719,0.41082,4962.75,2469.61,7706.39,train
uqrOsOSFjdo_0.wav,22050,10.0,220500,0.007871,0.011775,408.12,792.22,796.58,train
nQdI4TtSItA_20.wav,22050,10.0,220500,0.105406,0.055776,1295.31,1724.39,2544.72,train
zrnAPpqYEV8_30.wav,22050,10.0,220500,0.10645,0.051449,1451.96,2015.74,2990.87,train
9zqbda4kw74_30.wav,22050,10.0,220500,0.055559,0.094563,1329.91,994.12,2467.35,train
-is9go0kH4A_70.wav,22050,10.0,220500,0.225576,0.347933,3684.6,2097.85,6143.41,train
ahKDgAhsxek_370.wav,22050,10.0,220500,0.018246,0.162685,3065.4,2886.99,6437.58,train
1H5-1SipeXo_480.wav,22050,10.0,220500,0.027004,0.075194,1858.77,2314.69,4091.56,train
DAOMvEIrzqg_90.wav,22050,10.0,220500,0.02825,0.232533,3553.51,3100.08,7460.68,train
lbW7btmep6Q_10.wav,22050,10.0,220500,0.032115,0.192611,3491.79,3125.1,7446.39,train
UcKjFp9naow_50.wav,22050,10.0,220500,0.041712,0.125863,2561.08,2473.76,5131.45,train
ieALVZwlNcs_520.wav,22050,10.0,220500,0.108869,0.035773,1027.61,1546.03,2060.44,train
nPi_jrKgeFQ_40.wav,22050,10.0,220500,0.2735,0.104576,2129.4,2227.42,4262.03,train
8wOn7UbWJtY_10.wav,22050,10.0,220500,0.079551,0.207265,2974.67,2387.8,5505.31,train
hKaNFdIaF00_10.wav,22050,10.0,220500,0.21972,0.116333,1863.8,1457.95,3516.33,train
cOubrrR_n50_10.wav,22050,10.0,220500,0.131693,0.130549,2290.86,2197.08,4243.84,train
pB9memdng7U_20.wav,22050,10.0,220500,0.075412,0.231774,3869.55,3498.98,8800.83,train
iKRbnvAhd_M_27.wav,22050,9.804,216170,0.062927,0.186901,3136.27,2604.04,6142.79,train
_2VjQE_j_fY_30.wav,22050,10.0,220500,0.124591,0.102762,2311.42,2364.82,5285.4,train
Apxr8hRb0D8_30.wav,22050,10.0,220500,0.301631,0.069217,1238.14,1288.96,2435.18,train
o-LT4nvygWw_130.wav,22050,10.0,220500,0.17978,0.117448,2159.93,1934.73,4080.92,train
AgZ7oCbWXhE_100.wav,22050,10.0,220500,0.149816,0.137362,2877.69,2857.29,6316.47,train
WifTyGU9Yy0_350.wav,22050,10.0,220500,0.055252,0.121446,2858.96,2887.12,6227.02,train
DldUEH49gkE_30.wav,22050,10.0,220500,0.086981,0.025564,1215.71,2204.11,2682.48,train
ZxvvgI6VV-8_150.wav,22050,10.0,220500,0.034267,0.190112,3336.76,2953.42,7084.95,train
J2clp3ivBeg_240.wav,22050,10.0,220500,0.092748,0.201531,3323.46,2683.17,6598.93,train
mIsIMkGK1R8_30.wav,22050,10.0,220500,0.217286,0.090008,1598.21,1512.59,2875.81,train
wXgus57x9f0_24.wav,22050,9.112,200912,0.124864,0.14233,2382.7,2059.32,4631.86,train
Lh7c4YEWDVI_540.wav,22050,10.0,220500,0.076647,0.437762,5184.09,2947.12,8803.16,train
KVO-IX414n4_29.wav,22050,10.0,220500,0.006039,0.197012,3699.49,3298.15,7933.61,train
qzqRmpa-u7g_500.wav,22050,10.0,220500,0.070914,0.138077,2465.57,2272.75,4698.29,train
PmKJfZCj7l8_0.wav,22050,4.017,88576,0.145052,0.061871,1739.71,2266.35,4217.79,train
knDmlfYd1Go_15.wav,22050,9.497,209410,0.11352,0.162813,2638.06,2214.59,5065.4,train
hO--RXHFRCU_20.wav,22050,10.0,220500,0.078021,0.225121,2894.18,1969.23,4831.01,train
GcA8239qtAo_590.wav,22050,10.0,220500,0.109065,0.160188,2194.03,1605.89,3597.99,train
fuHQHczH3qw_24.wav,22050,9.176,202336,0.001921,0.130618,2461.67,2544.79,5210.03,train
rnDOsZCqO18_110.wav,22050,10.0,220500,0.116074,0.260997,2900.8,1589.96,4557.59,train
BkRfHbZMxDo_30.wav,22050,10.0,220500,0.00919,0.049678,1222.14,1168.95,2612.64,train
_U49Wn_zdcM_220.wav,22050,10.0,220500,0.052678,0.162651,2810.57,2507.68,5796.45,train
LWyM0eJH5Aw_0.wav,22050,10.0,220500,0.006314,0.138513,1775.5,1169.65,3144.8,train
uLUcrtuyR4Y_210.wav,22050,10.0,220500,0.152492,0.132655,2200.46,2155.14,3200.68,train
MOltnGchzpw_390.wav,22050,10.0,220500,0.02319,0.098985,2233.64,2443.07,4765.71,train
f_7bFOCYKHg_30.wav,22050,10.0,220500,0.02146,0.123485,1781.6,1522.14,3272.12,train
0n14FNj4AOo_20.wav,22050,10.0,220500,0.055399,0.074581,1891.29,2338.7,4166.6,train
jkzZpdroUz8_15.wav,22050,9.056,199682,0.020326,0.187405,2873.17,2568.2,6256.39,train
jtN-jifzXRY_6.wav,22050,9.464,208692,0.266373,0.074366,1120.97,936.39,2135.14,train
3n6rgID0Fas_30.wav,22050,10.0,220500,0.070984,0.351735,4366.26,2442.34,6952.2,train
mNhYS49kILI_60.wav,22050,10.0,220500,0.086389,0.024478,658.68,1135.27,1209.41,train
NgPI8pM1AMw_30.wav,22050,10.0,220500,0.01743,0.172221,2633.41,2254.85,4663.04,train
NKe0GaCbLYQ_30.wav,22050,10.0,220500,0.32917,0.10727,2872.28,2906.5,6444.65,train
TUDw9NaePn4_50.wav,22050,10.0,220500,0.186782,0.067915,1710.94,2234.34,3398.87,train
ppRDIwaflUE_140.wav,22050,10.0,220500,0.792915,0.046995,1425.44,1720.38,2999.83,train
KeVUagDleIg_30.wav,22050,10.0,220500,0.076755,0.181565,3231.33,2789.69,6514.09,train
2FQ7nRoKPrk_30.wav,22050,10.0,220500,0.038123,0.224407,3342.58,2642.99,6276.65,train
qn2eM4X0XmA_20.wav,22050,10.0,220500,0.031152,0.132894,2865.51,2728.71,6106.06,train
2fHcxwwt-LQ_30.wav,22050,10.0,220500,0.029035,0.135639,2547.36,2349.45,4965.85,train
4i7Z_Z8gd7E_120.wav,22050,10.0,220500,0.110253,0.122324,2128.22,2014.9,3929.83,train
nQY3e2rGzMo_60.wav,22050,10.0,220500,0.018487,0.137081,2600.53,2621.21,5543.08,train
01x0cVpXMLg_30.wav,22050,10.0,220500,0.243821,0.07888,1960.76,2085.84,3685.18,train
8415P12euNY_21.wav,22050,9.518,209862,0.098242,0.095411,1291.17,1017.39,2538.84,train
TWR-j_G2q2k_30.wav,22050,10.0,220500,0.030381,0.254322,3563.29,2751.5,6620.64,train
BvlS7iR0nj0_290.wav,22050,10.0,220500,0.010256,0.141138,2210.46,1965.12,4173.57,train
DrKmyWv5Af4_30.wav,22050,9.248,203924,0.024846,0.180726,3009.57,2425.63,5678.61,train
nLl8kfXg11c_16.wav,22050,9.514,209776,0.055706,0.135016,2520.23,2461.22,5202.0,train
GAEIPSsH29I_380.wav,22050,10.0,220500,0.114543,0.112256,2462.37,2353.51,4768.58,train
2cUIEZc2P9c_30.wav,22050,10.0,220500,0.179786,0.065578,1535.45,1781.76,3091.04,train
QFwyb-tbu6E_90.wav,22050,10.0,220500,0.124162,0.269424,3571.98,2358.72,6204.71,train
3pf-rGZ8Kc8_30.wav,22050,10.0,220500,0.582832,0.009469,735.33,1331.03,1267.64,train
1F9B45GLhLg_0.wav,22050,10.0,220500,0.080848,0.136577,2809.57,2684.35,5931.9,train
n8UVYOT0uJs_70.wav,22050,10.0,220500,0.018243,0.248719,3665.98,2834.08,7095.34,train
3heFzrR9Eio_0.wav,22050,10.0,220500,0.016616,0.113911,2192.28,2413.52,4760.21,train
hhZXMILouSI_0.wav,22050,10.0,220500,0.060912,0.317454,4341.62,2726.76,7750.65,train
zvfE-IU8RtI_210.wav,22050,10.0,220500,0.069224,0.085728,2574.2,2703.94,5524.89,train
DEmew7OvWHM_30.wav,22050,10.0,220500,0.114525,0.190183,2972.49,2533.05,6234.71,train
in2nGGJrLrE_10.wav,22050,10.0,220500,0.013018,0.222222,3418.27,2743.7,6673.79,train
GCx6-oM2K_M_30.wav,22050,10.0,220500,0.034733,0.048244,1186.41,1602.91,2274.3,train
-u9BxBNcrw4_30.wav,22050,10.0,220500,0.251051,0.074782,1839.85,2241.19,3776.33,train
wCPbByYLc2w_22.wav,22050,9.579,211220,0.115074,0.083915,1861.1,2113.27,3842.27,train
nc2Y-Tmg3Gc_20.wav,22050,10.0,220500,0.097653,0.153499,2925.07,2730.74,6393.89,train
uiRGSVplnck_350.wav,22050,10.0,220500,0.010777,0.363152,4785.09,3155.08,8410.69,train
Q4ph8Eyq2Pw_200.wav,22050,10.0,220500,0.106025,0.09338,1887.22,2194.12,3601.92,train
d3xLXQ-rYmw_230.wav,22050,10.0,220500,0.088414,0.259102,3273.47,2005.11,5423.69,train
-wamKpg9hgE_10.wav,22050,10.0,220500,0.035834,0.251349,3796.46,2991.57,7585.11,train
xMFWf-cUzck_30.wav,22050,10.0,220500,0.235396,0.153316,2401.54,1851.26,4598.74,train
6bIXvHC-bEU_30.wav,22050,10.0,220500,0.126869,0.273687,3930.46,2493.96,6779.36,train
VnGx1VvTs8k_30.wav,22050,10.0,220500,0.126479,0.097246,1850.19,1668.31,3551.88,train
KiORVuxI4S8_90.wav,22050,10.0,220500,0.067417,0.190947,2380.9,1446.87,3993.11,train
b2ti9_gM1A0_14.wav,22050,9.865,217524,0.103953,0.051305,1451.66,2210.11,3008.09,train
-CGRNKyzlzk_0.wav,22050,5.55,122368,0.199055,0.095013,2244.13,2645.67,5153.97,train
Z_AKpY3q8M0_30.wav,22050,10.0,220500,0.047427,0.215291,2263.64,1640.71,4295.77,train
mi-EggHsTAI_90.wav,22050,10.0,220500,0.004201,0.123031,2290.97,2426.59,4658.07,train
xLdtzUY91oQ_20.wav,22050,10.0,220500,0.023516,0.145421,2629.16,2781.92,6015.43,train
blsJdqplwPY_50.wav,22050,10.0,220500,0.180442,0.341413,4337.23,2511.96,7164.21,train
kwp8anJdTnU_500.wav,22050,10.0,220500,0.096919,0.079418,1701.17,1820.13,3436.14,train
68nJzfThPJc_29.wav,22050,9.684,213542,0.155033,0.124499,1562.7,996.0,2483.25,train
B851x6kHNP0_30.wav,22050,10.0,220500,0.077667,0.044423,1337.49,2035.85,2775.83,train
7GAP64vpgxQ_30.wav,22050,10.0,220500,0.051533,0.124912,1716.38,1118.67,2819.08,train
03_qKD_P2Gs_30.wav,22050,10.0,220500,0.15134,0.098959,1960.4,2154.05,3475.51,train
B__BjYdeXuE_90.wav,22050,10.0,220500,0.007283,0.125639,2370.72,2370.14,4859.91,train
WKAmIo9aZP4_280.wav,22050,10.0,220500,0.172045,0.269753,3923.55,2487.56,6724.38,train
4rXyuaQWBfY_370.wav,22050,10.0,220500,0.043657,0.064583,1336.31,1625.78,2461.9,train
9RtgQ1ElzfM_30.wav,22050,10.0,220500,0.203518,0.653462,6690.62,2870.15,9424.72,train
J6IzRNQauyA_50.wav,22050,10.0,220500,0.008284,0.230105,3006.33,2293.03,5615.49,train
6Bl2rLH2XZs_90.wav,22050,10.0,220500,0.025207,0.111807,2371.59,2704.83,5414.18,train
khQeBeEdhzg_0.wav,22050,10.0,220500,0.138693,0.114177,2040.23,1914.46,3709.11,train
odNU_QebEZk_0.wav,22050,6.85,151040,0.243301,0.073067,1515.48,1802.49,3167.27,train
WU12B4f1G20_29.wav,22050,9.661,213030,0.084088,0.21432,3212.22,2506.48,5946.78,train
KQgbtkMt_f4_30.wav,22050,10.0,220500,0.096476,0.238954,3658.31,2488.47,6466.56,train
9fljT22gtew_40.wav,22050,10.0,220500,0.043343,0.2324,3340.43,2319.72,5799.4,train
7LLIoFlYPYs_240.wav,22050,10.0,220500,0.544792,0.042139,1655.01,2209.99,3791.12,train
NjJsHTWZr3Q_10.wav,22050,10.0,220500,0.134804,0.071215,1311.04,1304.14,2749.46,train
0WQ5Xejk0cs_30.wav,22050,10.0,220500,0.077064,0.191339,2576.51,1977.38,4452.88,train
De9pARrB7_g_90.wav,22050,10.0,220500,0.071263,0.083143,1479.03,1421.55,2618.41,train
hR3KciNOhWU_0.wav,22050,10.0,220500,0.038197,0.111115,1603.68,1334.14,3283.54,train
18Py_C8kBjw_30.wav,22050,10.0,220500,0.189723,0.128784,1789.01,1513.99,2994.71,train
52Pr5Bm3RUQ_6.wav,22050,8.949,197316,0.131276,0.038025,739.96,869.31,1327.5,train
fVyMSnmZ_VA_280.wav,22050,10.0,220500,0.020825,0.272433,4054.38,3064.21,7969.98,train
EF6duJ04-I4_5.wav,22050,9.536,210262,0.21722,0.135039,2574.74,2459.82,5116.26,train
5VBUIzerLEY_4.wav,22050,9.637,212488,0.060245,0.184445,2051.34,725.78,2750.14,train
LDMRAzGFor8_15.wav,22050,9.457,208530,0.030308,0.263125,3914.22,2343.81,6226.95,train
c0KXtX7DbJU_12.wav,22050,10.0,220500,0.215417,0.292753,3100.89,1514.63,4729.59,train
vHgKEoINNNk_0.wav,22050,10.0,220500,0.064902,0.106035,1930.06,1892.81,3531.6,train
GrqTwr1CFzs_12.wav,22050,9.223,203368,0.143744,0.103646,1934.43,2107.08,3951.13,train
CDe-9GSCPYY_30.wav,22050,10.0,220500,0.191319,0.101645,1926.28,1841.27,3838.03,train
3KGWSy6GKpY_17.wav,22050,10.0,220500,0.097896,0.069483,1182.9,992.27,2367.93,train
bAvXzM0oUJI_40.wav,22050,10.0,220500,0.011832,0.213081,3589.94,2870.15,7107.51,train
6aIYPN0aOY0_390.wav,22050,10.0,220500,0.032347,0.075092,2398.53,2580.83,5316.8,train
SPD7dfBWolc_110.wav,22050,10.0,220500,0.013831,0.235724,3612.18,2969.94,7498.93,train
-nU58LRK4mM_30.wav,22050,10.0,220500,0.102856,0.108227,1759.64,1894.65,3194.38,train
T_G3KNSuIDM_200.wav,22050,10.0,220500,0.240583,0.055146,1244.27,1775.0,1849.28,train
9ybd-qoGNU0_0.wav,22050,10.0,220500,0.347589,0.156541,2698.82,2350.04,5190.3,train
6Pdw0oASidU_16.wav,22050,9.829,216740,0.070654,0.044803,1211.19,1420.95,2775.65,train
_fp7W-nVb3s_60.wav,22050,10.0,220500,0.120143,0.094566,1739.96,1897.08,3326.63,train
1kJHT52A0kI_110.wav,22050,10.0,220500,0.005206,0.397613,4850.89,3210.65,8805.38,train
2KGFCU3eN8Q_0.wav,22050,9.759,215184,0.155025,0.164841,2084.65,876.8,2611.27,train
CA3Kpvy4nr8_15.wav,22050,9.056,199682,0.009692,0.025565,635.15,923.64,1091.61,train
MfSXrFJt6d4_7.wav,22050,10.0,220500,0.218209,0.060882,1499.5,1959.07,3065.91,train
W2bIP1FSLy8_0.wav,22050,10.0,220500,0.163957,0.095019,1319.05,897.62,2322.31,train
45KEHJraS_I_30.wav,22050,10.0,220500,0.071348,0.093191,1766.49,1937.37,3403.0,train
-Nw7avrU6VM_0.wav,22050,2.0,44100,0.017404,0.020373,724.94,637.86,1465.12,train
z8W2aL7W3pY_70.wav,22050,10.0,220500,0.098618,0.2917,3976.82,2930.05,7774.04,train
vfEqEGD57FU_260.wav,22050,10.0,220500,0.185237,0.141602,2621.87,2527.22,5302.21,train
WocTfPIF5Ws_40.wav,22050,10.0,220500,0.044714,0.196161,3114.15,2509.6,6217.77,train
R0kA0v4hvAM_10.wav,22050,10.0,220500,0.19089,0.09304,1919.63,2126.32,4184.86,train
QUD8wSZ88tA_30.wav,22050,10.0,220500,0.033345,0.197591,3233.85,2828.77,6813.04,train
Nf4vOfGbWLQ_10.wav,22050,10.0,220500,0.081547,0.330045,4298.18,2914.18,7595.0,train
15wcaZrpClM_30.wav,22050,10.0,220500,0.098396,0.195045,2657.67,1725.85,3829.04,train
5uEm-JnPWzA_30.wav,22050,10.0,220500,0.091447,0.055417,1801.61,2352.14,3686.35,train
HdZETeUMRP8_420.wav,22050,10.0,220500,0.039158,0.562457,6025.66,3030.88,9359.92,train
A127Y__ArIU_30.wav,22050,10.0,220500,0.20439,0.111545,1414.51,1029.79,2687.95,train
hRlz0NaCUcU_340.wav,22050,10.0,220500,0.013959,0.349828,4708.95,3165.06,8720.6,train
LLfowliB_YU_70.wav,22050,10.0,220500,0.083441,0.219503,3284.55,2564.94,6177.76,train
LZH9DfFPrNY_18.wav,22050,9.818,216476,0.111726,0.178939,2703.83,2182.91,4622.31,train
XGIGmJKZTbg_510.wav,22050,10.0,220500,0.191003,0.245874,3903.32,2726.08,6757.98,train
ZzHBO3IielA_90.wav,22050,10.0,220500,0.147497,0.09224,1521.72,1268.89,2889.12,train
OlxsJWssSho_480.wav,22050,10.0,220500,0.236643,0.053225,1638.67,2129.68,3504.87,train
0c7SAYJGxjM_30.wav,22050,10.0,220500,0.267425,0.052238,1524.03,1948.4,2947.95,train
H7yAEo6tEvo_200.wav,22050,10.0,220500,0.060449,0.087373,2020.94,2054.27,4104.92,train
2fIwmHfqAnY_20.wav,22050,10.0,220500,0.143686,0.137981,2372.34,2130.75,4312.51,train
w3b8379U-vo_60.wav,22050,10.0,220500,0.05774,0.160762,2657.66,2257.3,4920.11,train
Pb6DR5E7iuY_10.wav,22050,10.0,220500,0.001043,0.193953,2538.12,1869.48,4903.1,train
w_k5bvAThKk_0.wav,22050,6.014,132608,0.0665,0.11355,2521.95,2524.88,5262.76,train
6GKczm3awWE_30.wav,22050,10.0,220500,0.031353,0.15558,2712.02,2365.43,5088.93,train
YDpRRb0CQDQ_30.wav,22050,10.0,220500,0.059687,0.109936,1763.31,1474.3,3468.14,train
RTGOE43diR8_0.wav,22050,10.0,220500,0.237697,0.090866,1511.67,1476.87,2903.44,train
ArKohh2O9vw_30.wav,22050,10.0,220500,0.007349,0.112633,2675.17,2638.17,5634.78,train
BZE3CXB_h_o_170.wav,22050,10.0,220500,0.032637,0.117079,2044.9,2068.68,4014.32,train
QjK9AJQLP6k_30.wav,22050,10.0,220500,0.141841,0.137307,2612.63,2391.98,5120.76,train
qrp9IVX1iXI_30.wav,22050,10.0,220500,0.063138,0.342994,4558.59,2988.73,8172.05,train
cX3Zrrld1Tk_9.wav,22050,9.578,211198,0.073166,0.108188,1430.87,1147.31,2778.07,train
wj6WAjNK_II_570.wav,22050,10.0,220500,0.097214,0.135833,2006.94,1701.72,3345.04,train
OWObFlq-f18_60.wav,22050,10.0,220500,0.249221,0.325971,4165.5,2862.67,7652.68,train
-YLpD1UW8qU_0.wav,22050,10.0,220500,0.005731,0.130343,2697.19,2743.95,5884.91,train
qHh8gLBxitM_70.wav,22050,10.0,220500,0.092122,0.147874,2775.87,2709.08,6094.62,train
fs442oqPqko_10.wav,22050,10.0,220500,0.027953,0.200294,2254.98,1757.12,4418.33,train
vlzTbMlG1aE_280.wav,22050,10.0,220500,0.077599,0.059884,1299.0,1505.7,2630.42,train
QJXgPKpUkag_50.wav,22050,10.0,220500,0.166113,0.208471,2459.32,1474.54,4206.14,train
H6veNGHVHDo_10.wav,22050,10.0,220500,0.044366,0.126067,2230.22,1995.65,4466.84,train
_RQQExI0OjY_290.wav,22050,10.0,220500,0.101994,0.12804,2021.28,1993.9,3831.96,train
0VBYVWUA7vs_30.wav,22050,10.0,220500,0.221393,0.039568,813.98,907.87,1600.78,train
2tCBFlfPA3c_10.wav,22050,10.0,220500,0.031977,0.114206,1720.69,1477.65,3595.05,train
Mp_BDiPo4Is_120.wav,22050,10.0,220500,0.046757,0.232176,3108.31,2295.6,5445.35,train
Z0OIwvPpCfg_30.wav,22050,10.0,220500,0.148301,0.219915,2987.17,1880.59,4858.14,train
78BbCDYVXTU_20.wav,22050,9.861,217432,0.187728,0.059537,951.12,973.85,1887.7,train
2URXBjrsgt0_40.wav,22050,10.0,220500,0.093043,0.190371,2952.79,2343.51,5504.06,train
dfbo5331Hhg_260.wav,22050,10.0,220500,0.068716,0.0893,2124.81,2318.99,4479.06,train
8hegLY1zgLk_30.wav,22050,10.0,220500,0.121896,0.26243,3953.19,3430.58,8708.01,train
5nnb6WjlALo_30.wav,22050,10.0,220500,0.053299,0.087703,1688.03,1741.45,3332.1,train
xMCJnF1dNTU_10.wav,22050,10.0,220500,0.026776,0.184969,1726.75,1513.55,3528.07,train
e1HpToAROVw_0.wav,22050,10.0,220500,0.128976,0.074221,1800.44,2202.94,4396.07,train
oHfoEcqtWgs_110.wav,22050,10.0,220500,0.051142,0.273449,3902.07,2871.26,7347.92,train
WQcc1pdbUoo_40.wav,22050,10.0,220500,0.009664,0.530053,5600.04,3271.4,9166.25,train
ZTLXroS8c08_100.wav,22050,10.0,220500,0.064598,0.229048,3237.11,2510.2,6058.0,train
YjQ-MIatadI_160.wav,22050,10.0,220500,0.048697,0.160611,3117.75,2772.86,6458.39,train
D7uSIg8Vcic_0.wav,22050,9.689,213648,0.03453,0.18117,2863.87,2510.87,5577.77,train
DQiGDmAsCIk_0.wav,22050,10.0,220500,0.137634,0.16105,2688.02,2386.21,5102.39,train
L2A4-nf0Qhc_110.wav,22050,10.0,220500,0.044431,0.131399,2383.06,2135.29,4512.38,train
0_eJQ3UbQ1U_0.wav,22050,10.0,220500,0.247252,0.075582,1498.24,1592.1,2612.39,train
xvERHXkoZG4_340.wav,22050,10.0,220500,0.068046,0.114275,2114.78,2096.94,3911.57,train
H2S8rASuMYo_20.wav,22050,10.0,220500,0.234446,0.152183,1946.44,1278.79,3313.87,train
--PG66A3lo4_80.wav,22050,10.0,220500,0.112045,0.082723,1758.55,1936.96,3659.92,train
vRJoyrfC6Hw_300.wav,22050,10.0,220500,0.08323,0.169738,2823.09,2451.79,5415.88,train
46GQHWUzGW0_500.wav,22050,10.0,220500,0.047107,0.185417,3122.28,2694.86,6131.12,train
cEeCuEzg3Sw_10.wav,22050,10.0,220500,0.013907,0.133598,2552.33,2487.65,5380.8,train
hf32zpBSG-E_30.wav,22050,10.0,220500,0.089212,0.074761,1650.79,1753.17,3745.15,train
TAQyUzvV3iA_2.wav,22050,9.036,199244,0.235498,0.096126,1548.91,903.21,2645.6,train
4GEJJTixR58_0.wav,22050,10.0,220500,0.074976,0.155503,2748.08,2681.25,6096.19,train
QGtB6kL_tZE_30.wav,22050,10.0,220500,0.116283,0.172846,2855.92,2353.83,5539.35,train
Tuix392q49o_30.wav,22050,10.0,220500,0.112733,0.142565,2483.88,2303.29,4730.61,train
Ydte4f1Hvxs_20.wav,22050,10.0,220500,0.359748,0.08379,1311.4,979.53,2340.62,train
OpNhn9Y5ebk_30.wav,22050,10.0,220500,0.031537,0.122502,2226.83,2254.59,4377.36,train
J15Ro0v7i7c_30.wav,22050,10.0,220500,0.09264,0.105613,1887.49,1500.54,3323.86,train
ZYMf4x0-vYA_240.wav,22050,10.0,220500,0.135589,0.093419,1588.66,1473.48,3199.63,train
1J4UzUIZ3KI_100.wav,22050,10.0,220500,0.007769,0.179734,3069.0,2498.64,5710.55,train
xF-3R_GxMc8_30.wav,22050,10.0,220500,0.012162,0.159392,2826.76,2575.63,5559.64,train
PXjHnSJiG10_270.wav,22050,10.0,220500,0.089573,0.165112,1847.85,1138.3,2900.51,train
rsPBNLzOqNM_160.wav,22050,10.0,220500,0.046572,0.049364,1045.42,1373.04,2222.72,train
-S4wUe38Ukg_30.wav,22050,10.0,220500,0.213684,0.189768,3217.79,2887.15,6902.34,train
vTm1CA228oE_30.wav,22050,10.0,220500,0.054869,0.09149,1780.31,1858.87,3348.44,train
Lm9I3vJi9TM_130.wav,22050,10.0,220500,0.163745,0.170568,2958.21,2559.87,5956.48,train
0WxVVyGB2C4_30.wav,22050,10.0,220500,0.08059,0.2061,3932.25,3398.98,8140.97,train
J1hDv21nlHQ_400.wav,22050,10.0,220500,0.144008,0.189314,2787.82,2113.02,5029.0,train
N0ILRovBwok_0.wav,22050,8.122,179088,0.148955,0.127373,1752.35,1448.75,3528.49,train
hK2oRdBI1uM_24.wav,22050,10.0,220500,0.169209,0.339113,4043.75,2350.98,6593.83,train
4XxGngp4naI_30.wav,22050,10.0,220500,0.010125,0.053249,2013.3,2423.97,4357.83,train
TyF4IFkwymY_100.wav,22050,10.0,220500,0.009699,0.084504,2849.73,3104.29,6975.43,train
7tgY7-p5IFk_60.wav,22050,10.0,220500,0.188495,0.105145,2165.71,2283.97,4381.48,train
IND_tYlGReI_15.wav,22050,9.84,216978,0.74642,0.07846,1674.7,1760.21,3490.56,train
dqR4-FeFQKA_0.wav,22050,10.0,220500,0.309002,0.060093,1232.3,1419.89,2347.17,train
wiFgyT_TxJo_90.wav,22050,10.0,220500,0.184909,0.079466,2346.8,2871.27,5733.28,train
CGbs2DK94vk_410.wav,22050,10.0,220500,0.105637,0.058935,1739.79,2329.71,3812.83,train
11CtJUD-zHg_30.wav,22050,10.0,220500,0.134984,0.14185,2571.91,2645.92,5510.25,train
FOg8gSqzJRA_30.wav,22050,10.0,220500,0.133396,0.203707,3240.96,2707.06,6403.23,train
KyRspv2RGTI_160.wav,22050,10.0,220500,0.034276,0.447292,5264.37,2939.09,8957.49,train
o-Iurd6rFuE_480.wav,22050,10.0,220500,0.103487,0.069799,1309.23,1556.72,2330.98,train
Aosw7GI2tFc_30.wav,22050,10.0,220500,0.009557,0.14789,2440.67,2113.49,4557.17,train
Zk38_N0sbQM_30.wav,22050,10.0,220500,0.026065,0.340412,4135.59,2711.26,7000.76,train
4vZxJBmrPjc_30.wav,22050,10.0,220500,0.078422,0.020776,605.56,1206.31,789.01,train
bcmuV9W2beg_30.wav,22050,10.0,220500,0.040644,0.132533,2291.16,2206.01,4459.2,train
lZIGOHYbto8_30.wav,22050,10.0,220500,0.073192,0.089357,2048.55,2360.23,4168.67,train
OHuCmFZEhdk_40.wav,22050,10.0,220500,0.117252,0.12188,1540.73,1001.61,2558.65,train
L5CClgLYW-Y_110.wav,22050,10.0,220500,0.126682,0.120065,2092.32,1935.98,3867.31,train
suAoyDXpB6w_210.wav,22050,10.0,220500,0.24054,0.040712,873.27,1166.63,1467.88,train
g4Z58kjtCAc_0.wav,22050,7.53,166032,0.169618,0.100904,2112.32,2325.53,4541.19,train
9Tpd4eGwa9o_100.wav,22050,10.0,220500,0.042374,0.154565,2614.71,2518.14,5218.4,train
ClmQxZ1FmSc_340.wav,22050,10.0,220500,0.078173,0.213399,3532.23,2853.7,7112.6,train
KT9W6bO9UGY_60.wav,22050,10.0,220500,0.081712,0.108852,2734.42,2756.72,5972.09,train
Fdb3UCmDXI4_360.wav,22050,10.0,220500,0.210182,0.125057,2294.89,2237.27,4620.6,train
QyBONvUNTUE_20.wav,22050,10.0,220500,0.119302,0.185687,2527.52,1375.44,3882.0,train
5Zt294jg-hI_30.wav,22050,10.0,220500,0.222212,0.273639,3169.67,2303.81,6110.03,train
uUduTh2ZzwI_50.wav,22050,10.0,220500,0.008579,0.196694,2900.92,2418.64,5933.77,train
sns3vH7PAcE_260.wav,22050,10.0,220500,0.064284,0.152016,2481.52,2428.62,5176.11,train
n6HLi_sSzLU_10.wav,22050,10.0,220500,0.072955,0.156736,2675.18,2450.6,5190.4,train
UPfgjDKKbjM_0.wav,22050,10.0,220500,0.09475,0.168525,2143.72,1401.85,3814.8,train
JFeKUO0uS4Q_10.wav,22050,10.0,220500,0.118754,0.027635,890.26,1559.39,1383.1,train
Y4VsLljLlMs_30.wav,22050,10.0,220500,0.051891,0.105566,1791.47,1730.17,3710.41,train
kQaA1Ou6FSs_30.wav,22050,10.0,220500,0.094935,0.070157,1797.55,2306.16,3804.28,train
SiaW5fAcKPw_30.wav,22050,10.0,220500,0.075689,0.154414,2850.16,2788.47,6178.81,train
vewuoAZqETI_30.wav,22050,10.0,220500,0.097892,0.19066,2864.62,2461.37,5809.42,train
6bPsB1h3wvE_110.wav,22050,10.0,220500,0.216824,0.210853,3274.57,2706.42,6761.48,train
3XX_lXUSXv8_15.wav,22050,10.0,220500,0.599861,0.034656,720.72,887.68,1392.96,train
4RU8_lp0Z2E_0.wav,22050,10.0,220500,0.092944,0.125747,2347.07,2295.78,4861.01,train
30EAG6uW5DM_30.wav,22050,10.0,220500,0.01144,0.109315,1967.43,1971.86,3499.92,train
peBb4lqJDwg_30.wav,22050,10.0,220500,0.049102,0.365988,4661.18,2734.24,7577.46,train
FngwHU7ZBD0_120.wav,22050,10.0,220500,0.144256,0.204728,3106.04,2607.54,6397.68,train
z9Arkbwb1Xk_30.wav,22050,9.678,213396,0.042698,0.161571,3100.28,2757.32,6396.08,train
P_tktMUTH04_260.wav,22050,10.0,220500,0.094887,0.187427,2813.49,2210.6,5146.36,train
dp1uFuH3VsY_40.wav,22050,10.0,220500,0.022648,0.093842,2196.05,2515.66,4947.44,train
AsKKXObfT78_40.wav,22050,10.0,220500,0.038478,0.27951,3780.43,2711.27,6975.73,train
Zjan3KPG3vk_4.wav,22050,9.073,200056,0.141193,0.037665,702.24,964.03,1133.38,train
LMF6dpVuJkc_10.wav,22050,10.0,220500,0.12812,0.015532,468.72,915.31,632.48,train
O4VEP1R9Spo_280.wav,22050,10.0,220500,0.079883,0.001338,1176.42,1702.66,2822.45,train
ye6QlEukYmk_60.wav,22050,10.0,220500,0.099633,0.057553,1032.85,1247.43,1735.82,train
Ji1N5HXUjPI_390.wav,22050,10.0,220500,0.208334,0.057423,1746.71,2158.21,3923.74,train
Z-kasmR2QBM_0.wav,22050,10.0,220500,0.056799,0.145229,2679.07,2370.78,5305.16,train
R63V7KbGhbo_30.wav,22050,10.0,220500,0.191468,0.144676,2600.23,2407.19,4814.59,train
LIgHDI7NAaU_0.wav,22050,10.0,220500,0.002433,0.309021,4592.99,2897.02,8002.43,train
IBiZi9LqtIo_30.wav,22050,10.0,220500,0.193956,0.156908,2316.78,2125.71,4574.23,train
vDTBSoYQHuY_30.wav,22050,10.0,220500,0.288725,0.159617,2506.22,2163.97,4414.41,train
5nBzLrJfJNM_100.wav,22050,10.0,220500,0.007218,0.059568,2213.47,2780.02,5335.11,train
X2P3zeYrmt0_20.wav,22050,10.0,220500,0.037086,0.121141,2006.14,1861.41,3321.23,train
KSRLz6FRTWc_80.wav,22050,10.0,220500,0.053982,0.060302,1432.32,2139.35,2179.85,train
0kiMXnnrKjg_12.wav,22050,9.601,211704,0.016955,0.081935,1710.3,1827.19,3175.34,train
45NhDX3CXO4_180.wav,22050,10.0,220500,0.057341,0.420725,5023.8,3084.12,8704.46,train
xRyfAQJOdns_110.wav,22050,10.0,220500,0.040979,0.252746,3511.34,2534.94,6281.82,train
EqRc7MTIAQk_80.wav,22050,10.0,220500,0.015745,0.140004,3181.31,2773.09,6208.41,train
1EDvzW5WpB8_30.wav,22050,10.0,220500,0.064051,0.153064,2533.85,2147.76,4791.26,train
fAMUCIh7BsM_30.wav,22050,10.0,220500,0.133467,0.090582,1833.81,2014.01,3746.63,train
zG0dfs6IAl0_20.wav,22050,10.0,220500,0.145857,0.129649,2091.92,1883.12,3772.98,train
cRGn3wg0r1I_80.wav,22050,10.0,220500,0.062003,0.067907,1141.85,1079.4,2443.49,train
HAkTcd4VDMo_180.wav,22050,10.0,220500,0.072119,0.224488,3207.75,2626.73,6171.59,train
iXkpD0L_5Jg_10.wav,22050,10.0,220500,0.019641,0.09773,1435.65,1243.74,2764.97,train
IjEFcjFhFqA_30.wav,22050,10.0,220500,0.43572,0.089064,2306.45,2718.56,5599.96,train
wINncsIv6ms_30.wav,22050,10.0,220500,0.003137,0.093498,1314.64,1093.82,2420.51,train
VWBLKuEA6EY_5.wav,22050,9.629,212310,0.520706,0.04568,1048.94,1277.46,2211.41,train
pQEVnoHpxyM_8.wav,22050,9.735,214656,0.022292,0.158918,3073.3,2706.47,6146.32,train
jjEfz072T5U_380.wav,22050,10.0,220500,0.158882,0.06421,1610.42,2026.44,3323.71,train
_Jlo22GeiNY_200.wav,22050,10.0,220500,0.098363,0.149197,2291.95,2014.72,4750.82,train
Fr_9CvC8Xxo_30.wav,22050,10.0,220500,0.13603,0.205077,3288.59,2650.62,6427.69,train
CpVcXN_Mllw_30.wav,22050,10.0,220500,0.156461,0.054192,1067.85,1119.09,2135.13,train
8u_1hxvSqkQ_30.wav,22050,10.0,220500,0.11247,0.086832,2163.25,2430.45,4663.39,train
iI2y0Otk1SE_90.wav,22050,10.0,220500,0.308204,0.178533,3222.62,2741.05,6349.15,train
EIowWz90J8E_1.wav,22050,10.0,220500,0.130385,0.173161,1904.29,1094.52,3185.52,train
kQD1aqMZFzQ_210.wav,22050,10.0,220500,0.23579,0.162592,2770.29,2407.12,5509.68,train
yjCLaDEqw5E_100.wav,22050,10.0,220500,0.09218,0.164015,2828.61,2518.78,5650.14,train
2muxLZYtfmw_30.wav,22050,10.0,220500,0.194532,0.108892,1530.28,971.39,2622.93,train
85xX9hReBbQ_350.wav,22050,10.0,220500,0.058441,0.209423,2652.24,1888.96,4934.95,train
ce9Fvf-2o7w_40.wav,22050,10.0,220500,0.006838,0.134098,2619.09,2531.71,5659.74,train
6kaQT6m2pe8_40.wav,22050,10.0,220500,0.222988,0.09917,1694.33,1823.34,2773.51,train
JafSeIv370E_120.wav,22050,10.0,220500,0.04461,0.131177,2324.62,2180.21,4472.71,train
51RBCXSHtyg_30.wav,22050,10.0,220500,0.110551,0.069127,1070.05,857.75,1902.57,train
45ji1tqdHi8_30.wav,22050,10.0,220500,0.017277,0.318723,4129.97,2379.01,6557.36,train
19foblg0h2A_40.wav,22050,10.0,220500,0.009306,0.098233,2116.42,2420.6,4497.22,train
5CS8azBBUDc_30.wav,22050,10.0,220500,0.020458,0.056178,1562.92,2113.86,3080.42,train
HLhtjA_wSjc_30.wav,22050,9.822,216580,0.102564,0.122522,2344.31,2333.69,4672.83,train
_Y6khEkovv4_250.wav,22050,10.0,220500,0.060236,0.17709,2461.52,1898.19,4435.39,train
TF27s3kNP4k_80.wav,22050,10.0,220500,0.031417,0.323644,3131.03,1504.97,4734.56,train
lHDia6SVWhc_20.wav,22050,10.0,220500,0.192889,0.075867,1327.61,1469.02,2455.66,train
78E6E9fpPfI_40.wav,22050,10.0,220500,0.040905,0.149726,2475.25,2199.07,4740.7,train
n0bhFfl8sbw_170.wav,22050,10.0,220500,0.058297,0.162616,2860.13,2313.35,5353.35,train
Cs24AWKFF1c_0.wav,22050,10.0,220500,0.096678,0.166401,2919.17,2629.42,6087.05,train
Ny02BUOwTwU_20.wav,22050,10.0,220500,0.47041,0.02437,850.55,1442.42,1773.77,train
xdaANKYZoiY_0.wav,22050,10.0,220500,0.145638,0.068475,1894.47,2428.65,5263.57,train
zD1Z7ZkU1aQ_520.wav,22050,10.0,220500,0.163153,0.133277,2385.39,2169.9,4619.92,train
67lBgf1brog_30.wav,22050,10.0,220500,0.042816,0.319131,4029.13,2657.44,7069.71,train
Ai3VV2mlVyQ_30.wav,22050,10.0,220500,0.092371,0.1696,2568.29,1961.41,4703.58,train
soPJOqe552A_30.wav,22050,10.0,220500,0.125579,0.116237,2479.51,2578.76,5441.68,train
E4PO_r3cWUU_30.wav,22050,10.0,220500,0.075858,0.096497,1396.97,1104.77,2439.65,train
i6t28x5s-ks_50.wav,22050,10.0,220500,0.018211,0.25692,3527.1,2730.14,6472.15,train
_yY1Dnvglkc_30.wav,22050,10.0,220500,0.076921,0.208408,3191.28,2668.77,6457.19,train
TFr9OWKA2GE_10.wav,22050,10.0,220500,0.027296,0.267043,3633.03,2444.01,6400.68,train
Uo5lyM4XU1g_10.wav,22050,10.0,220500,0.349638,0.080889,1737.67,1789.71,3319.36,train
7wtZ9aiLk40_30.wav,22050,10.0,220500,0.106502,0.01042,450.76,1140.41,547.0,train
3BLY_H4bQjM_180.wav,22050,10.0,220500,0.045185,0.134423,2390.02,2404.89,4835.28,train
rLX32N459jo_110.wav,22050,10.0,220500,0.04149,0.07199,1142.54,1110.9,2177.93,train
4K_5wzsgrmc_6.wav,22050,9.418,207668,0.081301,0.375491,4793.45,2648.01,7461.97,train
9P858UUO5TY_30.wav,22050,10.0,220500,0.047589,0.093576,2268.55,2802.76,6009.96,train
dQmlp9-Eb_Y_30.wav,22050,10.0,220500,0.021849,0.192126,2899.16,2454.61,5697.01,train
kRszdn1JT0Q_30.wav,22050,10.0,220500,0.042988,0.169218,3006.91,2725.89,6187.07,train
iDdiLLw8uoM_0.wav,22050,10.0,220500,0.01975,0.119593,2094.59,1818.78,4149.04,train
0Khx9BszYuo_10.wav,22050,10.0,220500,0.068307,0.237244,3474.4,2778.17,6815.08,train
ZUb5ZtLh718_30.wav,22050,10.0,220500,0.199312,0.062978,1363.0,1761.17,2414.19,train
OcjK6hLS934_270.wav,22050,10.0,220500,0.079946,0.229746,3427.56,2548.77,6323.74,train
dhgiozdRDCY_230.wav,22050,10.0,220500,0.121533,0.308814,4329.79,3201.33,8596.12,train
ms7GvajEjQI_10.wav,22050,10.0,220500,0.056678,0.064322,1916.32,2549.59,3807.58,train
oli4hlyJMXQ_10.wav,22050,10.0,220500,0.352921,0.083998,2097.67,2047.62,4569.71,train
UhKi2tehvXg_110.wav,22050,10.0,220500,0.058258,0.628659,6775.32,2046.19,8706.56,train
IWVPFiTZoRM_30.wav,22050,10.0,220500,0.041542,0.237018,3215.09,2230.1,5471.31,train
bRmQ8HHCuUA_290.wav,22050,10.0,220500,0.019247,0.478632,5695.74,2930.71,9083.84,train
xYWG2W3YzVE_30.wav,22050,10.0,220500,0.088952,0.108384,2185.91,2226.02,4290.58,train
LRzSAU2p4bc_270.wav,22050,10.0,220500,0.044252,0.100927,2259.89,2495.05,4923.66,train
ObQ63bgHP3k_30.wav,22050,10.0,220500,0.047888,0.165331,2673.89,2176.38,4769.8,train
1GBCAen4xYA_0.wav,22050,6.362,140288,0.099244,0.021388,619.64,1021.34,1191.02,train
qVKp14TjlQs_5.wav,22050,9.542,210406,0.153198,0.106456,1786.96,1606.85,3751.44,train
gpfUGonE7Eg_20.wav,22050,10.0,220500,0.033354,0.226116,2989.74,2037.61,5173.99,train
3rPjymwPH0E_20.wav,22050,10.0,220500,0.102748,0.169273,2903.34,2719.76,5940.92,train
2RQQORu0diE_60.wav,22050,10.0,220500,0.018954,0.127419,1825.99,1487.61,3661.59,train
JKI2a8fZtPg_30.wav,22050,10.0,220500,0.008355,0.20482,3493.76,3055.44,7357.44,train
42teQkr7JLM_10.wav,22050,10.0,220500,0.172043,0.280243,4026.71,2840.44,7585.51,train
sF1hgo9Ekfk_30.wav,22050,10.0,220500,0.305628,0.101529,1881.79,1700.74,3124.64,train
kSO_KZ7r4-M_160.wav,22050,10.0,220500,0.260222,0.126715,2391.19,2435.42,5156.43,train
dF5dtcPG4p8_30.wav,22050,10.0,220500,0.164803,0.141774,2506.91,2249.16,4999.13,train
9wQXBh_7cVs_30.wav,22050,10.0,220500,0.077784,0.091808,2694.79,2907.33,6381.85,train
E0pr-j4vARM_20.wav,22050,10.0,220500,0.046459,0.210308,3354.83,2555.42,6376.3,train
IB8HGYR871Y_0.wav,22050,10.0,220500,0.155414,0.236609,3472.44,2072.24,5750.89,train
s90M9pW6IYI_10.wav,22050,10.0,220500,0.05716,0.111115,1904.02,2105.44,3928.54,train
-m8FiTbRnQI_7.wav,22050,9.44,208146,0.098007,0.031737,464.51,381.51,856.38,train
6fDdbkUfUIw_0.wav,22050,9.868,217600,0.066497,0.223277,2973.26,2158.37,5504.44,train
vQ7c7vNUAt4_140.wav,22050,10.0,220500,0.041889,0.240669,2608.05,1627.71,4454.83,train
nBSUyhsy3tU_50.wav,22050,10.0,220500,0.00648,0.268697,3782.07,1954.49,5887.21,train
zaDgjG2Ji1o_30.wav,22050,10.0,220500,0.090994,0.054695,1437.65,1647.89,3645.91,train
LTLuDFO8QpA_40.wav,22050,10.0,220500,0.070563,0.25666,3345.92,2623.28,6491.14,train
3oHYCkzgPK8_60.wav,22050,10.0,220500,0.128681,0.040509,1129.15,1649.41,2240.13,train
0vHcRmiGglE_30.wav,22050,10.0,220500,0.261825,0.17512,1906.07,1029.68,2994.31,train
uQtWLaRSsHw_30.wav,22050,10.0,220500,0.06939,0.097418,1809.94,1696.88,3283.56,train
CKMTUFNSldc_30.wav,22050,10.0,220500,0.046918,0.104264,1821.22,1632.9,3357.16,train
AxkwP8gGeeY_460.wav,22050,10.0,220500,0.130475,0.081294,1206.98,1053.43,2274.05,train
aRg5sgH4Moo_30.wav,22050,10.0,220500,0.119978,0.031969,734.7,955.24,1359.99,train
aZ6e_s2aZPc_20.wav,22050,10.0,220500,0.108628,0.234886,3227.81,2435.79,5836.35,train
DDXLTdnrUg4_40.wav,22050,10.0,220500,0.030739,0.094741,2497.07,2865.13,5671.85,train
OvEkJ2k0de8_30.wav,22050,10.0,220500,0.224246,0.080028,1134.03,888.29,2154.07,train
1GOmgGwbJsY_50.wav,22050,10.0,220500,0.09729,0.099825,2823.24,2976.17,6711.07,train
Rr2e7xqYDzs_0.wav,22050,5.364,118272,0.047522,0.568288,5995.96,2860.33,8999.25,train
L2FmuuVkFB4_70.wav,22050,10.0,220500,0.077214,0.056467,1696.71,2283.27,3865.98,train
MGePrjhGlIk_30.wav,22050,10.0,220500,0.039589,0.082839,1882.76,2115.78,3717.85,train
693bw9mwxn0_30.wav,22050,10.0,220500,0.1057,0.131481,2269.24,2091.1,4214.91,train
lijoq-NufSU_30.wav,22050,10.0,220500,0.237544,0.025737,820.28,1532.41,1466.21,train
dVhuz5HtATk_60.wav,22050,10.0,220500,0.060232,0.149362,2936.18,2691.77,6136.39,train
JjQfQB1FcE8_30.wav,22050,9.288,204804,0.030692,0.069148,1487.65,1380.91,2922.96,train
DJdLMjgYFlU_30.wav,22050,10.0,220500,0.076504,0.10281,2626.15,2899.3,6154.57,train
yVnqs8KAjuQ_0.wav,22050,10.0,220500,0.076355,0.228169,3289.68,2549.48,5872.84,train
2dMvEHPLiP4_30.wav,22050,10.0,220500,0.144772,0.069735,1448.38,1513.65,2885.25,train
ZphZKZQeVSw_300.wav,22050,10.0,220500,0.156857,0.124525,1638.74,1272.21,3242.9,train
-88W59dB47w_30.wav,22050,10.0,220500,0.018725,0.067011,1310.83,1341.22,2697.87,train
U-y8TFjHRF0_20.wav,22050,10.0,220500,0.126837,0.152117,2805.25,2445.65,5264.69,train
5VAD7TKzWYA_30.wav,22050,10.0,220500,0.242559,0.069182,1329.78,1221.88,2618.38,train
hpBRerDG3QY_120.wav,22050,10.0,220500,0.140995,0.141674,2574.78,2416.56,5262.37,train
6d1wiUzzBCw_22.wav,22050,9.11,200868,0.057674,0.208167,3231.85,2595.33,5961.68,train
Lxn_TMgurbo_240.wav,22050,10.0,220500,0.211178,0.095276,2144.38,2261.21,4434.37,train
j_zcvyATPn0_400.wav,22050,10.0,220500,0.003723,0.107056,2466.86,2683.78,5563.01,train
oVahxRQR8OI_0.wav,22050,6.293,138752,0.355621,0.083692,1663.22,1675.83,3406.44,train
MCrcqMZO-_g_60.wav,22050,10.0,220500,0.275266,0.249812,3775.78,2853.89,6883.46,train
PfQNBm1s77o_70.wav,22050,10.0,220500,0.282139,0.204481,2057.72,932.49,2693.95,train
aQqR6z0FrQo_1.wav,22050,9.072,200046,0.050976,0.07242,1870.69,2284.74,3955.09,train
XTgty2A3FMI_30.wav,22050,10.0,220500,0.012659,0.127595,2308.09,2337.51,4770.88,train
-Yl6CTpfAFs_3.wav,22050,9.167,202138,0.03159,0.137174,2448.39,2394.1,4824.2,train
iKt-0MrB-xM_140.wav,22050,10.0,220500,0.056288,0.166315,3019.93,2777.07,6372.9,train
F8hsnXoJTj4_530.wav,22050,10.0,220500,0.008867,0.279424,3779.17,2648.49,6849.46,train
w_wr0eOqAuI_30.wav,22050,10.0,220500,0.015123,0.137573,2533.98,2534.55,5448.38,train
qSXgiIwEYuw_30.wav,22050,10.0,220500,0.067141,0.103111,1844.4,1539.4,3633.27,train
0PcvfVZo9e4_10.wav,22050,10.0,220500,0.065877,0.11285,2195.29,2101.85,4344.99,train
So1uA2cIcMU_120.wav,22050,10.0,220500,0.139909,0.039453,711.02,622.79,1354.57,train
8pgzw_AQ2jo_30.wav,22050,10.0,220500,0.076053,0.1151,2051.73,2072.93,4154.26,train
bWFoSj3GyUI_0.wav,22050,10.0,220500,0.043632,0.176801,3132.5,2829.35,6841.71,train
jdxEpb2cUPM_250.wav,22050,10.0,220500,0.063941,0.177095,1893.78,1182.58,3266.88,train
1LttACE2T7M_50.wav,22050,10.0,220500,0.014812,0.254143,3676.97,2891.38,7120.27,train
8qtuwNPe0_4_30.wav,22050,10.0,220500,0.016662,0.144684,2672.99,2471.88,5299.49,train
0WIKAjclUUc_30.wav,22050,10.0,220500,0.124455,0.106307,1808.65,1774.56,3370.9,train
0vWh6Knoer8_550.wav,22050,10.0,220500,0.203157,0.115473,1833.26,1754.18,3334.17,train
2Lv-dLVRsaI_30.wav,22050,10.0,220500,0.671136,0.06907,1469.42,1550.95,2843.21,train
I1NWBVYn3mk_30.wav,22050,10.0,220500,0.026718,0.170621,2635.26,2016.02,4576.23,train
UPSqIa68JF4_110.wav,22050,10.0,220500,0.045035,0.522015,5969.98,2844.71,9275.46,train
20nyHEh2HW0_30.wav,22050,10.0,220500,0.109114,0.34764,4276.22,2623.49,7352.96,train
CLUdrNVbiU0_30.wav,22050,10.0,220500,0.159592,0.113281,2003.52,2034.11,3698.07,train
2IgRckLK_wk_30.wav,22050,10.0,220500,0.071183,0.041522,1221.42,1853.36,2358.41,train
8LvXZGk8wTE_30.wav,22050,10.0,220500,0.017279,0.103279,1987.71,2281.78,4661.71,train
I9pSLbkj6og_0.wav,22050,10.0,220500,0.017456,0.101696,1795.38,1905.0,3254.56,train
EQzYcBJ1Dec_100.wav,22050,10.0,220500,0.068398,0.16161,2721.02,2419.89,5352.3,train
6FvJSHjh7a0_30.wav,22050,10.0,220500,0.014633,0.088986,2571.47,2923.89,6128.89,train
8dFiTmoK2DI_20.wav,22050,9.844,217064,0.13716,0.135599,2095.15,1752.19,3552.06,train
tx2CWB9nfP0_30.wav,22050,10.0,220500,0.110979,0.18712,3075.22,2287.07,5633.48,train
z9eM9fCIxuw_0.wav,22050,10.0,220500,0.158853,0.133753,1667.54,1236.33,2575.02,train
c0YGMbLthdA_20.wav,22050,10.0,220500,0.08962,0.096956,2381.7,2654.15,5576.53,train
6XRbLIHITac_30.wav,22050,10.0,220500,0.103223,0.157072,2637.02,2311.89,5051.01,train
OMD447xG6kY_30.wav,22050,10.0,220500,0.002915,0.16895,2578.13,2317.99,4599.69,train
ki_0xPD8gzM_130.wav,22050,10.0,220500,0.071201,0.561361,6035.4,2554.31,8656.22,train
v7OVJp1Hhh0_360.wav,22050,10.0,220500,0.098443,0.180045,2544.07,1871.18,4138.77,train
dTK36ESqU7w_180.wav,22050,10.0,220500,0.125209,0.171305,2584.15,2031.23,4395.17,train
6BMCZPsuLQ4_30.wav,22050,10.0,220500,0.088884,0.103913,1613.02,1450.46,3334.9,train
BKm0UhChd5c_360.wav,22050,10.0,220500,0.225136,0.136975,2340.67,2087.98,4419.75,train
IQqtBWsWJTI_30.wav,22050,10.0,220500,0.035355,0.144245,2690.47,2630.38,5723.39,train
3pCqVbOHx6c_30.wav,22050,10.0,220500,0.008039,0.074733,1234.08,1089.47,2455.03,train
T3dKdhPH3PY_30.wav,22050,10.0,220500,0.077462,0.060209,2571.74,2682.54,5819.46,train
pWMXPuNqwME_20.wav,22050,10.0,220500,0.004063,0.193801,3048.86,2635.0,6082.51,train
-5IoPSM59xM_9.wav,22050,9.065,199886,0.035557,0.110436,1195.36,1106.44,2558.43,train
QBZFvxZP08A_14.wav,22050,10.0,220500,0.371654,0.067616,1075.36,1025.74,2039.43,train
oEyCG4g7vmk_120.wav,22050,10.0,220500,0.485397,0.058264,1188.07,1288.8,2448.91,train
EZQGtyIvILE_30.wav,22050,10.0,220500,0.043161,0.084089,1752.39,1997.42,3288.58,train
9JjezM0Nlqo_30.wav,22050,10.0,220500,0.006386,0.231834,3457.77,2894.9,6991.2,train
ONe3S8LQC8w_21.wav,22050,9.511,209718,0.448357,0.22452,3423.96,2792.89,6960.61,train
iHK8hs7vpAE_30.wav,22050,10.0,220500,0.089652,0.173509,2332.56,1996.07,4643.68,train
f5r-bofA2HA_30.wav,22050,10.0,220500,0.230681,0.120403,2063.4,1817.86,3309.37,train
-zGfe1ffY6g_20.wav,22050,10.0,220500,0.044319,0.198701,3049.63,2475.29,5895.03,train
gppKJ1a6Dus_10.wav,22050,10.0,220500,0.110581,0.163877,2221.46,1573.94,4102.62,train
r3bVHNnjH6k_170.wav,22050,10.0,220500,0.070977,0.220931,3240.52,2382.26,5832.63,train
rkgGPAmk-S4_10.wav,22050,10.0,220500,0.174188,0.070351,2046.88,2263.41,4350.51,train
6TyslZmFqgs_30.wav,22050,10.0,220500,0.030873,0.06794,1659.53,2200.05,3499.57,train
q0fEM2tV86c_10.wav,22050,10.0,220500,0.195312,0.254435,2727.29,1632.52,4418.58,train
bCbAn3lq5B8_500.wav,22050,10.0,220500,0.0036,0.170182,2702.32,2383.36,5351.4,train
JcT3vhg_Ie8_80.wav,22050,10.0,220500,0.0651,0.246165,3181.75,2906.34,6619.69,train
kxdknBMudS8_10.wav,22050,10.0,220500,0.115127,0.086063,1887.76,2269.52,4443.38,train
FRXIO6whna8_160.wav,22050,10.0,220500,0.193166,0.105166,1922.34,1885.89,3152.69,train
n7OvDlh6Pgo_0.wav,22050,10.0,220500,0.098749,0.0639,1385.69,1690.84,2682.23,train
EjYXCFupPTU_30.wav,22050,10.0,220500,0.060796,0.181447,3028.24,2697.42,5567.63,train
pD9CUOQbubk_5.wav,22050,9.489,209238,0.11325,0.176804,3266.9,3179.55,7442.14,train
VhCNhBJsg1g_140.wav,22050,10.0,220500,0.197926,0.131635,2458.62,2657.45,5122.45,train
2EgSkmnXc4A_30.wav,22050,10.0,220500,0.06343,0.095875,1925.75,1872.21,3640.96,train
-HO-r0-bOd8_50.wav,22050,10.0,220500,0.035805,0.214694,3609.45,3129.61,7634.52,train
7ix-MpC8gLE_30.wav,22050,10.0,220500,0.012938,0.24614,3528.58,2801.08,6923.4,train
JSYdrpRUFXs_30.wav,22050,10.0,220500,0.120979,0.113413,1848.32,1694.87,3057.96,train
clL4TgrSFjA_0.wav,22050,10.0,220500,0.178761,0.221919,4189.01,3063.59,8030.36,train
0NQgRfoIsC0_30.wav,22050,10.0,220500,0.114022,0.077117,1185.62,939.11,2219.47,train
AnojGbvCLdA_30.wav,22050,10.0,220500,0.102934,0.321287,4234.27,2853.81,7834.79,train
lqjrwIQVqfI_30.wav,22050,10.0,220500,0.081792,0.496653,5495.65,2942.21,8908.15,train
hr1rEbSKDYs_30.wav,22050,10.0,220500,0.124972,0.195794,2276.28,1545.66,4118.51,train
_NtB_MsDKW4_20.wav,22050,9.211,203096,0.078293,0.301116,3981.96,2819.17,7034.01,train
4LUcJQFDl8c_9.wav,22050,9.808,216270,0.054438,0.040139,848.12,1020.77,1783.87,train
DzsmK2kM-5U_30.wav,22050,10.0,220500,0.034189,0.222022,3386.68,2671.45,6517.74,train
C_kFFiQABjM_150.wav,22050,10.0,220500,0.114377,0.150394,2402.08,2088.97,4351.36,train
FqvZOrjjUb0_0.wav,22050,10.0,220500,0.346325,0.190836,3310.71,2578.5,6337.86,train
ngAEUfF76Po_240.wav,22050,10.0,220500,0.149254,0.130697,2395.0,2047.05,4597.14,train
vktFgyxu9o4_12.wav,22050,9.734,214632,0.137415,0.041002,1220.53,1772.12,2485.5,train
O2DKqaKpjs4_7.wav,22050,9.284,204706,0.153496,0.008961,277.2,554.25,358.2,train
x1NGjwNDPX8_270.wav,22050,10.0,220500,0.09533,0.191395,3174.58,2876.4,6804.02,train
C1-w2XLF9A0_90.wav,22050,10.0,220500,0.003745,0.139048,2235.75,2091.56,4013.92,train
yMd5JSvSRpw_590.wav,22050,10.0,220500,0.040019,0.149897,2497.27,2022.5,4544.58,train
2ceyaaIqzko_50.wav,22050,10.0,220500,0.094975,0.078756,1820.83,2162.58,3795.44,train
kT-8y9zG10U_30.wav,22050,10.0,220500,0.042518,0.048952,977.6,1473.32,1468.15,train
81UlQO8NiLI_22.wav,22050,9.533,210196,0.066877,0.227004,3546.9,2778.44,6837.53,train
3ioDTgjYsqI_240.wav,22050,10.0,220500,0.035671,0.21857,3262.87,2585.0,6250.8,train
E2T_6plHQz8_2.wav,22050,9.135,201420,0.020047,0.107809,2167.57,2225.0,4484.21,train
_KK6Tdjldbw_26.wav,22050,9.911,218536,0.135294,0.017153,827.9,1742.47,1298.35,train
TacXn4L6J5Y_80.wav,22050,10.0,220500,0.016314,0.328936,4251.47,2842.72,7509.32,train
iWUHi9Kra9U_220.wav,22050,10.0,220500,0.051956,0.193877,3246.2,2710.91,6386.49,train
yQanAKZfv4I_30.wav,22050,10.0,220500,0.175523,0.122508,2164.47,1942.34,4273.22,train
TxQbIS1ohF0_370.wav,22050,10.0,220500,0.03118,0.134305,2493.6,2195.26,4720.67,train
MFd3J1gbdl0_20.wav,22050,10.0,220500,0.057476,0.30022,3663.56,2426.15,6415.72,train
DFFp5Ea_G1Y_50.wav,22050,10.0,220500,0.03971,0.055757,1551.74,2059.04,3144.1,train
iZh3dE6Sku8_70.wav,22050,10.0,220500,0.09533,0.106439,2164.43,2505.77,4221.06,train
mLyMwEPbAvo_210.wav,22050,10.0,220500,0.174738,0.104703,1777.53,1666.62,3201.25,train
BWIdBdAA5VM_570.wav,22050,10.0,220500,0.027697,0.199607,3411.38,3026.68,7207.75,train
y4J-msRR204_360.wav,22050,10.0,220500,0.143782,0.172136,2852.8,2613.8,5777.79,train
0FI78Sv_BL4_30.wav,22050,10.0,220500,0.013031,0.073159,1829.06,2287.44,3918.24,train
MF-FTmPeRog_30.wav,22050,10.0,220500,0.082108,0.111853,2523.35,2753.65,5739.52,train
0hhEoz2mPUE_4.wav,22050,9.839,216952,0.087347,0.063437,1014.16,972.0,1988.04,train
kA810utat4Y_290.wav,22050,10.0,220500,0.093339,0.10399,1477.57,1097.05,2741.39,train
Yk2p5rY_Woo_160.wav,22050,10.0,220500,0.097378,0.338894,4083.72,2326.83,6208.78,train
IonCSFg3WL0_30.wav,22050,10.0,220500,0.040487,0.209205,3761.49,2788.9,7261.01,train
_BSDRA4iNVk_530.wav,22050,10.0,220500,0.012557,0.525337,5974.21,2962.12,9420.43,train
RTO5BYQDWis_30.wav,22050,10.0,220500,0.274751,0.111812,2037.27,1893.12,3627.57,train
WAN4idn4Lhs_30.wav,22050,10.0,220500,0.079333,0.120493,1782.78,2020.0,3808.05,train
Fu9DY9sS-5g_170.wav,22050,10.0,220500,0.101566,0.339454,4756.55,3080.57,8412.26,train
l56Hy5nHNBY_50.wav,22050,10.0,220500,0.136495,0.264638,3411.28,2372.47,6412.55,train
EMxb9ADzUAc_30.wav,22050,10.0,220500,0.030948,0.140499,2634.47,2408.38,5247.83,train
rBVx0CkT9TY_5.wav,22050,9.095,200534,0.053257,0.355051,4263.66,2554.36,7262.84,train
1lyzLPRnxHE_30.wav,22050,10.0,220500,0.182661,0.231255,3538.73,2558.57,6223.15,train
FKNdC9lAcFU_280.wav,22050,10.0,220500,0.064852,0.534473,6226.96,2973.94,9214.06,train
Z04_o7DHn_I_300.wav,22050,10.0,220500,0.00321,0.126035,2571.67,2363.9,5062.93,train
jCExyUac_xM_220.wav,22050,10.0,220500,0.208534,0.128439,2426.65,2348.3,4884.07,train
Md1-IjFM90I_60.wav,22050,10.0,220500,0.007579,0.191432,3202.59,2899.54,6727.8,train
G4q-GsWtG-A_30.wav,22050,10.0,220500,0.091401,0.16077,3029.65,2778.8,6600.85,train
rx3fVFSjqoE_100.wav,22050,10.0,220500,0.002671,0.260597,2630.16,2227.3,5302.99,train
hbLP2sh40xA_140.wav,22050,10.0,220500,0.09915,0.115206,2367.68,2501.91,4945.32,train
YyuFxXQFLsk_40.wav,22050,10.0,220500,0.139568,0.097303,1812.47,1807.21,3203.6,train
afWZu0e2CXk_12.wav,22050,10.0,220500,0.074067,0.109184,2228.99,2341.94,4647.72,train
q73cABJraqg_50.wav,22050,10.0,220500,0.057756,0.479684,5600.97,2120.16,7842.93,train
DM4jk63uDR4_190.wav,22050,10.0,220500,0.042678,0.192826,2681.34,2155.43,4675.85,train
68v05KO6CVg_21.wav,22050,9.047,199478,0.307394,0.079347,960.05,737.4,1413.32,train
1uEOIWCNhEQ_30.wav,22050,10.0,220500,0.276494,0.185933,2572.97,1889.92,4810.05,train
5ZmKrOJDJEE_30.wav,22050,10.0,220500,0.084197,0.148573,1930.37,1518.58,3713.35,train
ZSJcM6qBEL0_30.wav,22050,10.0,220500,0.007905,0.25299,3332.8,2202.29,5614.62,train
2jGqW2REJrI_30.wav,22050,10.0,220500,0.013947,0.081286,1737.67,1748.06,3542.96,train
6kBFHvnHPxY_0.wav,22050,5.0,110250,0.189886,0.132376,1590.32,1152.76,3014.6,train
BKNZ1V5Vwio_190.wav,22050,10.0,220500,0.014715,0.292082,3865.54,2695.42,6808.04,train
23wtCcm4iWQ_30.wav,22050,10.0,220500,0.041231,0.153435,3014.39,2921.83,6636.67,train
02nCTVWM384_330.wav,22050,10.0,220500,0.080839,0.358195,4259.78,2535.43,6817.21,train
6AurbZcj3Es_170.wav,22050,10.0,220500,0.160532,0.132055,2230.81,1933.6,3994.68,train
EVrSg8ymq14_3.wav,22050,9.162,202026,0.0442,0.019743,1280.97,1951.48,2428.48,train
Mlb1RW4-LRg_10.wav,22050,10.0,220500,0.216941,0.101105,1637.86,1442.88,3081.82,train
71Hi20WVrXw_30.wav,22050,10.0,220500,0.059137,0.053134,1486.73,1684.71,3021.27,train
SvxwYBav_qc_0.wav,22050,10.0,220500,0.035255,0.04152,838.23,855.93,1651.69,train
5CEu4YfVSN8_130.wav,22050,10.0,220500,0.073997,0.099238,2053.15,1638.9,3756.37,train
-bKaLPl3Uos_30.wav,22050,10.0,220500,0.017179,0.017515,1101.47,1897.03,2325.19,train
J_Dw_PAPhF8_100.wav,22050,10.0,220500,0.341034,0.08073,1704.92,1706.06,3411.29,train
BvMdHw5Utao_440.wav,22050,10.0,220500,0.03064,0.297963,4023.43,2441.6,6740.67,train
dscQJaLwtF8_30.wav,22050,10.0,220500,0.057246,0.115872,2002.55,2038.72,4246.11,train
Yx92giR8OYE_120.wav,22050,10.0,220500,0.12971,0.620875,5960.69,3178.99,9039.12,train
HIn9yehxHUA_40.wav,22050,10.0,220500,0.011285,0.153837,3013.53,2868.6,6663.28,train
0zRHVZOg9Ng_30.wav,22050,10.0,220500,0.261226,0.020711,842.88,1601.7,1589.31,train
klCE7QXVRGU_380.wav,22050,10.0,220500,0.140626,0.085985,1671.06,1912.19,3035.46,train
3DP_zIFMURw_10.wav,22050,10.0,220500,0.098528,0.195805,3019.17,2197.0,5949.61,train
P27rCj2zjQw_50.wav,22050,10.0,220500,0.172771,0.101439,1942.34,1984.13,3895.09,train
NDphr-AWEC8_550.wav,22050,10.0,220500,0.118072,0.135671,2300.99,2045.63,4220.31,train
qNi5Xlf2ZVY_510.wav,22050,10.0,220500,0.159518,0.107723,1780.19,1454.88,2894.27,train
26wRRi7pII4_30.wav,22050,10.0,220500,0.2056,0.090112,1259.52,1016.85,2155.69,train
82NCq3cJ2q4_8.wav,22050,9.926,218864,0.110571,0.078206,1484.84,1710.7,2426.86,train
6YhTCH4ly84_30.wav,22050,10.0,220500,0.140271,0.122351,2076.08,1884.67,3726.79,train
2MrlnCHRpCg_30.wav,22050,10.0,220500,0.125968,0.199722,3012.95,2491.06,5547.82,train
-kMTaMG81XI_30.wav,22050,10.0,220500,0.199723,0.05786,1401.68,1737.56,2647.14,train
QrjcSf3heWg_100.wav,22050,10.0,220500,0.018313,0.386591,4514.95,3110.29,8581.63,train
AlXlLQ2n_ko_130.wav,22050,10.0,220500,0.029524,0.089774,2405.08,2453.17,4928.83,train
doTgAeQ_z_Q_0.wav,22050,9.59,211456,0.018378,0.112296,2203.11,2084.46,4612.99,train
ghCTNu3iCp8_300.wav,22050,10.0,220500,0.008144,0.224958,3598.97,2850.52,7045.55,train
NThuMi5y1gA_30.wav,22050,10.0,220500,0.100018,0.140887,2583.5,2555.16,5448.62,train
S-SWavbteM0_30.wav,22050,10.0,220500,0.071639,0.088302,1496.56,1491.87,2946.75,train
85i1QEQAS1M_30.wav,22050,10.0,220500,0.094312,0.422699,4861.76,3085.27,8572.39,train
9BaKB0AtKbI_0.wav,22050,9.016,198800,0.060498,0.101975,1394.44,1020.35,2590.96,train
23x8ciioiyQ_20.wav,22050,10.0,220500,0.112282,0.132424,2157.94,2011.51,4422.97,train
mMmDoHf471w_100.wav,22050,10.0,220500,0.049182,0.201308,2839.9,2054.1,5234.14,train
4hjPIrMbY64_30.wav,22050,10.0,220500,0.337415,0.09042,1019.19,288.94,1027.32,train
7qPu7pWws8M_30.wav,22050,10.0,220500,0.127999,0.09213,1516.71,1484.33,2616.83,train
UGEsgA0XB10_120.wav,22050,10.0,220500,0.114133,0.16567,2794.27,2382.06,5204.39,train
J9Gk4cjjDiY_0.wav,22050,10.0,220500,0.071902,0.181615,2953.36,2734.37,6298.09,train
3QKMC7kKoS4_30.wav,22050,10.0,220500,0.204773,0.106475,1889.23,1588.4,3843.13,train
3L7NhkRVJUo_100.wav,22050,10.0,220500,0.027768,0.152134,2826.52,2636.15,5536.56,train
4wrggy7KGQc_13.wav,22050,10.0,220500,0.138261,0.141834,2373.31,2000.6,4322.73,train
DDt48P2O67o_30.wav,22050,10.0,220500,0.050679,0.042176,892.46,1194.84,1637.02,train
FNYGE9t3xYw_30.wav,22050,10.0,220500,0.061484,0.074483,1555.65,1904.81,3129.28,train
BW9sW8yfM28_0.wav,22050,10.0,220500,0.428777,0.208519,2825.72,1959.18,5190.9,train
aAaks3jBOUo_470.wav,22050,10.0,220500,0.266774,0.427968,5000.65,1675.35,6600.15,train
r2evCfjyeuw_40.wav,22050,10.0,220500,0.01957,0.265083,3499.55,2484.37,6280.43,train
4GzG-sDAwmI_40.wav,22050,10.0,220500,0.16596,0.230169,3353.9,2743.51,6693.2,train
5WDB_eAjM3w_30.wav,22050,10.0,220500,0.097128,0.283957,4036.98,3089.85,7878.33,train
gHRwwsdalqA_30.wav,22050,10.0,220500,0.066705,0.087411,2445.56,2656.37,5355.57,train
a9GF3lbcfIg_10.wav,22050,10.0,220500,0.043591,0.134431,2242.35,1984.92,3697.14,train
ZHEqpGsg41g_220.wav,22050,10.0,220500,0.216237,0.246386,3478.79,2712.36,6674.92,train
2iwKe2kO6mo_30.wav,22050,10.0,220500,0.016519,0.170201,2324.93,1918.56,4337.72,train
cLXvM5t_Ztw_10.wav,22050,10.0,220500,0.14624,0.091916,1971.43,2294.37,4224.88,train
WIemGxWTP_s_90.wav,22050,10.0,220500,0.050923,0.16897,2579.45,2224.69,4813.97,train
JJx3BGUnhXU_240.wav,22050,10.0,220500,0.174134,0.070871,1660.58,1935.42,3442.56,train
lVe4wUqAzw8_150.wav,22050,10.0,220500,0.695314,0.364591,4664.26,2561.94,7669.89,train
Os8criIEMgs_30.wav,22050,10.0,220500,0.024998,0.115558,2305.07,2446.28,4950.94,train
Cld2uH6JfWs_60.wav,22050,10.0,220500,0.024275,0.10176,1490.77,1265.82,2628.15,train
4__hWNedczs_190.wav,22050,10.0,220500,0.139452,0.157438,2605.8,1838.15,4605.53,train
7egdKj_ASqg_30.wav,22050,10.0,220500,0.036094,0.072455,1912.83,2476.25,3940.43,train
NJAFrdvJAhA_200.wav,22050,10.0,220500,0.082976,0.1874,3266.46,2591.75,6222.27,train
3TrKwfopnD4_30.wav,22050,10.0,220500,0.059289,0.03161,888.57,1412.31,1613.07,train
EQPQkszy_hU_15.wav,22050,9.492,209298,0.084183,0.557284,6265.66,986.63,7006.03,train
Vmq3j1wJPr0_30.wav,22050,10.0,220500,0.056976,0.080151,1534.26,1896.61,2955.19,train
ZPGeCGbRquI_10.wav,22050,10.0,220500,0.112606,0.285328,4063.43,2727.38,7318.59,train
mSdxI5gawEs_30.wav,22050,10.0,220500,0.072429,0.06019,943.15,998.33,1695.45,train
__50RszhY3M_0.wav,22050,9.868,217600,0.096546,0.054542,1352.69,1762.61,2659.3,train
0cEucKBsq7Y_300.wav,22050,10.0,220500,0.04182,0.146874,2492.97,2193.04,4381.08,train
0J8v4YNhzoI_30.wav,22050,10.0,220500,0.128346,0.158685,2753.55,2448.66,5191.1,train
WjSj4Un7GXU_70.wav,22050,10.0,220500,0.117353,0.163472,2298.11,1762.13,4218.91,train
Q8DY3JO8Ezw_30.wav,22050,10.0,220500,0.301397,0.125236,2643.09,2506.19,5751.11,train
G9JeKz3i85U_0.wav,22050,9.102,200704,0.140113,0.057811,868.49,727.09,1468.67,train
clC-FwCqE3I_50.wav,22050,10.0,220500,0.123735,0.145784,2308.96,2310.37,5140.09,train
8khswZRTlq0_30.wav,22050,10.0,220500,0.045995,0.113862,1691.54,1443.23,3427.93,train
vEvS0jwaUEI_30.wav,22050,10.0,220500,0.135865,0.078957,1101.13,907.36,2035.29,train
gSnwkvfc1Do_30.wav,22050,10.0,220500,0.011953,0.183313,3005.36,2587.61,5593.24,train
N6l5YRdnhjM_200.wav,22050,10.0,220500,0.030569,0.250068,3191.72,2439.87,6378.3,train
3RIqTsstbOU_550.wav,22050,10.0,220500,0.16159,0.149348,2677.18,2174.18,4706.63,train
h16XcxYxa20_0.wav,22050,4.203,92672,0.01793,0.082401,1424.85,1647.63,2445.44,train
jhsPIBBjix8_5.wav,22050,9.055,199654,0.251388,0.107978,1602.67,1366.51,2440.93,train
9lDRrCZRskk_210.wav,22050,10.0,220500,0.054963,0.230574,3348.71,2703.73,6444.2,train
XOsi9yRVX20_330.wav,22050,10.0,220500,0.022379,0.440228,5205.14,2958.97,8724.94,train
CFnae5NkWDg_120.wav,22050,10.0,220500,0.024183,0.207113,3542.91,2699.97,6670.92,train
7mxrpt3dk2g_24.wav,22050,9.367,206544,0.045712,0.10342,1675.49,1614.19,2678.49,train
oQ-N2HpFQxo_30.wav,22050,10.0,220500,0.05944,0.108483,2366.16,2585.7,5090.85,train
v3NvB_BvEU4_10.wav,22050,10.0,220500,0.081372,0.090748,2188.52,2572.99,4901.98,train
gNIwUmwJ-kQ_20.wav,22050,10.0,220500,0.007158,0.172775,2209.05,1273.48,3399.35,train
ER-UUkJZbOc_7.wav,22050,9.586,211362,0.01445,0.114855,1615.14,1444.1,3377.01,train
YHChgK1aBJA_70.wav,22050,10.0,220500,0.461567,0.020542,893.1,1352.55,2164.14,train
Bn2VW6Lw1Iw_26.wav,22050,9.921,218764,0.169055,0.123414,2543.73,2532.65,5222.48,train
B-eGYnWRaIk_30.wav,22050,10.0,220500,0.060618,0.096613,2118.42,1698.09,4173.79,train
20eyK0ilzXs_80.wav,22050,10.0,220500,0.081078,0.063634,1838.96,1966.9,3771.41,train
70t2pppYP-c_140.wav,22050,10.0,220500,0.03611,0.221588,2879.94,1956.54,4885.99,train
KSOENRRe53U_30.wav,22050,10.0,220500,0.159527,0.14428,2419.47,2040.02,4592.59,train
Zvc2y2Vj58s_0.wav,22050,6.316,139264,0.165213,0.082376,1378.67,1141.29,2522.34,train
s3pcxk76vZw_20.wav,22050,10.0,220500,0.073985,0.481842,5456.64,3293.47,9458.85,train
5ablPEwEdOU_30.wav,22050,10.0,220500,0.263369,0.094196,1411.8,1060.67,2636.77,train
iYxGFiaOD-M_140.wav,22050,10.0,220500,0.100079,0.153744,2840.13,2608.9,5873.59,train
h3kl23vuc_0_70.wav,22050,10.0,220500,0.133235,0.291643,3683.42,1856.02,5370.74,train
uAMoQJ7VT_k_20.wav,22050,10.0,220500,0.020283,0.298631,3787.66,2379.7,6604.35,train
fHZLKS9Ik5E_560.wav,22050,10.0,220500,0.021889,0.134378,2162.83,1915.59,3678.21,train
HLbcwByO8jE_440.wav,22050,10.0,220500,0.097519,0.161003,2920.07,2714.85,6083.8,train
w_md19MH6Ow_20.wav,22050,10.0,220500,0.024976,0.210053,2234.1,1657.21,4231.7,train
-GpY_7QJZoc_15.wav,22050,9.752,215042,0.064519,0.161376,2563.13,2191.3,5175.46,train
NyE1NY8TFnE_20.wav,22050,10.0,220500,0.047674,0.220426,2845.41,2046.26,4997.6,train
2nD1v-UYoO8_30.wav,22050,10.0,220500,0.029557,0.005184,1153.86,2220.71,2316.17,train
hQL13rxPGMw_120.wav,22050,10.0,220500,0.03239,0.047253,1335.06,2026.74,2487.11,train
QRlM_dBJVZ0_30.wav,22050,10.0,220500,0.012342,0.293741,4129.07,3057.12,8105.25,train
D9Lee3nXyvY_30.wav,22050,10.0,220500,0.04234,0.132407,2783.0,2718.21,5958.0,train
00jLG_9y7mw_30.wav,22050,10.0,220500,0.045051,0.072824,2117.26,2582.33,4758.94,train
5OfFTzQMlZ4_30.wav,22050,10.0,220500,0.147739,0.148015,2234.81,1761.54,3876.55,train
_zkcCBWuL3I_27.wav,22050,9.13,201322,0.116376,0.278645,3841.97,2514.37,6832.12,train
g3KhowXqcaw_90.wav,22050,10.0,220500,0.054092,0.061978,1560.54,1961.92,3136.35,train
UCu8n8pgV9s_150.wav,22050,10.0,220500,0.098509,0.364459,4645.08,3316.65,8801.18,train
33REGRja5mw_220.wav,22050,10.0,220500,0.000984,0.172589,3405.89,3017.42,7279.55,train
Tz8EkxZxSUk_14.wav,22050,9.104,200740,0.117228,0.113008,1396.98,861.9,2336.57,train
0LkfS8grYsM_30.wav,22050,10.0,220500,0.220941,0.01583,608.91,1031.73,1330.64,train
IvBTc8y7s0M_460.wav,22050,10.0,220500,0.249263,0.070545,1587.39,1733.33,3136.03,train
EGSkxz4ya8U_0.wav,22050,10.0,220500,0.097387,0.120817,2255.17,2093.23,4267.72,train
JMzekCQ-Hac_240.wav,22050,10.0,220500,0.003143,0.209967,3232.26,2710.84,6452.57,train
KaKs9z2A03w_0.wav,22050,4.175,92048,0.098333,0.105558,2261.82,2391.62,4822.96,train
RfNMhn3jg2s_40.wav,22050,10.0,220500,0.101323,0.056926,1129.54,1461.15,2326.74,train
JOXdG2-Bwvc_0.wav,22050,8.772,193424,0.058074,0.084775,1608.59,1772.54,3088.16,train
PkWHpHBn_ro_500.wav,22050,10.0,220500,0.117546,0.156258,2843.82,2652.0,5905.39,train
yOEDwzVyFZ8_190.wav,22050,10.0,220500,0.120573,0.105348,2463.29,2683.98,6375.78,train
c1stSQNaBZ0_50.wav,22050,10.0,220500,0.069155,0.111245,2251.71,2432.99,4877.47,train
7_Xil0GscY4_30.wav,22050,10.0,220500,0.06034,0.175385,2041.33,1527.31,3795.26,train
ko5GOaF1MRw_30.wav,22050,10.0,220500,0.053306,0.036554,1249.69,1605.13,2889.1,train
V-O-ilxP8KY_0.wav,22050,10.0,220500,0.035236,0.098729,2170.49,2334.5,4365.97,train
I_I0aKu9hbs_450.wav,22050,10.0,220500,0.086544,0.078494,1770.8,2015.7,3449.53,train
dYUIlkEED1A_10.wav,22050,10.0,220500,0.27749,0.027931,616.26,974.58,1104.34,train
mEhzV7Xl-v8_240.wav,22050,10.0,220500,0.047084,0.316268,4153.85,2785.89,7454.66,train
TgzN_7mY4Bs_80.wav,22050,10.0,220500,0.060654,0.083279,1808.98,1869.2,3835.96,train
-Pfqe1LcYXw_20.wav,22050,10.0,220500,0.006058,0.198332,3332.06,2604.28,6349.95,train
XShsL92gCAs_70.wav,22050,10.0,220500,0.012009,0.21391,2772.49,1709.86,4739.53,train
74PvFigzLnE_30.wav,22050,10.0,220500,0.040991,0.061265,1391.86,1800.18,2685.83,train
Wq4xv1j7UKk_70.wav,22050,10.0,220500,0.019499,0.281505,4243.28,3154.52,8105.4,train
V60ZWAVJwls_150.wav,22050,10.0,220500,0.00135,0.071811,2254.34,2533.7,4633.49,train
9yeOu8OzMHc_40.wav,22050,10.0,220500,0.126834,0.211993,3435.61,3150.97,7837.34,train
vw9UCLXlwIA_50.wav,22050,10.0,220500,0.082625,0.277402,4151.83,2681.47,7297.96,train
_H6IbuUDLog_6.wav,22050,9.418,207668,0.010493,0.019792,441.4,413.07,932.85,train
vVgMoNBxA84_10.wav,22050,10.0,220500,0.068302,0.15569,2672.1,2509.79,5559.16,train
WLxh17NMGA4_9.wav,22050,9.861,217438,0.092858,0.168045,2221.89,1587.45,4021.57,train
_0nZdcG7Iv8_0.wav,22050,10.0,220500,0.016208,0.264732,3530.95,2431.56,6094.45,train
6J0ipwqFviA_30.wav,22050,10.0,220500,0.045756,0.121442,2203.51,2125.98,3973.6,train
IVjcSfI5l84_130.wav,22050,10.0,220500,0.027395,0.156074,2491.21,2281.57,4698.93,train
6gD6iHO3syE_10.wav,22050,10.0,220500,0.295576,0.254782,3705.72,2919.93,7110.55,train
u1s8Us_Kuhc_540.wav,22050,10.0,220500,0.021933,0.227941,2312.54,1022.0,3434.05,train
8MMDd9rzl8o_20.wav,22050,10.0,220500,0.140643,0.190426,2982.95,2722.55,6542.12,train
Ts--N0L-pjc_380.wav,22050,10.0,220500,0.043485,0.133822,2183.82,2035.7,4546.13,train
Z9-zro6QWkI_180.wav,22050,10.0,220500,0.191605,0.077466,1760.93,1751.82,3534.14,train
J7ylroGojAM_140.wav,22050,10.0,220500,0.006747,0.336094,4153.13,2958.05,7424.01,train
eEoRqdkfBPw_530.wav,22050,10.0,220500,0.022175,0.139347,2534.93,2414.29,5129.35,train
-uaJhmrPg_Y_30.wav,22050,10.0,220500,0.008625,0.063847,923.84,1024.99,1716.16,train
Mrg3pGVs-_U_30.wav,22050,10.0,220500,0.114624,0.130023,1569.47,905.88,2439.57,train
GwE5tfDFjGw_30.wav,22050,10.0,220500,0.263855,0.06452,1197.42,1285.35,2033.36,train
qlx52UtRYhg_30.wav,22050,10.0,220500,0.463863,0.100794,2908.88,3009.42,6871.09,train
CCyWqBObsrw_10.wav,22050,10.0,220500,0.00406,0.058529,1150.77,1297.9,2566.4,train
Ju3FKWRUEIw_320.wav,22050,10.0,220500,0.161874,0.159711,1998.46,1396.54,3780.53,train
cVzrYOBBCl4_30.wav,22050,10.0,220500,0.107241,0.044283,1033.04,1428.87,1939.74,train
VuAy-H3erxk_30.wav,22050,10.0,220500,0.108253,0.141241,2637.14,2682.88,6147.45,train
rhkSnEKSEKA_160.wav,22050,10.0,220500,0.059625,0.350854,4450.06,2543.1,7191.37,train
BOksCCG5lNg_220.wav,22050,10.0,220500,0.100104,0.150531,2445.31,2283.25,4388.7,train
e8iQ-MC8Fp4_230.wav,22050,10.0,220500,0.002902,0.179509,2453.36,1636.11,4512.63,train
0_X0OGbEcUQ_30.wav,22050,10.0,220500,0.085643,0.090503,1760.73,1983.43,3397.92,train
oeOOMQs8kA4_50.wav,22050,10.0,220500,0.114705,0.089802,1774.27,1926.5,3454.53,train
mLKn_E446ok_130.wav,22050,10.0,220500,0.09886,0.055442,1177.37,1459.61,2088.95,train
weTFxgBtJx4_40.wav,22050,10.0,220500,0.135584,0.19759,2740.99,2039.56,4719.62,train
MkOkl4tW4gk_530.wav,22050,10.0,220500,0.037076,0.004538,1511.85,2357.68,3220.11,train
PZGvAI428hY_70.wav,22050,10.0,220500,0.150464,0.213296,3509.58,2766.28,6770.42,train
8NePJuwGaxs_30.wav,22050,10.0,220500,0.068318,0.098898,1618.05,1577.95,3009.4,train
0_KlA8-h2XI_30.wav,22050,10.0,220500,0.069336,0.056898,1681.24,2361.92,3726.79,train
Wwm5tBVWJ6I_430.wav,22050,10.0,220500,0.088511,0.095524,2322.76,2609.92,4984.94,train
aoPAdosurbg_7.wav,22050,9.37,206610,0.206248,0.154798,2660.87,2284.64,4897.34,train
AfymIcLvzG0_17.wav,22050,9.013,198734,0.050225,0.14512,2218.08,1612.93,4159.78,train
w-toCJNphwI_350.wav,22050,10.0,220500,0.072079,0.078631,1729.5,2067.71,3561.0,train
mnvEZAqwxug_10.wav,22050,10.0,220500,0.186076,0.463842,5787.91,2047.3,7911.98,train
VDyxP5qDAKM_70.wav,22050,10.0,220500,0.011673,0.174729,3137.04,2780.91,6608.74,train
HJpcc6nd_9o_2.wav,22050,9.675,213324,0.038197,0.057596,1724.28,2500.39,4382.52,train
BONgc9Ix_Ts_250.wav,22050,10.0,220500,0.021427,0.224603,3660.6,2960.96,7386.66,train
mcqecvd2QdU_20.wav,22050,10.0,220500,0.016677,0.076473,1159.46,1105.07,2287.47,train
iUb-94uLmHE_510.wav,22050,10.0,220500,0.134496,0.09055,1819.92,1968.42,3440.49,train
ZdWNhuAW8FE_30.wav,22050,10.0,220500,0.079406,0.056629,1046.14,1207.91,2111.75,train
NS3brbiBM-4_30.wav,22050,10.0,220500,0.280643,0.086054,1636.16,1524.52,2702.24,train
DKM2KjNkX18_470.wav,22050,10.0,220500,0.048857,0.061128,1977.03,2305.88,4443.41,train
zln4sWRtnFk_80.wav,22050,10.0,220500,0.067183,0.089906,1462.8,1420.22,2962.31,train
-ovh27iRBBU_0.wav,22050,10.0,220500,0.045706,0.149288,2325.51,2167.37,4781.94,train
otR2QqEnT0k_60.wav,22050,10.0,220500,0.157091,0.185764,2781.71,2221.72,4813.0,train
-UZi5LPjIF4_120.wav,22050,10.0,220500,0.013635,0.156811,2840.48,2600.0,5712.89,train
Ht_XcOLKWP0_360.wav,22050,10.0,220500,0.009504,0.146133,3040.49,2951.75,6705.22,train
7W3_6Q9ufnw_30.wav,22050,10.0,220500,0.133035,0.058018,930.0,832.06,1831.2,train
N-J89jHemZg_280.wav,22050,10.0,220500,0.066787,0.04765,1048.87,1387.2,1891.5,train
9W5uf8pLmII_0.wav,22050,10.0,220500,0.013423,0.074717,2138.37,2440.11,4527.67,train
CZK71aUJ-V0_10.wav,22050,9.853,217260,0.166303,0.03323,1222.12,1751.75,2404.42,train
5DtFN9bUkk0_30.wav,22050,10.0,220500,0.002675,0.190794,3197.16,2842.64,6661.05,train
8vnb6y7xRlI_550.wav,22050,10.0,220500,0.03852,0.145274,2722.88,2400.64,5203.97,train
dBqaqddb2HA_260.wav,22050,10.0,220500,0.147636,0.386941,4562.61,2602.04,7538.09,train
aUaT8_w-c9c_30.wav,22050,10.0,220500,0.07398,0.04689,1605.1,1707.31,3228.48,train
4wjKtAs9aMQ_29.wav,22050,9.528,210102,0.09807,0.28468,3926.03,2565.94,7301.62,train
Uz8sGu0IjL8_23.wav,22050,9.16,201970,0.184028,0.240259,3916.47,2980.96,7946.65,train
JqZ9qfhuPKk_150.wav,22050,10.0,220500,0.020054,0.26822,3553.85,2651.25,6564.85,train
s-7A0y_gwCI_30.wav,22050,10.0,220500,0.016747,0.151665,2996.8,2805.39,6353.77,train
8B39n3FkXfw_0.wav,22050,10.0,220500,0.158271,0.048186,1674.7,1651.79,3760.22,train
Mskf3b3POS0_170.wav,22050,10.0,220500,0.167082,0.120765,2648.56,2748.02,6048.26,train
28YOX5VDFSY_30.wav,22050,10.0,220500,0.002329,0.063383,1420.06,1926.64,2819.35,train
VQcsn9YgW2c_130.wav,22050,10.0,220500,0.075085,0.131132,2041.68,1643.0,3578.66,train
2oOrBpVGJzc_30.wav,22050,10.0,220500,0.224469,0.119424,2245.4,2015.86,4169.47,train
bq5OAtZRS9U_40.wav,22050,10.0,220500,0.019858,0.238832,3554.17,2763.07,6614.29,train
IjSmYh4mMG4_0.wav,22050,10.0,220500,0.237012,0.086323,1262.43,895.66,2201.68,train
nO18IGg9bw8_30.wav,22050,10.0,220500,0.179472,0.177995,2553.48,1708.94,4389.08,train
UsU6Ni99Umg_0.wav,22050,9.817,216464,0.021703,0.054012,979.37,966.75,1892.07,train
diZD433146M_30.wav,22050,10.0,220500,0.017792,0.178608,3235.9,2822.8,6520.86,train
93PtfCRoyl0_30.wav,22050,10.0,220500,0.083297,0.233451,3367.57,2479.09,6515.39,train
nEvRU0FRpy0_310.wav,22050,10.0,220500,0.159862,0.227771,3444.35,2734.32,6715.94,train
lgLtQ37hXbA_130.wav,22050,10.0,220500,0.010952,0.349401,4566.27,2702.54,7858.92,train
NAoHLa_8gCw_570.wav,22050,10.0,220500,0.128101,0.086863,1857.38,2170.84,3806.31,train
CsR3exLh3HU_50.wav,22050,10.0,220500,0.108478,0.174622,2157.7,1312.79,3502.62,train
HaTeuIGtubk_30.wav,22050,10.0,220500,0.172213,0.077794,1941.31,2360.54,4446.73,train
P2G72K00zbE_20.wav,22050,10.0,220500,0.01022,0.07486,1359.5,1567.64,3290.53,train
QHDahxso3Pw_30.wav,22050,10.0,220500,0.069745,0.135424,1941.09,1349.7,3370.52,train
DNjU5fUKGxM_11.wav,22050,9.069,199962,0.005867,0.126948,2619.45,2530.0,5327.04,train
4Fy1cw9R_ts_30.wav,22050,10.0,220500,0.114433,0.166866,2979.19,2574.82,6009.66,train
066kO16Btik_30.wav,22050,10.0,220500,0.254912,0.111138,1952.74,1718.09,3312.02,train
ztr-B4F1mtw_30.wav,22050,10.0,220500,0.135194,0.122232,1884.36,1523.19,3541.79,train
j21Gy_iCw7w_0.wav,22050,10.0,220500,0.013448,0.232136,3600.92,2824.21,7078.35,train
pfI1DlaI2XE_30.wav,22050,10.0,220500,0.171122,0.105749,1704.65,1720.01,2943.0,train
BtXsIpXiOzY_30.wav,22050,10.0,220500,0.140591,0.068046,1086.81,986.83,2213.67,train
C7a2vpoejZA_80.wav,22050,10.0,220500,0.165065,0.089189,1773.46,1915.9,3462.7,train
BZnNBvfaA_o_30.wav,22050,10.0,220500,0.197289,0.153376,2376.55,2159.69,4570.78,train
VBlxncON-tM_60.wav,22050,10.0,220500,0.018723,0.194317,2768.6,2741.46,6168.39,train
TfolI6LuUr0_0.wav,22050,10.0,220500,0.229267,0.138585,1690.59,1029.04,2680.28,train
bGMm5ULovwI_30.wav,22050,10.0,220500,0.019383,0.070396,2149.07,2743.13,5434.94,train
40K80HDkBXg_390.wav,22050,10.0,220500,0.079398,0.094954,2050.81,2230.91,3996.93,train
zVSBefDIxzQ_150.wav,22050,10.0,220500,0.031677,0.178237,2172.91,1303.58,2982.4,train
Nt6NelIfpzA_10.wav,22050,10.0,220500,0.082663,0.09664,2027.75,1981.24,4108.62,train
fy7PSlqDDBY_100.wav,22050,10.0,220500,0.022977,0.084785,1538.35,1613.53,2853.85,train
Hq9x0XbTtUo_110.wav,22050,10.0,220500,0.169659,0.369916,4436.03,2714.62,7463.4,train
FHQYjjV3PoM_30.wav,22050,10.0,220500,0.72967,0.110344,2463.57,2453.2,4964.05,train
z3EioYWalKQ_0.wav,22050,10.0,220500,0.121645,0.181956,2840.29,2162.81,4999.33,train
0GWUxZtNvE4_14.wav,22050,10.0,220500,0.199938,0.099468,1954.12,1916.91,3970.33,train
7TZDBbCYZN0_70.wav,22050,10.0,220500,0.10436,0.222649,3605.91,2828.14,7068.59,train
97Tu5zD0rzs_20.wav,22050,10.0,220500,0.242538,0.213476,3109.67,2399.89,5574.88,train
0kY8ORlpsik_30.wav,22050,10.0,220500,0.232791,0.085855,1229.45,984.41,2260.04,train
PikfQv7uwwo_290.wav,22050,10.0,220500,0.161924,0.139276,2638.33,2628.06,5718.11,train
J9YTBHF56mg_4.wav,22050,9.073,200056,0.01605,0.154564,2720.71,2417.15,5631.24,train
p8w9FiBT6Tk_30.wav,22050,10.0,220500,0.055737,0.107499,2042.22,2105.14,3898.03,train
313TIqAPH2c_140.wav,22050,10.0,220500,0.071568,0.124205,2027.0,1867.56,3559.45,train
oNUEX1sQ_Ms_40.wav,22050,10.0,220500,0.014214,0.339691,4525.6,2741.07,7854.37,train
RYRjrZ1DF1I_230.wav,22050,10.0,220500,0.116324,0.115599,1934.59,1780.62,3534.92,train
DeGBUF9KCP8_30.wav,22050,10.0,220500,0.068861,0.090067,1597.76,1787.22,2776.81,train
aFk532HtGU0_10.wav,22050,10.0,220500,0.092773,0.165881,1873.43,1004.16,2749.16,train
wtTXvF5Vwuc_120.wav,22050,10.0,220500,0.016455,0.321581,3985.39,2772.99,7313.3,train
u57V3_Z_jdg_30.wav,22050,10.0,220500,0.246846,0.066213,1510.42,1576.45,3352.04,train
9MMKlCkUqqs_0.wav,22050,10.0,220500,0.060268,0.06743,1052.0,941.51,2092.79,train
1APgk4xWEy4_30.wav,22050,10.0,220500,0.059955,0.121985,2196.7,2250.8,4339.51,train
veI9v98s_xI_0.wav,22050,10.0,220500,0.075975,0.107152,2395.31,2758.46,6104.04,train
VqNuZHBM7_A_30.wav,22050,10.0,220500,0.120257,0.171565,2464.12,1942.12,4164.6,train
genrFLpPyzc_0.wav,22050,7.855,173200,0.018068,0.205683,2750.04,2384.81,5703.0,train
5f2pRZN5bV8_60.wav,22050,10.0,220500,0.302479,0.161111,3037.24,2667.44,6230.39,train
bh8KfrOM8Is_40.wav,22050,10.0,220500,0.109725,0.113031,2429.6,2409.81,5217.78,train
VSOxbwBCGlw_260.wav,22050,10.0,220500,0.105144,0.531601,5685.46,2599.95,8346.69,train
a_yMxQWDRHY_570.wav,22050,10.0,220500,0.149072,0.11691,1539.21,1416.54,2656.05,train
OUsXPPQ97uw_30.wav,22050,10.0,220500,0.123633,0.040538,1577.59,2307.3,3801.63,train
-LMA6Y2P5MY_160.wav,22050,10.0,220500,0.164889,0.076915,1420.96,1851.52,2610.59,train
lLqppGdGvjk_150.wav,22050,10.0,220500,0.071753,0.161027,2231.02,1686.77,3903.01,train
gqWLsRaKM7w_270.wav,22050,10.0,220500,0.012507,0.179427,2868.41,2437.34,5462.89,train
MoUd1GcN3hs_90.wav,22050,10.0,220500,0.186985,0.064931,1567.02,1895.41,3470.77,train
jtNFoSt3CnE_360.wav,22050,10.0,220500,0.040287,0.115377,2056.23,2027.16,3739.33,train
hn2ro70cHD4_40.wav,22050,10.0,220500,0.010681,0.148598,2732.31,2553.35,5659.29,train
MWIB7GcODC8_14.wav,22050,9.475,208932,0.066221,0.117254,2723.48,2834.41,6175.16,train
-3M-k4nIYIM_30.wav,22050,10.0,220500,0.111827,0.104499,2356.21,2309.22,4707.75,train
NmsimwF8v7k_30.wav,22050,10.0,220500,0.118831,0.234936,3489.12,2822.61,6919.1,train
kJzooaop_Yg_120.wav,22050,10.0,220500,0.032696,0.39279,4845.01,3124.9,8486.78,train
ugNsACGfWxo_30.wav,22050,10.0,220500,0.265557,0.040031,955.23,1130.21,2414.92,train
FJIQOQOu2yg_27.wav,22050,10.0,220500,0.035023,0.124286,1521.08,934.51,2468.47,train
ZoOTaY3PGo0_0.wav,22050,10.0,220500,0.143415,0.077964,1153.05,989.81,1844.46,train
BwaTjiFvPcI_30.wav,22050,10.0,220500,0.03784,0.073696,1553.9,1799.77,3260.16,train
wg2EUd030JY_0.wav,22050,10.0,220500,0.069382,0.126672,2435.28,2492.25,5127.85,train
Zz9NJV7ddz4_160.wav,22050,10.0,220500,0.001876,0.160108,3050.06,3018.4,7054.7,train
q9XNo8ctwpQ_160.wav,22050,10.0,220500,0.393946,0.068862,1305.99,1447.42,2626.9,train
HunyOpKCysc_14.wav,22050,9.099,200628,0.207506,0.060387,1283.68,1442.61,2831.07,train
zts7EE4KZbU_50.wav,22050,10.0,220500,0.096415,0.13481,2210.32,2072.11,3992.66,train
qKUag8LNtSI_7.wav,22050,9.541,210372,0.256813,0.017276,612.94,1039.96,941.57,train
4Jgo3ATCJrk_10.wav,22050,10.0,220500,0.138535,0.06881,1500.19,1400.85,3078.85,train
ip9gUcLWFr0_1.wav,22050,9.572,211054,0.210102,0.016155,444.2,682.27,833.46,train
kRA2YiETMSI_50.wav,22050,10.0,220500,0.039233,0.088788,1887.55,1944.7,3497.8,train
5NoTKShf49A_530.wav,22050,10.0,220500,0.007903,0.130667,2686.17,2805.16,5922.01,train
KSlb0kQ-1jY_30.wav,22050,10.0,220500,0.030413,0.121868,2718.02,2793.76,5902.6,train
Qxgf65htq94_19.wav,22050,9.653,212858,0.263289,0.06053,972.38,911.32,1872.09,train
s6SXsfxUaWI_30.wav,22050,10.0,220500,0.033798,0.110882,2326.97,2265.68,4633.76,train
2QaPqPUOioQ_120.wav,22050,10.0,220500,0.002205,0.103643,2928.13,3040.12,6697.4,train
RLcypkpsKA8_30.wav,22050,10.0,220500,0.08882,0.191463,2321.05,1553.98,4234.52,train
HCcxbT-z7eQ_0.wav,22050,10.0,220500,0.090739,0.098146,1685.09,1272.31,3024.07,train
Jphu05QgQ1I_340.wav,22050,10.0,220500,0.014142,0.413993,5015.94,3253.54,8832.51,train
q6pAgnS9BoU_10.wav,22050,10.0,220500,0.037798,0.164811,2306.05,2266.39,5181.78,train
LQW7gPlPm0o_20.wav,22050,9.768,215384,0.108589,0.147129,1709.9,765.23,2323.72,train
lLek-ih-JL0_10.wav,22050,10.0,220500,0.017234,0.20186,3155.41,2711.82,6660.48,train
pNuT-6vFrd8_30.wav,22050,10.0,220500,0.033775,0.3851,4522.94,2894.98,7842.36,train
eXW0BArd9pA_250.wav,22050,10.0,220500,0.00637,0.207124,2516.12,1496.26,4297.27,train
sQl5hNTGlfM_40.wav,22050,10.0,220500,0.052329,0.160715,2191.83,1720.89,3111.0,train
OoUfZ0_yr5A_30.wav,22050,10.0,220500,0.450694,0.140083,2255.86,1738.83,4269.24,train
deOh8n6SAFA_350.wav,22050,10.0,220500,0.01144,0.116007,2499.59,2536.83,5313.48,train
6tjLSUMbPhg_10.wav,22050,10.0,220500,0.079513,0.117867,1502.29,1161.49,2705.79,train
XHtBF2ghXgI_150.wav,22050,10.0,220500,0.043691,0.098274,2291.33,2770.47,5289.37,train
pm22Ze6SXmQ_100.wav,22050,10.0,220500,0.045794,0.344461,3962.39,2305.17,6398.96,train
cQZRnH0eGzQ_30.wav,22050,10.0,220500,0.148584,0.053738,988.11,1070.48,1887.65,train
oPV0tfqOR08_20.wav,22050,10.0,220500,0.132737,0.296339,4035.81,2794.82,7261.04,train
vsWKn75rJsQ_21.wav,22050,9.79,215862,0.166887,0.112519,2197.69,2193.63,4787.31,train
kicDBt4_9Ew_28.wav,22050,9.198,202824,0.182294,0.150081,2394.06,1931.65,4284.38,train
SsR-eCXuxFs_40.wav,22050,10.0,220500,0.044779,0.097952,2136.17,2271.98,4210.39,train
laJ9pOV2P_w_30.wav,22050,10.0,220500,0.147253,0.262611,4042.02,2922.02,7816.48,train
T32tjp4F78s_13.wav,22050,9.941,219206,0.060126,0.13705,2862.23,2774.88,6255.57,train
AjbyESmmyts_70.wav,22050,10.0,220500,0.007948,0.107635,2201.69,2362.9,4652.75,train
BIorIRMU6oA_27.wav,22050,9.613,211962,0.029013,0.065521,1765.8,2311.08,3766.2,train
uWNemWp1BsM_100.wav,22050,10.0,220500,0.111496,0.221409,3525.49,2577.62,6495.61,train
y1_swlQ47oE_100.wav,22050,10.0,220500,0.092492,0.138792,2472.54,2254.95,4566.29,train
BLlbhOnOu4I_140.wav,22050,10.0,220500,0.017468,0.290441,3940.08,2712.89,7101.76,train
bBFmDPwBg-0_380.wav,22050,10.0,220500,0.062253,0.134929,2282.8,2215.23,4274.99,train
EFwVVF84kRY_0.wav,22050,7.0,154350,0.107543,0.427172,4875.69,2536.07,7882.08,train
OZWsvU0kBPw_30.wav,22050,10.0,220500,0.165438,0.162666,2608.84,1937.13,4512.8,train
OUxrkuE6siE_110.wav,22050,10.0,220500,0.00974,0.190555,3336.62,2779.8,6509.3,train
saEGCB1glgQ_0.wav,22050,4.511,99472,0.117684,0.142167,1618.23,998.36,2618.99,train
Gwr_h3uqVsA_4.wav,22050,9.235,203640,0.072149,0.038796,1120.26,1771.69,2033.64,train
det8Hk5x_R0_190.wav,22050,10.0,220500,0.104156,0.113558,1954.98,1893.66,3889.99,train
DmVy9y956Dk_30.wav,22050,10.0,220500,0.104337,0.143512,2194.71,2099.47,4156.18,train
B--9n3YGYRE_500.wav,22050,10.0,220500,0.04817,0.357966,4685.68,3254.56,8685.67,train
ZznYtn7H1Cw_30.wav,22050,10.0,220500,0.125992,0.100875,1698.5,1612.45,2914.38,train
vNCbLGfqkDw_0.wav,22050,10.0,220500,0.089878,0.469347,5197.0,2766.52,8254.79,train
-2mRLePOj4c_20.wav,22050,10.0,220500,0.126043,0.11298,1413.42,913.61,2300.61,train
4rGYcQ8RoG4_410.wav,22050,10.0,220500,0.057076,0.104095,2358.39,2537.87,5540.83,train
sFQU5geEDRs_110.wav,22050,10.0,220500,0.123725,0.121991,2035.37,1810.96,3942.55,train
37VtG80p5rY_30.wav,22050,10.0,220500,0.250098,0.123813,2457.24,2569.83,5335.69,train
obXKr8OtPzs_20.wav,22050,10.0,220500,0.136624,0.166385,3056.45,2702.56,6164.64,train
n4nYjCA6yUI_110.wav,22050,10.0,220500,0.033197,0.143607,2601.8,2280.56,4826.61,train
UDuFXmxG9Qk_370.wav,22050,10.0,220500,0.007742,0.30499,4198.64,2851.86,7745.58,train
-EovwXDEidU_210.wav,22050,10.0,220500,0.240331,0.075502,1866.22,2212.43,3824.49,train
vYryT5zfNFU_30.wav,22050,10.0,220500,0.316347,0.098625,1902.92,1796.95,3627.15,train
rfP7a_0XsX0_170.wav,22050,10.0,220500,0.014737,0.174059,3188.61,2723.89,6304.96,train
sZjMmmaEMO4_10.wav,22050,10.0,220500,0.075284,0.058241,956.18,944.38,2007.83,train
--YiwOrObMM_60.wav,22050,10.0,220500,0.00462,0.208836,3189.54,2669.71,6371.93,train
2tCkRiudZQ4_15.wav,22050,9.149,201730,0.041434,0.127284,2643.93,2457.76,5343.23,train
-daaFcupItU_110.wav,22050,10.0,220500,0.143839,0.106719,1867.53,1876.57,3675.23,train
h9i-zYemJcY_80.wav,22050,10.0,220500,0.025307,0.030217,2072.76,2714.85,5273.49,train
1ZJvL91oMcI_560.wav,22050,10.0,220500,0.054858,0.572494,6239.7,2732.63,9305.04,train
R76tiWS1qlU_560.wav,22050,10.0,220500,0.062571,0.057725,1007.73,1079.37,1765.57,train
LrMyRNZna6Y_300.wav,22050,10.0,220500,0.120926,0.126783,2355.93,2394.75,4789.16,train
DP1szfOklWY_120.wav,22050,10.0,220500,0.021863,0.257366,3362.59,2238.25,5561.81,train
rmK-nmkmQ7U_40.wav,22050,10.0,220500,0.011026,0.124448,2455.79,2683.24,5517.35,train
KbIw9tsxoUk_10.wav,22050,10.0,220500,0.032393,0.125634,2583.56,2513.41,5425.19,train
1KZVbKCakgE_20.wav,22050,10.0,220500,0.076591,0.259073,3800.83,3062.41,7653.18,train
1gMMGwFUinw_0.wav,22050,10.0,220500,0.145689,0.118578,1863.37,1820.75,3606.94,train
Grtgyw9jhVQ_0.wav,22050,10.0,220500,0.162957,0.207491,3117.67,2336.84,5605.6,train
9ZmEIObQuLE_130.wav,22050,10.0,220500,0.199608,0.519807,4916.09,3321.53,8677.93,train
5ge_Fui8v8o_30.wav,22050,10.0,220500,0.005279,0.060127,1113.89,1175.74,2219.22,train
PKsaeIye8ow_50.wav,22050,10.0,220500,0.053006,0.16727,2388.13,1703.42,3985.37,train
hnWjNZJNKow_90.wav,22050,10.0,220500,0.224842,0.138117,2594.44,2316.41,4970.17,train
0Xi2J9e0QgU_28.wav,22050,9.182,202456,0.195584,0.104921,1514.29,1127.11,2750.16,train
_X3DFNdIkTs_200.wav,22050,10.0,220500,0.194209,0.043658,1447.78,2393.85,3146.0,train
1qco1jJmKu0_18.wav,22050,9.011,198700,0.033286,0.073147,1948.78,2073.15,3970.0,train
Jkg3qxHbGh8_290.wav,22050,10.0,220500,0.312753,0.028389,700.04,1123.6,1155.25,train
D3IlSLAD9iI_290.wav,22050,10.0,220500,0.217281,0.12223,2213.74,2137.9,4336.14,train
iSaqMJceoRM_30.wav,22050,10.0,220500,0.052247,0.222475,2750.01,1746.5,4506.36,train
-FdlM9BEkac_30.wav,22050,10.0,220500,0.008168,0.190765,3107.94,2705.7,6284.92,train
mcIc5-e2_UI_0.wav,22050,10.0,220500,0.246214,0.066504,1708.46,2156.53,3797.06,train
LlRSD_oqO8k_90.wav,22050,10.0,220500,0.098179,0.090346,1567.26,1483.26,3190.66,train
l4pC3Ipg21w_490.wav,22050,10.0,220500,0.113981,0.30483,3937.19,2402.86,6586.66,train
tvOZmWtLogM_550.wav,22050,10.0,220500,0.089686,0.342637,4858.13,3374.13,8880.37,train
l982gvLbArQ_10.wav,22050,10.0,220500,0.09088,0.199135,3282.92,2662.51,6454.81,train
Qgvg7j5Wnf4_30.wav,22050,10.0,220500,0.004877,0.324318,4300.42,3092.97,8103.88,train
gF5ZDSitUms_30.wav,22050,10.0,220500,0.116659,0.173144,2316.9,1674.96,4180.09,train
LWClbNmo37k_30.wav,22050,10.0,220500,0.238424,0.20101,2130.88,1305.4,3644.61,train
EMgt1yfibCY_370.wav,22050,10.0,220500,0.047954,0.496062,5301.99,2862.03,8603.74,train
IIqsU5jDn-o_25.wav,22050,10.0,220500,0.074556,0.095625,2017.73,2075.47,3907.68,train
1Ui_LOoNuo8_120.wav,22050,10.0,220500,0.089485,0.12829,2280.58,2064.23,4274.59,train
ak4wpQgyGCk_0.wav,22050,10.0,220500,0.034891,0.212515,2740.55,1957.65,4902.43,train
XTw5Sze64YQ_30.wav,22050,10.0,220500,0.073648,0.023978,932.8,1678.87,1557.54,train
xg3DCh02i7w_30.wav,22050,10.0,220500,0.031191,0.063573,1787.36,2309.82,4127.51,train
J5bg_1rFbNw_30.wav,22050,10.0,220500,0.091721,0.128604,2691.61,2655.79,5776.62,train
QcQWr9s7Uiw_0.wav,22050,10.0,220500,0.075363,0.110048,2472.88,2756.63,6138.04,train
U2tncm2hXDI_30.wav,22050,10.0,220500,0.129009,0.1544,2344.52,2019.15,4008.97,train
9PGdcvqF6GA_30.wav,22050,10.0,220500,0.032993,0.086303,1570.99,1527.51,3305.8,train
WSq5vgyM7Kc_0.wav,22050,10.0,220500,0.011785,0.126732,2405.94,2263.18,4540.68,train
Me2cFR0G1TE_200.wav,22050,10.0,220500,0.118334,0.161995,2761.87,2355.44,5331.27,train
aQ6IVN5Yvzo_30.wav,22050,10.0,220500,0.034085,0.204528,3128.46,2587.66,5859.55,train
sKTZvFef-WA_240.wav,22050,10.0,220500,0.012617,0.355212,4546.02,2882.77,8209.5,train
naAO1XRIsMM_120.wav,22050,10.0,220500,0.041812,0.178738,2855.66,2455.6,5460.59,train
QGxVj542aBc_30.wav,22050,10.0,220500,0.032939,0.216874,2791.1,2008.57,5032.9,train
jOOG8bi02cY_30.wav,22050,10.0,220500,0.064265,0.179589,1881.87,1400.61,3521.95,train
He-lsRQjUgg_150.wav,22050,10.0,220500,0.139646,0.156935,2559.95,2376.24,4994.75,train
inpnJ5drG8c_90.wav,22050,10.0,220500,0.040921,0.260963,3695.57,2779.22,7148.42,train
OmkYZKGt69E_50.wav,22050,10.0,220500,0.40475,0.046963,1610.7,2282.74,3218.66,train
Rt4wYCcGtKM_10.wav,22050,10.0,220500,0.251745,0.131779,2111.22,1769.74,3726.39,train
ubpGHv1YypY_30.wav,22050,10.0,220500,0.015128,0.044005,1600.11,2265.51,3755.22,train
gTGO1va026I_60.wav,22050,10.0,220500,0.148984,0.021743,580.23,939.55,1024.3,train
sSHVsAgBMVc_10.wav,22050,10.0,220500,0.000914,0.364606,4616.23,3108.44,8441.82,train
jole1FvrIy0_30.wav,22050,10.0,220500,0.042833,0.250109,3168.53,1612.39,4440.84,train
bNz8QZBP-WU_0.wav,22050,10.0,220500,0.011544,0.176601,3120.79,2998.95,7037.19,train
12yCuKUsRjc_30.wav,22050,10.0,220500,0.056673,0.028381,736.82,1323.15,1086.05,train
ISPdHt3Pe2s_30.wav,22050,10.0,220500,0.174446,0.045309,1540.44,2212.94,3430.57,train
oHpgDPsGhhg_20.wav,22050,10.0,220500,0.066554,0.076805,1377.47,1461.9,2340.1,train
05BuxIzWTV4_260.wav,22050,10.0,220500,0.142704,0.246348,3303.13,2751.76,6433.36,train
dWgAOG9hvgA_5.wav,22050,9.071,200022,0.133128,0.344767,4354.78,2209.16,6526.63,train
svVtOt0GZII_140.wav,22050,10.0,220500,0.002676,0.050154,2547.78,3059.13,6470.03,train
QLhCqdpdHYM_580.wav,22050,10.0,220500,0.189687,0.370695,4052.71,2351.81,6716.51,train
ZSCqIItkvMM_0.wav,22050,5.0,110250,0.171573,0.067039,2113.75,2406.35,4466.99,train
CyZZxm3cvEo_160.wav,22050,10.0,220500,0.037389,0.127918,2732.35,2679.79,5826.03,train
cvtm0jZis3o_30.wav,22050,10.0,220500,0.063966,0.10439,1823.34,1792.38,3291.61,train
7H7hukVNl4M_220.wav,22050,10.0,220500,0.06735,0.121537,2280.87,2178.95,4390.58,train
BwoUqWt-Its_240.wav,22050,10.0,220500,0.055732,0.125172,2368.41,2366.55,4870.9,train
prI1YkNkzBc_90.wav,22050,10.0,220500,0.044062,0.138141,2359.2,2225.25,5181.53,train
3On6ke2Qkfc_11.wav,22050,9.812,216346,0.104489,0.11227,2171.99,2112.32,4629.87,train
NCoRVbRB7oE_10.wav,22050,10.0,220500,0.053739,0.164441,2988.48,2777.61,6345.55,train
4_pTq3-R4RY_30.wav,22050,10.0,220500,0.021434,0.175695,2094.83,1441.79,3769.21,train
5FdTDVqH-9U_10.wav,22050,10.0,220500,0.145848,0.167238,2685.46,2021.04,5049.59,train
v8DQpla0biI_50.wav,22050,10.0,220500,0.086358,0.198132,2893.12,2782.76,5994.55,train
QGx1WYqyJOk_30.wav,22050,10.0,220500,0.136127,0.079051,1669.22,1910.88,3256.06,train
kZfdxJcWuso_30.wav,22050,10.0,220500,0.014483,0.44103,4852.91,3085.27,8905.18,train
FIHge8DZnu0_10.wav,22050,10.0,220500,0.018808,0.2142,3299.23,2717.07,6520.59,train
5HkKl1QFyT4_80.wav,22050,9.629,212320,0.090749,0.517964,5605.95,2327.86,7887.2,train
PPTlyK9zrqI_0.wav,22050,10.0,220500,0.119647,0.087184,1502.22,1449.7,3143.05,train
MASSmugq7Rk_30.wav,22050,10.0,220500,0.078767,0.130106,2339.81,2218.63,4640.71,train
H6h0uT0iSJw_0.wav,22050,10.0,220500,0.489113,0.354252,4417.83,2702.17,7579.64,train
3wrbNY5kRT0_30.wav,22050,10.0,220500,0.034367,0.134943,2802.4,3006.66,6447.57,train
PPWLd-WGnNk_80.wav,22050,10.0,220500,0.110634,0.182107,2717.4,2258.41,5022.88,train
rdXxlwB3DNc_30.wav,22050,10.0,220500,0.09243,0.06446,653.08,887.88,1324.99,train
ZwhTbwHrD2U_250.wav,22050,10.0,220500,0.12654,0.188761,2686.79,2240.91,5159.0,train
0DX0FvDm3UA_80.wav,22050,10.0,220500,0.125572,0.268213,3824.18,2907.67,7364.36,train
dDmzW8z__3c_530.wav,22050,10.0,220500,0.190578,0.103013,1838.22,1767.55,3262.9,train
9IIa7qH29ps_30.wav,22050,10.0,220500,0.078706,0.151367,2729.5,2445.46,5441.11,train
8cvj0vJm3A8_30.wav,22050,10.0,220500,0.029394,0.135672,2187.52,2149.95,4086.91,train
Ca-J_1oO8Mg_30.wav,22050,10.0,220500,0.069521,0.089439,1415.74,1281.6,2476.57,train
KhlfSplbwe8_18.wav,22050,9.841,216988,0.092168,0.11725,1476.23,920.97,2361.67,train
5Qf2MM2bSQQ_70.wav,22050,10.0,220500,0.055258,0.207012,3169.8,2524.9,6074.41,train
I00fjurGaUI_1.wav,22050,9.403,207326,0.005344,0.286836,3992.14,3050.6,7787.95,train
3ZXXBQL72k4_30.wav,22050,10.0,220500,0.021939,0.172982,2591.31,2061.19,4522.77,train
5i2fKVdkUww_30.wav,22050,10.0,220500,0.096253,0.10576,2288.0,2391.97,4626.64,train
OSg_c9uWg0U_21.wav,22050,9.076,200134,0.159299,0.156314,2564.58,2132.82,4694.02,train
PjT8BHXYSNw_260.wav,22050,10.0,220500,0.035365,0.275844,4058.56,2898.17,7628.2,train
1ci9EhneRNs_30.wav,22050,10.0,220500,0.036888,0.246976,3316.76,2748.86,6160.07,train
oKs1YqEWXD0_0.wav,22050,10.0,220500,0.018659,0.051592,1983.92,2625.36,4985.11,train
5W5TuIhd0eE_60.wav,22050,10.0,220500,0.074877,0.107621,1963.42,2000.98,3526.35,train
w4k-qcY78uo_110.wav,22050,10.0,220500,0.14735,0.183209,3448.24,3025.02,7388.39,train
IomRBYYewYQ_30.wav,22050,10.0,220500,0.17156,0.25,3473.46,2379.92,6374.65,train
V2Fs1XrJcpA_420.wav,22050,10.0,220500,0.119372,0.405119,4896.29,2671.28,8059.39,train
y8CKXzsO6Bo_30.wav,22050,10.0,220500,0.129886,0.115605,2878.55,2947.63,6389.57,train
3KF0xSdYWeE_30.wav,22050,10.0,220500,0.015435,0.112271,2020.18,1949.76,3637.61,train
T-eAIZ-5j1E_0.wav,22050,10.0,220500,0.025013,0.224663,3566.6,2673.19,6652.44,train
RJZTkRqZJ_A_570.wav,22050,10.0,220500,0.044986,0.123353,2999.39,2650.43,5878.11,train
4WRZbsU9jIg_100.wav,22050,10.0,220500,0.165516,0.124091,1561.08,1096.53,2928.77,train
2tJYLjtQQjM_170.wav,22050,10.0,220500,0.018848,0.123739,2724.04,2458.11,5387.32,train
p8ioyc3Ai_M_20.wav,22050,10.0,220500,0.210711,0.102963,2330.89,2617.78,5331.89,train
Ks82WXeSK_I_200.wav,22050,10.0,220500,0.137855,0.221912,3364.07,2674.68,6563.93,train
OvppISW4ro0_90.wav,22050,10.0,220500,0.026842,0.118494,3110.24,2975.12,6927.55,train
f2opalJ-NQc_30.wav,22050,10.0,220500,0.259462,0.025439,704.78,1227.95,1300.81,train
Bv6dhOXkJC0_30.wav,22050,10.0,220500,0.147369,0.10646,2090.36,1983.21,3960.81,train
jLz09wz2v4E_200.wav,22050,10.0,220500,0.08789,0.115354,1475.24,901.53,2344.02,train
BUX3W74oBa0_11.wav,22050,9.545,210458,0.026019,0.146787,2745.83,2637.84,5637.7,train
DDB250xVlbM_30.wav,22050,10.0,220500,0.06894,0.115592,2126.29,2036.01,3730.24,train
dprJaNuDKUw_30.wav,22050,10.0,220500,0.038541,0.153321,2250.63,1925.06,4034.5,train
yqWJl0E-KWI_30.wav,22050,10.0,220500,0.079953,0.06778,1340.84,1584.45,2669.54,train
5I0BVKbY03E_170.wav,22050,10.0,220500,0.095004,0.13669,2516.9,2376.89,4905.15,train
tMPg88c5ciQ_160.wav,22050,10.0,220500,0.069199,0.099239,1918.78,2150.17,3796.61,train
A02FI-n7uDk_10.wav,22050,10.0,220500,0.404883,0.176042,2808.55,2308.93,5093.5,train
VrJlserGqxI_30.wav,22050,10.0,220500,0.126638,0.077386,1639.17,2002.43,3184.17,train
SA5Oj4skzLk_40.wav,22050,10.0,220500,0.019313,0.065995,1229.47,1263.57,2443.27,train
3xwCz7mNeyQ_390.wav,22050,10.0,220500,0.032927,0.069296,1558.21,2030.69,2800.87,train
JCIh7005x3A_30.wav,22050,10.0,220500,0.036544,0.565161,6128.35,2963.26,9369.59,train
16gI4pCeQxw_30.wav,22050,10.0,220500,0.037062,0.144885,2518.44,2294.76,4865.83,train
PGA7TpGMF7A_30.wav,22050,10.0,220500,0.031533,0.067317,1949.37,2641.61,5484.85,train
wWNlG0Wf0B8_20.wav,22050,10.0,220500,0.024,0.271952,3872.36,2902.15,7027.54,train
OIxgsWkwzZo_0.wav,22050,10.0,220500,0.120337,0.295923,3748.8,2499.08,6510.9,train
1gUKMgzbhk8_30.wav,22050,10.0,220500,0.12474,0.074412,1323.76,1336.28,2849.68,train
rPDs-rvxjlw_30.wav,22050,10.0,220500,0.121395,0.261761,3131.33,2630.05,6902.19,train
2klHFgf0yNs_450.wav,22050,10.0,220500,0.13259,0.172095,2611.46,2052.18,4648.95,train
qUVH7FfhZYE_2.wav,22050,9.815,216412,0.061777,0.592822,6359.34,2415.24,8770.78,train
U3UibGJNZO8_490.wav,22050,10.0,220500,0.039343,0.267869,4125.65,2744.28,7305.05,train
_VN0Es38Zvw_10.wav,22050,10.0,220500,0.059722,0.105878,1890.09,1793.6,3652.7,train
YmkfcFTJQ0I_0.wav,22050,4.807,105984,0.004162,0.037919,689.42,484.87,1258.97,train
1MJQCmnU8mM_30.wav,22050,10.0,220500,0.09155,0.128046,2392.24,2402.76,4949.11,train
C0AXstkH72M_220.wav,22050,10.0,220500,0.075994,0.222338,3269.8,2493.79,6184.33,train
mnLClHlu1yk_10.wav,22050,10.0,220500,0.259726,0.092645,1194.16,708.92,1512.7,train
v6zAy7bFXgA_0.wav,22050,4.0,88200,0.145241,0.067513,1582.97,1743.73,2958.39,train
sgXJObD8kjk_60.wav,22050,10.0,220500,0.195413,0.182835,2990.12,2541.95,5773.77,train
CwoEOVDg_2s_30.wav,22050,10.0,220500,0.203861,0.072366,1383.25,1453.6,2399.75,train
z1Jc_mBmvqk_30.wav,22050,10.0,220500,0.206709,0.089207,2480.38,2669.64,5542.08,train
lQRSlTMLHTo_160.wav,22050,10.0,220500,0.190528,0.090543,1596.74,1613.59,2900.11,train
-3C_2FEFyno_30.wav,22050,10.0,220500,0.033377,0.194947,3165.99,2280.98,5478.53,train
3QMMeY7KcXs_30.wav,22050,10.0,220500,0.104342,0.074512,1896.24,2146.26,3892.01,train
SFSOT5tE-VU_90.wav,22050,10.0,220500,0.125874,0.573359,6294.6,2564.03,9097.13,train
sRT2ox7TzsE_24.wav,22050,9.855,217296,0.032745,0.002806,1110.81,1195.16,2614.56,train
vubtxme1t2k_0.wav,22050,10.0,220500,0.10904,0.026142,877.57,1224.52,1598.3,train
B51d0unYl3w_90.wav,22050,10.0,220500,0.021117,0.398061,4863.76,2817.63,8098.31,train
ZDOn0kQhOPg_320.wav,22050,10.0,220500,0.490068,0.168514,2450.31,1817.13,3593.07,train
tOGuwwFJKEo_50.wav,22050,10.0,220500,0.185378,0.105823,1726.87,1563.99,3311.12,train
fKhrSzpY9vo_70.wav,22050,10.0,220500,0.122369,0.105124,1867.35,1860.9,3867.73,train
1m08yDHXlgQ_30.wav,22050,10.0,220500,0.079747,0.08594,1871.58,2263.31,3870.81,train
XdKPAy3UBC8_30.wav,22050,10.0,220500,0.10122,0.089022,1369.98,987.6,2353.49,train
SxaLm-mc_3A_70.wav,22050,10.0,220500,0.011468,0.179741,3782.7,3170.12,7833.11,train
4gkalNm_rFY_30.wav,22050,10.0,220500,0.117708,0.205888,2981.79,2384.12,5442.7,train
BDvsGaIihdM_0.wav,22050,3.855,84992,0.10403,0.214306,3176.87,2489.55,5989.84,train
-TYaP9KMzBA_30.wav,22050,10.0,220500,0.069011,0.128087,2236.81,2085.64,4454.63,train
8Ub0gazazNo_30.wav,22050,10.0,220500,0.352339,0.079822,1731.13,1972.5,3453.53,train
H9nboh45WQU_30.wav,22050,10.0,220500,0.031652,0.082109,1140.2,992.18,2195.14,train
8UqQfLQcuqo_30.wav,22050,10.0,220500,0.019277,0.088769,1818.27,2049.79,3612.86,train
OxSedPY6Kgc_200.wav,22050,10.0,220500,0.084066,0.060385,1213.86,1503.21,2263.06,train
__C1aP5lQn0_50.wav,22050,10.0,220500,0.14011,0.049425,1376.7,1891.61,3055.59,train
6RBrKvTOLsI_110.wav,22050,10.0,220500,0.03247,0.088615,1942.47,2103.99,4196.6,train
4c7qCb2aWYk_120.wav,22050,10.0,220500,0.051995,0.256575,3893.55,2812.15,7327.71,train
3UHmeo15N1A_0.wav,22050,10.0,220500,0.033575,0.073312,1475.06,1419.56,2840.33,train
aGfmNNoE4u8_60.wav,22050,10.0,220500,0.300989,0.108196,1979.99,1946.61,3646.73,train
9WpqNdzaVCU_10.wav,22050,10.0,220500,0.119136,0.265022,3669.0,2521.56,6616.39,train
CFn0ZewLo7o_220.wav,22050,10.0,220500,0.109568,0.176797,3064.77,2778.88,6831.55,train
4uMDpRhNCMQ_16.wav,22050,10.0,220500,0.069816,0.039362,1174.64,1420.43,2765.19,train
wZIuB9Pj0bM_270.wav,22050,10.0,220500,0.128247,0.141783,2544.53,2550.21,5358.17,train
zlrqNFrL3S0_30.wav,22050,10.0,220500,0.096562,0.066576,1475.21,980.06,2463.48,train
HAFLlYWq4MY_60.wav,22050,10.0,220500,0.13612,0.45629,4778.39,1898.35,6917.73,train
U1qMzYW49-g_30.wav,22050,10.0,220500,0.291884,0.088822,1717.72,1874.47,3260.61,train
YHWXjUAK9sk_320.wav,22050,10.0,220500,0.12285,0.172249,2965.02,2572.93,6026.3,train
g6Wff3_M_64_24.wav,22050,9.669,213200,0.029592,0.114106,2264.71,2269.62,4640.33,train
o3k4xLp5bN8_10.wav,22050,10.0,220500,0.024158,0.112622,2155.0,2269.9,4661.11,train
fciqow3J59s_10.wav,22050,10.0,220500,0.085929,0.164605,2425.89,2388.84,4927.81,train
PcLd3BztbiA_310.wav,22050,10.0,220500,0.1128,0.236302,3045.04,1865.27,4698.83,train
z-yt7xagPs8_0.wav,22050,10.0,220500,0.191376,0.188825,2359.47,1632.29,4320.93,train
MLnPI1o-Fd0_40.wav,22050,10.0,220500,0.034313,0.160766,1916.81,1463.56,3635.21,train
pNopCEgHVzM_170.wav,22050,10.0,220500,0.054875,0.086529,1756.75,1841.67,3482.36,train
pZKv4wou_4s_50.wav,22050,10.0,220500,0.035712,0.2082,3464.33,2972.18,7390.19,train
ccZs3XftACs_90.wav,22050,10.0,220500,0.084916,0.138516,2311.56,2054.89,4121.31,train
ZEnENWBwPc4_390.wav,22050,10.0,220500,0.078218,0.239526,3352.43,2376.41,5933.15,train
dP1My54HfaM_140.wav,22050,10.0,220500,0.02591,0.248006,3509.56,2556.42,6438.78,train
jbpnyFv8qOw_60.wav,22050,10.0,220500,0.006576,0.394707,4791.95,2865.84,7903.71,train
EbjdUji-Qs4_10.wav,22050,10.0,220500,0.103543,0.300474,3859.72,2647.04,6915.13,train
TU1BKNbFTQw_10.wav,22050,10.0,220500,0.049178,0.091699,1895.87,1922.71,4081.32,train
FKW2FO6sS8s_8.wav,22050,9.514,209792,0.058525,0.068802,1120.38,1124.12,2061.94,train
4pV3ueSNK1M_20.wav,22050,10.0,220500,0.067703,0.076213,1377.81,1587.99,2381.34,train
BEd1SRTcisA_50.wav,22050,10.0,220500,0.03449,0.347613,4102.56,2410.65,6834.97,train
LwO3ZwQyjfU_190.wav,22050,10.0,220500,0.119092,0.029634,896.55,1168.72,1883.31,train
hftlnnmnvjs_30.wav,22050,10.0,220500,0.148546,0.032485,992.11,1716.24,1543.9,train
6Z3mabg7wD4_30.wav,22050,10.0,220500,0.064041,0.112119,1361.73,979.1,2383.97,train
IOZu-R7TzlQ_100.wav,22050,10.0,220500,0.051449,0.109952,2271.66,2472.31,4752.59,train
RDbT_kc-G9E_140.wav,22050,10.0,220500,0.162264,0.107039,2118.41,1792.47,4412.18,train
2ctbbSRS_z4_30.wav,22050,10.0,220500,0.49619,0.109035,1643.36,1285.92,2784.23,train
yosGf89PHiQ_30.wav,22050,10.0,220500,0.038791,0.173683,2767.01,2268.3,5080.84,train
A0Lpt0VWYCA_50.wav,22050,9.055,199660,0.101757,0.091851,1271.39,1013.47,2224.55,train
HBOt0sVe-0Q_10.wav,22050,10.0,220500,0.197186,0.054936,1487.72,1752.56,3007.1,train
4iFT4mdGwH8_30.wav,22050,10.0,220500,0.256363,0.240882,3090.14,2333.14,5561.94,train
0Stq3XQqmYE_10.wav,22050,10.0,220500,0.221879,0.128809,2156.91,2035.39,4162.53,train
hSowu-AzTYY_100.wav,22050,10.0,220500,0.009655,0.127591,2838.18,2712.3,5938.84,train
gpMrW89gm7g_180.wav,22050,10.0,220500,0.044054,0.186007,3513.61,3192.97,7597.3,train
7_fjWO7XlwA_30.wav,22050,10.0,220500,0.090067,0.151849,2252.85,1615.93,4021.96,train
0tV6HyY1td0_26.wav,22050,9.847,217116,0.027719,0.052748,1373.78,1656.77,2781.15,train
EiZyL1HM1FA_20.wav,22050,10.0,220500,0.030724,0.050947,1054.92,1144.72,2146.38,train
-BIZ7zQO3_o_430.wav,22050,10.0,220500,0.018697,0.022477,1009.44,1404.49,2228.56,train
27M6RPjNdzM_30.wav,22050,10.0,220500,0.240403,0.062959,1709.63,2207.92,3501.29,train
l9kmbpfzh0M_10.wav,22050,10.0,220500,0.153769,0.38985,4438.97,2280.9,6852.85,train
n7GhYoj0fuQ_1.wav,22050,10.0,220500,0.053266,0.030118,1156.44,1814.05,2562.0,train
6-GtvuenpGg_30.wav,22050,10.0,220500,0.114415,0.05359,813.92,721.56,1405.75,train
ae5GZL0kH7g_30.wav,22050,10.0,220500,0.006975,0.182938,3341.17,3211.22,7567.57,train
NqZHX-eOVUA_30.wav,22050,10.0,220500,0.084404,0.089798,1951.13,2130.37,3950.77,train
72zvkQMnW2M_10.wav,22050,10.0,220500,0.166315,0.164717,2401.6,1779.12,4285.31,train
nMjQ_-DppTE_20.wav,22050,9.415,207592,0.089123,0.091485,2259.07,2569.99,5815.16,train
4zF-37eEX7A_30.wav,22050,10.0,220500,0.043235,0.098237,1841.26,1807.85,3790.09,train
6g1WWYvmzME_90.wav,22050,10.0,220500,0.101675,0.031136,865.24,1439.46,1567.8,train
Q1gqybC0mho_100.wav,22050,10.0,220500,0.107785,0.213218,3169.75,2695.63,6351.1,train
St-biPlcz5w_150.wav,22050,10.0,220500,0.155854,0.103571,1720.46,1802.81,3313.84,train
6ZB-UngiUMM_0.wav,22050,10.0,220500,0.111711,0.050884,1355.78,1663.44,2670.14,train
UEgSN3e1v_o_110.wav,22050,10.0,220500,0.049355,0.127963,2267.27,2081.84,4313.61,train
132cPtZFO0A_8.wav,22050,9.949,219376,0.091644,0.126501,2630.47,2642.62,5600.29,train
hewiPFOOZc4_30.wav,22050,10.0,220500,0.143192,0.086431,1746.43,2079.37,3770.66,train
-hE6xxJed4g_30.wav,22050,10.0,220500,0.026131,0.057363,2235.7,2779.89,5644.45,train
HGqZz8V6oZQ_0.wav,22050,10.0,220500,0.025826,0.202468,3226.44,2718.13,6270.71,train
aRUnQmAGdYM_0.wav,22050,10.0,220500,0.091055,0.122437,2085.26,1933.22,4162.93,train
KIGoEea7yBg_100.wav,22050,10.0,220500,0.181372,0.095235,1229.07,979.61,2374.17,train
yD9Hk4VJCa4_300.wav,22050,10.0,220500,0.006991,0.313361,4027.23,2763.18,7327.71,train
dhtreET00fk_30.wav,22050,10.0,220500,0.063283,0.404825,5182.17,3188.54,8752.97,train
lJ7rBurR67c_30.wav,22050,10.0,220500,0.017701,0.103181,2531.31,2643.84,5352.95,train
yBM9UteiZAE_130.wav,22050,10.0,220500,0.097733,0.3404,4375.4,2971.89,8041.6,train
5eo8QOFbJRs_240.wav,22050,10.0,220500,0.29439,0.087474,1926.65,2092.76,4331.12,train
DNgObxWShXM_50.wav,22050,10.0,220500,0.022518,0.219603,3632.66,2863.7,7008.16,train
NKwwyGMe6Uk_30.wav,22050,10.0,220500,0.127904,0.064981,1069.1,1051.76,2217.1,train
DDZW3HrJALQ_30.wav,22050,10.0,220500,0.14477,0.082994,2078.23,2429.66,4363.8,train
378UmcsGHoI_30.wav,22050,10.0,220500,0.406056,0.036233,917.55,1190.24,1984.75,train
Ro5ThO1mqLQ_300.wav,22050,10.0,220500,0.307857,0.033448,812.15,1116.71,1687.38,train
7QUfd0uerU8_130.wav,22050,10.0,220500,0.019143,0.152634,2774.8,2619.05,5750.84,train
O8oc0bS5uQg_0.wav,22050,10.0,220500,0.010074,0.344119,4502.4,3040.25,7965.41,train
af_CWmciv4M_170.wav,22050,10.0,220500,0.192637,0.05264,2014.74,2625.79,4953.11,train
Y87xcGQMrtg_0.wav,22050,10.0,220500,0.042878,0.109199,2291.26,2200.21,5130.72,train
PXfBr-mdJ-0_470.wav,22050,10.0,220500,0.151021,0.100828,1717.94,1721.59,3298.55,train
5zI3BKP6h14_10.wav,22050,10.0,220500,0.142383,0.150135,2520.0,2281.57,5042.52,train
JfEEfdofvAM_30.wav,22050,10.0,220500,0.376807,0.04344,1300.42,1803.22,2498.75,train
4bdL58gRIEw_27.wav,22050,9.688,213610,0.284392,0.157681,2765.18,2639.06,5776.69,train
n7rzvBRMtOA_10.wav,22050,10.0,220500,0.088982,0.122905,2020.94,1883.71,4050.49,train
8du6_9KVFpo_30.wav,22050,10.0,220500,0.027727,0.110976,1600.78,1389.38,3313.57,train
-HnhPxiYLLU_0.wav,22050,8.499,187392,0.028536,0.102387,2018.52,2093.25,4357.22,train
-nYLg1FyJR0_30.wav,22050,10.0,220500,0.086736,0.162806,2790.41,2583.9,5797.85,train
cTTlVmHSjeQ_50.wav,22050,10.0,220500,0.196597,0.166979,2277.9,1485.34,3658.42,train
zS1ADvUNT7Y_0.wav,22050,10.0,220500,0.003159,0.287263,3795.1,2592.44,6569.93,train
_qBS6YOcIb0_150.wav,22050,10.0,220500,0.118809,0.411439,4254.14,2210.91,6772.92,train
b-T54NeJ6lE_180.wav,22050,10.0,220500,0.019909,0.082791,1521.15,1374.77,2804.34,train
YmEz8_rjKT8_60.wav,22050,10.0,220500,0.134833,0.070622,889.72,810.88,1414.85,train
gVcQ7AGtB5Q_30.wav,22050,10.0,220500,0.036132,0.209066,3030.13,2535.26,5688.19,train
4v87Y-EnwBE_30.wav,22050,10.0,220500,0.070123,0.212539,3591.97,2830.34,7122.34,train
r8BjZJwy8c8_380.wav,22050,10.0,220500,0.047417,0.105656,2184.05,2284.4,4632.11,train
YoibUJ2hqXo_140.wav,22050,10.0,220500,0.002159,0.19792,2899.96,2361.56,5376.13,train
gi-IX72RoxA_90.wav,22050,10.0,220500,0.14198,0.110415,2132.26,2273.13,4133.23,train
4SIuuAQ3YLk_40.wav,22050,10.0,220500,0.04906,0.180541,2835.3,2366.58,5265.09,train
Do_53xGWU_I_30.wav,22050,10.0,220500,0.078857,0.038839,686.67,984.87,1008.24,train
jqtW7XUgm2w_20.wav,22050,10.0,220500,0.088108,0.060174,1439.72,1876.73,2672.24,train
iMRMKwdNCHc_9.wav,22050,9.919,218718,0.20662,0.258061,3247.14,2526.73,6339.54,train
2mP0q39KDy4_60.wav,22050,10.0,220500,0.12021,0.370389,4262.97,1876.56,6158.85,train
6ZMzGTRIxFE_30.wav,22050,10.0,220500,0.058864,0.219149,3244.86,2546.83,6139.81,train
4_zDEEGPVKg_120.wav,22050,10.0,220500,0.266627,0.089314,1138.79,918.99,2013.88,train
zmdVOQ6lOog_350.wav,22050,10.0,220500,0.049771,0.448689,5297.45,3097.99,9016.19,train
EzxNwE7e_T0_10.wav,22050,10.0,220500,0.260371,0.089781,1825.6,1854.59,3579.03,train
3cGx0csTqdQ_0.wav,22050,10.0,220500,0.185002,0.136203,1494.3,736.69,2070.26,train
KGIm3UIRysw_30.wav,22050,10.0,220500,0.206777,0.098578,1996.16,2203.08,4209.89,train
RA4Fm4lQocs_7.wav,22050,9.284,204706,0.094725,0.105023,2658.02,2471.25,5394.61,train
2NgORaD-GQA_30.wav,22050,10.0,220500,0.140165,0.157521,2532.74,2382.27,4921.66,train
69mOxEJZkkA_30.wav,22050,10.0,220500,0.053236,0.105947,1331.58,1024.56,2600.22,train
T3DZohtesMo_20.wav,22050,10.0,220500,0.032512,0.111092,1834.68,1939.46,3255.01,train
-o-loH-9rWo_30.wav,22050,10.0,220500,0.006042,0.09406,2598.01,2862.41,6182.45,train
Xn4SruTQFfY_30.wav,22050,10.0,220500,0.227692,0.084622,1926.8,2232.02,4110.09,train
P0XjW5vQDlM_30.wav,22050,10.0,220500,0.016711,0.14091,2544.68,2419.26,5357.27,train
-WoFxHJpMnI_40.wav,22050,10.0,220500,0.039442,0.416164,4614.26,2342.38,7107.21,train
N_sC47vvae8_30.wav,22050,10.0,220500,0.047704,0.167512,2413.97,1971.08,4137.35,train
HYLRClhdQoo_15.wav,22050,10.0,220500,0.183958,0.05983,915.5,767.04,1642.44,train
IsODHi_bB1Q_20.wav,22050,10.0,220500,0.012503,0.268909,4330.46,2994.07,7981.07,train
EucGEpoc8fo_20.wav,22050,10.0,220500,0.112065,0.148896,2539.35,2256.82,4916.61,train
5YPeZt6ts-M_30.wav,22050,10.0,220500,0.104118,0.122999,2253.07,2319.46,4555.65,train
m98pzMQeXb8_20.wav,22050,10.0,220500,0.232867,0.19268,2218.97,1292.98,3721.17,train
fridhw47nhI_20.wav,22050,10.0,220500,0.122833,0.135332,2051.7,1739.84,3225.91,train
DSOadme3cM8_40.wav,22050,10.0,220500,0.074846,0.098031,1691.24,1795.5,2928.84,train
pVnYOWrHa44_20.wav,22050,10.0,220500,0.042111,0.195318,3117.2,2617.44,6191.25,train
UtFBNlhy_8s_160.wav,22050,10.0,220500,0.052682,0.21649,3522.52,2841.43,6927.17,train
1kSEQ2-Jn1k_0.wav,22050,10.0,220500,0.091101,0.175326,3063.75,2702.83,6190.05,train
iePXnZ6uRSY_110.wav,22050,10.0,220500,0.116026,0.152028,1949.6,1382.12,3619.55,train
o8x_FOTQq3c_19.wav,22050,10.0,220500,0.016375,0.064586,1312.96,1308.99,3016.65,train
wSzKbqXvsic_80.wav,22050,10.0,220500,0.089945,0.009094,814.91,990.71,1856.53,train
KiHNFmpU5ZY_30.wav,22050,10.0,220500,0.202214,0.072264,1552.91,1880.15,2891.49,train
Iug8r5jI6EY_0.wav,22050,9.339,205923,0.065231,0.076728,1143.35,1048.63,2028.82,train
rERQt_Y_1V0_0.wav,22050,10.0,220500,0.105269,0.109614,1353.96,1072.96,2582.44,train
sVL30sfT8Y0_20.wav,22050,10.0,220500,0.047542,0.091082,2028.57,2217.87,4174.94,train
0aXwJyz31pI_30.wav,22050,10.0,220500,0.054216,0.083776,1180.22,915.1,2220.02,train
5Ct0Emq8j8A_13.wav,22050,9.344,206038,0.010146,0.08323,1075.0,738.26,1859.9,train
iTjD84OmDsA_30.wav,22050,10.0,220500,0.069716,0.069888,1318.69,1513.31,2303.18,train
5HW-z5ETbEg_11.wav,22050,9.011,198682,0.082719,0.10828,2233.41,2213.28,4273.23,train
vM7fgfKIvyo_0.wav,22050,10.0,220500,0.035803,0.203279,3283.41,2776.28,6555.46,train
b3VWkj_t7pk_520.wav,22050,10.0,220500,0.060904,0.085577,1988.28,2211.21,4010.47,train
JHHtUaJBuWw_30.wav,22050,10.0,220500,0.032618,0.050501,1712.91,2423.71,3713.33,train
0uISjASz9D0_25.wav,22050,9.296,204974,0.164019,0.183533,2862.0,2449.22,5698.86,train
LbFJNh0qznk_30.wav,22050,10.0,220500,0.12479,0.088464,1673.84,1860.88,3192.88,train
1tQys1GnFwU_30.wav,22050,10.0,220500,0.154748,0.124529,2494.67,2478.65,5337.36,train
y03--6rBQyE_30.wav,22050,10.0,220500,0.034334,0.123992,2215.98,2540.05,5035.4,train
B_7YU0jACu4_30.wav,22050,10.0,220500,0.205021,0.111132,2121.42,2094.23,4146.54,train
NCld_TPjWM8_330.wav,22050,10.0,220500,0.024174,0.217456,2771.04,2007.68,5276.83,train
yZ82ZISmRrY_330.wav,22050,10.0,220500,0.092452,0.268808,3694.95,2599.95,6586.24,train
uNzQBFFNa_k_30.wav,22050,10.0,220500,0.005197,0.133858,2483.9,2481.08,5074.17,train
bXjKxk0MCqk_29.wav,22050,9.058,199718,0.038064,0.343069,4121.07,2653.28,7151.23,train
Gh9ZFyz14mA_28.wav,22050,9.454,208456,0.036088,0.068046,1303.51,1363.93,2613.14,train
Q54jxOx7NtE_40.wav,22050,10.0,220500,0.07092,0.073447,1472.56,1534.99,2964.14,train
IYie9f5Zoi4_110.wav,22050,10.0,220500,0.05576,0.242774,2747.14,1566.97,4598.51,train
1bppEqPRpwU_30.wav,22050,10.0,220500,0.163601,0.085109,1661.03,1716.33,3245.69,train
Bu3IfifrUkw_50.wav,22050,10.0,220500,0.232201,0.122898,2636.79,2468.29,5283.7,train
qD-xj6sX_Pk_240.wav,22050,10.0,220500,0.014309,0.067591,2127.87,2665.69,5298.12,train
iX3z5_8-szY_270.wav,22050,10.0,220500,0.043279,0.178171,3325.09,3061.41,7459.51,train
qOdhX8RtvNE_30.wav,22050,10.0,220500,0.059666,0.27312,4044.68,3208.46,8313.27,train
7T5XAZV6XPE_40.wav,22050,10.0,220500,0.121868,0.168012,2874.18,2606.8,5684.37,train
KVgXtqkqbQw_5.wav,22050,9.327,205654,0.355621,0.055074,1499.19,2162.92,2704.99,train
A4lmIPXpixo_30.wav,22050,10.0,220500,0.001366,0.198803,3041.74,2564.63,5972.72,train
-HmuMoykRqA_500.wav,22050,10.0,220500,0.351953,0.045349,1287.88,1794.39,2402.48,train
2dhZ1uiu6Kc_590.wav,22050,10.0,220500,0.073966,0.12733,2421.04,2418.14,4931.0,train
aFR8vFwdh1o_460.wav,22050,10.0,220500,0.003654,0.269573,4330.99,3159.85,8209.07,train
JknhsViZAjI_30.wav,22050,10.0,220500,0.142914,0.181321,2630.63,2017.69,4460.12,train
82OMO1ArSkk_30.wav,22050,10.0,220500,0.0228,0.339578,4241.71,2775.43,7686.35,train
fSn4fWCi7W4_80.wav,22050,10.0,220500,0.135747,0.082364,1994.05,2010.08,4322.8,train
lW0bAuZpEPg_30.wav,22050,10.0,220500,0.147798,0.201456,3084.14,2607.93,6036.84,train
s-8ghBvFbyc_250.wav,22050,10.0,220500,0.072214,0.040406,729.67,782.76,1147.65,train
SHHPYP6FiFs_20.wav,22050,10.0,220500,0.110653,0.144164,2075.32,1576.59,3688.37,train
2WlMLaR-sP8_30.wav,22050,10.0,220500,0.027148,0.09323,2385.65,2627.61,5542.78,train
cmr1BocGsTk_10.wav,22050,10.0,220500,0.025985,0.079869,1960.64,2463.8,3990.66,train
tfmR4yrjTjA_50.wav,22050,10.0,220500,0.006958,0.265854,2921.27,2359.92,6080.13,train
gEPMhhsFjCE_10.wav,22050,10.0,220500,0.07263,0.353253,4683.2,2990.78,8082.62,train
umD5JeC-tAk_350.wav,22050,10.0,220500,0.009325,0.237598,3669.3,3014.85,7553.58,train
1d7qB0ONX7Y_8.wav,22050,9.178,202368,0.115469,0.065246,951.77,841.21,1712.98,train
0GudFRvZbSo_70.wav,22050,10.0,220500,0.07954,0.212409,3189.67,2528.3,6081.11,train
6kKs7UKCUBA_70.wav,22050,10.0,220500,0.032585,0.137327,2781.65,2719.42,5979.49,train
kSpEPtnVlI4_400.wav,22050,10.0,220500,0.16781,0.077602,1696.04,1896.85,3476.34,train
3qpNZkxd-OA_30.wav,22050,10.0,220500,0.049603,0.224336,3433.41,2711.28,6654.71,train
1bBsTMiEsIo_30.wav,22050,10.0,220500,0.0373,0.100604,1283.31,917.27,2215.77,train
Gomf_A45vmE_170.wav,22050,10.0,220500,0.046012,0.09039,1611.04,1516.26,3454.46,train
YDbxVJEFyvI_14.wav,22050,9.83,216756,0.100098,0.225673,2903.31,1902.79,4972.98,train
RyrRQmo9S3c_70.wav,22050,10.0,220500,0.039442,0.148677,2572.56,2351.47,4948.27,train
1lacXPSfV8I_30.wav,22050,10.0,220500,0.062365,0.117305,2387.11,2556.18,4966.13,train
-82O6FyjRgk_30.wav,22050,10.0,220500,0.104544,0.213752,3193.89,2437.55,6043.49,train
o9xAA5UnF1w_410.wav,22050,10.0,220500,0.06248,0.124521,2458.85,2571.72,5404.06,train
hPj3O_idxFs_350.wav,22050,10.0,220500,0.14817,0.153887,2510.24,2162.75,4478.26,train
q0UftiBhgR4_160.wav,22050,10.0,220500,0.072108,0.127784,2146.43,1836.39,3793.84,train
UqLADsjnpU8_580.wav,22050,10.0,220500,0.052337,0.245354,3552.51,2589.69,6472.0,train
O8bUfZHHhmY_0.wav,22050,10.0,220500,0.105865,0.038226,845.55,870.27,1822.6,train
NutbF86pqWw_30.wav,22050,10.0,220500,0.094449,0.143253,3149.11,3251.86,7391.13,train
Ub1cTvCahOM_250.wav,22050,10.0,220500,0.114961,0.096325,1547.4,1416.52,2888.87,train
xuQJQw_ZTxA_190.wav,22050,10.0,220500,0.019408,0.228399,3391.65,2602.9,6357.59,train
vdxgUxqkoZI_190.wav,22050,10.0,220500,0.141201,0.071324,1844.76,2358.2,4119.61,train
ZS5vqzFhl1o_180.wav,22050,10.0,220500,0.136468,0.179292,2807.0,2335.47,5379.83,train
hky_1_uTJnI_20.wav,22050,10.0,220500,0.00322,0.221379,3774.15,3324.05,8349.01,train
NmuuxjarEYE_90.wav,22050,10.0,220500,0.265079,0.092046,2057.51,2243.5,4212.16,train
1pA_56Alc24_30.wav,22050,10.0,220500,0.057171,0.197533,3111.0,2607.78,6182.13,train
0LhfWkyyCq0_290.wav,22050,10.0,220500,0.02163,0.094776,2396.71,2709.19,5262.05,train
EkkYc1zCJzA_30.wav,22050,10.0,220500,0.050448,0.153405,1996.7,1459.42,3427.9,train
n5mQNjsm_Nc_30.wav,22050,10.0,220500,0.010028,0.132262,2275.74,2065.09,4831.51,train
P4JbWeNsP0o_110.wav,22050,10.0,220500,0.16594,0.110536,1801.87,1679.26,3140.38,train
PRarm4uFO38_10.wav,22050,10.0,220500,0.088455,0.058448,1810.86,2206.3,4002.78,train
7CkIxNhCe6A_490.wav,22050,10.0,220500,0.047157,0.162559,2960.92,2768.01,6383.75,train
mqBqMEaI3g0_0.wav,22050,10.0,220500,0.288943,0.076341,1606.73,1460.8,3350.46,train
gnU0os0Gl3I_160.wav,22050,10.0,220500,0.016954,0.168527,2864.62,2622.42,5554.24,train
MZYj7t63YTw_30.wav,22050,10.0,220500,0.019784,0.450454,4437.69,2500.44,6762.8,train
Cvysch7_6Tw_20.wav,22050,10.0,220500,0.181419,0.097217,1997.41,2161.31,3861.71,train
PorpdFnOKt0_320.wav,22050,10.0,220500,0.034926,0.154124,2819.48,2576.79,5462.79,train
kmu3e1w8p9w_20.wav,22050,10.0,220500,0.033007,0.18004,2643.86,1836.8,4785.82,train
whe0X0D7OWk_100.wav,22050,10.0,220500,0.02991,0.102322,2254.13,2512.88,5204.52,train
r1uMjDMepx4_260.wav,22050,10.0,220500,0.095937,0.106355,2096.73,2190.18,4265.95,train
TgB5pTcprN0_40.wav,22050,10.0,220500,0.036444,0.14214,2471.22,2315.38,4814.67,train
gsmSoEAopG4_25.wav,22050,9.117,201022,0.160054,0.123569,1618.45,1269.64,3294.09,train
fUkB7gra-aw_30.wav,22050,10.0,220500,0.004694,0.232329,3638.45,3001.87,7302.75,train
XX-r4-_HvZQ_50.wav,22050,10.0,220500,0.030233,0.053491,2009.94,2660.65,5102.52,train
ss0C8WaSSV0_50.wav,22050,10.0,220500,0.057043,0.241965,3161.01,1990.59,5216.13,train
f7APBbTkNXU_0.wav,22050,10.0,220500,0.002206,0.060489,1736.02,2243.89,4076.84,train
9iCtbS3MaPE_30.wav,22050,10.0,220500,0.110309,0.106836,1904.85,1770.12,3303.1,train
S0KJJKUtpa4_10.wav,22050,10.0,220500,0.388915,0.164997,2941.75,2738.15,6094.02,train
QOB3X1y8rec_30.wav,22050,10.0,220500,0.01461,0.043347,866.72,921.17,1657.26,train
4lp4-Obxff0_30.wav,22050,10.0,220500,0.027842,0.220667,3114.17,2354.71,5654.14,train
7DHnxa4hXFA_30.wav,22050,10.0,220500,0.174676,0.052263,829.45,807.54,1446.65,train
N5OF1r7IrU0_0.wav,22050,10.0,220500,0.064965,0.161368,1916.1,841.83,2591.45,train
2x43exdQ5bo_30.wav,22050,10.0,220500,0.050873,0.105038,1933.23,1960.02,3364.35,train
DFq-XBL9hng_0.wav,22050,10.0,220500,0.080809,0.299427,3966.84,2784.46,7191.79,train
BSWva-uGhCE_30.wav,22050,10.0,220500,0.143265,0.165286,2753.35,2703.23,5959.6,train
yaoECsyIITQ_20.wav,22050,10.0,220500,0.091904,0.337094,4215.13,2639.57,6999.64,train
cxY0uU8DfLo_30.wav,22050,10.0,220500,0.00817,0.111763,2028.58,2135.87,4013.17,train
aBF16KB-QZ0_20.wav,22050,10.0,220500,0.017166,0.300997,4255.69,2877.17,7474.12,train
sV0110EnJEY_30.wav,22050,10.0,220500,0.018642,0.131334,2553.71,2585.73,5502.68,train
9Fohz20ARUQ_3.wav,22050,10.0,220500,0.098233,0.147461,2436.57,2184.12,4752.69,train
8PFRw4AgcjM_0.wav,22050,10.0,220500,0.041536,0.311883,3714.95,2341.74,6074.79,train
7_yjxfih864_15.wav,22050,9.771,215442,0.302506,0.153138,2436.05,2196.01,4496.73,train
7H1d6C1IkxQ_30.wav,22050,10.0,220500,0.250529,0.093919,2487.35,2770.85,5986.38,train
DEAF8XXAhUo_30.wav,22050,10.0,220500,0.008859,0.221063,3700.77,2775.35,7162.34,train
HMLUpzrYcMk_170.wav,22050,10.0,220500,0.022109,0.198865,2517.4,1993.83,5167.09,train
92VPkKSSjMA_30.wav,22050,10.0,220500,0.040795,0.175491,1914.61,1487.17,3631.47,train
58Temb5hmzo_16.wav,22050,9.641,212592,0.105855,0.069418,1641.79,1917.92,3070.29,train
lPJ2u-Pf6OQ_6.wav,22050,9.25,203972,0.045244,0.271599,3822.42,2877.28,7206.18,train
P0Rc9VqEdPI_20.wav,22050,9.605,211800,0.009427,0.235314,3596.63,2879.79,7212.32,train
YLKBK52Zykg_21.wav,22050,9.1,200646,0.124259,0.132457,1780.25,1353.15,2860.13,train
e5m-4tzPSdA_240.wav,22050,10.0,220500,0.17774,0.116883,1481.03,826.5,2132.91,train
hkyS5Qppua4_140.wav,22050,10.0,220500,0.132638,0.202235,3423.11,2953.97,7241.15,train
mu5GoZZbMw4_190.wav,22050,10.0,220500,0.045608,0.164222,2493.09,1887.59,4137.9,train
t4_tU-zSF-c_0.wav,22050,10.0,220500,0.10438,0.052951,1155.64,1333.07,2116.75,train
NXayONWWhx0_0.wav,22050,8.017,176784,0.311563,0.106039,1504.76,1191.22,2445.64,train
EvlXd8qHyMI_160.wav,22050,10.0,220500,0.131036,0.117027,2258.92,2372.46,4547.35,train
4Qm47DR-Das_30.wav,22050,10.0,220500,0.114647,0.095726,1855.43,1828.23,3603.96,train
hvcROCqE6r4_9.wav,22050,9.785,215758,0.279342,0.071291,1327.17,1459.72,2447.92,train
gk6_0RcFc0A_10.wav,22050,10.0,220500,0.068424,0.151417,1809.53,1173.47,3154.24,train
tHQS5wOcwLY_30.wav,22050,10.0,220500,0.143073,0.240068,3264.31,2329.23,5740.55,train
FKroekqpFDo_11.wav,22050,9.034,199194,0.06695,0.079208,1852.28,2072.21,3787.5,train
rvmN8Xvdio8_0.wav,22050,10.0,220500,0.302497,0.084954,1815.61,2038.82,3734.41,train
7ohLspVMs18_110.wav,22050,10.0,220500,0.035433,0.080393,1144.23,953.95,2056.8,train
LsE03bOzcfo_380.wav,22050,10.0,220500,0.210394,0.242873,3602.99,2841.37,6987.5,train
a8vWeMTkiAo_120.wav,22050,10.0,220500,0.052887,0.186164,3108.94,2648.33,6219.65,train
aFEhrI7tVCo_530.wav,22050,10.0,220500,0.037446,0.292769,4085.27,3386.73,8144.0,train
gPzNtpSTfcQ_10.wav,22050,10.0,220500,0.17715,0.038762,1429.71,2167.33,3096.33,train
74pGNXBnVuU_30.wav,22050,10.0,220500,0.068266,0.064501,2136.31,2718.48,5292.45,train
dyxxaS4xC20_0.wav,22050,8.731,192512,0.156061,0.020644,520.35,942.43,884.09,train
DRUbSA7wCtU_140.wav,22050,10.0,220500,0.030416,0.415811,4489.75,2432.92,7080.1,train
EopFmrXtm-s_15.wav,22050,9.938,219138,0.262429,0.127577,2173.44,2059.41,4301.09,train
IukPF2Qkfc0_340.wav,22050,10.0,220500,0.02619,0.176469,2930.13,2636.22,5949.73,train
Hk4WsrxJbMM_10.wav,22050,10.0,220500,0.031332,0.156205,2873.75,2541.03,5746.47,train
gwrNBJdLZiU_0.wav,22050,10.0,220500,0.089525,0.214267,2316.29,1145.09,3432.87,train
Hiq2dROpKBA_0.wav,22050,10.0,220500,0.093506,0.251468,3674.82,2772.24,6831.77,train
AvPPb0_bCAk_30.wav,22050,10.0,220500,0.201473,0.092369,1648.78,1540.33,3185.69,train
wfuJ0iW0xgQ_30.wav,22050,10.0,220500,0.036646,0.451207,4747.87,2725.57,7695.7,train
9cieVggof9Q_390.wav,22050,10.0,220500,0.031621,0.100029,2458.63,2682.77,6158.07,train
QKOmnvp7B6Y_27.wav,22050,9.92,218730,0.053148,0.132009,2428.03,2275.28,4674.21,train
oa0OMF_5Pko_50.wav,22050,10.0,220500,0.011211,0.271849,3881.09,2398.78,6496.21,train
UHs16SZGHss_70.wav,22050,10.0,220500,0.137735,0.147889,1923.63,1473.71,3657.67,train
XB8NX2VLEUc_0.wav,22050,10.0,220500,0.034938,0.155349,2895.14,2681.47,6015.01,train
EE1t6NIEuIw_0.wav,22050,10.0,220500,0.033613,0.311368,4283.56,2996.85,7891.37,train
0tFJsbGMa90_11.wav,22050,10.0,220500,0.097915,0.147562,3270.0,2833.79,6490.16,train
B_9WwTI-lZQ_30.wav,22050,10.0,220500,0.159163,0.081193,1746.96,2149.89,3722.95,train
QjIxRMWM5do_30.wav,22050,10.0,220500,0.075248,0.075926,1905.61,2431.1,4226.1,train
bmn1ts_AIhA_10.wav,22050,10.0,220500,0.041425,0.161798,2755.16,2411.04,5409.78,train
x4PPG2a2SAg_30.wav,22050,10.0,220500,0.003234,0.145929,1699.06,1152.11,2836.41,train
qLZ42n6Jxaw_20.wav,22050,10.0,220500,0.010402,0.398677,4176.05,2012.93,6317.1,train
C3HDg6cPnC0_150.wav,22050,10.0,220500,0.003931,0.177665,2072.57,1517.81,3818.5,train
HpVQM2dyVJE_130.wav,22050,10.0,220500,0.397095,0.424396,4985.46,2705.78,8099.78,train
FQcwXIE6k4o_30.wav,22050,10.0,220500,0.094042,0.198648,3179.27,2603.72,6314.3,train
-yH85qetWBg_80.wav,22050,10.0,220500,0.015386,0.17974,3095.43,2565.15,5969.22,train
YN2rRSDhUOM_120.wav,22050,10.0,220500,0.121523,0.039994,1268.98,1813.94,2583.63,train
dR3laaqKAjQ_30.wav,22050,10.0,220500,0.154423,0.070324,1913.51,2510.93,4582.05,train
liZ8HrN_mKQ_190.wav,22050,10.0,220500,0.073573,0.141325,1608.87,935.62,2585.51,train
0n_O5uUrdfI_30.wav,22050,10.0,220500,0.019211,0.009299,421.83,960.15,722.09,train
4HShw7Jujzk_30.wav,22050,10.0,220500,0.011761,0.350278,3669.79,1774.7,5369.56,train
6jUff5h9TY0_30.wav,22050,10.0,220500,0.061814,0.118136,2020.88,1847.22,3740.31,train
2v8kCGNsohM_30.wav,22050,10.0,220500,0.043456,0.0901,1701.76,1938.65,3288.86,train
NhciEBhHqHg_0.wav,22050,6.508,143504,0.139648,0.134362,2178.35,1807.37,3876.05,train
6WocaA2lzXg_27.wav,22050,9.734,214634,0.079851,0.036412,1589.59,1992.6,3691.97,train
1WKgTRenNMI_4.wav,22050,10.0,220500,0.012771,0.146361,2448.55,2376.65,4869.35,train
SKQSOm0v2sM_30.wav,22050,10.0,220500,0.07052,0.031567,2212.87,2791.47,5157.13,train
NhNpawHLmbM_30.wav,22050,10.0,220500,0.182432,0.276886,3692.22,2547.96,6692.98,train
XCYGtqQOLk0_30.wav,22050,10.0,220500,0.129432,0.146338,2194.58,1805.02,4353.63,train
CNqgNhpU6Jw_30.wav,22050,10.0,220500,0.01558,0.157072,2703.18,2359.75,5396.27,train
jCDiF5cTXGE_30.wav,22050,10.0,220500,0.036598,0.336802,3240.97,1524.73,4904.07,train
o6IBarWeMBw_370.wav,22050,10.0,220500,0.021613,0.154307,1890.14,1364.43,3481.78,train
H56RtmB-iJs_29.wav,22050,9.174,202278,0.054209,0.102198,2265.46,2615.34,5139.37,train
tNqu5EMf7f4_60.wav,22050,10.0,220500,0.020686,0.137937,2642.25,2462.02,5384.75,train
jooqmQ-D0-0_290.wav,22050,10.0,220500,0.146934,0.04377,938.14,1172.95,1785.93,train
McL-brBHG2k_30.wav,22050,10.0,220500,0.020471,0.157504,2584.44,2294.21,4858.14,train
glUDLfVoFKY_210.wav,22050,10.0,220500,0.083854,0.141893,2163.67,1777.44,4045.34,train
omV2DSMlnPc_30.wav,22050,10.0,220500,0.108292,0.104598,1463.53,1151.72,2662.85,train
9owNc_JMp0A_20.wav,22050,10.0,220500,0.017577,0.285427,4025.42,3203.66,8072.53,train
_gau111HdQQ_60.wav,22050,10.0,220500,0.148908,0.123278,2247.71,2301.43,4878.62,train
neg8niPAhi4_40.wav,22050,10.0,220500,0.150455,0.117612,2183.28,2132.95,4274.07,train
l89XYh_MZ50_70.wav,22050,10.0,220500,0.029584,0.116963,2357.7,2527.94,4962.58,train
23h6KWYjv78_200.wav,22050,10.0,220500,0.022288,0.190619,3123.28,2430.07,5641.4,train
0uDAC48C8Bc_30.wav,22050,10.0,220500,0.114325,0.15116,2129.79,1699.62,3386.38,train
xvl47oDG3pQ_20.wav,22050,10.0,220500,0.105354,0.116419,2220.89,1983.1,4361.6,train
Ihx2s18gICM_0.wav,22050,5.433,119808,0.061137,0.10865,1501.63,1072.06,2661.5,train
FMUHlNGbNws_30.wav,22050,10.0,220500,0.018083,0.187158,2055.07,1034.13,3014.75,train
frIPlSMlwhk_500.wav,22050,10.0,220500,0.19354,0.151986,2915.0,2669.83,5657.56,train
eDgqSo8I1rA_90.wav,22050,10.0,220500,0.100653,0.071795,1496.19,1590.86,2787.5,train
L6Q1p1lUPGg_18.wav,22050,9.011,198700,0.093396,0.08529,1139.2,846.99,1993.54,train
31-14gSFozk_7.wav,22050,9.951,219410,0.100355,0.156709,2039.59,1595.18,4123.98,train
9tFFcx5NyVw_110.wav,22050,10.0,220500,0.097279,0.090337,1687.15,1704.32,3179.99,train
B17FU9g7Y8g_0.wav,22050,10.0,220500,0.013716,0.134983,2490.96,2257.93,4572.41,train
Xqe85d4HkaM_180.wav,22050,10.0,220500,0.003076,0.373537,4486.4,2903.06,7778.61,train
4rSzwCOKytw_30.wav,22050,10.0,220500,0.146042,0.254738,3364.74,2596.73,6376.98,train
A2rDPeYVH3M_420.wav,22050,10.0,220500,0.057423,0.238584,3478.57,2637.67,6554.99,train
4PKW7SUBEqE_5.wav,22050,9.373,206678,0.003139,0.112772,2312.15,2533.84,5050.23,train
CwpKih1Bzmk_30.wav,22050,10.0,220500,0.041822,0.09569,2049.03,2354.27,4329.62,train
lvAbgnYr6RE_50.wav,22050,10.0,220500,0.090558,0.088489,1565.87,1706.08,2549.94,train
AwPF9__QRIE_290.wav,22050,10.0,220500,0.004531,0.091437,1807.81,1998.66,4042.67,train
exfCTzLRdms_30.wav,22050,10.0,220500,0.143399,0.337515,4200.03,2651.03,7415.99,train
bMv0nXMH4vw_19.wav,22050,9.096,200570,0.253528,0.022448,1010.06,1643.5,2094.57,train
hqLHfHBv1wQ_200.wav,22050,10.0,220500,0.11064,0.183402,3092.25,2637.2,6039.26,train
sSWi1OnULw8_2.wav,22050,9.837,216908,0.334807,0.436979,5049.61,2853.66,8172.31,train
8d0bRkCaA6w_10.wav,22050,10.0,220500,0.163068,0.134423,2560.55,2378.3,5155.43,train
QVUFwUSSqw4_570.wav,22050,10.0,220500,0.101028,0.500893,5598.66,2435.29,8154.91,train
XZlTA0Djv3A_40.wav,22050,10.0,220500,0.123645,0.219816,3120.19,2259.03,5488.14,train
_DYMl6_XsPw_40.wav,22050,10.0,220500,0.030219,0.15127,2605.73,2378.18,5279.13,train
rbL_yCN7Pmk_0.wav,22050,10.0,220500,0.151284,0.138795,2759.06,2567.29,5826.88,train
Ntt-0gf7k-k_10.wav,22050,10.0,220500,0.067584,0.081362,1300.39,1296.23,2662.97,train
JREzMFZcnac_0.wav,22050,10.0,220500,0.129961,0.183469,2535.59,1627.43,4392.25,train
eY_KPv75Qbs_180.wav,22050,10.0,220500,0.160442,0.067274,958.11,837.41,1910.86,train
-tWfnMjFG1Q_30.wav,22050,10.0,220500,0.012942,0.168711,2532.77,2086.74,4843.35,train
skFW9VrfDu4_40.wav,22050,10.0,220500,0.127709,0.127513,2516.49,2336.37,5049.96,train
2HCTelGQ5LU_30.wav,22050,10.0,220500,0.035708,0.165514,3296.21,3228.12,7523.71,train
95_2dx_W7d4_2.wav,22050,9.048,199500,0.333785,0.10285,2276.39,2239.96,4705.92,train
RqP4iHXFomU_170.wav,22050,10.0,220500,0.144325,0.099464,1929.07,2160.59,3447.89,train
kbg1_7ekUMA_10.wav,22050,10.0,220500,0.277701,0.099153,1939.11,1976.91,3605.26,train
xbMvJryk2X4_40.wav,22050,10.0,220500,0.019947,0.183233,2870.89,2104.08,5019.28,train
gfPqbKmxaHE_10.wav,22050,10.0,220500,0.105233,0.089579,2311.01,2430.21,4934.53,train
4GGGfSTr39I_30.wav,22050,10.0,220500,0.122967,0.127247,2269.45,2173.01,4515.6,train
LtZanOc2Ies_30.wav,22050,10.0,220500,0.00919,0.186451,3343.33,2965.67,7040.53,train
G72ER0DiEis_420.wav,22050,10.0,220500,0.183847,0.101995,2597.02,2745.04,5927.0,train
H5VWu00tKUg_130.wav,22050,10.0,220500,0.180852,0.13621,2638.98,2317.88,5085.93,train
Hbk5vimj_L8_2.wav,22050,9.192,202684,0.30467,0.053881,1225.52,1646.87,2155.5,train
1tfY9zeeaDw_30.wav,22050,10.0,220500,0.03003,0.078302,1494.0,1675.31,2728.4,train
o14ElXjBcCs_100.wav,22050,10.0,220500,0.026616,0.293645,3412.13,1667.65,5271.49,train
WUenJqadfu0_350.wav,22050,10.0,220500,0.035536,0.223425,4398.8,2965.24,7590.68,train
DTBAHfJVisM_280.wav,22050,10.0,220500,0.150826,0.148561,2392.15,2107.04,4673.8,train
Q1CakhTAofU_280.wav,22050,10.0,220500,0.068301,0.09448,1733.15,1889.79,3302.5,train
iYPW4kzn8TA_0.wav,22050,10.0,220500,0.083077,0.166775,3431.65,3229.48,7720.68,train
IFKCCg4HVbg_30.wav,22050,10.0,220500,0.154279,0.029793,852.11,1369.06,1394.94,train
KXu1oZzhwmI_30.wav,22050,10.0,220500,0.018268,0.149219,2977.65,2762.51,6190.7,train
YKGNc6lqLB8_480.wav,22050,10.0,220500,0.006792,0.140077,2826.91,2766.85,6121.25,train
lM0UPUW6hUs_10.wav,22050,10.0,220500,0.157573,0.049204,1551.32,1833.64,3323.66,train
JvOPZPXsios_40.wav,22050,10.0,220500,0.071657,0.06146,1290.5,1604.16,2788.72,train
-OVR2MCe1M4_30.wav,22050,10.0,220500,0.100917,0.046472,1221.14,1615.75,2341.77,train
s1DNxf7PzGM_80.wav,22050,10.0,220500,0.143615,0.226679,3501.63,2806.27,6855.9,train
OVS20Fe9tfE_12.wav,22050,9.042,199368,0.002819,0.126169,3052.85,3410.29,8149.52,train
fCKluqkR4Gs_130.wav,22050,10.0,220500,0.098996,0.375553,4756.69,3051.52,8432.42,train
0iA15vB9z1I_30.wav,22050,10.0,220500,0.254186,0.12426,2747.45,2703.95,5557.07,train
-kc9G-8a9do_30.wav,22050,10.0,220500,0.512711,0.15921,2536.65,1990.78,4713.45,train
XNAT8JrlUuU_30.wav,22050,10.0,220500,0.159651,0.077569,1242.18,973.57,2394.61,train
KXMjlepwQhY_0.wav,22050,10.0,220500,0.053816,0.077202,1774.04,1945.85,4227.88,train
hbQeSVHIpbg_0.wav,22050,10.0,220500,0.116489,0.146642,2680.94,2315.96,5337.64,train
hcI8rwJX04w_21.wav,22050,9.348,206134,0.088544,0.161992,2726.59,2195.49,5033.21,train
moyH6HVbzLs_20.wav,22050,10.0,220500,0.002831,0.162522,2862.96,2668.9,5792.71,train
CxmxUIGaH30_30.wav,22050,10.0,220500,0.053171,0.126452,2383.07,2278.47,4765.81,train
A0MPKKrCA-0_230.wav,22050,10.0,220500,0.44043,0.071346,1888.02,2401.59,4142.99,train
Ld7RJfisXN4_30.wav,22050,10.0,220500,0.15692,0.038732,1176.33,1794.92,2462.48,train
DCvjwmQBaQM_30.wav,22050,10.0,220500,0.619373,0.035,989.66,1498.82,1878.16,train
TDjI3RgwUPI_30.wav,22050,10.0,220500,0.187654,0.058047,1348.12,1819.95,2912.85,train
DGooKeXsB-A_0.wav,22050,6.362,140288,0.019746,0.001026,1277.44,2133.91,3602.58,train
9MYOFz7-POg_30.wav,22050,10.0,220500,0.042881,0.082245,1925.87,2171.09,3960.46,train
dYDSWIteW-0_70.wav,22050,10.0,220500,0.045238,0.115793,2213.06,2359.86,4667.48,train
M78Wu2cnQPk_130.wav,22050,10.0,220500,0.098584,0.061131,1755.24,2380.25,3759.87,train
MzC5U8-rAZQ_90.wav,22050,10.0,220500,0.33629,0.312961,4670.79,3271.08,8764.84,train
VDcszusEdnE_210.wav,22050,10.0,220500,0.014088,0.285788,4032.28,3010.84,7536.95,train
wHlBSb6a9c0_0.wav,22050,10.0,220500,0.003241,0.168667,3288.57,3093.3,7313.0,train
Gkz6JkWvv9A_70.wav,22050,10.0,220500,0.16295,0.085473,1924.86,2337.63,3787.07,train
CpsX5ymIuTQ_0.wav,22050,10.0,220500,0.073211,0.062416,1304.25,1505.75,2787.7,train
LmOoZBPpu8Y_340.wav,22050,10.0,220500,0.038787,0.081856,1981.25,2443.35,4437.06,train
BMTiww7G55M_30.wav,22050,10.0,220500,0.087021,0.100444,1893.04,1897.23,3562.75,train
CPFBNAZivJg_30.wav,22050,10.0,220500,0.061472,0.381203,4548.92,2579.19,7453.56,train
GfzkP_9NbtM_210.wav,22050,10.0,220500,0.230431,0.098397,2212.12,2342.55,4542.43,train
3FFWOYmRxEw_40.wav,22050,10.0,220500,0.048047,0.066253,2771.39,2967.85,6204.16,train
1dN4Sdl-ZN8_110.wav,22050,10.0,220500,0.061244,0.22396,2205.45,1160.6,3382.44,train
xS9oJcrLnDs_0.wav,22050,10.0,220500,0.042882,0.297214,3659.02,2609.78,6597.1,train
gCUAJzefblg_30.wav,22050,10.0,220500,0.147723,0.146496,2326.6,1987.39,3923.79,train
ns5YgNHglH4_20.wav,22050,10.0,220500,0.148107,0.116418,1417.15,788.97,2119.07,train
x_Gja1NG2II_30.wav,22050,10.0,220500,0.24198,0.089778,1609.37,2060.16,3249.79,train
TpYE-14ynXk_20.wav,22050,10.0,220500,0.069742,0.14751,2448.45,2153.87,4304.57,train
eEzQPxLOl_Y_210.wav,22050,10.0,220500,0.127496,0.128944,2756.91,2706.89,6089.72,train
zrWuUrzPYr8_18.wav,22050,10.0,220500,0.076595,0.107483,1805.6,1779.84,3248.27,train
VAQVpEmla-w_20.wav,22050,10.0,220500,0.106836,0.095071,1212.57,1046.15,2403.5,train
-_99pGKM8uQ_30.wav,22050,10.0,220500,0.056791,0.13413,2421.1,2397.24,5095.95,train
l4qPHeIyof0_120.wav,22050,10.0,220500,0.116762,0.053616,1269.73,1764.47,2148.35,train
0c_zFIRXgok_28.wav,22050,9.774,215512,0.085755,0.084835,1650.17,1924.83,3250.85,train
MvhADcYmLyY_30.wav,22050,10.0,220500,0.06077,0.103781,2035.27,2068.16,3986.49,train
ehmSRnri3T0_30.wav,22050,10.0,220500,0.093082,0.182606,2743.55,2484.69,5913.76,train
xoIJFqxONr0_20.wav,22050,10.0,220500,0.113751,0.171269,2456.26,1615.93,4521.75,train
K2mfwJcZGyo_30.wav,22050,10.0,220500,0.010827,0.106911,2054.17,2395.29,4475.13,train
HO05fCdPVq0_10.wav,22050,10.0,220500,0.024964,0.213979,3473.64,2993.89,7098.69,train
8Tar8m7wZC8_30.wav,22050,10.0,220500,0.089176,0.161706,2839.96,2424.11,5562.31,train
jPkwphjSGVQ_180.wav,22050,10.0,220500,0.05477,0.078478,1071.52,1034.88,2266.63,train
ImVecnkN9FU_0.wav,22050,10.0,220500,0.026433,0.146379,2444.56,2097.23,4402.99,train
xPAyCBp4bwY_30.wav,22050,10.0,220500,0.096852,0.04079,1575.13,2134.5,3575.61,train
3O36_T_sNzA_200.wav,22050,10.0,220500,0.267974,0.08718,1570.36,1853.21,2569.02,train
Y-Q76Z4b6R0_30.wav,22050,10.0,220500,0.116201,0.171418,2144.26,1356.22,3623.55,train
LPKUN1XzQaA_80.wav,22050,10.0,220500,0.07961,0.127224,2123.06,1990.6,4238.87,train
ORIAvCvJpXM_30.wav,22050,10.0,220500,0.158861,0.143005,2923.24,2914.28,6585.44,train
CSNoAXwk_OU_90.wav,22050,10.0,220500,0.045206,0.197876,3226.61,2712.61,6492.94,train
CtURGPd5kOk_420.wav,22050,10.0,220500,0.013312,0.009959,1145.59,1756.62,2389.31,train
ZVLVPu_XSUo_90.wav,22050,10.0,220500,0.143947,0.062701,1563.4,1740.74,3614.13,train
D6Hbp1Z_VSM_30.wav,22050,10.0,220500,0.4643,0.020883,682.9,1497.15,784.54,train
p-YyiCS-ozU_90.wav,22050,10.0,220500,0.010515,0.26926,4021.76,3077.37,7403.1,train
29EYdomusx4_10.wav,22050,10.0,220500,0.047322,0.148215,2825.91,2632.87,5879.19,train
6pHuJpIFu4g_30.wav,22050,10.0,220500,0.034882,0.078442,1235.05,1154.58,2167.08,train
BbKfdUpR_1k_250.wav,22050,10.0,220500,0.041643,0.089119,1330.2,1132.01,2585.88,train
FbkRnLYap8o_0.wav,22050,10.0,220500,0.155198,0.211911,2618.39,2022.76,5149.68,train
31lPrQ0t3pQ_30.wav,22050,10.0,220500,0.017701,0.076447,1105.43,1067.97,2294.91,train
oI2NmZ08zy8_30.wav,22050,10.0,220500,0.203925,0.087158,1655.39,1704.55,3015.25,train
t9GdjBv-yOo_30.wav,22050,10.0,220500,0.012913,0.189866,3113.49,2779.43,6414.77,train
T5txllzWQ50_70.wav,22050,10.0,220500,0.01028,0.197902,3295.77,2892.1,6965.82,train
3jzMzHwLLYg_110.wav,22050,10.0,220500,0.011259,0.160532,2875.47,2823.11,6196.79,train
Frw6t2jQiuE_120.wav,22050,10.0,220500,0.113567,0.141654,2331.58,1972.59,4248.74,train
4GsYUNe0bFM_29.wav,22050,9.238,203702,0.082469,0.173144,3176.37,2767.51,6214.79,train
gjPYpfvlYTU_20.wav,22050,10.0,220500,0.172668,0.138041,2592.33,2497.88,5866.15,train
2EkhC1fUi9k_10.wav,22050,10.0,220500,0.179178,0.110361,2195.33,2315.06,4239.49,train
VBoRX4zO85A_30.wav,22050,10.0,220500,0.022809,0.039384,961.41,1583.26,1559.43,train
9GcZkfKtVXE_20.wav,22050,10.0,220500,0.057375,0.107548,1579.41,1476.37,3235.85,train
nTJLAKHSx30_40.wav,22050,10.0,220500,0.002669,0.18215,3004.03,2872.97,7059.97,train
3-6XZqYwzow_1.wav,22050,9.17,202206,0.105991,0.147445,2096.1,1815.32,3568.16,train
hlbRR5P-Lwc_110.wav,22050,10.0,220500,0.086443,0.130848,2499.69,2189.62,4823.56,train
-Zx0UBTa4Mc_15.wav,22050,9.613,211970,0.03401,0.041896,1161.53,1720.12,2252.19,train
tulkE5COFLI_0.wav,22050,3.808,83968,0.070825,0.058532,1096.42,1011.25,2043.83,train
79RYHrO99Ns_30.wav,22050,10.0,220500,0.201755,0.103806,1933.56,1905.51,3867.18,train
dkwLpvjRySM_0.wav,22050,10.0,220500,0.037719,0.121456,2914.22,2736.43,6058.7,train
t9v9Yf1fqec_520.wav,22050,10.0,220500,0.215564,0.086506,2058.29,2254.34,4344.11,train
fOAsrfN4uZM_170.wav,22050,10.0,220500,0.159777,0.113248,2152.02,2017.82,4043.75,train
ppTZg_cBx9w_60.wav,22050,10.0,220500,0.142266,0.153478,2788.33,2734.49,5841.92,train
njcPIGwx8Hc_10.wav,22050,10.0,220500,0.128834,0.122386,2514.52,2522.74,5289.25,train
EymHF86qVMk_170.wav,22050,10.0,220500,0.101558,0.029628,862.45,1259.44,1935.99,train
aVWv71a17eU_0.wav,22050,6.984,154000,0.104007,0.195637,3074.46,2300.4,5421.22,train
5I0F6L_TLXU_30.wav,22050,10.0,220500,0.018535,0.192805,3229.61,2890.58,6905.34,train
FTUx16VdZ7g_11.wav,22050,9.062,199818,0.259652,0.103393,1345.22,1085.32,2358.08,train
sd2Ae7Ln0hw_0.wav,22050,7.105,156672,0.036811,0.110051,2851.94,2781.43,5939.59,train
3rgIFFCjrJ4_23.wav,22050,9.573,211074,0.106151,0.222325,3504.8,2539.76,6327.76,train
Li4WOuZ6tpg_30.wav,22050,10.0,220500,0.143825,0.141095,2208.23,1926.14,3946.5,train
98kk_5VMkKk_0.wav,22050,5.457,120320,0.209889,0.07749,1830.2,2068.54,3714.48,train
2OQulv91-v8_70.wav,22050,10.0,220500,0.141573,0.14122,2961.71,2686.77,6135.84,train
CNHSWKOACOc_30.wav,22050,10.0,220500,0.119776,0.245491,3580.01,2580.95,6456.74,train
2p2qSvL7-hg_30.wav,22050,10.0,220500,0.04892,0.127389,2148.25,1844.34,3816.77,train
j91CdcAfloA_30.wav,22050,10.0,220500,0.159327,0.043633,1234.99,1873.07,2400.88,train
wo6M8gIBEnI_60.wav,22050,10.0,220500,0.079865,0.218436,3025.63,2400.65,5505.93,train
RGxGn-VGW5s_290.wav,22050,10.0,220500,0.450013,0.125113,2908.72,2655.63,6281.38,train
PUklJ_YM2nY_230.wav,22050,10.0,220500,0.118612,0.280437,3925.29,2799.77,7193.24,train
oIfiMJN1aCQ_0.wav,22050,10.0,220500,0.065635,0.106483,1265.35,843.26,2166.61,train
5pJygZzJBMM_400.wav,22050,10.0,220500,0.046463,0.313914,3809.42,2238.09,6282.97,train
ynN5VY1ntqk_30.wav,22050,10.0,220500,0.250655,0.012353,642.39,1313.01,1229.94,train
3ZpY12v0r-Q_15.wav,22050,9.945,219282,0.166497,0.095376,1506.12,1316.43,2923.57,train
pyQxjQf2ZXM_260.wav,22050,10.0,220500,0.010994,0.292247,3947.33,2862.17,7226.24,train
Xt1VvqVH42M_120.wav,22050,10.0,220500,0.018304,0.118963,2505.85,2733.82,5676.92,train
787efDWRVyE_40.wav,22050,10.0,220500,0.079427,0.054843,1377.71,1660.06,3280.29,train
uvOEDtoLios_210.wav,22050,10.0,220500,0.112592,0.101337,1598.81,1431.01,3243.62,train
4-U3FnJoHww_210.wav,22050,10.0,220500,0.07166,0.153653,2701.72,2489.82,5402.99,train
zxNDBXs15ho_30.wav,22050,10.0,220500,0.020847,0.231833,2526.38,1608.91,3379.44,train
T5N-Andi1Cc_300.wav,22050,10.0,220500,0.070267,0.099745,2094.46,2323.26,4244.34,train
JeO_WCBBHpI_40.wav,22050,10.0,220500,0.150116,0.131519,1619.5,1353.65,3153.37,train
_NeqFFZCzEg_30.wav,22050,10.0,220500,0.0258,0.33462,4112.1,2749.77,7207.43,train
INCk4Bd2msc_0.wav,22050,10.0,220500,0.032291,0.398291,4767.36,2729.06,8022.44,train
LMu6PB-FTKA_410.wav,22050,10.0,220500,0.090124,0.141907,2344.37,2016.47,4256.06,train
htus1xdT-T0_30.wav,22050,10.0,220500,0.026821,0.212368,3644.05,2806.81,7015.23,train
ynfZTOyg9_Q_0.wav,22050,10.0,220500,0.118848,0.102579,1479.21,1255.69,2671.59,train
8DXRIbrjHsk_26.wav,22050,9.48,209036,0.063504,0.091596,1560.78,1272.85,3000.54,train
JfPYkHJz6CI_490.wav,22050,10.0,220500,0.045924,0.431692,4538.02,1688.22,6188.02,train
7yoTaRJV5Zg_280.wav,22050,10.0,220500,0.017732,0.181312,3147.42,2387.96,5803.6,train
rpUxdsTkmk8_15.wav,22050,9.776,215554,0.083391,0.18257,2777.9,2395.87,5115.41,train
RAf21ZcJJKE_170.wav,22050,10.0,220500,0.090632,0.192993,2457.47,1392.72,3961.26,train
VIwADgVIWcg_30.wav,22050,10.0,220500,0.036203,0.122262,2801.36,2809.71,5922.63,train
-rsuD0JXLRk_30.wav,22050,10.0,220500,0.092102,0.207799,3253.21,2335.48,5519.99,train
Kl2Sgw2JS60_0.wav,22050,10.0,220500,0.136265,0.071351,1877.03,2379.48,4212.69,train
lDzoVdFNUUw_90.wav,22050,10.0,220500,0.248162,0.541431,6465.58,1994.74,8584.55,train
g1PhzpkA-4E_110.wav,22050,10.0,220500,0.01745,0.102533,2064.42,2171.61,4127.48,train
H0c79OVjzkA_30.wav,22050,10.0,220500,0.080937,0.043243,1030.97,1640.51,1711.81,train
TfXllMOhT2Q_30.wav,22050,10.0,220500,0.144203,0.181036,2818.35,2325.56,5268.14,train
oiRoXof4Gqk_350.wav,22050,10.0,220500,0.018513,0.461578,4962.91,2155.84,6984.5,train
j24DhYp85O8_360.wav,22050,10.0,220500,0.101488,0.049199,1690.78,2192.5,3522.3,train
B-N2wFVc3JU_320.wav,22050,10.0,220500,0.130316,0.206671,3532.23,2986.48,7355.39,train
F92zhHT6-F4_30.wav,22050,10.0,220500,0.083157,0.062773,1301.2,1276.4,2602.54,train
pknW00B7c9w_0.wav,22050,9.567,210944,0.035822,0.049658,885.99,1085.18,1485.35,train
jOvniWxCPC0_30.wav,22050,10.0,220500,0.091731,0.252267,3648.74,2663.44,6548.29,train
Cq_gDWNXs48_30.wav,22050,10.0,220500,0.090461,0.056538,1956.49,2740.04,4859.18,train
EXgy3iHA45Q_20.wav,22050,10.0,220500,0.313591,0.161097,3257.14,2927.95,7010.58,train
YEYkpTZQpJ4_20.wav,22050,10.0,220500,0.123835,0.04351,860.23,1044.54,1625.86,train
z8EEdXB-Kns_10.wav,22050,10.0,220500,0.02043,0.224247,3781.19,3288.49,8056.74,train
3y6RUJrI0j8_30.wav,22050,10.0,220500,0.134172,0.112258,2721.88,2550.89,5443.43,train
7F4nlvdv9dU_20.wav,22050,9.582,211288,0.067954,0.120493,2305.34,2289.63,4626.9,train
WDdbKZ49atw_10.wav,22050,10.0,220500,0.023028,0.22781,3535.74,2900.95,7249.69,train
aKQX_tqZKl8_30.wav,22050,10.0,220500,0.007239,0.006109,2723.62,3227.65,7044.36,train
0hhMx1pf-Fk_30.wav,22050,10.0,220500,0.053873,0.116501,2114.81,2111.97,4188.78,train
Tdecnsd1MYU_30.wav,22050,10.0,220500,0.325077,0.079594,1521.74,1650.16,2702.27,train
tq2gPzeGO2w_70.wav,22050,10.0,220500,0.156314,0.108957,2192.55,2202.0,4317.71,train
I8-lSo-VpUA_11.wav,22050,9.782,215690,0.126891,0.142256,2591.63,2409.78,5241.01,train
7XV6E23RNPA_9.wav,22050,10.0,220500,0.159513,0.163472,1845.93,1227.23,2994.06,train
tjMvXr111pU_0.wav,22050,10.0,220500,0.008358,0.12138,2528.03,2607.33,5460.87,train
02mArgTlix4_30.wav,22050,10.0,220500,0.23559,0.10754,2276.84,2406.45,4687.37,train
EXcydOjALkI_30.wav,22050,10.0,220500,0.202187,0.203949,3015.89,2511.43,6203.06,train
py1ixT4cWCs_0.wav,22050,10.0,220500,0.035863,0.092366,1740.93,2021.45,3201.33,train
U01qq2JkMdk_240.wav,22050,10.0,220500,0.001604,0.16307,3987.77,3106.49,7694.42,train
QYojjw5hqtg_30.wav,22050,10.0,220500,0.013217,0.17406,2653.98,2345.41,5133.6,train
IVN7ANLN6F0_80.wav,22050,10.0,220500,0.112793,0.180252,2943.21,2548.11,5798.43,train
XemiF-ZbWh8_30.wav,22050,10.0,220500,0.141907,0.134472,2435.53,2259.02,4886.21,train
-l9El7IZpZs_220.wav,22050,10.0,220500,0.021747,0.118877,2140.98,2058.76,4082.34,train
c2aY67AUJYQ_6.wav,22050,9.627,212276,0.017738,0.234309,3446.16,2805.15,6765.42,train
wHO25UHP3yA_30.wav,22050,10.0,220500,0.145489,0.117804,2535.71,2748.76,5578.32,train
Mv3gKW8U0dY_80.wav,22050,10.0,220500,0.178382,0.09552,1300.47,976.6,2404.7,train
4BK-071pAfI_30.wav,22050,10.0,220500,0.071583,0.132044,1605.79,806.45,2208.95,train
PKpE4bjfbbg_0.wav,22050,6.757,148992,0.058242,0.215006,3328.8,2526.71,6247.65,train
EvXMrOWUScY_30.wav,22050,10.0,220500,0.013688,0.130244,3909.05,3362.27,8241.65,train
mFr1htpAxqI_280.wav,22050,10.0,220500,0.028321,0.334566,3651.05,2301.97,6314.1,train
4IZiB3kyaDo_30.wav,22050,10.0,220500,0.01672,0.159245,2377.13,1980.24,4757.54,train
3QZH1-zE2Fs_6.wav,22050,9.209,203060,0.037946,0.092045,2603.97,2980.37,6627.81,train
KljG7fta0aE_30.wav,22050,10.0,220500,0.053106,0.111799,2655.74,2765.09,6024.28,train
OOP0W7Tevqk_70.wav,22050,10.0,220500,0.030595,0.130565,2489.8,2494.48,5273.41,train
7CZAOlWgbfM_0.wav,22050,10.0,220500,0.045726,0.22019,3007.89,2339.49,5894.6,train
nw_IDvC4iS8_0.wav,22050,10.0,220500,0.017714,0.177282,2873.06,2367.96,5413.08,train
ZthuxDaoLIo_210.wav,22050,10.0,220500,0.019647,0.188662,2008.52,1546.84,3862.86,train
g5Ea1ge_G6w_20.wav,22050,10.0,220500,0.088115,0.22427,3346.7,2561.66,6162.84,train
TxArSwS-T2E_0.wav,22050,10.0,220500,0.045052,0.106269,1662.53,1230.57,2858.97,train
ln_UfjGE5a8_40.wav,22050,9.79,215872,0.02851,0.259368,3670.96,2743.59,6928.36,train
yp5Oj2JX264_150.wav,22050,10.0,220500,0.040714,0.192949,3248.52,2837.54,6908.71,train
6-aWQO7M2TE_70.wav,22050,10.0,220500,0.018301,0.110826,1838.91,1831.4,3629.34,train
i3oRcDjvov4_450.wav,22050,10.0,220500,0.185631,0.139493,2551.13,2585.57,5985.33,train
iBepLnJioYs_30.wav,22050,10.0,220500,0.157769,0.402072,4662.37,2946.7,7920.7,train
mfBpj8jIEDM_40.wav,22050,10.0,220500,0.017155,0.159692,2664.9,2369.5,5117.48,train
WWAHmidK_fs_15.wav,22050,9.915,218626,0.074416,0.252798,3937.43,3091.71,7898.33,train
Tr21sZJKpjw_60.wav,22050,10.0,220500,0.017928,0.181582,2856.97,2187.65,5440.08,train
u73488Zpx5U_0.wav,22050,10.0,220500,0.030875,0.109,2364.15,2499.2,5104.64,train
z5ZVVRB0_-c_60.wav,22050,10.0,220500,0.023157,0.238474,3089.44,2226.91,5884.11,train
-r4S9B_w-B8_110.wav,22050,10.0,220500,0.222813,0.048735,1134.34,1372.22,2113.28,train
QyFCeRMsyE4_20.wav,22050,10.0,220500,0.004428,0.23452,3055.2,2703.44,6202.59,train
wbrbCcNxRf4_30.wav,22050,10.0,220500,0.022314,0.139792,1767.35,1321.35,2196.26,train
y7ewcjOiCGI_20.wav,22050,10.0,220500,0.117077,0.144706,1747.65,1138.77,2961.29,train
yXAMeYgjwpI_20.wav,22050,10.0,220500,0.093867,0.137067,2756.46,2734.4,6085.73,train
ehzdvjXREiY_60.wav,22050,10.0,220500,0.127884,0.085985,1588.13,1519.81,2772.66,train
XOu976JdMX8_30.wav,22050,10.0,220500,0.097939,0.189099,3068.16,2631.18,6313.75,train
70nlZpcAIKo_10.wav,22050,10.0,220500,0.050582,0.136727,1387.74,1127.12,2711.04,train
wLzzCYt9I64_40.wav,22050,10.0,220500,0.215885,0.086762,1965.79,2135.91,4155.11,train
pspl5KAsrVk_250.wav,22050,10.0,220500,0.454215,0.110229,1513.34,1397.45,3034.58,train
SbJUkxRlaT0_100.wav,22050,10.0,220500,0.013586,0.208192,3250.43,2712.44,6354.97,train
23MER4exl90_30.wav,22050,10.0,220500,0.422857,0.066398,1576.35,1920.85,3234.23,train
hK-aeqdvCe4_140.wav,22050,10.0,220500,0.135303,0.322041,4362.17,3348.88,8730.07,train
J-WzpvdtE9Q_90.wav,22050,10.0,220500,0.030635,0.25653,3735.34,2785.07,7188.22,train
6VH7PWyMRIY_180.wav,22050,10.0,220500,0.047694,0.017618,667.07,1512.23,899.8,train
MlEnRrod-L8_480.wav,22050,10.0,220500,0.021337,0.123072,2424.02,2593.87,5118.48,train
0MQ4dQ5TkOk_7.wav,22050,9.463,208658,0.012612,0.153416,2336.14,1998.09,4610.64,train
3TGX-M_s1iw_30.wav,22050,10.0,220500,0.053433,0.06179,1965.54,2695.83,5182.01,train
b65odNpaeeg_90.wav,22050,10.0,220500,0.218117,0.043812,1441.93,2116.68,2978.53,train
2euGVQtyFUg_30.wav,22050,10.0,220500,0.140141,0.025408,756.14,1136.71,1585.94,train
ueRn_BrWWe4_19.wav,22050,9.746,214906,0.079685,0.110527,2097.15,2213.85,4222.28,train
kpAbL1xuOE8_0.wav,22050,10.0,220500,0.048685,0.3902,4393.54,2667.75,7315.44,train
PFYkO4MymF8_60.wav,22050,10.0,220500,0.104064,0.10542,1717.7,1735.53,2612.44,train
sw-PBFbcETg_50.wav,22050,10.0,220500,0.015843,0.060124,1547.3,2224.9,3252.11,train
wGPpkTFLw_A_0.wav,22050,10.0,220500,0.080773,0.340688,4203.73,2727.36,7408.45,train
_OyQPHC5_N4_30.wav,22050,10.0,220500,0.013077,0.158052,2032.35,1543.24,4013.69,train
_2bt1VuGLNg_21.wav,22050,9.332,205766,0.002921,0.087056,1993.78,2327.56,4068.17,train
4_LT4DvpusY_30.wav,22050,10.0,220500,0.128431,0.053334,1136.77,1416.76,2141.53,train
b9nJVNtOciI_50.wav,22050,10.0,220500,0.055263,0.10919,2169.16,2415.47,4614.25,train
ItOOgJm6uRk_30.wav,22050,10.0,220500,0.065338,0.098067,1744.35,1849.74,2982.9,train
0WU3u_Y70_k_30.wav,22050,10.0,220500,0.036146,0.196741,3137.51,2623.69,6288.19,train
u1d9ApxgckA_40.wav,22050,10.0,220500,0.056824,0.229068,2996.78,2173.19,5323.52,train
yje_EiXHqmE_30.wav,22050,10.0,220500,0.02154,0.162444,3077.73,2866.54,6484.34,train
7jrnUOBxxWo_10.wav,22050,10.0,220500,0.030667,0.101858,2253.79,2510.99,5184.83,train
Wg9zt0Af5gs_6.wav,22050,9.813,216372,0.010819,0.525048,5758.34,2764.47,9002.33,train
dIhSM7X1Wv8_0.wav,22050,10.0,220500,0.209073,0.213838,2939.74,2132.33,5158.03,train
L_BB4LEq2cc_330.wav,22050,10.0,220500,0.041621,0.229318,2800.63,1497.1,4554.2,train
hw939I1zP24_30.wav,22050,10.0,220500,0.149561,0.14306,2374.73,2093.85,4217.39,train
pOeuUNhe5u8_130.wav,22050,9.9,218300,0.018536,0.227338,3634.79,2586.34,6554.29,train
U-XqqqvohiI_30.wav,22050,10.0,220500,0.093923,0.038216,774.84,865.97,1614.34,train
dmyqQJWL5KA_30.wav,22050,10.0,220500,0.166384,0.089336,1946.93,2000.31,3488.65,train
rAkHdcs1nVY_0.wav,22050,2.375,52368,0.047472,0.106388,2558.11,2036.4,4865.56,train
F3e8TjCxAMA_30.wav,22050,10.0,220500,0.068329,0.17755,1948.52,787.85,2651.11,train
3uvRVGgRBBU_150.wav,22050,10.0,220500,0.022301,0.122979,2493.14,2411.71,4977.07,train
_ZTCOcx7TrU_80.wav,22050,10.0,220500,0.273217,0.034368,1028.08,1441.94,1942.91,train
dvNEs6jUB3A_20.wav,22050,10.0,220500,0.017452,0.266246,3722.12,2679.41,7123.94,train
paejeHTAuZ4_30.wav,22050,10.0,220500,0.030317,0.343505,4529.66,3228.84,8055.04,train
mf9cIkDSbvc_0.wav,22050,10.0,220500,0.01516,0.188469,2046.28,1034.86,3264.43,train
dVvuFTnw_WY_30.wav,22050,10.0,220500,0.077928,0.064622,1354.38,1648.01,2427.38,train
DEoqUpr_SKE_24.wav,22050,9.07,199984,0.050139,0.084652,2026.5,2549.73,4268.64,train
JHxFlpU4aZg_100.wav,22050,10.0,220500,0.057983,0.303435,4128.65,2878.94,7498.43,train
87fVdhr0khI_0.wav,22050,5.201,114688,0.128414,0.109054,2647.45,2499.25,6169.26,train
o6b2gW2IK-s_20.wav,22050,10.0,220500,0.097725,0.166491,2760.17,2357.73,5256.0,train
DclrqvGX3sY_110.wav,22050,10.0,220500,0.039023,0.094438,2476.02,2760.15,5610.9,train
zkslGsxPw7w_60.wav,22050,10.0,220500,0.047033,0.393494,4821.31,2651.68,7981.0,train
3y9LUPj488c_20.wav,22050,10.0,220500,0.130951,0.562434,5938.53,2621.64,8832.96,train
MlkqBjJebyo_30.wav,22050,10.0,220500,0.129526,0.265415,4076.87,3155.28,7953.45,train
RbaS2r6YnnM_30.wav,22050,10.0,220500,0.037893,0.177038,2545.43,2323.9,4498.34,train
fjfvuavTKAc_0.wav,22050,10.0,220500,0.090795,0.239942,2878.52,1909.71,5085.08,train
BH7cm4HdVEU_0.wav,22050,10.0,220500,0.29444,0.285941,2985.33,1287.76,4280.09,train
0loTD5XebiQ_20.wav,22050,10.0,220500,0.153831,0.107846,1735.95,1405.74,3351.66,train
WliPU903aJ0_40.wav,22050,10.0,220500,0.089345,0.110833,1667.09,1418.69,3283.59,train
_8XtWh-2fGA_170.wav,22050,10.0,220500,0.128081,0.185749,3270.49,2645.54,6118.2,train
GTwvmhfEerk_200.wav,22050,10.0,220500,0.206067,0.058993,1376.57,1832.51,2809.08,train
Ygf1nU1Y9ZY_200.wav,22050,10.0,220500,0.036491,0.475083,5493.61,2796.61,8681.85,train
3VuF88rXuzM_25.wav,22050,9.412,207534,0.023372,0.079405,1803.79,1980.24,3577.91,train
SB2Brb2qadM_340.wav,22050,10.0,220500,0.022228,0.299263,4409.63,2928.27,7919.07,train
Cm4aQ4lXgSw_20.wav,22050,10.0,220500,0.09723,0.223902,3128.67,2194.91,5029.9,train
TOJqtXsDAxc_30.wav,22050,10.0,220500,0.037471,0.127993,1699.07,1131.02,3124.34,train
0Ax39UPWoyY_100.wav,22050,10.0,220500,0.362032,0.176728,3089.79,2855.17,6554.79,train
iixJsQh9w0Q_30.wav,22050,9.33,205716,0.140437,0.376132,4870.89,2871.76,8041.02,train
BaO5aumEp9w_210.wav,22050,10.0,220500,0.115274,0.163844,1891.76,958.02,2867.31,train
RnwLvJlyWT0_30.wav,22050,10.0,220500,0.192868,0.155784,1977.64,1418.39,3078.97,train
C8Ltx_jcZZk_260.wav,22050,10.0,220500,0.076067,0.151253,2686.76,2445.74,5154.25,train
28F3r8Crd4I_30.wav,22050,10.0,220500,0.148724,0.152445,2600.08,2396.09,4839.3,train
3pB0kaEcJKM_30.wav,22050,10.0,220500,0.117521,0.203186,3121.07,2460.79,6266.76,train
hutT_SH8Zyg_380.wav,22050,10.0,220500,0.083635,0.371621,4810.16,2785.72,8177.8,train
TXgAt7IYfbw_0.wav,22050,10.0,220500,0.022449,0.127694,2223.89,2003.94,4513.15,train
sRjvfNvzrpw_0.wav,22050,10.0,220500,0.027713,0.146327,2323.7,2042.67,4211.66,train
aB1AxEhgkIo_1.wav,22050,9.077,200158,0.049418,0.114722,2301.26,2228.68,4139.72,train
7Ys4T1uVkow_50.wav,22050,10.0,220500,0.119524,0.092231,1723.05,1914.58,3218.36,train
Fe_a7cS9LKg_430.wav,22050,10.0,220500,0.036066,0.202266,3175.2,2618.5,6256.24,train
PZI-6TanL0A_100.wav,22050,10.0,220500,0.019832,0.190648,3187.84,2423.27,5742.02,train
mIxy99oprME_90.wav,22050,10.0,220500,0.025723,0.137955,1554.61,922.27,2336.45,train
7iN2DPB7LPs_0.wav,22050,5.269,116192,0.03177,0.090713,2342.73,2606.93,5105.79,train
uq9i7LEAmQ0_10.wav,22050,10.0,220500,0.011764,0.101133,1394.48,1153.29,2508.77,train
sZUWPC-DlDI_180.wav,22050,10.0,220500,0.073965,0.109076,2420.64,2611.39,5159.28,train
I5b73dA5588_10.wav,22050,10.0,220500,0.064643,0.212453,3255.04,2414.4,6098.72,train
FtCwOCYD7PA_30.wav,22050,10.0,220500,0.097079,0.071737,1008.06,794.66,1728.03,train
5Cmd2cV3h2w_20.wav,22050,9.496,209384,0.360887,0.044263,1413.56,1928.37,2858.28,train
8XMDXUxTDbI_30.wav,22050,10.0,220500,0.062569,0.195445,2344.6,1599.06,4327.8,train
1-uk4o25smI_0.wav,22050,10.0,220500,0.186347,0.119571,2136.83,2008.29,4120.81,train
XgxsdFVfK3c_330.wav,22050,10.0,220500,0.012916,0.224597,3385.12,2791.49,6944.23,train
2BMpFu8zKBQ_27.wav,22050,9.16,201978,0.137705,0.20299,3560.71,3161.82,7763.84,train
NFrLF-0ZEQw_0.wav,22050,10.0,220500,0.059614,0.124615,2279.99,2180.86,4356.75,train
6d33iMKV45w_30.wav,22050,10.0,220500,0.091817,0.055477,1721.09,2440.06,4186.36,train
aL1NhFQH3R8_30.wav,22050,10.0,220500,0.216326,0.119665,2474.45,2624.63,5016.49,train
eTqzRwMzk_U_30.wav,22050,10.0,220500,0.040661,0.050179,1310.27,1676.2,2722.08,train
VnnkoYSQKNw_510.wav,22050,10.0,220500,0.054519,0.13985,2483.56,2143.85,4595.39,train
77W8716C44A_30.wav,22050,10.0,220500,0.090011,0.089615,1424.66,1247.84,2315.97,train
U8tDJkjg4UA_10.wav,22050,10.0,220500,0.041113,0.367125,4641.66,3178.53,8984.27,train
jH_wKMLQVkA_0.wav,22050,10.0,220500,0.028881,0.423864,4543.69,2026.72,6066.79,train
mPRUTISUOsY_27.wav,22050,10.0,220500,0.039263,0.005865,1106.08,1201.28,2569.95,train
3AGas3ggAQ8_290.wav,22050,10.0,220500,0.016738,0.085021,1658.64,1961.04,2946.4,train
TgKaRt9t0xc_30.wav,22050,10.0,220500,0.13259,0.069328,2545.84,2889.81,6144.71,train
sBaHiU-VLS0_0.wav,22050,10.0,220500,0.096696,0.053408,2351.19,2723.82,5661.63,train
c04esUCjg08_30.wav,22050,10.0,220500,0.024078,0.207589,3111.94,2398.92,5598.73,train
NVHajsShuds_40.wav,22050,10.0,220500,0.037109,0.049234,1416.63,1980.51,2852.38,train
OaVBOjLVFi0_70.wav,22050,10.0,220500,0.063862,0.152064,1783.68,1083.1,2963.86,train
ctBa_luGZX8_30.wav,22050,10.0,220500,0.03115,0.187912,2433.55,1568.43,4229.0,train
Eg9MhSGd3z4_70.wav,22050,10.0,220500,0.232789,0.082939,1950.77,2198.5,4020.24,train
K6Py1oiiAC0_190.wav,22050,10.0,220500,0.039998,0.146663,2584.01,2468.01,5327.22,train
_9frrPyJgeY_150.wav,22050,10.0,220500,0.036409,0.126902,1958.57,1709.06,3547.36,train
FVJSP1MPIeg_30.wav,22050,10.0,220500,0.010186,0.0908,1928.39,2428.79,3973.9,train
jsTRJj-ySR4_30.wav,22050,10.0,220500,0.33245,0.108266,1929.49,1850.96,3205.67,train
nmm4wkDc-hk_30.wav,22050,10.0,220500,0.07023,0.03028,976.91,1322.27,2280.15,train
v3b98LuVPvM_30.wav,22050,10.0,220500,0.129027,0.197948,3020.29,2120.05,5360.54,train
lCKUF7Rk4Fs_50.wav,22050,10.0,220500,0.278114,0.070335,2171.48,2562.75,5148.03,train
vzybE-P91NU_30.wav,22050,10.0,220500,0.175366,0.08164,1518.21,1764.56,2769.07,train
hHcwwhv9C_I_30.wav,22050,10.0,220500,0.083155,0.202973,3166.56,2615.24,6039.81,train
fSjdFDvRf-A_40.wav,22050,10.0,220500,0.145133,0.194988,2298.77,1412.0,3886.42,train
4VaSjLV-GLs_0.wav,22050,7.391,162975,0.125809,0.229282,2466.15,1450.22,4045.44,train
32fyRJ09sVg_30.wav,22050,10.0,220500,0.087052,0.424273,5250.39,2901.38,8716.25,train
YP_56YosO80_30.wav,22050,10.0,220500,0.080265,0.013936,636.2,1059.83,1378.72,train
TuIQg2cJqAs_0.wav,22050,10.0,220500,0.058533,0.251519,3672.01,2734.83,6788.65,train
2nbbfIoayaE_10.wav,22050,10.0,220500,0.309536,0.036849,1323.65,1776.79,2647.88,train
nyXGNsgbqTM_50.wav,22050,10.0,220500,0.067484,0.101144,1343.9,1090.65,2536.7,train
BPrDw9IJ_U8_30.wav,22050,10.0,220500,0.030722,0.149238,2637.12,2513.77,5342.33,train
251YInaMmc4_0.wav,22050,7.988,176128,0.14192,0.120007,1411.17,793.37,2145.21,train
A6AbEq5FLIk_30.wav,22050,10.0,220500,0.035811,0.372713,4690.47,2940.02,8109.1,train
u8fFeOXXp68_30.wav,22050,10.0,220500,0.003554,0.030394,1907.68,2581.51,4322.7,train
8sZtN1zgPwA_130.wav,22050,10.0,220500,0.013054,0.157138,2285.7,2155.0,3542.04,train
SCBH3EV1Kyo_30.wav,22050,10.0,220500,0.088753,0.285788,3941.25,2751.27,7252.52,train
jeKTp29C1-k_180.wav,22050,10.0,220500,0.090249,0.255505,3456.56,2409.02,6112.66,train
F2wqz3TQKnc_30.wav,22050,10.0,220500,0.006292,0.183194,3470.42,3009.49,7131.64,train
S2qw6P2Dyss_2.wav,22050,9.292,204899,0.055794,0.113401,1712.88,1606.71,3775.61,train
eZtn0llBguU_30.wav,22050,10.0,220500,0.044792,0.080845,1960.37,2452.38,4227.7,train
dzxyyVy9G5Q_0.wav,22050,10.0,220500,0.160556,0.068554,1627.12,1990.68,3536.77,train
FsJ5H3iSXyg_60.wav,22050,10.0,220500,0.012852,0.221903,2333.93,1609.4,4250.93,train
6mfCey66k1A_160.wav,22050,10.0,220500,0.146445,0.177434,2878.5,2347.92,5549.75,train
cRGOZj0O6-c_30.wav,22050,10.0,220500,0.123921,0.060067,2068.85,2609.78,4987.08,train
05gOUwy8L2c_30.wav,22050,10.0,220500,0.031083,0.097984,1754.94,1754.6,3568.62,train
PLZrOykB4pU_30.wav,22050,10.0,220500,0.227561,0.203314,3746.74,2951.12,7501.2,train
4S3BErMMIXU_12.wav,22050,10.0,220500,0.334979,0.099122,1378.35,995.14,2443.87,train
1XZsdWN3zng_30.wav,22050,10.0,220500,0.033182,0.106915,2071.07,2300.39,4264.82,train
LEeocOjQ8b0_30.wav,22050,10.0,220500,0.075879,0.121129,2450.38,2250.13,5023.11,train
QvznjHU63rk_30.wav,22050,10.0,220500,0.261049,0.091312,1791.41,1799.97,3014.17,train
Bvqe-qNfTl8_30.wav,22050,10.0,220500,0.070985,0.093269,1198.36,867.71,2048.45,train
dmtl229QDdU_380.wav,22050,10.0,220500,0.109867,0.114124,1765.92,1633.23,3171.55,train
Z96pdkLdfd4_13.wav,22050,9.848,217158,0.007657,0.069499,1824.62,2370.57,3642.28,train
o3tv0U_M_S4_140.wav,22050,10.0,220500,0.100678,0.06891,1463.63,1630.53,2766.37,train
KvaEiP55pCI_8.wav,22050,9.786,215792,0.131234,0.072042,1766.1,2038.56,3450.82,train
c3OH0tyimYs_30.wav,22050,10.0,220500,0.066426,0.054811,1406.77,1934.04,2597.77,train
Jc57snCLugw_140.wav,22050,10.0,220500,0.213047,0.109702,1591.84,1521.98,2485.74,train
e4WQpMlpm4w_20.wav,22050,10.0,220500,0.087815,0.096361,2388.92,2729.21,5585.14,train
qzn1ihPf1H4_490.wav,22050,10.0,220500,0.094078,0.048837,1462.01,2079.18,3085.54,train
DgLRJXtIFmA_30.wav,22050,10.0,220500,0.093146,0.150646,2602.9,2352.77,5124.18,train
x1Dehqq05O0_20.wav,22050,10.0,220500,0.147348,0.296583,3304.79,1647.19,4874.4,train
cBD8Xqz5K48_150.wav,22050,10.0,220500,0.008196,0.123938,1861.15,1921.65,3051.97,train
L0-88pCWpr8_120.wav,22050,10.0,220500,0.172837,0.15546,2593.45,2287.27,5193.17,train
JOXMOdLIbPc_150.wav,22050,10.0,220500,0.013407,0.260112,3531.36,2560.56,6398.03,train
Kt519wdHIw8_130.wav,22050,10.0,220500,0.039819,0.202163,3163.36,2609.01,6228.44,train
6PnlJ2lsbss_30.wav,22050,10.0,220500,0.073006,0.071731,1971.35,2386.57,4549.38,train
dEwITnHEEoQ_30.wav,22050,10.0,220500,0.053057,0.264796,3892.88,2905.67,7364.88,train
MQvzhnrI3Bs_350.wav,22050,10.0,220500,0.107432,0.129133,2407.2,2163.82,4474.73,train
djJ1u4AiXBs_0.wav,22050,6.316,139264,0.101363,0.099871,2019.51,2244.96,4283.33,train
5y4m-ODx0Ng_260.wav,22050,10.0,220500,0.047915,0.112803,2132.53,2081.95,4525.94,train
2eEeOLqSFJw_30.wav,22050,10.0,220500,0.02663,0.096744,1723.59,1761.96,3123.51,train
NwAzqh9xd28_14.wav,22050,9.591,211492,0.134565,0.110958,1492.87,1092.83,2495.04,train
lfRCHMLWc7A_30.wav,22050,10.0,220500,0.218265,0.145602,2278.0,1834.45,3998.88,train
dcuVqw957D4_260.wav,22050,10.0,220500,0.047252,0.123967,2443.54,2329.61,4766.13,train
LpcYLrMXJKk_280.wav,22050,10.0,220500,0.068477,0.29655,4291.69,2773.32,7230.41,train
6XliYqpTSMc_20.wav,22050,10.0,220500,0.130095,0.157955,2624.72,2122.83,4744.97,train
JqcgrhR2zP0_30.wav,22050,10.0,220500,0.017043,0.111396,2183.39,2360.09,4472.36,train
C2-RZpNK0PA_190.wav,22050,10.0,220500,0.059437,0.165195,2885.8,2624.36,5974.81,train
-mVGmVjxBfU_30.wav,22050,10.0,220500,0.068441,0.116049,1972.48,1957.75,3454.68,train
1MIiwUfXmu4_15.wav,22050,9.469,208786,0.016993,0.190022,3446.08,3099.91,7369.08,train
LZgw7RSTz2Y_20.wav,22050,10.0,220500,0.152975,0.085796,1587.0,1542.43,3387.78,train
Z1s5k8aYIfg_220.wav,22050,10.0,220500,0.113962,0.072587,1266.9,1523.34,2237.6,train
FSWW_chy8a4_30.wav,22050,10.0,220500,0.038538,0.137263,2334.66,1945.93,4318.51,train
BrQT2eK-pNU_0.wav,22050,10.0,220500,0.177729,0.096523,2182.13,2305.42,4815.72,train
mYAgP-A6Gw0_110.wav,22050,10.0,220500,0.106698,0.255772,3411.49,2542.38,6254.45,train
S6qB8CW2JZg_0.wav,22050,10.0,220500,0.068663,0.230316,3551.92,2972.78,7312.95,train
GEDyENZrp9c_50.wav,22050,10.0,220500,0.1699,0.053543,1474.71,1848.71,3022.92,train
bYKVzeBcy_Q_0.wav,22050,8.8,194048,0.191191,0.033271,1321.09,2044.31,3194.22,train
67k1P5zD5ZA_30.wav,22050,10.0,220500,0.12307,0.314765,4269.72,2751.56,7352.86,train
ux4DsTC-UOo_0.wav,22050,10.0,220500,0.08771,0.073392,1119.01,886.6,2023.15,train
WvLRozv0VO8_480.wav,22050,10.0,220500,0.096389,0.159585,2421.37,1918.29,4305.07,train
KmSTwsom9lc_30.wav,22050,10.0,220500,0.619657,0.077852,2268.81,2676.9,5212.91,train
eKMguN_Iuow_70.wav,22050,10.0,220500,0.142657,0.037268,1615.85,2587.66,3947.07,train
2FTolTqi_Gw_30.wav,22050,10.0,220500,0.037624,0.218952,3125.89,2415.12,5696.81,train
9rQlXsn5NVc_30.wav,22050,10.0,220500,0.111101,0.06473,1130.76,999.83,2355.36,train
x46TEsrAx6I_30.wav,22050,9.985,220164,0.16056,0.113476,2295.43,2234.04,4696.89,train
Js87W68NJkw_440.wav,22050,10.0,220500,0.001116,0.339375,4721.6,3355.7,8997.18,train
GGvuZCTbeYo_5.wav,22050,9.814,216406,0.197264,0.121629,2414.43,2320.33,5252.24,train
fv328ceIm44_440.wav,22050,10.0,220500,0.136457,0.04812,1326.23,1852.28,2628.35,train
YoQ9F3ZKQ_s_180.wav,22050,10.0,220500,0.183842,0.265131,3593.88,2482.92,7093.77,train
cSEvhNSxnnQ_40.wav,22050,10.0,220500,0.080631,0.191169,3115.66,2432.2,5980.88,train
GL_9Uka9Ets_50.wav,22050,10.0,220500,0.08882,0.17348,2673.36,2394.93,5182.81,train
bgK1xzC-qF4_140.wav,22050,10.0,220500,0.012419,0.054904,1858.65,2324.25,3851.1,train
EVFXoEK1Io8_30.wav,22050,10.0,220500,0.07947,0.151377,2962.66,2495.44,5551.77,train
VaRmIRmAZ6w_13.wav,22050,9.82,216534,0.079176,0.119163,1470.33,923.25,2445.75,train
rYbyv_AE9sM_30.wav,22050,10.0,220500,0.032363,0.165132,2961.28,2623.02,5831.68,train
A6s4CXVywNU_30.wav,22050,10.0,220500,0.002491,0.378257,4762.46,3000.44,8587.25,train
_wNq7KsWL14_140.wav,22050,10.0,220500,0.024529,0.379388,4436.54,2394.6,7210.4,train
8b3XiRNRjUY_30.wav,22050,10.0,220500,0.099453,0.058976,1171.06,1285.31,2311.02,train
FX07iZ_Q9Zw_30.wav,22050,10.0,220500,0.145051,0.065841,1636.89,2182.42,3466.52,train
HW3wUticT9I_80.wav,22050,10.0,220500,0.006622,0.129857,2038.1,1950.28,4399.27,train
Ls_dcbkko1M_40.wav,22050,10.0,220500,0.073017,0.240995,3139.85,1793.86,4558.12,train
qp7iMK07WuY_200.wav,22050,10.0,220500,0.040617,0.08936,1660.74,1671.6,3072.45,train
71kwSrYq0kM_30.wav,22050,9.242,203780,0.229886,0.242221,3478.52,2673.53,6619.17,train
gCQZwFj1S3c_310.wav,22050,10.0,220500,0.054162,0.150954,2781.43,2352.09,5355.27,train
k4ggjvnuzbI_150.wav,22050,10.0,220500,0.106714,0.05207,1624.33,2396.62,3567.29,train
7hVPgGM_lxQ_30.wav,22050,10.0,220500,0.141234,0.154211,2546.29,2054.49,4547.8,train
S1WK_URuero_30.wav,22050,10.0,220500,0.000468,0.275438,4047.98,2911.78,7653.95,train
4hEY8O2pWPU_0.wav,22050,6.943,153088,0.2425,0.048576,1372.53,1852.3,2547.38,train
4L1r4xHa06g_0.wav,22050,8.807,194192,0.170944,0.169664,2525.86,1887.21,4658.82,train
4R07AUf2_x4_30.wav,22050,10.0,220500,0.264252,0.151213,1955.86,1323.83,3434.5,train
QZcRNPFNl3A_280.wav,22050,10.0,220500,0.086816,0.106052,2200.52,2289.24,4606.93,train
esM_8hVhNEA_290.wav,22050,10.0,220500,0.166475,0.074331,1571.91,1816.07,3227.93,train
ZyyHdr3zzCE_400.wav,22050,10.0,220500,0.20508,0.100909,2031.21,2121.58,4014.62,train
drieM9qthPg_30.wav,22050,10.0,220500,0.093704,0.120135,2382.29,2480.38,5201.34,train
WYYZa8eyn04_40.wav,22050,10.0,220500,0.070161,0.032615,631.0,760.55,1174.18,train
aDs5EEApJiE_70.wav,22050,10.0,220500,0.122151,0.173452,2729.33,2265.99,4965.95,train
p_wlnVO4Yv8_20.wav,22050,10.0,220500,0.184157,0.211411,3050.78,2141.82,4939.82,train
9fI8xw78nqs_30.wav,22050,10.0,220500,0.046084,0.086923,1755.18,2050.86,3170.48,train
7Q4LAHcBPK4_0.wav,22050,10.0,220500,0.046571,0.156917,2267.0,1851.68,3762.99,train
x1cANHQNSSM_30.wav,22050,10.0,220500,0.170858,0.04958,962.54,937.02,1974.43,train
7Eumr8sgq9I_30.wav,22050,10.0,220500,0.108877,0.098561,1774.5,1817.37,3218.49,train
Ddxl9R4FCkk_20.wav,22050,10.0,220500,0.149775,0.504507,5800.18,2695.41,8898.68,train
BpkARioXMc4_190.wav,22050,10.0,220500,0.068074,0.033901,2744.0,2694.92,5581.42,train
6SM9aPnM7oA_140.wav,22050,10.0,220500,0.029424,0.284795,4095.09,2886.14,7497.33,train
EvN70H_kTws_30.wav,22050,10.0,220500,0.131472,0.086607,1640.31,1695.98,3019.64,train
Qgk-zCg3pWo_90.wav,22050,10.0,220500,0.007467,0.27313,3872.85,3059.8,7791.25,train
A8Cvm3ORJbE_30.wav,22050,10.0,220500,0.046511,0.125996,2277.83,2167.94,4339.27,train
U1gBM7MDGtA_30.wav,22050,10.0,220500,0.018878,0.323088,3728.7,2281.21,5739.8,train
lgqQMDhqiPE_160.wav,22050,10.0,220500,0.002268,0.171408,3589.1,3502.54,8561.05,train
zx8Fy-xH2y4_0.wav,22050,5.132,113152,0.295141,0.112322,1644.05,1444.5,2701.16,train
VDJ0TFOgLf4_590.wav,22050,10.0,220500,0.1223,0.560545,5461.44,2855.6,8656.27,train
Jb4cbNjRbHQ_70.wav,22050,10.0,220500,0.102046,0.100061,2085.98,2278.49,4326.8,train
YmBNyEfOXOI_40.wav,22050,10.0,220500,0.099752,0.461588,5365.68,3029.51,8785.12,train
Z3J3f4jaVhQ_80.wav,22050,10.0,220500,0.080032,0.091469,1350.48,1108.14,2354.01,train
o3jCvlN-tts_150.wav,22050,10.0,220500,0.218716,0.112436,2258.1,2324.1,4576.73,train
uBcvegAyxSw_30.wav,22050,10.0,220500,0.034765,0.148731,2266.63,2069.85,4006.6,train
2w5sbQlAnaY_30.wav,22050,10.0,220500,0.115919,0.123462,2514.28,2393.12,5090.35,train
VhkN-kZJpmA_30.wav,22050,10.0,220500,0.086571,0.14964,2681.57,2596.06,5668.78,train
H0r0aD4viRA_20.wav,22050,10.0,220500,0.085417,0.210156,3594.63,2944.58,7254.42,train
bdLUTTOyvgQ_270.wav,22050,10.0,220500,0.040683,0.066341,999.46,790.51,1819.68,train
hq5C_ZLJThA_9.wav,22050,9.251,203982,0.219401,0.204447,2980.36,2356.91,5431.12,train
NjtFs61Zy0E_40.wav,22050,10.0,220500,0.132036,0.130972,1874.61,1498.64,3759.44,train
SCF7nNzJQGA_10.wav,22050,10.0,220500,0.268429,0.073082,2275.34,2383.09,4539.08,train
4oo9pQt8bKI_27.wav,22050,9.061,199786,0.129829,0.124861,2331.71,2231.1,4783.51,train
Zu7TR5g2iYY_10.wav,22050,10.0,220500,0.117969,0.187413,2815.4,2273.5,5109.31,train
gCUqUlZCedk_30.wav,22050,10.0,220500,0.067357,0.135399,2765.61,2692.36,5973.02,train
2QCudcd8_1k_40.wav,22050,10.0,220500,0.055352,0.131105,2461.08,2351.6,4954.14,train
Kcj2aymhWPk_90.wav,22050,10.0,220500,0.057912,0.198189,3058.53,2137.75,5327.77,train
DAgSqwq3Wdw_6.wav,22050,9.372,206644,0.164828,0.152843,2717.94,2241.14,5029.23,train
zeMp2wCe40c_410.wav,22050,10.0,220500,0.047917,0.363962,4197.62,2579.58,6721.38,train
CivM57c8Kgs_30.wav,22050,10.0,220500,0.017,0.136952,2662.66,2799.85,6203.59,train
-U1x6pI9z_8_170.wav,22050,10.0,220500,0.141671,0.0697,1832.65,2097.99,3873.98,train
gao7tu7DbpU_380.wav,22050,10.0,220500,0.061867,0.13461,2483.99,2413.26,4885.99,train
A2QANb6eVOk_18.wav,22050,10.0,220500,0.137527,0.167183,2746.37,2081.78,4904.0,train
JvamAwgEYUA_30.wav,22050,10.0,220500,0.061599,0.073711,1740.93,2046.97,3563.75,train
2opu0xJeVYo_30.wav,22050,10.0,220500,0.075904,0.146131,2653.43,2568.67,5644.7,train
qd9atIXOMlE_50.wav,22050,10.0,220500,0.120717,0.108576,2980.88,2820.07,6317.0,train
bjwzsxy-E-w_0.wav,22050,5.01,110480,0.262657,0.195923,3028.08,2313.39,5600.63,train
72mANpPK5Zk_310.wav,22050,10.0,220500,0.031937,0.1,1433.66,1259.58,2855.87,train
-VQWMl8qG6s_10.wav,22050,10.0,220500,0.325284,0.026724,820.07,1401.37,1414.25,train
oHfNJ6bfkHg_0.wav,22050,10.0,220500,0.478159,0.175179,3808.34,3059.54,7898.76,train
Pem69EUPnl0_0.wav,22050,10.0,220500,0.02634,0.127088,2368.94,2302.42,5259.9,train
BG-Mv2wZijE_30.wav,22050,10.0,220500,0.137203,0.206256,3523.24,2918.01,7152.4,train
RjWByBwfoYo_30.wav,22050,10.0,220500,0.061253,0.044318,1214.71,1718.76,2382.34,train
L0fsFAojIvY_80.wav,22050,10.0,220500,0.10208,0.081344,1885.36,1914.79,3571.06,train
yVzIaZzLH38_130.wav,22050,10.0,220500,0.010614,0.155528,3038.68,3253.27,7446.09,train
hpU3BsjF0uc_140.wav,22050,10.0,220500,0.291187,0.015677,691.64,1266.13,1297.69,train
bLxJozrND80_10.wav,22050,10.0,220500,0.019894,0.137563,2722.8,2687.45,5800.18,train
z2HcHDTuc6M_30.wav,22050,10.0,220500,0.023838,0.128992,2583.48,2517.21,5828.85,train
KZYS-I6Z7wc_30.wav,22050,10.0,220500,0.201635,0.083075,1234.26,987.46,2349.17,train
mcrxCZ6kmU0_430.wav,22050,10.0,220500,0.096279,0.198148,3183.15,2503.48,5873.17,train
6SmfBfdIEjk_360.wav,22050,10.0,220500,0.013178,0.091122,2469.18,2546.97,4982.74,train
Ia4yQ1xBk3M_40.wav,22050,10.0,220500,0.231494,0.0233,970.61,1586.97,2163.06,train
o0pN948mdCU_30.wav,22050,10.0,220500,0.017275,0.233939,4156.68,3295.07,8311.72,train
niWRgJiPaWA_0.wav,22050,10.0,220500,0.019635,0.272386,3810.25,2781.48,7087.72,train
-q01hsj6QLs_110.wav,22050,10.0,220500,0.020143,0.210752,3287.32,2942.7,6933.54,train
4p-h_aOrhIw_30.wav,22050,10.0,220500,0.106347,0.182127,2938.81,2655.96,6043.24,train
6fY-iud7I3s_30.wav,22050,10.0,220500,0.086227,0.090235,1607.59,1671.53,2910.23,train
NcHL8er2TJU_30.wav,22050,10.0,220500,0.108759,0.081833,1965.12,2220.07,4239.54,train
DFxU3yQTWh0_30.wav,22050,10.0,220500,0.21505,0.069736,1764.88,2239.45,3765.16,train
skp2Ys2El_w_0.wav,22050,10.0,220500,0.109289,0.096432,1841.72,2020.57,3486.23,train
UiqYNNISJTI_50.wav,22050,10.0,220500,0.220432,0.368059,4599.69,3201.33,8396.48,train
Q_eeVC6KELA_30.wav,22050,10.0,220500,0.002909,0.336308,4450.92,2847.11,8005.61,train
LCL4xf43gLQ_40.wav,22050,10.0,220500,0.165378,0.297228,3161.74,1595.31,4642.78,train
859sazIcg_E_0.wav,22050,10.0,220500,0.068284,0.423159,5034.97,3063.42,8936.68,train
seaAIMSeNTM_0.wav,22050,10.0,220500,0.035832,0.144081,2255.24,2144.75,4400.74,train
MUlWf4NpdlY_40.wav,22050,10.0,220500,0.133517,0.118336,2525.7,2384.87,4955.46,train
hBnzbmjU7rw_30.wav,22050,10.0,220500,0.12577,0.153929,2767.96,2693.74,5891.93,train
UNjIcZaQ9YM_400.wav,22050,10.0,220500,0.197496,0.098959,2133.86,2286.65,4515.38,train
ssisuq41v5U_50.wav,22050,10.0,220500,0.162597,0.208848,3280.72,2577.73,6219.67,train
FQ6qA7lvD-s_120.wav,22050,10.0,220500,0.032133,0.214125,3664.63,2968.18,7189.39,train
O9QEgAO_BwY_20.wav,22050,10.0,220500,0.046638,0.130429,2473.33,2294.69,4843.62,train
HV_rqBxnWrc_30.wav,22050,10.0,220500,0.058899,0.168799,3194.96,3056.79,7028.87,train
yauc_wJTXKk_30.wav,22050,10.0,220500,0.145271,0.107111,1849.25,1771.89,3447.81,train
6iaHuIiv4rI_60.wav,22050,10.0,220500,0.020895,0.089231,2302.34,2647.66,5316.4,train
h9suJ1hJpXw_30.wav,22050,10.0,220500,0.149138,0.101253,1780.73,1593.09,3335.57,train
RzeMxKhJ2aw_50.wav,22050,10.0,220500,0.406638,0.091766,2011.43,2181.54,3994.76,train
XFBKcN1fHWo_20.wav,22050,10.0,220500,0.316493,0.035584,1032.01,1369.58,2488.81,train
XCnVmjJHNDw_30.wav,22050,10.0,220500,0.056932,0.202841,2955.22,2207.55,5104.72,train
nesYtCcw5Z8_80.wav,22050,10.0,220500,0.183867,0.254802,3694.9,2602.09,7131.74,train
3ezG-EnAWik_30.wav,22050,10.0,220500,0.016699,0.244826,3710.94,2892.54,6778.81,train
SI_mTGZAQ6U_40.wav,22050,10.0,220500,0.143495,0.135041,2071.41,1865.0,4058.11,train
9z4ey7oNZ98_0.wav,22050,10.0,220500,0.099391,0.065516,1443.98,1859.53,3028.66,train
n-xEHVRlEKE_30.wav,22050,10.0,220500,0.013364,0.157794,2750.78,2558.32,5628.66,train
qf_WeuIR_Ec_130.wav,22050,10.0,220500,0.026859,0.112529,2654.24,2723.47,5982.16,train
Np8whb8lLr4_21.wav,22050,9.047,199478,0.152171,0.028161,1049.99,1594.18,2188.57,train
4kMg6-ASjMw_30.wav,22050,10.0,220500,0.086314,0.083118,1905.46,2149.86,3547.28,train
7Hn6I8Sxr2c_0.wav,22050,10.0,220500,0.095884,0.222502,3199.26,1977.13,5471.86,train
AvwYdmrnfOk_70.wav,22050,10.0,220500,0.023532,0.253776,3536.57,2774.22,7182.95,train
tOb0wBMr4jE_7.wav,22050,9.486,209170,0.053947,0.077621,1114.32,944.74,2145.61,train
2jvgolm8KSY_30.wav,22050,10.0,220500,0.065274,0.113243,2050.97,1920.9,3765.56,train
9nlK7PSQ_Aw_80.wav,22050,10.0,220500,0.085014,0.111873,2191.7,2162.22,4323.38,train
65gf5tn6W5E_130.wav,22050,10.0,220500,0.140217,0.092026,1675.83,1773.38,3128.03,train
3BofUYehAZw_30.wav,22050,10.0,220500,0.143438,0.170114,2937.37,2516.1,5671.8,train
0_g41wpPBTI_320.wav,22050,10.0,220500,0.123495,0.183757,2697.07,2070.68,4892.28,train
oXO5PiT6rP0_60.wav,22050,10.0,220500,0.047271,0.218645,3295.22,2524.9,6182.43,train
80JL2prLu08_30.wav,22050,10.0,220500,0.074694,0.139042,2810.97,2808.05,6015.96,train
bI6BtX9egvE_210.wav,22050,10.0,220500,0.140185,0.287348,4029.2,2850.22,7356.66,train
cE7sLRthlZM_80.wav,22050,10.0,220500,0.229712,0.109906,1753.76,1721.71,2882.68,train
N9-uDmwv81g_70.wav,22050,10.0,220500,0.429963,0.125147,1815.08,1214.23,2918.7,train
gK7UTcPH1ko_10.wav,22050,10.0,220500,0.467709,0.082083,2473.76,2317.55,4965.93,train
zq06oJIPBuw_30.wav,22050,10.0,220500,0.026278,0.106519,1348.64,1067.95,2626.2,train
8jUNThiakB0_550.wav,22050,10.0,220500,0.018577,0.169115,2892.34,2794.12,6048.43,train
7Y5Yp1-4xbs_30.wav,22050,10.0,220500,0.037882,0.07569,1622.44,1824.51,3179.02,train
1HtN6JKzkMM_17.wav,22050,9.245,203854,0.160478,0.207243,3027.36,2406.39,5473.24,train
Q1GOr-S3BIs_70.wav,22050,10.0,220500,0.120031,0.204569,3148.59,2691.49,6469.25,train
sPy6lNhewRU_80.wav,22050,10.0,220500,0.01302,0.140044,2802.57,2552.13,5593.34,train
XCoe3cHNKrs_30.wav,22050,10.0,220500,0.068116,0.096744,1861.92,1539.78,3857.12,train
jqoScZj0e0k_380.wav,22050,10.0,220500,0.043472,0.125247,2488.83,2472.07,5083.18,train
4QrqOChRdKk_130.wav,22050,10.0,220500,0.203255,0.292359,4220.01,2990.3,7745.51,train
nkrco9eag4o_400.wav,22050,10.0,220500,0.128164,0.328852,4458.77,2859.5,7855.55,train
kOwNQ_E0guQ_0.wav,22050,10.0,220500,0.158274,0.112931,2351.0,2364.58,4642.73,train
tMcMX4WVuUY_570.wav,22050,9.077,200156,0.093306,0.085388,1844.03,2160.87,3155.03,train
6O6rqrMirkU_30.wav,22050,10.0,220500,0.098902,0.160461,2439.28,2145.08,5086.78,train
nlMZGha-fng_90.wav,22050,10.0,220500,0.18361,0.012952,534.2,1171.63,681.34,train
1P1YxAYTOLk_30.wav,22050,10.0,220500,0.111184,0.131907,2459.72,2460.04,4669.98,train
EsAOTdhczyA_30.wav,22050,10.0,220500,0.032749,0.039376,782.15,1029.4,1199.31,train
QPR44dLTkvo_30.wav,22050,10.0,220500,0.014107,0.357008,4368.36,1954.93,5832.85,train
_MO99_1tjbs_4.wav,22050,10.0,220500,0.009417,0.106573,1446.22,1134.14,2462.78,train
g9Gee77RhiI_0.wav,22050,10.0,220500,0.004504,0.199321,3039.72,2454.85,5635.35,train
oNSWAH9mRxg_30.wav,22050,10.0,220500,0.270811,0.117542,2411.56,2155.11,4806.55,train
Tsssbxa1raE_340.wav,22050,10.0,220500,0.034368,0.330929,4522.85,2863.48,7777.81,train
7GoQ8HaVAnA_30.wav,22050,10.0,220500,0.553741,0.125455,1861.37,1706.15,3415.41,train
bIz8wBxL9iA_10.wav,22050,10.0,220500,0.189039,0.143593,2523.48,2537.24,5151.08,train
y3L8mUg9nX4_10.wav,22050,10.0,220500,0.085423,0.078442,2164.71,2705.82,5121.33,train
Gg8qVEvD8Q0_540.wav,22050,10.0,220500,0.086678,0.1604,2506.84,1951.14,4218.28,train
5gZ7UrvmL_w_30.wav,22050,10.0,220500,0.10155,0.244496,3406.06,2375.86,5856.78,train
ITnefyT0BrQ_90.wav,22050,10.0,220500,0.033854,0.104963,2240.54,2417.9,4621.69,train
1YtSrjpSPv0_30.wav,22050,10.0,220500,0.093386,0.118615,2124.08,2049.61,4040.02,train
z8K8MQemQ9I_70.wav,22050,10.0,220500,0.023102,0.086019,2038.76,2356.34,4505.64,train
tdZ1cOBoHV0_30.wav,22050,10.0,220500,0.048932,0.244665,3662.71,2661.92,6762.1,train
vO_AStYb8UI_7.wav,22050,9.017,198818,0.022322,0.160962,2483.12,2140.35,4471.54,train
QhI97offjO0_30.wav,22050,10.0,220500,0.108419,0.220632,3354.51,2593.46,6411.8,train
G3RexcBuDKg_60.wav,22050,10.0,220500,0.107967,0.156824,3102.44,2744.92,6353.09,train
p3KhsZnVtBc_0.wav,22050,4.732,104336,0.008649,0.204508,3602.37,3069.94,7570.13,train
vyjqIX43gEY_25.wav,22050,9.157,201902,0.201697,0.368347,4839.43,3316.68,9102.52,train
KkDHsXEUV-g_30.wav,22050,10.0,220500,0.053919,0.077939,1757.68,2133.13,3792.19,train
94Dogkx6gC0_20.wav,22050,10.0,220500,0.157563,0.09365,1939.53,2200.08,3988.01,train
YX2Jv3NQ4mA_40.wav,22050,10.0,220500,0.052442,0.18979,2239.09,1543.11,4126.33,train
0Bm9vGOZ8sY_19.wav,22050,8.882,195850,0.242416,0.079465,1735.94,1491.19,3481.77,train
jNgHeLYcTh8_30.wav,22050,10.0,220500,0.004381,0.248989,3512.58,2731.08,6837.12,train
90tI6IOUBUI_30.wav,22050,10.0,220500,0.114644,0.048696,853.37,935.08,1773.89,train
UCDq3s6c-H4_30.wav,22050,10.0,220500,0.027843,0.055465,1055.54,1203.52,1869.54,train
0B0C1HaElyc_21.wav,22050,9.68,213446,0.07162,0.266864,3710.78,2778.2,7160.05,train
6Aux5NMujPs_170.wav,22050,10.0,220500,0.101159,0.423134,4584.55,2330.09,6745.99,train
LfbZLDwrUdw_40.wav,22050,10.0,220500,0.038651,0.253166,2665.57,1328.13,4164.15,train
eYVh7APmdL8_290.wav,22050,10.0,220500,0.045157,0.081669,1541.82,1594.5,2985.35,train
2R7iLbxtweY_30.wav,22050,10.0,220500,0.01654,0.029381,819.94,1166.34,1729.23,train
8ZEejzuothQ_30.wav,22050,10.0,220500,0.035056,0.189722,3235.17,2767.03,6594.53,train
sZ8Bl77Zsrg_250.wav,22050,10.0,220500,0.124109,0.115999,2065.14,1908.73,3544.09,train
6Hvp_fjq4Jw_10.wav,22050,10.0,220500,0.123888,0.050487,1121.56,1227.29,2151.62,train
0pQKxpIrWJE_50.wav,22050,10.0,220500,0.095174,0.15548,2532.14,2326.8,5108.49,train
H18EFmywgXc_70.wav,22050,10.0,220500,0.058292,0.23977,3338.31,2444.16,6099.04,train
2HHOHW_3b4k_520.wav,22050,10.0,220500,0.175541,0.233696,3514.76,2941.6,7251.47,train
Rgzi10l09wM_30.wav,22050,10.0,220500,0.132578,0.082066,1359.08,1165.7,2557.06,train
uW23glQmwmY_0.wav,22050,10.0,220500,0.174745,0.145901,2412.55,2006.38,4343.19,train
iVMe_iDvgrs_200.wav,22050,10.0,220500,0.06236,0.215101,3414.79,2475.33,5973.72,train
1HuBawOzYb0_120.wav,22050,10.0,220500,0.019525,0.077639,1610.95,2045.47,3253.76,train
Xx8Yllb7hw8_18.wav,22050,10.0,220500,0.017188,0.121886,1441.18,1134.09,2688.23,train
Ov3Tc2S-nTg_30.wav,22050,10.0,220500,0.052276,0.095571,1682.36,1458.58,3420.71,train
p9OUsKUpj_Q_180.wav,22050,10.0,220500,0.140067,0.14985,2041.78,1309.33,3534.19,train
5ZRTs1ADSB0_60.wav,22050,10.0,220500,0.133044,0.039374,692.39,745.5,1509.92,train
19sqB22PzH8_30.wav,22050,10.0,220500,0.116391,0.019417,557.44,1005.19,873.02,train
HrgxLyGE-l0_160.wav,22050,10.0,220500,0.056488,0.335233,3590.06,2202.9,5505.03,train
dclxe1vO7yE_30.wav,22050,10.0,220500,0.058401,0.099375,1725.78,1642.18,3108.73,train
iEX8L_oEbsU_30.wav,22050,10.0,220500,0.13634,0.126881,1453.99,996.3,2045.55,train
m3iRx9JZiSI_450.wav,22050,10.0,220500,0.128872,0.139849,2602.14,2493.55,5248.23,train
gth6SmrBayM_20.wav,22050,10.0,220500,0.172543,0.132482,2553.37,2593.95,5300.44,train
z46zbVIXUzs_60.wav,22050,10.0,220500,0.067294,0.047995,1572.75,2371.27,3135.93,train
OBt_ahhUn6M_0.wav,22050,7.193,158608,0.063047,0.181658,1942.42,1007.92,2984.12,train
laNSeKR6Qpg_480.wav,22050,10.0,220500,0.003922,0.33478,4900.53,2943.1,8129.28,train
7__8AVfo2bk_30.wav,22050,10.0,220500,0.074924,0.317954,4156.53,3049.42,7539.54,train
dkwZa45tWfE_560.wav,22050,10.0,220500,0.156366,0.181424,2713.54,2363.01,5151.78,train
xF6omo7uOlU_180.wav,22050,10.0,220500,0.068118,0.126527,2509.81,2329.74,5043.59,train
zM9Wl3ntwNE_23.wav,22050,9.747,214914,0.015474,0.17736,2753.15,2196.52,4718.87,train
8LqoqpcSl10_320.wav,22050,10.0,220500,0.065851,0.047325,1120.84,1527.56,2106.53,train
Bv1lVulM0k0_1.wav,22050,9.711,214125,0.072523,0.298765,4009.11,3044.21,7508.54,train
OIsaFELtT-g_20.wav,22050,10.0,220500,0.017236,0.190459,3091.22,2603.01,6042.34,train
og3HGY6hCkY_30.wav,22050,10.0,220500,0.06744,0.211194,3015.48,2173.37,5289.7,train
_KdEzd0yRZk_140.wav,22050,10.0,220500,0.061812,0.160077,2452.64,1992.02,4267.0,train
ArMXa7oOTfw_4.wav,22050,9.607,211832,0.099423,0.62514,6777.84,2554.54,9601.55,train
lXfkuUeCgKs_30.wav,22050,10.0,220500,0.0346,0.210251,3091.05,2464.75,6183.98,train
lrhnFGHwbrA_12.wav,22050,9.079,200184,0.697956,0.137442,2559.52,2079.02,4768.64,train
YJe48bbkZM8_180.wav,22050,10.0,220500,0.059224,0.147196,2631.44,2527.97,5539.03,train
0uigW1l_GC0_30.wav,22050,10.0,220500,0.115188,0.073379,1143.58,977.37,2290.64,train
TWpFdKNd5AA_10.wav,22050,10.0,220500,0.001758,0.185108,3740.01,3217.8,7730.57,train
7adkQbdBPSE_30.wav,22050,10.0,220500,0.07455,0.131732,2212.26,2084.14,4270.62,train
3zwb3S0thEU_120.wav,22050,10.0,220500,0.052149,0.329004,3795.5,2122.78,5288.52,train
c3w99qWvs9U_100.wav,22050,10.0,220500,0.125227,0.154951,1955.22,1242.3,3410.71,train
FAGzS08lVNk_80.wav,22050,10.0,220500,0.176969,0.151718,2472.66,2357.08,5013.56,train
mHXxdveus0E_30.wav,22050,10.0,220500,0.19274,0.122192,2318.86,2334.48,4704.16,train
nGYphjUeiic_30.wav,22050,10.0,220500,0.112826,0.018916,659.87,1367.4,984.58,train
2_gfX28acqE_30.wav,22050,10.0,220500,0.017231,0.161921,2852.38,2714.59,6113.56,train
osBuk1oaXGw_30.wav,22050,10.0,220500,0.44334,0.026994,849.0,1123.23,1730.85,train
ImhAp5hmcOI_27.wav,22050,9.502,209514,0.055671,0.10799,1397.89,909.27,2252.77,train
IgTko-9EXAY_310.wav,22050,10.0,220500,0.004405,0.23266,3636.4,2791.34,6910.76,train
tsWgXHjOnWg_23.wav,22050,9.856,217330,0.197768,0.328212,4191.61,3107.27,7982.94,train
7Vi5G9tmqKk_0.wav,22050,10.0,220500,0.073027,0.097152,1792.81,1958.65,3946.0,train
FWbEyH310Ew_0.wav,22050,5.039,111104,0.056303,0.095495,1256.08,977.4,2368.75,train
gb8N2PP6DA4_30.wav,22050,10.0,220500,0.117151,0.12151,2295.72,2369.9,4824.19,train
4P0rPDRvZO4_20.wav,22050,10.0,220500,0.169042,0.079552,1616.19,1833.38,3301.72,train
5csYfchkYIc_30.wav,22050,10.0,220500,0.025292,0.083296,1602.08,1717.2,3105.05,train
gOw6XCuT_Us_30.wav,22050,10.0,220500,0.15409,0.050968,1410.93,2044.85,2898.86,train
DuWi8RTArcY_430.wav,22050,10.0,220500,0.013941,0.110663,2660.91,2882.73,6447.05,train
3drnEnI8bls_10.wav,22050,10.0,220500,0.034665,0.073363,1651.43,1913.13,3359.2,train
XdrxMRAFLqA_30.wav,22050,10.0,220500,0.140127,0.08662,1353.35,1303.65,2687.55,train
6cc_-n_lKiA_500.wav,22050,10.0,220500,0.16564,0.225009,3101.31,2132.5,5534.41,train
Xh3Y3y1BBFs_6.wav,22050,9.511,209716,0.05278,0.206036,2213.0,875.69,3080.95,train
0UwfLq8qDE8_100.wav,22050,10.0,220500,0.007678,0.123551,2527.48,2669.4,5192.27,train
Pvl0KxVQyqg_90.wav,22050,10.0,220500,0.093844,0.250977,3921.93,2607.02,7097.46,train
ZXg42VdRE1A_0.wav,22050,5.359,118160,0.375207,0.085016,1547.94,1560.56,2802.49,train
3fI9-vV-2mA_30.wav,22050,10.0,220500,0.12151,0.034171,944.18,1564.24,1748.09,train
nBR6MxL8UQo_470.wav,22050,10.0,220500,0.065014,0.089476,2039.38,2194.96,4160.01,train
8N5eETeI8Z0_17.wav,22050,9.169,202174,0.074431,0.140076,1981.25,1398.4,3563.39,train
8JsSjGn3mw8_70.wav,22050,10.0,220500,0.09546,0.260045,2406.87,1097.11,3427.95,train
ZK-Qeliwp1k_30.wav,22050,10.0,220500,0.022318,0.118803,1526.81,957.16,2245.87,train
yPe4xjYreXE_190.wav,22050,10.0,220500,0.079642,0.43398,5120.01,2711.58,7994.39,train
vpv5U3zhalw_30.wav,22050,10.0,220500,0.206206,0.147966,2961.16,2711.36,6385.44,train
SXM_YSOBhP0_490.wav,22050,10.0,220500,0.074641,0.035239,812.86,1379.53,1138.59,train
3LKkiKyWqlQ_30.wav,22050,10.0,220500,0.031486,0.567335,6257.23,2576.76,9190.98,train
ezWn28s0cXc_30.wav,22050,9.59,211460,0.345493,0.09156,1513.68,1136.89,2502.01,train
_GirOdholpQ_0.wav,22050,10.0,220500,0.137486,0.196565,3053.24,2643.7,6125.1,train
_xODbK_T4ew_30.wav,22050,10.0,220500,0.04061,0.067897,1058.03,788.4,1868.19,train
7C0t5NhGvjY_30.wav,22050,10.0,220500,0.175518,0.090783,2310.99,2741.4,6025.67,train
OkMg2Cef0QQ_50.wav,22050,10.0,220500,0.008164,0.173545,2883.13,2635.37,5730.93,train
2hv4oBig0x4_18.wav,22050,9.864,217500,0.023156,0.242904,3171.84,3031.8,7671.29,train
uclBzkNrV9w_20.wav,22050,10.0,220500,0.023466,0.344757,4389.67,2506.03,7355.19,train
4ZJalLY1XZE_90.wav,22050,10.0,220500,0.010122,0.290407,3911.63,2962.89,7441.3,train
72ollviXOL0_70.wav,22050,10.0,220500,0.03051,0.221546,3590.79,2917.14,7195.86,train
HusHimsUe2w_180.wav,22050,10.0,220500,0.072748,0.19853,2809.04,2187.64,4982.49,train
-WU3Lj_mpYQ_150.wav,22050,10.0,220500,0.028463,0.183367,2908.11,2419.98,5490.82,train
oFCYnbMi2Ns_30.wav,22050,10.0,220500,0.010532,0.089885,2261.0,2529.5,5209.59,train
hYIMLCufZiI_130.wav,22050,10.0,220500,0.00088,0.3323,4387.71,2863.42,7793.82,train
ZqDsZUEvPAU_20.wav,22050,10.0,220500,0.222366,0.090307,1436.13,1140.68,2197.86,train
EEc7bzxUVOE_30.wav,22050,10.0,220500,0.027501,0.058256,1548.13,2097.88,2918.05,train
9L4zfrpSnh0_50.wav,22050,10.0,220500,0.07083,0.405938,4376.79,2388.88,6986.0,train
THjwTL0qcJA_80.wav,22050,10.0,220500,0.196469,0.103986,2937.78,2750.84,6417.97,train
8L41fdybX1I_340.wav,22050,10.0,220500,0.030938,0.104525,2268.06,2476.24,4822.64,train
w_eLQSPloVI_200.wav,22050,10.0,220500,0.114043,0.205119,2373.26,1006.42,3388.38,train
2R4y8f_Sd0U_470.wav,22050,10.0,220500,0.110271,0.076847,1422.91,1337.96,2978.38,train
PoLRMBEOvWU_40.wav,22050,10.0,220500,0.018581,0.081295,1661.16,1556.18,3635.74,train
94A0DDILToI_30.wav,22050,10.0,220500,0.021806,0.160762,2774.26,2558.55,5862.13,train
baZ-dee_8hc_10.wav,22050,10.0,220500,0.089369,0.198141,3046.97,2551.06,5873.39,train
LljQ1bG1fOo_21.wav,22050,9.116,201014,0.079121,0.077529,2274.84,2441.26,4909.76,train
DIAY-oDqHZc_250.wav,22050,10.0,220500,0.027219,0.085783,1850.93,2083.22,3748.58,train
A1e2DMmHHO8_30.wav,22050,10.0,220500,0.052807,0.121152,2383.95,2369.45,4710.08,train
Fy4JMXzxwz8_110.wav,22050,10.0,220500,0.108138,0.249005,3606.18,2975.23,7688.45,train
lteWGyc1yyw_140.wav,22050,10.0,220500,0.06228,0.357303,4457.09,2766.13,7458.73,train
5cWOyow_Drs_30.wav,22050,10.0,220500,0.024324,0.174315,2756.01,2053.89,5178.21,train
2Cvw3f6g2c0_30.wav,22050,10.0,220500,0.128998,0.113077,1948.68,1795.04,3626.17,train
IkhHkudtezE_160.wav,22050,10.0,220500,0.324,0.169895,1966.55,1191.4,3399.75,train
x2I1D5rRmro_20.wav,22050,10.0,220500,0.015678,0.194583,2802.39,2264.87,5773.65,train
JC9PaM5UFbQ_30.wav,22050,10.0,220500,0.010483,0.107091,1397.47,1000.74,2529.75,train
aL3R-0rzUms_30.wav,22050,10.0,220500,0.034945,0.298692,4362.76,2996.81,7981.57,train
GBn9L0cadAM_19.wav,22050,9.816,216442,0.140118,0.121575,2605.75,2674.86,5690.52,train
iRIyAzUpuYc_140.wav,22050,10.0,220500,0.013244,0.260166,3190.44,2277.15,5474.68,train
Mlc1i2ZNtUA_100.wav,22050,10.0,220500,0.086048,0.072285,2024.35,2335.39,4563.79,train
AhBQKV-d7i4_30.wav,22050,10.0,220500,0.169662,0.138392,2956.5,2714.77,6027.0,train
s1FOTwiBXg0_30.wav,22050,10.0,220500,0.025,0.260703,4066.98,2981.69,7698.44,train
RqcINAxN51c_300.wav,22050,10.0,220500,0.194184,0.102307,2398.77,2648.52,5674.07,train
hetM88UdZOE_10.wav,22050,10.0,220500,0.020086,0.140644,2592.25,2435.74,5201.77,train
-RRKTvEEWls_30.wav,22050,10.0,220500,0.020729,0.082757,1079.1,1232.0,1902.34,train
9MDokkfGnFk_80.wav,22050,10.0,220500,0.192655,0.161607,2527.16,1841.11,4333.59,train
m_EHOfOwNaw_110.wav,22050,10.0,220500,0.102917,0.15936,3052.42,2691.5,6251.32,train
2SwMmzRMHwU_30.wav,22050,10.0,220500,0.043157,0.083729,1791.0,2133.2,3723.42,train
3KyBXhldzqk_3.wav,22050,9.307,205210,0.215057,0.139941,2229.18,2045.64,4099.09,train
xesCkDs3tQY_30.wav,22050,10.0,220500,0.00671,0.023413,1065.38,1861.59,1992.2,train
vp27_WKP4CM_30.wav,22050,10.0,220500,0.103072,0.139373,2437.69,2352.0,4698.93,train
4WbSAhUTIP0_30.wav,22050,10.0,220500,0.502254,0.155199,3022.39,2723.91,5974.91,train
UOKBzmTJgvc_30.wav,22050,10.0,220500,0.040232,0.043875,1314.86,1970.44,2744.73,train
UuVo9VGt8Lc_180.wav,22050,10.0,220500,0.023335,0.114867,1982.76,2061.6,3750.5,train
nnRV5dxJ2fo_80.wav,22050,10.0,220500,0.068589,0.149306,2718.12,2503.81,5489.62,train
oIwq-FDJUj0_120.wav,22050,10.0,220500,0.071482,0.265141,3929.69,3032.65,7631.85,train
Ro0IAEh9kTI_0.wav,22050,5.573,122880,0.375678,0.034753,1293.12,2176.82,2848.15,train
It9Ft6wXKpM_7.wav,22050,9.254,204050,0.179549,0.082484,2154.13,2479.74,4871.12,train
1oTyVZZzIQA_300.wav,22050,10.0,220500,0.400275,0.248381,3561.13,2633.4,7018.6,train
v3mppumQmuA_180.wav,22050,10.0,220500,0.006083,0.319011,4279.86,2885.45,7908.06,train
nwrzfurywPo_30.wav,22050,10.0,220500,0.136115,0.07765,1095.45,908.48,1986.5,train
4xBI-0_9wBs_30.wav,22050,10.0,220500,0.177682,0.153931,2060.43,1615.7,3791.64,train
-a1ftv1yg0c_30.wav,22050,10.0,220500,0.126814,0.160837,2789.46,2565.81,5802.87,train
2AKJcHWODoU_29.wav,22050,9.378,206774,0.062268,0.102504,1877.34,1872.18,3772.57,train
GgiYd4ZgsQA_50.wav,22050,10.0,220500,0.169054,0.090726,1716.25,1827.11,3239.05,train
qXIYl4x6Tlk_20.wav,22050,9.357,206312,0.005261,0.144649,2540.92,2601.59,5421.75,train
YzrkwCKYStU_70.wav,22050,10.0,220500,0.132068,0.232921,3104.38,2289.6,5612.17,train
P9jJWCM2kx8_430.wav,22050,10.0,220500,0.128873,0.112562,2249.87,2071.01,4628.76,train
dJX6HvMfDvo_60.wav,22050,10.0,220500,0.097217,0.16784,2900.55,2780.95,6422.52,train
kW7x7ZZT0o4_30.wav,22050,10.0,220500,0.098779,0.417231,5298.55,2624.55,8260.86,train
H7kjPqVRZJ4_10.wav,22050,10.0,220500,0.085518,0.146368,1729.95,954.06,2738.11,train
hc9Bjwp_Zc8_100.wav,22050,10.0,220500,0.086944,0.280895,4025.8,2722.03,7183.82,train
VkVbSCPfzU4_0.wav,22050,10.0,220500,0.063247,0.169042,2258.81,1525.16,3972.0,train
XQxg6QO-vH8_90.wav,22050,10.0,220500,0.097968,0.032251,693.2,1098.4,1169.01,train
WUPR_eBnbGA_25.wav,22050,9.511,209726,0.078629,0.136856,1486.12,1112.09,2698.11,train
2ejm9khNlpc_13.wav,22050,9.059,199750,0.19791,0.103026,1415.74,1024.76,2379.75,train
-rTQMwxke0o_30.wav,22050,10.0,220500,0.05465,0.192641,3010.58,2490.86,5618.74,train
-rtOKGtQsRg_530.wav,22050,10.0,220500,0.107183,0.461233,5788.22,2940.4,9132.95,train
-aUbQi149eE_80.wav,22050,10.0,220500,0.180419,0.241768,3008.71,2050.56,4744.75,train
qcz3zHNU9O4_80.wav,22050,10.0,220500,0.069235,0.190431,2774.26,2129.88,5092.38,train
Du0P6rcnHhw_190.wav,22050,10.0,220500,0.019122,0.338097,4392.13,2844.61,7791.77,train
jFpeh4tWZBk_70.wav,22050,10.0,220500,0.054785,0.24037,2676.11,1654.31,4656.47,train
8ZGsW25z7Mw_30.wav,22050,10.0,220500,0.052758,0.074045,1387.89,1464.89,2749.16,train
-HJZoEQ6Kok_10.wav,22050,10.0,220500,0.025582,0.247128,2582.87,1498.55,4315.26,train
DfpmFmM0LzQ_0.wav,22050,8.807,194192,0.262158,0.182598,2098.89,910.16,2956.37,train
66DfUfJEH1w_30.wav,22050,10.0,220500,0.014779,0.169325,2360.62,1863.25,3930.31,train
0hxDLZ7idDI_30.wav,22050,10.0,220500,0.136302,0.087291,1543.22,1559.33,3111.57,train
1PXp_eDlX00_110.wav,22050,10.0,220500,0.085101,0.181626,2868.49,2462.72,5383.8,train
3HsyrnXM52I_370.wav,22050,10.0,220500,0.047771,0.215437,3565.78,2825.2,6877.83,train
6ryVk_ZuFWE_13.wav,22050,10.0,220500,0.084796,0.160754,2570.42,2197.96,5143.91,train
khVl3xaoBBQ_30.wav,22050,10.0,220500,0.11119,0.060805,1255.45,1572.19,2431.4,train
35GZhbIN5lg_0.wav,22050,7.181,158352,0.249987,0.242271,3389.24,2528.39,6032.98,train
oDiOfjsKWy4_11.wav,22050,9.556,210714,0.126708,0.088656,1610.13,1651.91,2854.48,train
6xRqi2JC36k_30.wav,22050,10.0,220500,0.09769,0.089154,1848.96,2103.08,3760.84,train
seVeS4L7f1Y_60.wav,22050,10.0,220500,0.026992,0.169888,3000.76,2672.01,6017.58,train
o_scW-1QrCQ_20.wav,22050,10.0,220500,0.031926,0.146768,2771.93,2699.9,6247.58,train
wL395sq0Uxg_50.wav,22050,10.0,220500,0.010188,0.522306,5660.6,3065.21,9024.36,train
dsxAuophdzk_30.wav,22050,10.0,220500,0.010781,0.239124,3549.39,2807.65,7184.35,train
71I9l62agtM_460.wav,22050,10.0,220500,0.113707,0.04567,1366.62,2141.7,2751.63,train
cQI2ia-sCew_19.wav,22050,9.045,199434,0.048984,0.101084,1452.62,1103.12,2285.09,train
PnROKP9_h2w_0.wav,22050,10.0,220500,0.236604,0.112694,1484.54,1090.34,2762.12,train
CToES4S9oUE_30.wav,22050,10.0,220500,0.118042,0.134409,2434.98,1905.88,4443.21,train
1l2HVtBh9K4_14.wav,22050,9.679,213428,0.021235,0.110411,1612.47,1210.93,3126.11,train
XAGHrkNBrhA_30.wav,22050,10.0,220500,0.053477,0.140916,2468.64,2281.53,4812.15,train
BRCrFArdLUo_30.wav,22050,10.0,220500,0.183331,0.116512,2010.84,1789.88,3407.24,train
9fYlDdyH_Tw_30.wav,22050,10.0,220500,0.10559,0.086171,1397.8,1376.55,2461.7,train
gr2OWYJMZko_30.wav,22050,10.0,220500,0.032299,0.130893,2182.21,1941.17,4568.16,train
3xiiXWQA8cY_30.wav,22050,10.0,220500,0.194899,0.142331,2539.29,2158.74,4466.22,train
v7ZJGnb-kzw_20.wav,22050,10.0,220500,0.140476,0.144266,2496.16,2318.6,4758.61,train
KQtkP5KQdHg_30.wav,22050,10.0,220500,0.118571,0.108287,2234.17,2367.99,4771.93,train
tBi4-BSykdQ_460.wav,22050,10.0,220500,0.016027,0.22243,3026.4,2125.18,5312.68,train
aUpcJRI1NyE_430.wav,22050,10.0,220500,0.06577,0.199325,3287.2,2728.12,7702.07,train
F9AzjYVesfs_20.wav,22050,10.0,220500,0.015922,0.174439,2292.96,1692.05,4467.76,train
oViqj-zwkgs_18.wav,22050,9.748,214940,0.012268,0.062685,1456.69,1599.67,3112.91,train
uEhmd7Kt9Ko_80.wav,22050,10.0,220500,0.153813,0.050563,1426.29,2022.77,3079.35,train
nkoIin51C9g_0.wav,22050,10.0,220500,0.212149,0.069465,1715.18,2155.64,3540.29,train
SADWp_Ry8Vs_50.wav,22050,10.0,220500,0.138823,0.023282,1289.59,2254.1,2945.63,train
Sfs-fhIBjHE_70.wav,22050,10.0,220500,0.077987,0.130884,2270.71,2197.04,4411.23,train
Ug4s1SGIqFI_180.wav,22050,10.0,220500,0.169234,0.110021,2397.99,2521.45,5262.3,train
GmetnCLxFHE_40.wav,22050,9.976,219968,0.387753,0.09623,1598.76,1500.8,2773.23,train
LY-FtAtk-QY_320.wav,22050,10.0,220500,0.174276,0.17637,2683.95,2229.38,4983.09,train
BO3syemq9Rc_30.wav,22050,10.0,220500,0.018503,0.131529,2384.45,2136.5,4768.13,train
szQHj4KE4a4_40.wav,22050,10.0,220500,0.059407,0.165494,2766.17,2575.83,5899.7,train
5TeBGzrFQOs_0.wav,22050,10.0,220500,0.16192,0.361014,4522.94,2841.72,7921.82,train
eZKlTZih110_430.wav,22050,10.0,220500,0.013825,0.154269,2790.93,2557.26,5559.04,train
cEeiiGV0Zto_10.wav,22050,10.0,220500,0.034496,0.074355,1803.1,2468.42,4170.05,train
UzmPAW_PPA0_240.wav,22050,10.0,220500,0.072463,0.135211,1783.4,1629.21,3271.37,train
5gHDg0looKM_160.wav,22050,10.0,220500,0.082001,0.076617,1729.01,2154.23,3576.56,train
8y_kK7fV1QU_10.wav,22050,10.0,220500,0.092561,0.154293,2912.96,2614.46,5875.37,train
_hGDtiG8wnw_20.wav,22050,10.0,220500,0.127382,0.148368,2470.82,2281.38,4612.18,train
Bbrv_YvzCUM_570.wav,22050,10.0,220500,0.018206,0.15566,2921.43,2632.83,5875.97,train
7omM-ptdVSo_30.wav,22050,10.0,220500,0.021203,0.178782,2624.38,1864.38,4243.14,train
2Ccb8CegLn4_30.wav,22050,10.0,220500,0.074251,0.111924,2124.03,2233.81,4139.32,train
Ma0Drudc4UE_30.wav,22050,10.0,220500,0.021617,0.082274,1669.36,1918.79,3468.69,train
30Sm6NPl_rI_30.wav,22050,10.0,220500,0.203059,0.080611,1443.1,1454.41,2312.75,train
NoHcK1SYpxQ_27.wav,22050,9.595,211562,0.268076,0.07048,1712.41,1435.6,3497.01,train
l3aaNMmN79U_110.wav,22050,10.0,220500,0.054648,0.160838,2637.19,2305.09,5052.73,train
7WvaYZGoDh0_30.wav,22050,10.0,220500,0.179821,0.145515,1714.52,982.44,2822.7,train
KatU7SuscEU_130.wav,22050,10.0,220500,0.052134,0.168962,2685.25,2287.43,5017.61,train
RtP9sB5zwZg_110.wav,22050,10.0,220500,0.054715,0.389559,4504.89,2407.29,7087.3,train
d_vNeDID3_g_10.wav,22050,10.0,220500,0.202382,0.070052,1345.09,1255.09,2634.07,train
5t0PWKmWgAM_30.wav,22050,10.0,220500,0.071613,0.13042,2536.75,2495.27,5267.09,train
jDldsE_ZIoY_0.wav,22050,10.0,220500,0.035062,0.217366,3328.28,2714.26,6627.71,train
qnU-NgXn-ZU_30.wav,22050,10.0,220500,0.104293,0.454955,5312.22,2537.92,8350.79,train
yvFHb_hYzjM_430.wav,22050,10.0,220500,0.046332,0.416947,4936.72,2781.87,8265.7,train
Jt3hxwZrXzE_0.wav,22050,10.0,220500,0.019136,0.195607,2652.02,1972.81,5070.05,train
QN_184AMOWE_540.wav,22050,10.0,220500,0.056286,0.078943,1915.82,1937.9,3988.36,train
70SWnps2JAY_30.wav,22050,10.0,220500,0.409203,0.140968,1727.28,1102.13,2546.16,train
2VrebSkOf-k_30.wav,22050,10.0,220500,0.110367,0.126299,2528.59,2318.44,4819.14,train
ArQgQ0VmkIM_30.wav,22050,10.0,220500,0.209709,0.162164,1917.45,1293.52,3470.57,train
rGswNTN5e5A_30.wav,22050,10.0,220500,0.008874,0.38569,5126.81,3400.1,8913.5,train
aS4m6u0m8bM_30.wav,22050,10.0,220500,0.1316,0.208137,3104.65,2754.45,6646.09,train
gy7aA5mMrnw_0.wav,22050,10.0,220500,0.110476,0.026692,1024.13,1813.55,1784.16,train
rgWNayiamnQ_30.wav,22050,10.0,220500,0.015166,0.508735,5617.02,2868.18,9032.38,train
0F6V1arNxqs_100.wav,22050,10.0,220500,0.058781,0.378077,4429.82,2657.3,7431.25,train
5XEmMTFXTic_30.wav,22050,10.0,220500,0.034607,0.106931,1997.71,2087.96,3759.34,train
DE1-bj1wXWg_30.wav,22050,10.0,220500,0.118133,0.10636,2407.23,2448.94,4894.78,train
nZ48MGiPL2Q_40.wav,22050,10.0,220500,0.144132,0.106437,1975.41,2115.04,3828.01,train
UbnKbyps-UA_40.wav,22050,10.0,220500,0.173702,0.125062,1919.42,1519.41,3314.61,train
R9-NFpig3sE_30.wav,22050,10.0,220500,0.095927,0.083966,1873.61,2115.21,3783.95,train
LbWVyFlAlPU_30.wav,22050,10.0,220500,0.07627,0.151364,2580.61,2530.51,5241.64,train
5LUITpaKImU_110.wav,22050,10.0,220500,0.03703,0.28858,4063.1,2994.98,7792.57,train
JZlsCt8YVIA_0.wav,22050,10.0,220500,0.035587,0.096813,1561.22,1317.27,2600.67,train
7pBmOGo8DEU_30.wav,22050,10.0,220500,0.078729,0.086677,1761.26,1672.46,2957.37,train
6_kEgb36wP8_330.wav,22050,10.0,220500,0.024883,0.208634,3272.65,2735.76,6472.5,train
KBZ4fp3Syow_30.wav,22050,10.0,220500,0.14524,0.11288,2051.43,1868.86,4011.85,train
TBzn7FUXqqU_0.wav,22050,10.0,220500,0.01625,0.126272,2644.18,2586.1,5248.83,train
VFg7Cnag6hs_430.wav,22050,10.0,220500,0.161863,0.047972,1749.97,2346.12,4028.58,train
f_6nk-TwMfU_30.wav,22050,10.0,220500,0.094014,0.182196,2985.06,2613.92,5916.24,train
g3ZC3vVooR4_50.wav,22050,10.0,220500,0.017413,0.259295,3413.13,2458.94,6273.53,train
1vQZZPcRtx0_30.wav,22050,10.0,220500,0.097709,0.097402,1937.91,1907.99,3884.42,train
B6sduMGoE6I_10.wav,22050,9.389,207020,0.219835,0.25254,3605.87,2637.77,6666.63,train
_FkSBsscg90_500.wav,22050,10.0,220500,0.144379,0.48221,5424.93,3072.0,9022.34,train
OQFhxgKDmLc_480.wav,22050,10.0,220500,0.175295,0.116436,2147.78,1964.25,4077.77,train
9vrzLFYDfYM_110.wav,22050,10.0,220500,0.051006,0.086025,1412.24,1086.95,2690.0,train
MYtE3y3xDfU_10.wav,22050,10.0,220500,0.052271,0.250924,3718.36,2582.8,6722.58,train
ZYkq4a0gmxc_30.wav,22050,10.0,220500,0.060657,0.12953,2375.36,2271.98,4525.79,train
KqcRxt9SouI_120.wav,22050,10.0,220500,0.032091,0.263594,3242.81,2258.1,5387.75,train
ongEJZd5KPg_0.wav,22050,7.779,171520,0.004789,0.192636,3291.82,2851.76,6766.94,train
YhEQ1nsnAmc_20.wav,22050,10.0,220500,0.455993,0.204202,3140.21,2202.17,5532.43,train
L-go6Q31FZY_50.wav,22050,10.0,220500,0.084549,0.24339,3776.75,3350.83,8066.71,train
YAnmu0XoZXU_60.wav,22050,10.0,220500,0.016972,0.120573,2193.15,2270.84,4435.07,train
PlXoh-5BtUo_0.wav,22050,10.0,220500,0.099335,0.192735,2209.55,1179.91,3306.67,train
JSvzlu2vUkA_14.wav,22050,9.104,200740,0.187307,0.093648,2161.37,2634.22,4868.28,train
DYde9tzh2II_30.wav,22050,10.0,220500,0.188941,0.144038,2209.05,1866.21,3848.15,train
QiEHFpKSlzE_3.wav,22050,9.655,212890,0.005934,0.087076,1805.23,2199.4,3682.28,train
Ep2nvuMncUA_350.wav,22050,10.0,220500,0.058124,0.212166,3161.29,2509.6,5850.99,train
JaPSQ6S2eNY_140.wav,22050,10.0,220500,0.08576,0.252847,3686.74,2535.08,6585.16,train
FOhOxgw16dE_40.wav,22050,10.0,220500,0.073953,0.152148,2834.65,2713.08,6081.81,train
Zg1a0dYoZSo_30.wav,22050,10.0,220500,0.095949,0.109446,2126.46,2112.97,4097.28,train
c4sv1cyLgwc_400.wav,22050,10.0,220500,0.200865,0.179664,2577.4,2064.34,4362.9,train
pB_XT5OPFlg_60.wav,22050,10.0,220500,0.209264,0.13556,2578.89,2790.5,5787.84,train
nTlU2-AGYq0_330.wav,22050,10.0,220500,0.144252,0.057806,1266.38,1456.0,2958.47,train
_1hnunrX__k_210.wav,22050,10.0,220500,0.019795,0.30717,4087.81,2816.43,7491.38,train
wbMMt6lgv6k_40.wav,22050,10.0,220500,0.028316,0.422711,5140.05,2790.7,8343.47,train
jgRCmUsRbK0_30.wav,22050,10.0,220500,0.00286,0.32176,4071.44,3055.03,8121.56,train
qBT6J1cMJEQ_30.wav,22050,10.0,220500,0.073122,0.182698,3178.3,2829.96,6446.87,train
yFMUafoA9fA_190.wav,22050,10.0,220500,0.125365,0.096784,2487.84,2754.17,5700.18,train
JVPxmvH0SkU_30.wav,22050,10.0,220500,0.081397,0.078961,1158.01,991.37,2276.45,train
-NBRp5qsrYQ_21.wav,22050,10.0,220500,0.241194,0.026944,696.54,1009.28,1360.64,train
DEGQ7wApZ7A_30.wav,22050,10.0,220500,0.043255,0.128058,2323.58,1963.42,3991.16,train
T0BCb1O_NnA_160.wav,22050,10.0,220500,0.342433,0.071972,1994.2,2315.88,4505.86,train
Lb6UgPSdp0o_30.wav,22050,10.0,220500,0.008245,0.187033,3051.23,2075.28,5156.7,train
d5DRcy2KfNs_18.wav,22050,9.074,200092,0.007106,0.21463,3469.81,3004.64,7183.91,train
93oFzWFerQc_29.wav,22050,9.127,201254,0.00512,0.083002,1280.7,1110.24,2399.67,train
rBPFCHApOpI_210.wav,22050,10.0,220500,0.034137,0.138917,2419.88,2298.54,4795.16,train
BbYDTaGU4cg_20.wav,22050,10.0,220500,0.068355,0.156695,2823.05,2558.28,5886.58,train
pZ47vpHJJCs_430.wav,22050,10.0,220500,0.095568,0.223049,2629.22,1599.64,4458.35,train
yeNb1k7ca5g_470.wav,22050,10.0,220500,0.074327,0.403287,4598.18,2604.36,7201.81,train
No15_ZZJOZw_210.wav,22050,10.0,220500,0.235592,0.170035,2321.56,1610.76,3634.12,train
4n7O0dJ3pmE_0.wav,22050,10.0,220500,0.046022,0.27502,2981.22,1290.5,4394.45,train
fmOxdHBe_yY_17.wav,22050,9.872,217678,0.042187,0.115375,1748.75,1445.39,3409.73,train
Gd1kkJlNZFI_4.wav,22050,9.7,213880,0.173905,0.133733,2433.94,2244.98,4735.6,train
35p437N1N98_30.wav,22050,10.0,220500,0.02742,0.42703,4786.91,2396.32,7569.65,train
jeRqXmxvEIc_290.wav,22050,10.0,220500,0.090991,0.10871,1404.07,995.98,2227.56,train
f5K5AkVPD6Y_290.wav,22050,10.0,220500,0.072973,0.113056,2246.25,2399.29,4985.51,train
2-bnHoVlplo_10.wav,22050,10.0,220500,0.013672,0.283127,3759.65,2882.76,6983.4,train
SRUEkYwY7qU_370.wav,22050,10.0,220500,0.241948,0.142512,2459.77,2314.42,4905.8,train
IdtybpS9Gpo_310.wav,22050,10.0,220500,0.113989,0.132081,1671.52,988.35,2800.97,train
g7UKUr96ts4_30.wav,22050,10.0,220500,0.086054,0.089396,2254.51,2553.94,5087.71,train
Uybtn8LcMXY_20.wav,22050,10.0,220500,0.397746,0.114405,1976.04,1599.28,3916.87,train
-H1aS3QG3ZM_90.wav,22050,10.0,220500,0.037975,0.188898,3175.37,2773.04,6566.45,train
qWDg9VM6OQE_0.wav,22050,10.0,220500,0.149718,0.169763,2623.87,2067.51,4693.29,train
jtL0pXwd2KE_40.wav,22050,10.0,220500,0.018208,0.089786,2337.58,2453.15,4709.1,train
xOBVrKZ6-wo_10.wav,22050,10.0,220500,0.246672,0.193493,2634.45,2021.57,4614.4,train
uN4LHeFWBHY_200.wav,22050,10.0,220500,0.155125,0.53705,6027.62,2613.67,8930.58,train
w4UczhMEONE_26.wav,22050,9.062,199820,0.199759,0.053815,789.37,644.59,1307.52,train
EW7ERlSwSNk_30.wav,22050,10.0,220500,0.034187,0.154001,1722.63,886.67,2798.74,train
Ct5gM2WBbJY_240.wav,22050,10.0,220500,0.01705,0.121812,2540.62,2546.57,5267.97,train
ITnufkNNEB8_70.wav,22050,10.0,220500,0.109511,0.235988,2605.58,1534.6,4549.08,train
e5I67Fyqz_U_0.wav,22050,10.0,220500,0.008836,0.04285,1474.06,2147.08,3188.29,train
56USwVuyrmM_30.wav,22050,10.0,220500,0.220346,0.099051,1862.81,1949.25,3650.95,train
yyYkeJTbuvs_0.wav,22050,10.0,220500,0.030887,0.29178,4039.53,2839.57,7455.66,train
0rtOoG6zTNk_30.wav,22050,10.0,220500,0.058735,0.131325,2168.6,1889.86,4067.33,train
zgJoDDJumUk_40.wav,22050,10.0,220500,0.056093,0.16239,2989.21,2391.79,5440.73,train
85TF-vY_Oeo_180.wav,22050,10.0,220500,0.154271,0.199713,3031.84,2442.97,5780.89,train
4_ITLNi3Wx8_22.wav,22050,9.718,214292,0.178256,0.101984,2249.4,2354.02,4444.63,train
xiATG5l90wk_27.wav,22050,9.223,203370,0.063876,0.101496,1506.99,1077.67,2751.35,train
9clA1uIPnRY_13.wav,22050,9.082,200262,0.032277,0.266636,4131.11,3055.74,7886.56,train
cvXD-C-KrKk_440.wav,22050,10.0,220500,0.028443,0.155808,3048.56,2775.62,6191.4,train
00kJM_6wH0c_50.wav,22050,10.0,220500,0.294363,0.074456,1601.26,1791.42,2876.88,train
imVWSc_2wQs_40.wav,22050,10.0,220500,0.150389,0.090596,1620.32,1634.68,3017.52,train
7x2f1I7tZvg_30.wav,22050,10.0,220500,0.096785,0.073142,1502.28,1760.16,2972.61,train
opuUiVgv4qI_30.wav,22050,10.0,220500,0.106756,0.09458,2307.5,2589.38,5466.59,train
YBVPeEXtKLk_30.wav,22050,10.0,220500,0.14026,0.013226,599.3,1446.94,705.75,train
gjje3WHah4w_30.wav,22050,10.0,220500,0.006342,0.184107,3359.61,2681.02,6651.89,train
6h4vHDNDjWE_30.wav,22050,10.0,220500,0.065418,0.118681,1497.36,1030.98,2527.33,train
YttZlsVTRek_15.wav,22050,9.079,200194,0.163532,0.118853,2193.48,2151.25,4245.97,train
iqYe_7r40qY_30.wav,22050,10.0,220500,0.072158,0.469057,5182.6,2801.41,8157.01,train
kY0vgVGZpiA_10.wav,22050,10.0,220500,0.053788,0.131664,1685.83,1075.49,2975.4,train
ocx1jnmQ2n4_30.wav,22050,10.0,220500,0.049312,0.090486,1830.46,1857.11,3461.47,train
0omtm408iqo_100.wav,22050,10.0,220500,0.212824,0.170926,1966.33,996.73,2676.76,train
FisneqPoUV0_40.wav,22050,10.0,220500,0.009115,0.028558,1129.74,1753.68,2724.55,train
-mKuyG055es_10.wav,22050,10.0,220500,0.226463,0.056808,1078.02,1204.45,1995.87,train
miNGD2SsfPc_50.wav,22050,10.0,220500,0.057936,0.108769,2427.54,2266.74,4853.49,train
6yZX5mgmVn4_30.wav,22050,10.0,220500,0.027693,0.083044,2080.56,2153.57,4173.92,train
rkD_AufuJis_30.wav,22050,10.0,220500,0.246096,0.200869,2816.78,2145.57,5452.7,train
fZLbR41uk_M_30.wav,22050,10.0,220500,0.163471,0.086849,2044.54,2626.69,5301.46,train
Il9gDHN7fSE_30.wav,22050,10.0,220500,0.1579,0.018483,664.81,1541.45,824.58,train
t3Sy-E5Urmg_26.wav,22050,10.0,220500,0.213087,0.086195,1702.71,1497.55,3453.03,train
D7A6ogtbclM_4.wav,22050,10.0,220500,0.122866,0.118019,1787.8,1590.79,3633.64,train
m404HAaRcUM_10.wav,22050,10.0,220500,0.02226,0.1554,2513.82,2168.2,4758.96,train
9JHw0TvrgEo_30.wav,22050,10.0,220500,0.090092,0.05653,1035.83,1043.02,2082.48,train
-gFcaQq0lCI_30.wav,22050,10.0,220500,0.027504,0.061022,1411.79,1793.29,2645.76,train
q3wuTx2zA0k_220.wav,22050,10.0,220500,0.139171,0.110785,1946.5,1829.78,3593.55,train
lGtzz1-YcVs_30.wav,22050,10.0,220500,0.054648,0.314418,4358.84,3185.49,8561.3,train
7AYOxjLPW6Y_30.wav,22050,10.0,220500,0.180388,0.138011,2053.46,1935.9,4340.79,train
v5x5svSaZjY_30.wav,22050,10.0,220500,0.007288,0.084797,2177.11,2392.86,4647.42,train
lUmqedXtvhg_30.wav,22050,10.0,220500,0.027467,0.086826,2046.02,2509.25,4796.26,train
O2P957_4MHQ_30.wav,22050,10.0,220500,0.197836,0.149933,2588.68,2049.1,4807.55,train
MIhUd22_vr0_70.wav,22050,10.0,220500,0.287751,0.086915,1400.91,1202.81,2603.32,train
HGg8Q16rKW4_430.wav,22050,10.0,220500,0.103236,0.294786,4183.84,2982.72,7935.39,train
TgZWxxVySv8_13.wav,22050,9.298,205014,0.175851,0.127916,2529.47,2503.51,4834.55,train
jEVlIv5lsYM_50.wav,22050,9.629,212316,0.127645,0.111895,2536.44,2552.11,5623.88,train
-QwBxtC3aUo_30.wav,22050,10.0,220500,0.047625,0.059235,1733.94,1920.35,3471.17,train
sWjmWUyT-go_10.wav,22050,10.0,220500,0.054944,0.192228,3334.55,2725.93,8207.82,train
DgzlrssdPMA_30.wav,22050,10.0,220500,0.196226,0.096703,2040.73,2088.41,3649.83,train
2Cv4SwR7M-g_0.wav,22050,10.0,220500,0.243064,0.039368,1582.1,2191.49,3472.84,train
QbfgbIgcnZ0_260.wav,22050,10.0,220500,0.027414,0.176279,2755.81,2360.47,5121.11,train
7E6O1Srdjec_30.wav,22050,10.0,220500,0.072421,0.050977,1233.33,1596.53,2427.08,train
K7Xw4b5hPGk_410.wav,22050,10.0,220500,0.056126,0.401914,5370.79,2711.94,8513.93,train
NG5VTzmEAlk_10.wav,22050,10.0,220500,0.068165,0.164697,2050.8,1307.37,3389.43,train
99HbUc4yrz8_0.wav,22050,10.0,220500,0.057385,0.169164,2444.68,1905.01,4476.26,train
G2GJhWdwneE_140.wav,22050,10.0,220500,0.0294,0.088963,1609.29,1634.59,3149.14,train
CJJ5wo6xGn4_30.wav,22050,10.0,220500,0.061507,0.100211,1903.73,1828.5,4111.29,train
4qSe410K8YE_30.wav,22050,10.0,220500,0.144117,0.119296,2078.82,1890.74,3979.77,train
DKWDOA5r2Rw_30.wav,22050,10.0,220500,0.344559,0.201311,2987.61,2372.11,5718.91,train
zhr_3Tc_1kQ_290.wav,22050,9.753,215052,0.130471,0.168404,2694.31,2221.22,4940.85,train
pR3pPJC5DFA_170.wav,22050,10.0,220500,0.021279,0.17185,2627.82,2249.1,4916.09,train
0QzC8ORgZlM_30.wav,22050,10.0,220500,0.152229,0.172803,2879.75,2490.14,5290.15,train
VJO7j3NuwQY_10.wav,22050,10.0,220500,0.090277,0.097515,1766.41,1734.86,3202.9,train
5JSDRgTCt7M_40.wav,22050,10.0,220500,0.152963,0.134853,2418.89,2229.37,4746.97,train
JaI3sVjIS0A_30.wav,22050,10.0,220500,0.039326,0.180879,3185.7,2878.69,6728.18,train
UUSNmRyiQ_c_3.wav,22050,9.098,200602,0.064467,0.003665,299.46,496.82,567.42,train
jnckh3fPQ7U_20.wav,22050,10.0,220500,0.023551,0.113455,2403.04,2508.59,5486.55,train
ReWk7F4PslI_20.wav,22050,10.0,220500,0.030761,0.173288,2775.39,2296.53,5206.54,train
62TTJJ0f-_Q_120.wav,22050,10.0,220500,0.145328,0.256358,3500.32,2651.7,6488.79,train
rFfes2vOyMQ_20.wav,22050,10.0,220500,0.156368,0.098628,1842.59,1954.61,3683.5,train
ArfmOYO50LE_0.wav,22050,10.0,220500,0.036117,0.07968,1706.91,2169.85,3685.55,train
6VglYA9sUZc_12.wav,22050,9.687,213608,0.28256,0.035484,896.0,1361.15,1388.14,train
5YBvU_CEFp8_460.wav,22050,10.0,220500,0.019582,0.08036,1998.74,2367.37,4262.92,train
2u1g-QCI7Ls_150.wav,22050,10.0,220500,0.094154,0.026189,640.38,872.23,1384.59,train
E-xK8kIcX80_110.wav,22050,10.0,220500,0.256919,0.059817,1639.26,2025.59,3561.02,train
8SSmaIpwTH8_30.wav,22050,10.0,220500,0.182373,0.155212,2440.82,1954.89,4216.09,train
3oDtEx6cBfs_190.wav,22050,10.0,220500,0.023704,0.118787,1877.95,1661.89,4018.89,train
VxF-BEE62nE_30.wav,22050,10.0,220500,0.066779,0.116806,2239.56,2284.61,4550.85,train
MZEM-5KUbVc_50.wav,22050,10.0,220500,0.053071,0.033874,785.22,1206.28,1310.55,train
0mhcuNdfXXo_130.wav,22050,10.0,220500,0.136471,0.088536,1875.9,2059.53,3661.89,train
25nxcw5kY3E_17.wav,22050,9.517,209854,0.295137,0.062806,1821.88,2339.35,4028.84,train
fpthkM5GDYU_290.wav,22050,10.0,220500,0.025176,0.09835,1526.3,1258.67,2586.98,train
8bRkaR1GdSI_30.wav,22050,10.0,220500,0.019439,0.103322,2559.66,2856.59,6011.89,train
KRlTwUbNW7o_8.wav,22050,9.508,209648,0.14729,0.155768,2650.88,2058.11,4891.03,train
SqhYs7SloR8_60.wav,22050,10.0,220500,0.126995,0.370547,3863.72,1783.01,5725.36,train
k2XKcfRLbo8_90.wav,22050,10.0,220500,0.080938,0.192916,2718.16,2075.37,5059.0,train
V-G5GKiEKdY_10.wav,22050,9.714,214188,0.054459,0.149694,1708.98,1006.19,2783.31,train
ejjnvGDLYHM_80.wav,22050,10.0,220500,0.11009,0.117875,1475.39,911.79,2218.34,train
6M_JfKJxNVA_30.wav,22050,10.0,220500,0.150342,0.163087,3188.81,3179.05,7315.74,train
w9fYWJwcKQQ_170.wav,22050,10.0,220500,0.054113,0.154954,2657.53,2330.49,5098.22,train
L4wMy-_DP08_14.wav,22050,9.708,214052,0.03101,0.409919,4687.52,3111.21,8072.2,train
drp4bXUL_VU_30.wav,22050,10.0,220500,0.076707,0.090896,1274.14,944.85,2341.27,train
ZPwDoEjqIt8_13.wav,22050,9.384,206918,0.116618,0.136045,1855.29,1498.16,3630.9,train
2CHkSpGgePM_0.wav,22050,10.0,220500,0.054384,0.165813,2504.06,2082.04,4656.22,train
At0ikcroino_30.wav,22050,10.0,220500,0.155694,0.299231,3842.74,2249.59,6235.76,train
BYGADuRTxYw_80.wav,22050,10.0,220500,0.243801,0.299012,4121.46,2693.66,7420.51,train
XC29CYnMcs4_20.wav,22050,9.768,215384,0.071324,0.201795,2684.92,1977.7,4523.99,train
fXUT4w2jCWs_130.wav,22050,10.0,220500,0.037459,0.080202,1468.73,1576.57,2750.63,train
gfQU1iIUVno_30.wav,22050,10.0,220500,0.017171,0.16748,2165.39,1739.2,3244.74,train
8b5VG6ky_Wo_10.wav,22050,10.0,220500,0.147321,0.168662,1883.9,1156.79,3171.85,train
qojNFwMoSbc_0.wav,22050,10.0,220500,0.023737,0.113784,2281.32,2190.3,4389.03,train
4icugX_Pt3o_230.wav,22050,10.0,220500,0.0901,0.261652,4106.79,3373.11,8315.34,train
sxRXduzl3Bw_30.wav,22050,10.0,220500,0.04911,0.172809,2832.01,2454.17,5634.21,train
7ZtsuPzJ8DA_170.wav,22050,10.0,220500,0.141261,0.139558,2612.37,2512.62,5367.09,train
SgS19R3ZdkU_0.wav,22050,5.759,126976,0.148035,0.01364,513.79,1000.73,1064.38,train
1HviubsEE9I_0.wav,22050,10.0,220500,0.116789,0.182445,2310.94,1673.46,4298.82,train
NMnZn6p1VLs_17.wav,22050,9.378,206782,0.013629,0.185179,2822.23,2567.46,5447.18,train
qbCpXVgSArY_40.wav,22050,10.0,220500,0.017711,0.068643,1638.54,2106.58,3402.2,train
mY80kPdrW2U_130.wav,22050,10.0,220500,0.010065,0.115471,2261.82,2256.04,4487.95,train
HzglHmYEId8_30.wav,22050,10.0,220500,0.063149,0.075074,1318.65,1302.26,2695.85,train
Y_X-UlXBHZY_2.wav,22050,10.0,220500,0.135385,0.173594,2141.46,1520.61,3992.44,train
E0d7qwfJFeY_30.wav,22050,10.0,220500,0.124709,0.010808,302.26,471.81,518.85,train
-2MX_uVcsms_30.wav,22050,10.0,220500,0.034663,0.050955,897.99,915.16,1820.7,train
Aw-X3yP3uWU_12.wav,22050,9.055,199672,0.240238,0.082884,1161.03,841.95,1881.67,train
w4wAuaSnEeU_150.wav,22050,10.0,220500,0.071045,0.07257,1840.54,2341.24,3864.24,train
2r0BI3HC0VU_30.wav,22050,10.0,220500,0.110327,0.149228,2639.68,2434.09,5279.93,train
NLvY38hgNsM_2.wav,22050,9.21,203084,0.006323,0.120519,2362.59,2353.51,4737.68,train
CqA0YlZKZBM_360.wav,22050,10.0,220500,0.051867,0.134034,2418.75,2392.27,4878.09,train
LyMLSUjiqpg_60.wav,22050,10.0,220500,0.102608,0.168292,2737.89,2360.21,5280.51,train
Njc3L4nQyyA_130.wav,22050,10.0,220500,0.04172,0.185547,2771.65,2235.78,5033.67,train
-LWu_lirwKk_0.wav,22050,10.0,220500,0.064756,0.118269,1832.61,1371.87,3079.85,train
syO_QqX3Tqs_21.wav,22050,9.999,220470,0.07621,0.193257,2970.08,2542.14,5874.47,train
44P_EviAJPA_30.wav,22050,10.0,220500,0.045606,0.227149,3546.42,3012.69,7426.36,train
bSWr1zdB1fk_140.wav,22050,10.0,220500,0.011768,0.203591,3463.78,2891.41,6903.66,train
RcpVgaq202o_450.wav,22050,10.0,220500,0.304496,0.165135,2430.94,1758.22,4308.89,train
9XtIXlQIhXQ_30.wav,22050,10.0,220500,0.117347,0.18912,3330.89,2922.52,6979.41,train
CtgmOu_BhB4_30.wav,22050,10.0,220500,0.099446,0.044173,780.05,903.83,1287.2,train
y9rQUVFh6gk_0.wav,22050,10.0,220500,0.091116,0.224506,3143.37,2206.12,5217.03,train
2n1D12vT_8Y_28.wav,22050,9.941,219208,0.104559,0.120468,1550.2,1323.49,2999.59,train
AzVmATK3XyI_30.wav,22050,10.0,220500,0.073325,0.167703,2268.17,1736.36,3973.98,train
abgoqdX3wKU_30.wav,22050,10.0,220500,0.032086,0.483872,5142.02,2854.5,8384.51,train
UKaFuGKqX04_180.wav,22050,10.0,220500,0.079866,0.056515,1123.62,1573.25,1734.35,train
vtVx9lkgCX0_30.wav,22050,10.0,220500,0.103616,0.193382,3058.9,2701.93,6300.29,train
8PapYlTxCIM_30.wav,22050,10.0,220500,0.021453,0.166634,4150.65,2928.29,7646.39,train
tp27leoiCeQ_80.wav,22050,10.0,220500,0.193148,0.40584,4495.47,2472.92,7438.15,train
nbDJTcPW6FU_120.wav,22050,10.0,220500,0.017762,0.103849,2068.6,2113.62,3791.77,train
ojI-Ou2_vr4_0.wav,22050,10.0,220500,0.51369,0.052664,1497.0,1648.56,3038.38,train
EONfjVbpIuM_140.wav,22050,10.0,220500,0.171117,0.132172,2378.56,2264.95,4520.92,train
dE4sYphFUaU_90.wav,22050,10.0,220500,0.139462,0.118587,2435.34,2518.46,5165.82,train
kUirrZkXK2Q_30.wav,22050,10.0,220500,0.096722,0.168837,2675.07,2211.07,4664.56,train
DNrfyUODQIQ_30.wav,22050,10.0,220500,0.078188,0.165383,2188.97,1514.87,3428.73,train
or--zKi9RpQ_60.wav,22050,10.0,220500,0.012047,0.162751,2928.72,2689.7,6203.99,train
02dEE23cyGU_2.wav,22050,10.0,220500,0.089527,0.089007,1492.94,1612.58,2659.25,train
4f8JRAYV0qg_110.wav,22050,10.0,220500,0.167029,0.374699,4829.76,2893.02,8502.07,train
6atqeYc3TK8_30.wav,22050,10.0,220500,0.192533,0.654061,6942.02,2438.29,9495.49,train
MS-9oV-mCAo_30.wav,22050,10.0,220500,0.009657,0.090902,2263.57,2520.13,4930.28,train
dG7E-tKok9c_340.wav,22050,10.0,220500,0.050229,0.096881,1521.75,1423.07,3197.66,train
G3XXleJRRQA_60.wav,22050,10.0,220500,0.040849,0.274925,3523.24,2316.1,6026.35,train
py7fdK-fpyU_10.wav,22050,10.0,220500,0.140301,0.234408,3535.96,2184.32,6056.25,train
Bf097nxpbi4_30.wav,22050,10.0,220500,0.063507,0.277875,3625.31,2451.65,6245.6,train
9pMubUShDmE_30.wav,22050,10.0,220500,0.029466,0.151801,2466.24,2381.8,4922.11,train
Jc2KEymlDY0_10.wav,22050,10.0,220500,0.298218,0.082867,1117.19,825.04,1726.2,train
Zq8UkUAhLZQ_30.wav,22050,10.0,220500,0.241886,0.1187,1951.2,1797.17,3920.64,train
ol1iVYY8Arg_110.wav,22050,10.0,220500,0.075351,0.270799,3763.14,2609.72,6809.86,train
exCFPyuiYpA_30.wav,22050,10.0,220500,0.00912,0.172695,2883.22,2560.8,5995.52,train
Jnxo_obbopU_0.wav,22050,10.0,220500,0.062149,0.145739,2312.61,2044.16,4840.15,train
VsC-LSmQuQw_0.wav,22050,10.0,220500,0.007094,0.162035,2852.26,2334.24,5944.56,train
N7woBhb_yJM_170.wav,22050,10.0,220500,0.024109,0.180196,3048.39,2759.4,6645.72,train
eZRCW8pcjWI_5.wav,22050,9.02,198886,0.018812,0.196905,2462.85,1528.64,4032.74,train
S5wiN0S_gUY_60.wav,22050,10.0,220500,0.110519,0.141505,2476.59,2197.74,4535.71,train
TwJ395KoLh4_23.wav,22050,9.531,210162,0.414006,0.09349,2177.46,2017.94,4117.64,train
Ds2v2iNCfKM_80.wav,22050,10.0,220500,0.065195,0.405142,4837.23,2991.82,8492.13,train
wd_OvIogPsc_100.wav,22050,10.0,220500,0.040688,0.390912,4522.82,3027.91,7424.63,train
HtpTSTEXXpw_130.wav,22050,10.0,220500,0.023814,0.391607,4757.99,3083.48,8526.9,train
Q_RbNnpF44U_30.wav,22050,10.0,220500,0.083422,0.124174,2334.81,2380.6,4756.76,train
tWGsONqUCA4_280.wav,22050,10.0,220500,0.044788,0.175677,3179.18,2564.91,6106.71,train
fRGOmywPPjg_30.wav,22050,10.0,220500,0.012276,0.143532,1678.81,1239.89,3169.08,train
0DAJnCCayWw_30.wav,22050,10.0,220500,0.171097,0.151195,2552.19,2268.25,4944.67,train
BvsgHQC5K0M_60.wav,22050,10.0,220500,0.01307,0.109817,1473.54,1021.36,2543.52,train
2JB9f0qdY0U_30.wav,22050,10.0,220500,0.021294,0.217344,3198.2,2563.34,6047.61,train
8gV1C-CquWQ_30.wav,22050,10.0,220500,0.119205,0.094757,2084.96,2283.73,4283.73,train
q9UMXSBqmos_30.wav,22050,10.0,220500,0.077862,0.15666,2834.55,2396.29,5445.48,train
cOUxcs7A-os_0.wav,22050,10.0,220500,0.112407,0.144473,2434.91,2180.92,4548.33,train
NZo4WyJ3u2I_580.wav,22050,10.0,220500,0.217255,0.298798,4039.66,2896.5,7437.95,train
Z5576WgvHEE_420.wav,22050,10.0,220500,0.067548,0.133183,2704.83,2476.8,5518.25,train
L-_T7OpZ6F8_0.wav,22050,10.0,220500,0.036737,0.10887,1728.28,1386.67,3272.65,train
ndg1wF01Oow_80.wav,22050,10.0,220500,0.035541,0.062528,1447.77,1889.16,2554.93,train
5WvuMN8nr0g_120.wav,22050,10.0,220500,0.009924,0.102615,2009.93,2063.33,3757.57,train
2KI5DapHfgE_20.wav,22050,10.0,220500,0.067383,0.080457,1287.75,1453.96,2911.53,train
wALMtl5DVbM_220.wav,22050,10.0,220500,0.079241,0.140432,2368.0,2340.61,4788.96,train
TEdyjP9rsPQ_20.wav,22050,10.0,220500,0.041157,0.162023,2770.63,2581.9,5638.08,train
1raKHyXGd7w_30.wav,22050,10.0,220500,0.081598,0.184507,2073.44,1110.65,3310.07,train
19qNZuPUkcY_30.wav,22050,10.0,220500,0.228579,0.042752,904.36,897.5,1716.01,train
bUk3kGxXyh0_250.wav,22050,10.0,220500,0.033902,0.080227,1665.14,1900.69,3085.04,train
3m7V0B62BX0_40.wav,22050,10.0,220500,0.005932,0.142797,2809.8,2005.15,4868.13,train
TxS6cgqU2iE_170.wav,22050,10.0,220500,0.017964,0.082061,2006.72,2336.91,4486.4,train
VxfA5-ul_FY_30.wav,22050,10.0,220500,0.089151,0.157718,2999.95,2802.06,6267.71,train
4SKBaO5kxFM_30.wav,22050,10.0,220500,0.098724,0.111654,2119.63,2040.45,4097.95,train
A1olV8Lo6FE_24.wav,22050,9.971,219856,0.132034,0.248455,4036.9,3309.79,8371.36,train
847vzyiJDLA_30.wav,22050,10.0,220500,0.234841,0.115569,2078.25,1643.47,3785.17,train
2Jhygiw4qqo_9.wav,22050,9.85,217182,0.141872,0.201164,2967.03,2297.6,5284.05,train
RDGQ1YIwKkA_30.wav,22050,10.0,220500,0.066634,0.119085,2540.43,2603.82,5738.5,train
726HuFBXfZg_5.wav,22050,9.31,205286,0.114709,0.247655,2694.0,1679.49,4591.65,train
_olMBq9ihZU_30.wav,22050,10.0,220500,0.041036,0.203806,3241.32,2734.88,6498.78,train
33_0aYpTgOU_30.wav,22050,10.0,220500,0.023813,0.153965,2692.04,2401.53,4988.81,train
2IeRsztzLt8_30.wav,22050,10.0,220500,0.17855,0.085012,1427.65,1227.07,2325.59,train
-J22yBGHHts_30.wav,22050,10.0,220500,0.039626,0.124462,2485.1,2479.23,4951.61,train
5WpjuP9uJrI_30.wav,22050,10.0,220500,0.183332,0.156176,3034.72,2885.04,6641.24,train
oy3JfEt1SLU_500.wav,22050,10.0,220500,0.038878,0.066755,1480.88,1913.09,2899.86,train
xeteu1Ditvw_120.wav,22050,10.0,220500,0.115037,0.063177,1612.4,2071.37,3334.27,train
3ItHVu-KT2k_20.wav,22050,10.0,220500,0.040856,0.180476,2484.52,2155.33,5138.82,train
ySRiBwykQ0s_30.wav,22050,10.0,220500,0.025634,0.065371,1128.44,1070.15,2427.28,train
-dWlxtczn7E_60.wav,22050,10.0,220500,0.013524,0.221551,3399.22,2726.33,6557.83,train
FGrPjfhppMQ_19.wav,22050,9.189,202618,0.044359,0.135423,3236.44,2981.43,7044.86,train
7vPdfdn3mbA_80.wav,22050,10.0,220500,0.004479,0.250747,3576.38,2675.41,6692.2,train
wn38dP6hcrc_300.wav,22050,10.0,220500,0.101957,0.083492,1756.89,1973.58,3595.12,train
EioAuS-NZcM_30.wav,22050,10.0,220500,0.222366,0.102911,1330.48,845.24,2064.06,train
CH5GZkmmJik_30.wav,22050,10.0,220500,0.067859,0.159743,2777.18,2363.78,5211.51,train
4jqM8eIKRyI_30.wav,22050,10.0,220500,0.097798,0.055152,1918.86,2459.78,4464.52,train
cwkzd9snUNQ_300.wav,22050,10.0,220500,0.162985,0.129389,2249.92,2196.05,4526.42,train
sy0g2NeBmME_10.wav,22050,10.0,220500,0.077975,0.280321,3875.41,2609.01,6822.33,train
7d9DcAFOB-c_0.wav,22050,2.352,51856,0.136085,0.335057,4047.7,1728.97,5575.83,train
9cXmbZUlN7Q_60.wav,22050,10.0,220500,0.157259,0.081939,1608.57,1843.92,3155.51,train
hnjZKONjoSk_30.wav,22050,10.0,220500,0.04321,0.178669,3214.82,2896.0,6657.96,train
DwQ-Fn01tAE_30.wav,22050,10.0,220500,0.099017,0.302424,4475.15,3158.6,8318.99,train
TBP9k2Xsj6g_250.wav,22050,10.0,220500,0.020128,0.167917,2863.32,2507.79,5720.21,train
8BikK9S-T3Y_16.wav,22050,10.0,220500,0.048922,0.142807,1856.18,1439.46,3352.56,train
1vCkY8cNLGc_30.wav,22050,10.0,220500,0.367188,0.0509,1287.15,1450.92,3069.28,train
T0ctp-zow2o_60.wav,22050,10.0,220500,0.145227,0.099504,2091.63,2206.82,4340.56,train
6xLmc6ZaCik_30.wav,22050,10.0,220500,0.023167,0.111738,1436.25,983.16,2489.43,train
6E55m6z8nmY_220.wav,22050,10.0,220500,0.070734,0.089224,2158.26,2535.47,4566.56,train
pic3oNrfgnU_350.wav,22050,10.0,220500,0.044683,0.09738,1711.58,1630.81,3047.47,train
p3Ii5vPswdo_120.wav,22050,10.0,220500,0.003474,0.349023,4671.23,3357.21,8968.58,train
A1LI2sGliaI_30.wav,22050,10.0,220500,0.004435,0.183064,2747.57,2508.53,5738.17,train
djy8h-S4hr0_30.wav,22050,10.0,220500,0.131033,0.114922,1771.46,1575.01,3493.92,train
dhE9n_uDb9s_0.wav,22050,10.0,220500,0.197269,0.125602,2001.9,1665.53,4060.93,train
ZGMvj8zDsis_120.wav,22050,10.0,220500,0.006658,0.22446,3661.34,2888.25,7184.32,train
PZ1WSqVyROI_30.wav,22050,10.0,220500,0.184816,0.177007,2810.71,2421.79,5691.76,train
BrxUVumbBYI_30.wav,22050,10.0,220500,0.009644,0.191701,3581.82,3049.04,7476.02,train
hbIYUNdwSBc_30.wav,22050,10.0,220500,0.245224,0.118063,1457.09,1056.82,2771.51,train
3m47koJLa04_0.wav,22050,10.0,220500,0.175345,0.266571,3409.33,2118.72,5729.23,train
x6_ehkYq9YE_20.wav,22050,10.0,220500,0.127043,0.131592,2210.65,2124.74,4463.17,train
9NffIcelwPg_170.wav,22050,10.0,220500,0.16167,0.295877,3908.22,2756.73,7134.93,train
e3p8zx_Y_Kw_250.wav,22050,10.0,220500,0.104146,0.104288,2580.07,2630.29,5897.77,train
3YZmdKAutms_250.wav,22050,10.0,220500,0.028847,0.176384,3159.78,2831.31,6640.5,train
8G0kRSekNIk_30.wav,22050,10.0,220500,0.187711,0.117806,1993.69,1874.46,3783.55,train
RwSaCya506E_70.wav,22050,10.0,220500,0.069147,0.091955,1867.69,2085.69,3821.84,train
OWeBUmLmAOM_30.wav,22050,10.0,220500,0.176265,0.174929,2912.42,2487.33,6102.96,train
B9J303z3ICM_270.wav,22050,10.0,220500,0.101619,0.162905,2418.3,1775.13,4605.91,train
9awNKURc6I8_60.wav,22050,10.0,220500,0.133405,0.11341,2020.72,2021.11,3788.84,train
IGvEY3hk3jA_30.wav,22050,10.0,220500,0.111181,0.190434,3090.33,2586.06,5867.12,train
WWIgVMNurno_110.wav,22050,10.0,220500,0.232438,0.145302,2501.15,2310.46,5034.85,train
LuOjCF1bBhg_170.wav,22050,10.0,220500,0.016733,0.035996,939.47,1312.73,2004.16,train
WV2tLgZtjYY_10.wav,22050,10.0,220500,0.259404,0.086328,1962.9,2041.28,4490.9,train
c7AY4y1MWUI_0.wav,22050,6.896,152064,0.087945,0.089319,1596.54,1594.33,2774.5,train
ipfu-qxU0G8_60.wav,22050,10.0,220500,0.126867,0.570325,6063.19,2746.6,8850.7,train
fWJip_Emkf0_10.wav,22050,10.0,220500,0.069786,0.186129,2295.32,1581.54,4106.52,train
XGPwdABoCLI_380.wav,22050,10.0,220500,0.057583,0.224673,3716.04,2985.5,7366.7,train
4dC9raNUgIw_30.wav,22050,10.0,220500,0.024184,0.153158,2656.37,2513.69,5153.98,train
ywDW5azOHPo_30.wav,22050,10.0,220500,0.039633,0.189868,2709.35,2227.76,5149.73,train
3Sjci6L-YYY_100.wav,22050,10.0,220500,0.059489,0.174117,3129.9,2822.37,6690.71,train
J6tmXY_K7AI_21.wav,22050,9.325,205622,0.322857,0.114889,2110.23,1924.67,4031.69,train
zwgKT5FFYIU_0.wav,22050,10.0,220500,0.074817,0.095478,1710.45,1747.04,3050.27,train
ftXxKfLCOeU_30.wav,22050,10.0,220500,0.11874,0.10854,1589.58,1169.02,2477.59,train
VNrHBLyzj0k_80.wav,22050,10.0,220500,0.187657,0.137522,1666.64,1005.66,2712.11,train
PZKL7Jk_eZ0_220.wav,22050,10.0,220500,0.010755,0.155596,3091.0,2910.12,6532.28,train
GOkwfi33ikQ_21.wav,22050,9.929,218934,0.062373,0.103833,1363.23,962.72,2397.46,train
1VSLSGXlG1s_440.wav,22050,10.0,220500,0.034588,0.105225,2229.41,2303.12,4648.02,train
Zk1R4p9Jz5A_390.wav,22050,10.0,220500,0.03661,0.077884,1138.56,441.96,1520.76,train
264mSglALO0_550.wav,22050,10.0,220500,0.080426,0.058525,1127.09,1222.43,2315.34,train
1LY9j6EYAd8_6.wav,22050,9.929,218932,0.072926,0.154023,3158.78,2984.97,6710.51,train
yAn_htCzCos_80.wav,22050,10.0,220500,0.004253,0.086852,2181.63,2573.7,5062.48,train
QtMrueS4zhg_14.wav,22050,10.0,220500,0.127732,0.069413,1934.28,2415.37,4151.26,train
6KnNjIRbPXA_30.wav,22050,10.0,220500,0.003961,0.186278,3336.79,2948.93,6849.43,train
BNU4JwCGaMw_220.wav,22050,10.0,220500,0.062781,0.092546,1538.7,1570.12,2645.99,train
5b4CaUOvg6g_4.wav,22050,9.718,214280,0.175051,0.096478,1935.29,2209.63,4660.78,train
jMfg-P-m9ZI_20.wav,22050,10.0,220500,0.172903,0.143139,1762.72,1016.55,2908.26,train
3bSLOOAugM8_410.wav,22050,10.0,220500,0.07974,0.105523,2233.67,2404.91,4994.3,train
eLsApBaSH70_30.wav,22050,10.0,220500,0.192445,0.065247,1483.13,1837.94,2707.59,train
Si9mK4LVjlY_80.wav,22050,10.0,220500,0.024605,0.325155,4523.03,2880.67,7883.05,train
QFSLHen4m5M_30.wav,22050,10.0,220500,0.087685,0.305865,4139.76,3130.99,8203.63,train
kuD7cAhl4ZE_240.wav,22050,10.0,220500,0.045794,0.046667,1276.76,1430.98,2886.12,train
oYC3fMjOhzY_30.wav,22050,10.0,220500,0.028975,0.440651,5221.2,2793.39,8454.65,train
RyGZKo8h-oM_30.wav,22050,10.0,220500,0.045603,0.166119,3012.11,2923.03,6768.4,train
DFbXJXLBmiw_30.wav,22050,10.0,220500,0.111237,0.204722,3433.36,2934.19,7126.32,train
lenyh9wytH0_4.wav,22050,9.769,215416,0.100304,0.098683,1393.51,1212.82,1989.83,train
aaSxxVaBR44_450.wav,22050,10.0,220500,0.016268,0.177995,3138.52,2868.39,6287.82,train
7VPaXJ9_1To_30.wav,22050,10.0,220500,0.148968,0.080466,2113.79,2157.51,4518.9,train
-vrRC2k6nyA_30.wav,22050,10.0,220500,0.283114,0.091047,2192.87,2251.23,4542.63,train
SK6XwNAtTzg_30.wav,22050,10.0,220500,0.047735,0.154453,2122.47,1592.96,3626.45,train
kVgRWDN_ois_30.wav,22050,10.0,220500,0.035439,0.225393,4093.69,3588.79,8770.28,train
ZP1AGORMyww_110.wav,22050,10.0,220500,0.375399,0.018526,575.0,900.08,1076.39,train
8hNXbVcocTU_30.wav,22050,10.0,220500,0.005706,0.126926,2198.09,1986.38,4348.68,train
Bv3pZ9hl79A_0.wav,22050,8.173,180224,0.106411,0.100395,1691.81,1606.44,3459.83,train
fBBJ1yPjphI_430.wav,22050,10.0,220500,0.045008,0.176322,3257.59,2910.03,6944.81,train
8JEPtBeGdnY_28.wav,22050,9.454,208456,0.066542,0.216822,3918.9,3403.41,8203.39,train
AoG0OMBtaSI_30.wav,22050,10.0,220500,0.020362,0.128601,1721.39,1152.58,2781.36,train
7vv6nSZIrlE_50.wav,22050,10.0,220500,0.17202,0.212287,2936.13,2392.44,5957.38,train
QlV_1wxDYu8_30.wav,22050,10.0,220500,0.088654,0.211157,2304.64,1532.03,3909.0,train
GKr0rhncbiQ_30.wav,22050,10.0,220500,0.104141,0.117032,2170.84,2187.13,4501.41,train
aucdbFPQtLs_30.wav,22050,10.0,220500,0.030574,0.09167,1780.21,2018.37,3510.99,train
WSzuTEm-D58_30.wav,22050,10.0,220500,0.049421,0.176388,2741.31,2303.13,5202.89,train
IVnO2LuHe10_580.wav,22050,10.0,220500,0.007606,0.14442,2931.84,2893.24,6559.71,train
0hL6qn2PfUA_30.wav,22050,10.0,220500,0.130886,0.093163,2598.36,2487.92,5362.12,train
2Fs41BTh5rI_30.wav,22050,10.0,220500,0.102047,0.11539,2034.19,1830.7,3865.26,train
R_DRXGaeeQE_50.wav,22050,10.0,220500,0.180412,0.096629,2532.92,2726.62,5689.46,train
lOTz191Lqas_40.wav,22050,10.0,220500,0.062968,0.245618,2666.2,1777.88,4647.27,train
0J64KP79xkM_30.wav,22050,10.0,220500,0.056878,0.010207,707.6,970.54,1648.19,train
j6vYkgKizs8_280.wav,22050,10.0,220500,0.128191,0.132316,1882.64,1501.7,3310.89,train
B1LNJqQiCgo_19.wav,22050,9.143,201594,0.126838,0.266314,2981.3,1481.81,4348.34,train
Xlgx6LOP5PU_10.wav,22050,10.0,220500,0.232045,0.126625,1525.77,1006.88,2516.09,train
XPRNMelf5Fs_230.wav,22050,10.0,220500,0.048124,0.413492,5047.85,3226.1,8927.51,train
zd8P1qzrYlc_80.wav,22050,10.0,220500,0.071903,0.270602,4030.86,3069.46,7711.73,train
hdMtNVOyycI_60.wav,22050,10.0,220500,0.059563,0.212601,3668.72,2756.78,6950.55,train
z0JyOk6MttA_230.wav,22050,10.0,220500,0.027913,0.31137,4177.14,2600.74,6958.52,train
27pVGh9xOr4_10.wav,22050,10.0,220500,0.007838,0.069768,1100.46,1030.33,2032.21,train
yQw6x-jbp0U_360.wav,22050,10.0,220500,0.017159,0.33799,4170.12,2323.26,6726.0,train
lEypGWgVQiE_10.wav,22050,10.0,220500,0.025489,0.140147,2591.83,2436.43,5284.33,train
mPX61tX_08g_110.wav,22050,10.0,220500,0.009136,0.209731,3178.44,2387.3,5724.98,train
B3pw9tKt5fE_30.wav,22050,10.0,220500,0.005199,0.110518,2771.29,3169.08,6722.66,train
0nGbWcDIjA4_30.wav,22050,10.0,220500,0.076525,0.034305,1616.61,2471.51,3689.82,train
07HexCEiC5A_40.wav,22050,10.0,220500,0.009525,0.271291,3785.4,2467.62,6542.82,train
dFRf0tsgCe4_50.wav,22050,10.0,220500,0.069014,0.180345,2819.31,2416.23,5474.15,train
SSlQ0eqZVKM_21.wav,22050,9.576,211142,0.302032,0.040175,1367.83,1779.59,3220.83,train
Wmbe_iqz_YU_20.wav,22050,10.0,220500,0.067168,0.140901,2498.44,2458.66,5217.38,train
5fE-mL6Mi-c_170.wav,22050,10.0,220500,0.07325,0.177654,2959.8,2540.28,5666.6,train
PGFD2R12oFM_28.wav,22050,9.802,216136,0.018299,0.251442,3694.22,2538.02,6709.93,train
73v7N57arTw_21.wav,22050,9.604,211766,0.059929,0.191844,1993.99,966.73,2899.65,train
gWd91EvQhn4_150.wav,22050,10.0,220500,0.072524,0.16705,2989.16,2387.92,5564.66,train
SOy_DerHXEE_40.wav,22050,10.0,220500,0.045076,0.23246,3327.28,2416.88,5927.85,train
GyPImTE2tDI_60.wav,22050,10.0,220500,0.180106,0.110017,2316.37,2511.34,5137.62,train
HZ-GG5rUAO4_280.wav,22050,10.0,220500,0.023382,0.200071,3151.17,2605.7,6041.71,train
mpprLhl7YO8_60.wav,22050,10.0,220500,0.026104,0.280277,4240.42,3223.86,8127.64,train
TqQNl_y0lGA_500.wav,22050,10.0,220500,0.132283,0.193943,2705.03,1977.75,5039.97,train
2lM_iS6Hsyw_10.wav,22050,10.0,220500,0.134519,0.065421,1324.8,1562.93,2447.27,train
75PdDAmC_EU_90.wav,22050,10.0,220500,0.097441,0.241623,3764.51,2916.31,7396.93,train
9Zkx0VDH7es_30.wav,22050,10.0,220500,0.013868,0.122274,2266.1,2217.18,4519.42,train
iiVfLXFuxM0_220.wav,22050,10.0,220500,0.129625,0.442213,5131.67,2810.34,8136.05,train
2cTMDUcVMeg_30.wav,22050,10.0,220500,0.10174,0.11108,1874.91,1640.08,3578.36,train
SqOleKT_qf0_50.wav,22050,10.0,220500,0.046196,0.117154,2282.4,2249.69,4295.85,train
3RTcPBETPf8_0.wav,22050,10.0,220500,0.036548,0.139779,3137.89,2755.03,6280.23,train
82gJth9cnqs_60.wav,22050,10.0,220500,0.013414,0.090969,2043.6,2344.46,4360.95,train
L-BvWIVUhlA_30.wav,22050,10.0,220500,0.226856,0.09194,1594.07,1622.44,2734.64,train
6borh3-lLa0_6.wav,22050,10.0,220500,0.073742,0.032418,855.16,874.9,1535.0,train
VqkAwSzjyLE_10.wav,22050,10.0,220500,0.100858,0.425402,4914.53,2687.59,7881.25,train
o_nyAlLZSwM_30.wav,22050,10.0,220500,0.075182,0.070864,1170.58,1019.62,2159.77,train
4GqAa7LbMew_30.wav,22050,10.0,220500,0.047931,0.085228,1830.64,2001.1,3591.77,train
pfeEqPscScY_20.wav,22050,10.0,220500,0.173046,0.280389,3483.29,2108.11,6035.39,train
q8yQ2yA_OfQ_0.wav,22050,6.717,148112,0.010582,0.392708,4731.44,2882.87,8166.69,train
3Yz-TqSbvFM_30.wav,22050,10.0,220500,0.049154,0.141527,2498.93,2368.08,4882.02,train
3PPL7SS2C1Q_330.wav,22050,10.0,220500,0.154952,0.131339,2197.68,2102.77,4418.8,train
4UDUI4l71cI_12.wav,22050,9.386,206952,0.019695,0.123671,1953.22,1702.07,3918.43,train
i3ULpLk_dOU_40.wav,22050,10.0,220500,0.051858,0.04431,780.51,822.62,1508.82,train
_Fk_VQbB3wI_200.wav,22050,10.0,220500,0.018541,0.456797,4711.28,2861.24,7793.32,train
f07XQiNg9fA_110.wav,22050,10.0,220500,0.009833,0.336081,4797.79,3253.09,8670.44,train
v1qzibaGR2w_60.wav,22050,10.0,220500,0.029294,0.203126,2868.65,2174.83,5153.93,train
4C7XyQgZ_8I_30.wav,22050,10.0,220500,0.011451,0.145169,2573.24,2647.21,5506.95,train
ZFU9TEb-ZdA_30.wav,22050,10.0,220500,0.299217,0.090866,1816.68,1934.85,3954.17,train
NIdFZdqKRtU_30.wav,22050,10.0,220500,0.128075,0.103909,2386.49,2660.15,4581.2,train
-7dcq0-6-dc_90.wav,22050,10.0,220500,0.028975,0.093818,2062.11,2429.63,4561.97,train
VfjVJy3z1LU_60.wav,22050,10.0,220500,0.033823,0.209926,3167.42,2574.4,6247.78,train
a-g3F4s--yQ_170.wav,22050,10.0,220500,0.211983,0.029739,1001.9,1460.99,1896.5,train
K8Vyj2Eum8I_20.wav,22050,10.0,220500,0.170327,0.119599,1852.6,1546.78,2777.26,train
XS2IhwiGp5M_40.wav,22050,10.0,220500,0.152037,0.213977,3164.65,2419.88,5895.15,train
u6MaJ8jklAc_100.wav,22050,10.0,220500,0.012606,0.222116,3298.44,2781.84,6668.9,train
b3l1AJxU8iw_30.wav,22050,10.0,220500,0.0014,0.048904,2221.26,2593.32,5264.89,train
34XY9FPTcHY_30.wav,22050,10.0,220500,0.018407,0.208207,2908.15,2394.81,5840.52,train
6gMZjkeR3Tk_10.wav,22050,9.697,213820,0.040313,0.149366,3215.52,2644.46,6029.25,train
FUE8F5Pr8Sw_190.wav,22050,10.0,220500,0.076572,0.32863,4109.39,2323.57,6348.07,train
HE4nXYTyCNg_80.wav,22050,10.0,220500,0.02153,0.555756,5535.67,2514.28,8055.19,train
wF3poC0J20c_50.wav,22050,10.0,220500,0.210233,0.160756,3072.88,3029.73,6907.44,train
lddOTyjTe4Q_90.wav,22050,10.0,220500,0.040277,0.130137,2014.7,1618.8,3494.72,train
--WMXeElXSw_0.wav,22050,10.0,220500,0.120073,0.184169,4399.39,3376.18,8579.48,train
CxGFxWHZ0hw_80.wav,22050,10.0,220500,0.028658,0.198009,2447.03,1520.4,4187.48,train
8RNCB6geiS0_30.wav,22050,10.0,220500,0.137038,0.005778,332.96,930.02,383.25,train
0AYyIdZU8pU_30.wav,22050,10.0,220500,0.031011,0.090201,1537.17,1421.72,3240.0,train
jaYSA-4oVO8_190.wav,22050,10.0,220500,0.02825,0.379912,4342.11,2662.78,7244.55,train
NzdI5K8XxIQ_410.wav,22050,10.0,220500,0.131373,0.176194,3067.41,2508.65,5663.03,train
jbfNffLUEik_12.wav,22050,9.589,211448,0.097295,0.005208,224.23,739.14,197.29,train
B_FuibbiZ1s_20.wav,22050,9.917,218660,0.075517,0.039571,1014.18,1226.31,2234.67,train
Sfly3pDGZJQ_30.wav,22050,10.0,220500,0.166203,0.048003,1454.13,2005.63,3171.58,train
Zo_SZB_gq_A_250.wav,22050,10.0,220500,0.198422,0.074434,1645.13,1806.65,3215.79,train
uYL37SjtMuM_60.wav,22050,10.0,220500,0.157167,0.102282,2018.44,2080.51,3965.46,train
_UORdW7YhJg_30.wav,22050,10.0,220500,0.127635,0.129039,2533.95,2212.04,4677.85,train
OnCRNVWbNGs_30.wav,22050,10.0,220500,0.059471,0.152738,2610.86,2368.16,5011.97,train
D671Bgt_p8I_420.wav,22050,10.0,220500,0.16499,0.035839,1176.6,1625.69,2232.03,train
rgNYqdIHcs8_30.wav,22050,10.0,220500,0.272358,0.088165,1157.07,914.86,1389.12,train
KDYzMZaI3J0_30.wav,22050,10.0,220500,0.114835,0.17837,3139.04,3003.73,7014.75,train
qOcwdMnj6sM_60.wav,22050,10.0,220500,0.135793,0.12159,2306.27,2290.23,4793.21,train
pm9rCuO7J_o_30.wav,22050,10.0,220500,0.055134,0.253423,3639.45,2905.39,7300.28,train
-TzblK9TCn8_280.wav,22050,10.0,220500,0.076826,0.1145,1686.14,1801.88,2179.3,train
10MRxp2q8R4_30.wav,22050,10.0,220500,0.066914,0.214641,3314.95,2592.52,6229.42,train
6VxZMqSDUms_240.wav,22050,10.0,220500,0.055564,0.17318,1972.96,1050.84,3113.32,train
ZLOqAqgetW0_40.wav,22050,10.0,220500,0.068243,0.143163,2092.97,1859.74,4055.34,train
Bd1yc17WcuA_29.wav,22050,9.888,218038,0.065343,0.124074,2094.2,1959.17,3788.25,train
b5zAwvshF7Y_510.wav,22050,10.0,220500,0.1934,0.162994,2745.2,2528.54,5652.14,train
aJiJGzLFB2A_80.wav,22050,10.0,220500,0.01256,0.249899,3254.37,2271.57,5345.88,train
KvzBzgFveW0_0.wav,22050,8.946,197264,0.125266,0.07893,1307.88,1115.82,2391.05,train
5P7Uk44DALs_25.wav,22050,9.667,213166,0.024715,0.040523,630.39,648.61,1224.63,train
Fyu-_Jzgp7E_580.wav,22050,10.0,220500,0.053128,0.387224,4749.21,3336.32,8713.58,train
bU6QuWXxzMU_10.wav,22050,10.0,220500,0.076228,0.172835,2022.67,1172.23,3413.44,train
GQDXHf5P3Ec_30.wav,22050,10.0,220500,0.02052,0.362379,4689.01,2887.8,8090.49,train
LcRppbGEW2c_30.wav,22050,10.0,220500,0.029372,0.086284,1405.07,1242.05,2887.52,train
kT46X4brQ-w_30.wav,22050,10.0,220500,0.022489,0.109873,1626.2,1300.59,3053.92,train
Nromsk4vqTM_50.wav,22050,10.0,220500,0.111668,0.095439,1201.3,619.78,1383.9,train
5TqjMHBnJa4_30.wav,22050,10.0,220500,0.208331,0.138509,2263.66,1751.55,4177.04,train
JJn-v8jSV5E_40.wav,22050,10.0,220500,0.037381,0.131269,1538.92,1450.61,3060.54,train
i1IOZQ57z3g_0.wav,22050,8.452,186368,0.211084,0.258524,3161.18,1830.9,5161.48,train
6SxVYRx-g80_8.wav,22050,9.79,215872,0.207784,0.0737,1145.5,1132.62,2129.03,train
EyC7FJYTjBU_30.wav,22050,10.0,220500,0.036418,0.075584,2152.12,2722.31,5423.39,train
183jvGPdcpo_50.wav,22050,10.0,220500,0.156731,0.22549,2264.28,1091.88,3454.91,train
vm3sLm-5pMg_0.wav,22050,10.0,220500,0.055367,0.195021,2089.86,1014.04,3289.36,train
SH21VED8okM_30.wav,22050,10.0,220500,0.027083,0.037449,948.75,1532.96,1634.43,train
zhHrerL9-aY_26.wav,22050,9.689,213644,0.17661,0.163026,3252.98,2642.46,5860.53,train
LXg9mIpRBf4_30.wav,22050,10.0,220500,0.144283,0.036323,979.21,1563.63,1682.39,train
-WE3eMj91tI_19.wav,22050,9.198,202819,0.039827,0.284641,2117.21,1671.19,4234.64,train
3xyT6DVReN8_0.wav,22050,10.0,220500,0.037991,0.081365,1271.26,1095.97,2571.44,train
vEw4137l9mo_100.wav,22050,10.0,220500,0.121722,0.465189,5385.22,3081.78,8974.67,train
iwrjlApqD6M_120.wav,22050,10.0,220500,0.093914,0.030523,841.04,1366.81,1428.86,train
5Lw9Duqak6E_15.wav,22050,9.799,216066,0.096236,0.120961,1493.66,1042.56,2752.76,train
EtN37FWVnTo_0.wav,22050,10.0,220500,0.099427,0.392662,4776.34,2688.55,7876.38,train
C-T_bgjjRkA_16.wav,22050,9.31,205280,0.033093,0.08172,1493.78,1703.32,3524.87,train
mFcc7YI-lys_0.wav,22050,10.0,220500,0.014723,0.151748,2585.2,2304.93,4990.91,train
TRP8Gp4wmac_450.wav,22050,10.0,220500,0.040574,0.209568,3284.12,2818.0,6646.04,train
nFgoqr-Xjrs_10.wav,22050,10.0,220500,0.020925,0.447223,5265.72,3119.23,9198.77,train
NbBLlc1SsdI_18.wav,22050,9.771,215452,0.043286,0.174625,2060.95,1546.38,3913.29,train
RxRzLAMAjf0_30.wav,22050,10.0,220500,0.117611,0.103809,1507.32,1225.64,2853.57,train
5mXB-nMxe7M_50.wav,22050,10.0,220500,0.23891,0.060883,1767.65,2292.11,3971.6,train
1PtJ6jckef0_30.wav,22050,10.0,220500,0.056206,0.118887,1603.46,1037.59,2676.26,train
qPJPy3en3ZI_10.wav,22050,10.0,220500,0.056023,0.097491,2535.71,2929.69,6328.69,train
3OeT2w-6B94_14.wav,22050,9.865,217524,0.258249,0.015287,491.88,931.65,775.45,train
IaPypzyucq8_100.wav,22050,10.0,220500,0.037755,0.15349,2493.28,2340.44,5070.57,train
MKDHA9LcAb8_90.wav,22050,10.0,220500,0.139619,0.271838,3122.85,1898.8,5374.73,train
jFvh13MnfLs_130.wav,22050,10.0,220500,0.101672,0.158737,2934.07,2880.6,6718.43,train
jmC5wAT3zkA_30.wav,22050,10.0,220500,0.072676,0.286527,4157.9,3151.9,8010.23,train
w50sPIpEqn8_300.wav,22050,10.0,220500,0.540872,0.069167,1758.25,1959.72,3573.61,train
N09FT72UuS8_20.wav,22050,10.0,220500,0.071763,0.121412,2171.57,2065.1,4138.97,train
QlIQWd0ZPtc_150.wav,22050,10.0,220500,0.0068,0.092674,2208.85,2562.35,5092.48,train
-8Z_So5pK5A_30.wav,22050,10.0,220500,0.150246,0.113686,1681.5,1391.12,3243.64,train
yXOqOa9k7-Y_70.wav,22050,10.0,220500,0.026239,0.153981,2525.5,2171.6,4658.57,train
Q5KyFjDHSVU_200.wav,22050,10.0,220500,0.031925,0.303071,3966.15,2746.04,7139.16,train
cooS6Qy9Rw4_50.wav,22050,10.0,220500,0.163729,0.344681,3870.27,2396.95,6892.22,train
OBm1UEcfpFw_330.wav,22050,10.0,220500,0.025267,0.495994,5519.62,2646.09,8215.32,train
36O8-QqB4dM_360.wav,22050,10.0,220500,0.036179,0.150991,2624.23,2432.32,5352.23,train
mcXufwkYXDE_10.wav,22050,10.0,220500,0.041735,0.210898,3467.86,2776.69,6856.1,train
KWLNuMQER8U_30.wav,22050,10.0,220500,0.01053,0.107258,1823.07,1682.97,3967.68,train
6zZkfPToryg_70.wav,22050,9.024,198980,0.009731,0.201582,3149.37,2566.95,6183.66,train
fwV22pRnTik_30.wav,22050,10.0,220500,0.049268,0.092891,1891.16,2127.21,3706.88,train
OHYAteyUu9c_150.wav,22050,10.0,220500,0.016045,0.077188,1809.78,2192.28,4609.4,train
xXtxxNGk1Sg_120.wav,22050,10.0,220500,0.012909,0.163573,3075.62,2694.17,6234.54,train
LrebvFno4jM_80.wav,22050,10.0,220500,0.017639,0.134804,2679.58,2583.87,5927.55,train
SUUDhUp1MNQ_60.wav,22050,10.0,220500,0.062841,0.064728,2128.04,2760.2,5465.89,train
9Y3tnmregAI_30.wav,22050,10.0,220500,0.095357,0.092287,2188.75,2434.24,4728.14,train
e1nua_1ZVbo_500.wav,22050,10.0,220500,0.146251,0.166344,2635.3,2287.06,4971.67,train
G5wwK0NEIfk_130.wav,22050,10.0,220500,0.126176,0.242436,3365.56,2291.21,5726.46,train
AjuQEDOZ8WY_380.wav,22050,10.0,220500,0.064495,0.111601,2136.78,2099.27,4003.75,train
3CvJhpMHLTQ_10.wav,22050,10.0,220500,0.034892,0.027968,1311.65,1516.19,3146.9,train
ijisPg7I5yA_130.wav,22050,10.0,220500,0.053011,0.265787,3848.85,2679.7,6939.24,train
9FCnIPa4I9w_19.wav,22050,9.444,208250,0.586148,0.075225,1942.96,1848.15,3934.23,train
TCRKHQ2I54g_0.wav,22050,10.0,220500,0.056284,0.130787,2010.21,1547.87,3793.94,train
3m7qEYjfp8A_20.wav,22050,10.0,220500,0.067625,0.312282,4085.5,2703.34,7325.31,train
M84-ARxkAH8_380.wav,22050,10.0,220500,0.081816,0.039285,1081.88,1533.77,2127.57,train
Xkev5-uuBc8_30.wav,22050,10.0,220500,0.103469,0.167653,2491.77,1735.54,4111.62,train
gIjHyOQHSSA_350.wav,22050,10.0,220500,0.024583,0.196134,3164.35,2489.46,6002.89,train
ynP-qXsw5Fg_120.wav,22050,10.0,220500,0.069817,0.389839,4531.73,2942.3,7936.91,train
MmkiS-jyZdA_25.wav,22050,9.175,202302,0.156499,0.118206,2419.99,2213.94,4586.57,train
PmlMkP_LwTU_30.wav,22050,10.0,220500,0.003145,0.190682,3538.09,3037.26,7467.62,train
kFtlhKElRho_290.wav,22050,10.0,220500,0.166202,0.122953,2078.74,1825.19,4392.35,train
1-imw9KPSw4_30.wav,22050,10.0,220500,0.007054,0.095371,2464.11,2496.02,4830.06,train
kR94OFbwDk4_100.wav,22050,10.0,220500,0.097514,0.0949,1575.9,1491.91,3009.4,train
zEJGN03wp_k_450.wav,22050,10.0,220500,0.136303,0.108699,1642.8,1381.23,3200.8,train
IKx5YbMQSP0_30.wav,22050,10.0,220500,0.021216,0.242382,3797.6,2851.9,7209.6,train
ht7c5rZDZEk_30.wav,22050,10.0,220500,0.331845,0.22237,2766.06,1872.54,4300.12,train
jMrVN39k-ok_40.wav,22050,10.0,220500,0.103666,0.266817,3994.34,3075.19,7686.48,train
PCJhQJCQZeo_40.wav,22050,10.0,220500,0.168798,0.130655,2364.93,1956.6,4228.8,train
6gpH-WHSnL8_30.wav,22050,10.0,220500,0.281004,0.154092,3200.73,2580.93,6262.14,train
SQbbOCDL2cA_70.wav,22050,10.0,220500,0.04735,0.253517,3110.85,2194.1,5237.34,train
O_iiHMbjS04_30.wav,22050,10.0,220500,0.05698,0.200463,3255.27,2648.56,6137.41,train
Vc78SUYYtpg_17.wav,22050,9.587,211390,0.110079,0.25113,2840.74,1575.33,4591.37,train
L8asGSFW5yc_330.wav,22050,10.0,220500,0.29072,0.085519,1386.14,1223.28,2263.56,train
QottP8ECMkI_30.wav,22050,10.0,220500,0.190866,0.021421,1023.03,1741.89,2191.52,train
l_OYLAMtCiM_10.wav,22050,10.0,220500,0.043503,0.021619,1237.51,1662.46,2338.25,train
UWzkG-xnX04_11.wav,22050,9.463,208666,0.079184,0.106157,1659.18,1842.26,3494.76,train
mcT22o9p21s_130.wav,22050,10.0,220500,0.093765,0.083792,1770.88,2003.08,3387.28,train
bXllux3iXgI_40.wav,22050,10.0,220500,0.023604,0.218046,2192.76,1135.63,3371.67,train
NWQEtczqejY_220.wav,22050,10.0,220500,0.097945,0.162652,2717.03,2426.9,5192.5,train
31WHvfLc5bE_30.wav,22050,10.0,220500,0.076134,0.096892,1398.0,1049.17,2506.99,train
D81Oi5K4A_k_130.wav,22050,10.0,220500,0.15148,0.149484,2811.33,2654.46,5866.12,train
PR2lcxHIlHE_20.wav,22050,10.0,220500,0.089969,0.110132,2066.42,2064.47,4130.1,train
0yk7tkX9mOY_30.wav,22050,10.0,220500,0.030694,0.084714,1610.23,1883.81,2911.18,train
8pZngARG0Ik_50.wav,22050,10.0,220500,0.014754,0.083115,1978.24,2316.42,4282.83,train
CtXE3ZbEX6M_20.wav,22050,10.0,220500,0.119507,0.196414,2381.52,1505.64,4147.39,train
d4USAk58a5c_240.wav,22050,10.0,220500,0.265719,0.100246,2322.26,2409.72,4763.68,train
duINjUpiOK0_120.wav,22050,10.0,220500,0.122635,0.086359,1705.26,1743.79,3015.82,train
WQTapf2bMFw_30.wav,22050,10.0,220500,0.00764,0.099221,2197.2,2166.41,4998.48,train
0V0MxUBtx9g_120.wav,22050,10.0,220500,0.109705,0.164801,1975.89,1676.98,3541.64,train
16W8fBp-Tss_220.wav,22050,10.0,220500,0.009517,0.041187,1180.27,1666.99,2108.31,train
Wd2I4e2aSJU_30.wav,22050,10.0,220500,0.265084,0.029085,677.92,945.86,1192.69,train
crerAJegi2w_170.wav,22050,10.0,220500,0.128821,0.098196,1615.21,1657.19,2789.05,train
rd6ABrc741A_30.wav,22050,10.0,220500,0.132564,0.140756,2431.86,2375.18,5238.41,train
FL11NgxL7Kc_30.wav,22050,10.0,220500,0.024235,0.16751,2641.79,2390.74,5215.88,train
VqNbTJu7DVI_80.wav,22050,10.0,220500,0.044201,0.188089,2154.64,1523.86,4000.95,train
kvXs3cxAfq0_160.wav,22050,10.0,220500,0.042404,0.067658,1245.02,1347.09,2553.73,train
TPFg52cjGGU_360.wav,22050,10.0,220500,0.060046,0.258149,4079.13,2907.87,7488.31,train
4_F16I0m6k4_30.wav,22050,10.0,220500,0.088873,0.21904,3545.73,3047.62,7093.89,train
IhkpGd4cuss_19.wav,22050,9.915,218634,0.19111,0.141359,2412.4,1860.53,4399.62,train
IGm1v8xgPo8_10.wav,22050,10.0,220500,0.19355,0.092841,1286.59,893.99,2233.78,train
DSCtPXuEHeY_40.wav,22050,10.0,220500,0.27506,0.135986,2317.33,2059.19,4269.82,train
Lu1JgmZTUT4_30.wav,22050,10.0,220500,0.0321,0.278639,3449.96,2052.33,5460.24,train
MNgFhlD6bHI_30.wav,22050,10.0,220500,0.009086,0.247857,3364.03,2289.99,6051.23,train
-4xwnohPCZI_550.wav,22050,10.0,220500,0.044822,0.086002,1573.32,1688.06,2673.06,train
BBPH6tJg83w_510.wav,22050,10.0,220500,0.079994,0.134854,3028.59,2795.59,6539.45,train
NIuDvMwSdAU_10.wav,22050,10.0,220500,0.113092,0.360545,4204.9,2362.59,6747.99,train
1GSFfO-sZTk_30.wav,22050,10.0,220500,0.071172,0.000403,921.08,1545.18,2076.01,train
_cc4VAjhwuU_9.wav,22050,9.785,215758,0.142005,0.065217,1728.84,2125.13,3602.98,train
PN282lkCR5k_30.wav,22050,10.0,220500,0.104362,0.073588,1108.85,1078.56,2044.06,train
Dc-rC10y0MM_30.wav,22050,10.0,220500,0.008076,0.125374,2190.77,2001.42,3981.62,train
WVJc5jjal8U_30.wav,22050,10.0,220500,0.097527,0.10884,2661.76,2681.44,5788.26,train
zcywsz7mrqU_30.wav,22050,10.0,220500,0.278203,0.0873,1358.22,1112.47,2166.54,train
kD52mrvMx7c_80.wav,22050,10.0,220500,0.030346,0.125485,2044.85,1962.29,3689.32,train
tzAElldVSYQ_120.wav,22050,10.0,220500,0.041037,0.150689,2722.41,2619.47,5709.4,train
7ICrJTtfY-M_20.wav,22050,10.0,220500,0.035353,0.25474,3416.46,2541.47,6322.39,train
LbNrktbsZkk_360.wav,22050,10.0,220500,0.027111,0.227302,3323.2,2518.25,5939.42,train
PNblVz0YWbE_90.wav,22050,10.0,220500,0.139551,0.073043,1470.96,1706.23,2936.56,train
Xo7H9sAGth8_30.wav,22050,10.0,220500,0.081649,0.117988,2460.42,2469.82,5044.44,train
0Fwyi0UBWJc_260.wav,22050,10.0,220500,0.202996,0.044329,1143.01,1732.87,2144.2,train
N86fGWWyaGY_60.wav,22050,10.0,220500,0.056493,0.195262,3272.64,2784.21,6457.69,train
JghY8Luk514_120.wav,22050,10.0,220500,0.036953,0.207884,3026.89,2436.01,5613.65,train
chzmNfsv5g4_10.wav,22050,10.0,220500,0.029312,0.464767,5528.44,3121.29,8984.79,train
FtBH8KdlD-c_30.wav,22050,10.0,220500,0.053766,0.174324,2364.8,2102.43,4233.02,train
vR4nKBi1ocM_190.wav,22050,10.0,220500,0.056065,0.178837,2969.15,2500.95,5776.59,train
-zextmOSyXI_8.wav,22050,9.642,212608,0.052361,0.097564,1243.13,807.59,2026.42,train
9lNVUaxEU2w_30.wav,22050,10.0,220500,0.155137,0.191496,3949.19,3522.33,8724.37,train
4ugXkiWI-7A_25.wav,22050,9.384,206910,0.044067,0.261744,3660.22,2749.49,6967.85,train
1d8QbR6fTQE_310.wav,22050,10.0,220500,0.141283,0.110131,2191.95,2163.06,4601.54,train
k9R3Yi1C95Q_40.wav,22050,10.0,220500,0.043689,0.129776,2449.29,2403.6,5041.09,train
RsekznCw5mA_40.wav,22050,10.0,220500,0.016234,0.162646,2965.82,2856.21,6523.36,train
s2ZGZzorELk_30.wav,22050,10.0,220500,0.041515,0.076317,1627.2,1883.08,3094.71,train
8EpAlIEvmJE_30.wav,22050,10.0,220500,0.098193,0.097579,1988.86,2072.69,3733.29,train
b_YhAhNDNj8_1.wav,22050,9.374,206702,0.092644,0.452781,5179.46,2914.59,8632.6,train
6PUgglEQ6DE_180.wav,22050,10.0,220500,0.031706,0.316846,4415.34,2858.75,7724.8,train
GUL1Y86PG8k_12.wav,22050,9.06,199784,0.048661,0.16713,2893.09,2769.35,6239.09,train
7meh2miNqdw_15.wav,22050,9.039,199314,0.005316,0.054289,1878.01,2659.23,4788.24,train
8oEwfYQJR_o_70.wav,22050,10.0,220500,0.01793,0.193492,2884.22,2429.08,5340.91,train
_yQljQxyHv0_320.wav,22050,10.0,220500,0.077894,0.140865,2731.8,2622.16,5786.49,train
w0MmrPravo4_10.wav,22050,10.0,220500,0.0228,0.068521,2028.87,2479.98,4431.42,train
3obzkAVfYLM_30.wav,22050,10.0,220500,0.104698,0.084436,1458.28,1300.6,2814.98,train
2OSWVrwZgH0_30.wav,22050,10.0,220500,0.27762,0.051383,1512.42,2011.93,3101.56,train
ChTEQTFnpec_360.wav,22050,10.0,220500,0.017369,0.065725,1556.53,2161.24,2972.48,train
5qqtfiJOn4I_27.wav,22050,9.757,215146,0.043082,0.089774,1223.19,843.51,2039.03,train
ZX7NvE42Gp4_130.wav,22050,10.0,220500,0.064076,0.11124,2121.3,1806.72,4131.93,train
KxVi2W3Olag_0.wav,22050,10.0,220500,0.168167,0.142077,1915.57,1713.72,3983.42,train
RQ4QtTjW98g_30.wav,22050,10.0,220500,0.077738,0.229475,4151.2,3187.72,7936.48,train
vUTHIJnthOA_390.wav,22050,10.0,220500,0.144335,0.1043,2132.36,2012.72,4308.16,train
jcPOI2vKkBE_100.wav,22050,10.0,220500,0.022115,0.114384,2233.07,2325.57,4554.5,train
VgIS7UK2WV8_30.wav,22050,10.0,220500,0.016957,0.158117,1764.38,1056.62,2914.7,train
PCeiczTsHbw_30.wav,22050,10.0,220500,0.077195,0.103177,1500.47,1265.69,2805.89,train
JJDtVm_X9-w_17.wav,22050,9.239,203710,0.078137,0.111164,2246.27,2427.08,4797.98,train
ajiJCstmYw4_20.wav,22050,10.0,220500,0.011679,0.215887,3357.28,2788.79,6605.9,train
IBcyqQ_MI4Y_40.wav,22050,10.0,220500,0.126411,0.202492,3329.81,2561.97,6305.71,train
9m96Rb3vByA_50.wav,22050,10.0,220500,0.101448,0.112242,2085.01,2182.68,4215.01,train
ivbaaLY00oA_580.wav,22050,10.0,220500,0.069441,0.028858,706.32,1278.71,948.29,train
2rVuoeLtOJI_13.wav,22050,9.031,199126,0.129669,0.022318,272.95,228.76,331.02,train
sjCakV18pzM_30.wav,22050,10.0,220500,0.062206,0.099228,1519.24,1322.85,3140.73,train
vaUA7edw6n8_560.wav,22050,10.0,220500,0.010889,0.251186,3300.33,2677.91,6504.2,train
_9O_zzNoEIY_310.wav,22050,10.0,220500,0.156733,0.108884,2511.57,2823.67,6008.59,train
_wrTNWXgc5A_320.wav,22050,10.0,220500,0.091588,0.309493,3951.04,2738.27,7088.62,train
B2dEwmHAWoM_24.wav,22050,9.994,220368,0.032013,0.081986,1218.33,1007.49,2294.49,train
2MCRsO7dsfQ_40.wav,22050,10.0,220500,0.031348,0.193831,2532.94,1769.75,3776.18,train
JQGtrJg-a2A_0.wav,22050,10.0,220500,0.195262,0.108361,1956.47,1819.64,3475.79,train
8KyktY80OIs_240.wav,22050,10.0,220500,0.017204,0.128771,2493.26,2454.31,4863.26,train
b2B3agdZ1Mw_110.wav,22050,10.0,220500,0.023523,0.133551,2625.55,2619.0,5551.99,train
4rsP5z6Yt_k_60.wav,22050,10.0,220500,0.221439,0.118618,2281.53,2161.0,4328.3,train
r6ZGb-AlFtY_40.wav,22050,10.0,220500,0.037356,0.180556,2219.73,1625.75,4217.78,train
8WJsZxswdwY_110.wav,22050,10.0,220500,0.018871,0.276479,4106.73,3103.86,7996.49,train
TQocpdiXEPM_50.wav,22050,10.0,220500,0.017737,0.171849,2919.85,2550.17,5988.0,train
1tqHTmDcR4Y_30.wav,22050,10.0,220500,0.53448,0.021254,874.91,1436.6,1965.92,train
QTcu59Loa8s_480.wav,22050,10.0,220500,0.233783,0.124991,1806.3,1447.58,3271.77,train
LLo5lmTdGGk_30.wav,22050,10.0,220500,0.180795,0.097226,1884.46,2059.6,3571.74,train
9H0Dd60QNCY_40.wav,22050,10.0,220500,0.159511,0.083528,1720.35,2055.36,3107.33,train
-P6X2NX_XJw_30.wav,22050,10.0,220500,0.125673,0.062401,966.56,867.77,1815.63,train
GtUO4eaSRqw_28.wav,22050,9.64,212552,0.014823,0.045922,1429.02,1887.56,3520.89,train
L9ugtbt6wts_30.wav,22050,10.0,220500,0.189695,0.188226,2306.57,1448.24,4200.22,train
kEY5QpKgVSY_580.wav,22050,10.0,220500,0.058839,0.167775,2836.5,2434.05,5471.01,train
rPSY_ZYncns_30.wav,22050,10.0,220500,0.085271,0.163218,2250.16,1582.81,4159.78,train
NcbBjZ6tfb0_10.wav,22050,10.0,220500,0.031552,0.106236,1818.26,1782.24,3234.58,train
ZUKJbedeoZk_10.wav,22050,10.0,220500,0.104412,0.058542,1141.87,1321.42,2221.39,train
421JnVAd4cs_12.wav,22050,9.613,211960,0.015382,0.076782,2138.27,2520.44,4900.96,train
As6YDzfQyx8_30.wav,22050,10.0,220500,0.116854,0.096174,1597.03,1497.91,2791.95,train
V66A6RfG8kc_30.wav,22050,10.0,220500,0.171116,0.133016,2704.94,2509.95,5160.22,train
cSzvhTxV5Yk_30.wav,22050,10.0,220500,0.153504,0.139332,2601.69,2475.49,5223.75,train
Z0Km-nQ0TS8_160.wav,22050,10.0,220500,0.067183,0.275719,3631.1,2209.09,5851.24,train
XqqMOm2WJFM_0.wav,22050,10.0,220500,0.070356,0.054507,1231.14,1402.95,2160.94,train
eVlijsJw9kk_30.wav,22050,10.0,220500,0.151307,0.069424,1554.57,2019.06,2679.56,train
7ZOryR0SeWs_30.wav,22050,10.0,220500,0.071009,0.07163,1206.78,1435.54,2176.1,train
7kSJpwZN1ks_390.wav,22050,10.0,220500,0.130422,0.053719,773.04,826.95,1203.06,train
onYweb6dLk8_110.wav,22050,10.0,220500,0.085394,0.192885,2775.91,1987.45,5163.55,train
ZM8m2XvEUoE_10.wav,22050,9.458,208556,0.087021,0.084513,1879.81,2115.38,4177.26,train
-ej17LDVOJc_22.wav,22050,9.161,202004,0.014124,0.033371,738.88,623.37,1449.84,train
mB9Q74r-VVA_30.wav,22050,10.0,220500,0.001317,0.081515,2514.15,2571.77,5332.29,train
3iJ6TcYh80s_15.wav,22050,10.0,220500,0.131151,0.258381,3489.44,2570.14,6638.42,train
bNub36q1xBc_30.wav,22050,10.0,220500,0.122081,0.079642,1592.95,1719.14,2833.81,train
mQ2F4gNBqlA_0.wav,22050,9.125,201216,0.030418,0.124224,1692.25,1368.61,2817.65,train
6LdjxJAgiq0_30.wav,22050,10.0,220500,0.322494,0.069915,1760.84,2160.46,3861.24,train
A-n3vzBoYAE_30.wav,22050,10.0,220500,0.031795,0.080046,1220.8,1016.26,1968.51,train
wqJw8MMMlEw_110.wav,22050,10.0,220500,0.023115,0.300393,4235.73,2745.78,7196.34,train
p5yFg2-pyg0_0.wav,22050,10.0,220500,0.024737,0.129236,2503.04,2469.04,4941.47,train
pSMEVPApxRM_0.wav,22050,10.0,220500,0.170615,0.159387,2718.05,2271.71,5085.86,train
PUFKDf91fYc_30.wav,22050,10.0,220500,0.082375,0.175206,2843.59,2648.04,5947.01,train
o3akRGaSpFA_510.wav,22050,10.0,220500,0.033839,0.396235,4710.74,2353.86,7238.18,train
E6C-3XVCmfk_0.wav,22050,10.0,220500,0.108324,0.136311,1680.01,1619.36,3006.63,train
4VksleqNNhI_90.wav,22050,10.0,220500,0.276203,0.092079,2488.66,2696.04,5513.22,train
r1ahlBUJkUE_13.wav,22050,9.031,199126,0.105324,0.115903,2053.07,1910.11,4126.27,train
Zt4gIHIeyFE_30.wav,22050,10.0,220500,0.148561,0.058854,1482.08,1729.12,3389.08,train
2ZnUkaOOzrc_17.wav,22050,9.35,206158,0.363289,0.106839,1600.71,1218.59,2901.8,train
NONOLTfW6ZY_30.wav,22050,10.0,220500,0.184932,0.031141,725.22,1214.32,1061.0,train
YmdioaBXdrc_520.wav,22050,10.0,220500,0.060729,0.227976,3197.35,2982.65,6849.16,train
WxhbS_mrkcY_30.wav,22050,10.0,220500,0.092484,0.0487,1031.81,1499.64,1697.18,train
MihslZambS0_410.wav,22050,10.0,220500,0.068776,0.224359,2859.06,1888.83,4903.03,train
Zv8a_gN9Lcc_130.wav,22050,10.0,220500,0.260944,0.073241,1938.11,2517.93,4122.08,train
CCLrRtFrf9I_530.wav,22050,10.0,220500,0.001827,0.269893,3956.63,3157.65,8000.63,train
lC88ixbdMRg_10.wav,22050,10.0,220500,0.013755,0.174689,3031.43,2568.56,5937.64,train
LIaikqgbYfQ_80.wav,22050,10.0,220500,0.038452,0.171262,3245.91,2879.76,6603.97,train
JmRUbqnAP-Q_14.wav,22050,9.824,216612,0.020834,0.093267,1601.89,1719.63,2784.94,train
YgJ0JiKToig_30.wav,22050,10.0,220500,0.159782,0.081649,1094.72,836.59,1863.7,train
ckGFVwSwZMg_20.wav,22050,10.0,220500,0.050893,0.174416,2840.91,2552.16,5829.75,train
F4FqGUItx9w_30.wav,22050,10.0,220500,0.208131,0.244556,3313.29,2455.76,6170.91,train
lEOsGdslGO0_350.wav,22050,10.0,220500,0.004722,0.271369,4268.48,3368.26,8060.41,train
Nx1Toajbo5M_50.wav,22050,10.0,220500,0.021034,0.211076,3494.0,2765.43,6751.71,train
7NQnbG9SQvM_60.wav,22050,10.0,220500,0.080998,0.183138,2249.55,1341.35,3732.01,train
2ckKLDFHacM_30.wav,22050,10.0,220500,0.059251,0.067413,1280.74,1471.88,2325.06,train
JeL4aSMUJfc_15.wav,22050,9.265,204290,0.014999,0.078792,1775.65,2307.55,3876.84,train
QuOdsp-ZhZU_30.wav,22050,10.0,220500,0.023541,0.168726,3367.64,3036.64,7295.23,train
EsGgEsFL1xQ_30.wav,22050,10.0,220500,0.029157,0.20615,2581.46,1471.06,4308.09,train
BDXGM5qwT_w_80.wav,22050,10.0,220500,0.048459,0.075661,1642.86,1680.22,3794.84,train
KKKWHCfRavI_170.wav,22050,10.0,220500,0.034022,0.135004,2487.54,2462.24,5150.96,train
KCW0hZDwWXs_3.wav,22050,10.0,220500,0.074145,0.078101,1148.63,990.06,2251.69,train
niBoffVi8mg_180.wav,22050,10.0,220500,0.150254,0.186073,3104.11,2638.47,5980.31,train
3SEaq5duywg_18.wav,22050,9.371,206636,0.076558,0.129434,2378.0,2548.88,5409.2,train
5VwNkoRhz-8_30.wav,22050,10.0,220500,0.085894,0.136558,2271.84,2129.89,4151.96,train
tQmox7MZTRs_280.wav,22050,10.0,220500,0.171525,0.461414,5292.39,2506.31,8189.59,train
2xSpPJkPJqo_6.wav,22050,9.232,203572,0.124391,0.011729,471.36,736.36,984.85,train
L4JYZFzylgM_0.wav,22050,10.0,220500,0.021251,0.130762,1933.79,1577.24,3892.46,train
IOD1vDII_J4_500.wav,22050,10.0,220500,0.125046,0.154075,2190.45,1660.69,3708.53,train
Cz76BrU_hQg_30.wav,22050,10.0,220500,0.12705,0.156511,2922.8,2899.38,6348.27,train
x1ulW_aTE2g_30.wav,22050,10.0,220500,0.047169,0.266479,3389.69,2420.11,6230.32,train
9YhSZFbaXhg_80.wav,22050,10.0,220500,0.040572,0.342548,4214.57,3155.19,7877.51,train
OKNNkUix1ec_30.wav,22050,10.0,220500,0.023592,0.226933,3651.86,2891.74,7225.21,train
mtDfUdyc7JE_50.wav,22050,10.0,220500,0.008798,0.113598,2706.11,2856.03,6243.45,train
Wl2PTE6-0nk_40.wav,22050,10.0,220500,0.131801,0.12873,2768.02,2511.93,5548.27,train
LuvsiGgQWHY_0.wav,22050,6.641,146432,0.041721,0.110215,1400.3,1029.21,2437.64,train
kwDohJ6nNrc_0.wav,22050,10.0,220500,0.080536,0.202884,3079.52,2195.17,5588.07,train
Rsm_0k14ue8_15.wav,22050,9.126,201218,0.189925,0.068178,1606.24,2109.49,3344.61,train
6nROtGPhnig_18.wav,22050,9.348,206124,0.226845,0.038579,918.23,1205.39,2073.73,train
uo0tl6fh8BY_10.wav,22050,10.0,220500,0.518191,0.410338,4945.94,3182.23,9085.76,train
ft7s7y-f8Q8_160.wav,22050,10.0,220500,0.059752,0.093467,2017.91,2175.5,3996.23,train
B0HCokr-ALo_380.wav,22050,10.0,220500,0.213049,0.109949,2342.48,2695.63,5454.1,train
xPBeBy4zo20_30.wav,22050,10.0,220500,0.068856,0.060787,898.44,755.99,1642.99,train
M4nAaMU7Jj8_30.wav,22050,10.0,220500,0.341174,0.117992,1672.94,1172.57,2999.49,train
PyRA_f8cWGY_10.wav,22050,10.0,220500,0.134719,0.245619,3694.71,2255.74,6095.84,train
0LezpTtLGik_10.wav,22050,9.76,215212,0.401916,0.051736,1764.34,2092.68,4107.96,train
nLqU8FrioKM_200.wav,22050,10.0,220500,0.138023,0.123331,2247.92,2203.6,4332.92,train
0xn9_kcWPGw_0.wav,22050,10.0,220500,0.051767,0.359094,4591.06,2901.14,7972.58,train
0JD2gXm73Sg_270.wav,22050,10.0,220500,0.131576,0.054982,1410.89,1601.46,2400.48,train
ammD8SOAILU_70.wav,22050,10.0,220500,0.019954,0.0503,1241.43,1535.47,2500.32,train
r1qms7lD7BU_30.wav,22050,10.0,220500,0.060621,0.21258,2782.48,1927.27,5120.26,train
BLfe8u4TZaI_30.wav,22050,10.0,220500,0.284854,0.456432,5294.56,2836.51,8492.33,train
5Jg7a0x3itE_180.wav,22050,10.0,220500,0.050969,0.139409,2348.55,2169.7,4485.98,train
59VB_Wf-jRw_30.wav,22050,10.0,220500,0.055589,0.141719,2609.47,2377.07,5091.28,train
QrZqpsOjt-Y_300.wav,22050,10.0,220500,0.036767,0.276038,4148.81,2880.29,7388.39,train
1xZDoVUV3P8_0.wav,22050,9.729,214528,0.243626,0.060471,1648.62,2165.37,3302.3,train
051bkYPNlnI_440.wav,22050,10.0,220500,0.053907,0.147673,2132.34,1746.18,4220.06,train
QVLegUzSDE4_2.wav,22050,9.773,215484,0.164681,0.174591,2819.16,2164.08,4900.88,train
Fz2IQpDClBY_13.wav,22050,9.228,203478,0.045534,0.151535,2844.44,2367.27,5523.94,train
P9T5PayVRR0_30.wav,22050,10.0,220500,0.002684,0.155414,2179.75,1582.08,4120.81,train
StQbLiEQky0_40.wav,22050,10.0,220500,0.058601,0.191027,3200.64,2632.41,5995.67,train
Ic27g9W2VTo_530.wav,22050,10.0,220500,0.072977,0.129351,2456.51,2452.14,4840.52,train
WdouWz5_18M_300.wav,22050,10.0,220500,0.02243,0.154249,2663.27,2426.33,5272.91,train
q65ho6w-N78_30.wav,22050,10.0,220500,0.170865,0.140694,2855.64,2689.98,6019.1,train
gU3-ybrgSBo_60.wav,22050,10.0,220500,0.062706,0.310095,2943.27,2911.43,6726.98,train
OAG8IbNrYbo_24.wav,22050,9.914,218608,0.022727,0.543257,5943.69,2630.0,9006.63,train
-Hb3BVUVOpc_160.wav,22050,10.0,220500,0.128734,0.315987,4179.37,2805.64,7410.47,train
di5Vbp7elF8_20.wav,22050,10.0,220500,0.09399,0.183844,2473.66,1547.15,4232.42,train
T7PRZHNGA00_70.wav,22050,10.0,220500,0.042483,0.138139,1690.2,1366.84,3251.91,train
sVAqk0kz5qU_15.wav,22050,9.213,203154,0.011487,0.08419,1341.99,1224.94,2576.42,train
wvkr6ja716k_50.wav,22050,10.0,220500,0.113867,0.091977,1195.21,807.9,2004.19,train
4X7tjqXvrW0_40.wav,22050,10.0,220500,0.013225,0.138619,2942.21,2999.21,6533.3,train
4dbhc3pklcQ_120.wav,22050,10.0,220500,0.033561,0.038638,830.61,1094.85,1577.94,train
xRV0L4WITNw_120.wav,22050,10.0,220500,0.078856,0.23206,3393.86,2525.1,6276.05,train
M5pjGR5sCvI_20.wav,22050,10.0,220500,0.049969,0.035081,1972.33,2560.16,4764.41,train
inZDztbodRU_30.wav,22050,10.0,220500,0.028586,0.393397,4889.01,3301.55,8924.76,train
GV8_ppJp9I0_30.wav,22050,10.0,220500,0.033873,0.001323,832.29,1131.23,2181.0,train
6WBduWZSJy4_450.wav,22050,10.0,220500,0.106232,0.115564,2134.93,2070.86,3964.88,train
5fihLVMJdtc_30.wav,22050,10.0,220500,0.058334,0.194134,3063.28,2611.69,6081.33,train
Dci97VIDnek_80.wav,22050,10.0,220500,0.307334,0.130067,1657.07,1179.05,2894.89,train
88AWuXFZkTU_17.wav,22050,9.129,201294,0.070819,0.141516,2036.25,1409.05,3625.69,train
BvLw6FSl2K0_24.wav,22050,10.0,220500,0.589036,0.093704,1526.9,1356.38,2696.9,train
g5-7fYGXDNc_230.wav,22050,10.0,220500,0.053237,0.134327,2091.77,1776.74,3847.65,train
j83UOf1O4HY_0.wav,22050,10.0,220500,0.004573,0.164145,2828.76,2535.65,5629.53,train
fl7jJikgE1M_4.wav,22050,9.769,215416,0.179719,0.131263,2298.31,2110.33,4117.93,train
R4NQcEuSVhE_30.wav,22050,10.0,220500,0.132841,0.086519,1610.24,1791.22,3130.21,train
5mwNGZiO6Lg_30.wav,22050,10.0,220500,0.053725,0.010945,767.46,1636.62,1393.89,train
8ieawHKf0iA_30.wav,22050,10.0,220500,0.111151,0.238824,2475.2,1129.3,3699.94,train
YeN2pW6TsFg_160.wav,22050,10.0,220500,0.029316,0.170404,2584.28,2425.21,5338.46,train
iUT24BNZufo_2.wav,22050,9.192,202684,0.079515,0.157397,2582.78,2427.38,5137.06,train
lrl0D5Af8kA_50.wav,22050,10.0,220500,0.263092,0.125896,2152.68,2047.42,4329.35,train
FP5gWEXNRWQ_160.wav,22050,10.0,220500,0.017464,0.117317,1848.03,1862.31,3183.39,train
ZLyegpShxHc_20.wav,22050,10.0,220500,0.040662,0.154732,2358.93,1885.64,4371.74,train
BuOLEK1DJnk_30.wav,22050,10.0,220500,0.078816,0.127091,2460.63,2437.32,5123.6,train
CYNWK2GpwgA_320.wav,22050,10.0,220500,0.038754,0.101311,1961.15,1847.64,3609.53,train
QTogmJ1YWRI_160.wav,22050,10.0,220500,0.018352,0.140741,2273.38,2007.77,4043.02,train
Teqxh3wqoqk_30.wav,22050,10.0,220500,0.043753,0.125843,2228.72,2155.36,4284.03,train
X_Zm7xIzmrQ_500.wav,22050,10.0,220500,0.060077,0.09026,1838.44,2058.38,3572.11,train
6emRqUOFnqM_30.wav,22050,10.0,220500,0.101522,0.323632,3993.56,2863.43,7303.58,train
U_tVBbiK6dY_360.wav,22050,10.0,220500,0.216218,0.173325,3197.86,3304.44,7321.34,train
MFKt0Gt8n-A_70.wav,22050,10.0,220500,0.013458,0.157701,2434.52,2178.62,4873.57,train
clYDcPEty3E_30.wav,22050,10.0,220500,0.003839,0.125384,2086.59,1959.76,4213.66,train
kOdXHd7lLu4_90.wav,22050,10.0,220500,0.226394,0.077188,1871.94,2128.85,3935.48,train
BrDrhRALofk_100.wav,22050,10.0,220500,0.083502,0.141596,1649.14,984.22,2821.1,train
mskDByb-bSM_50.wav,22050,10.0,220500,0.019546,0.22584,2358.67,1534.64,3601.09,train
KLufVF5aESs_180.wav,22050,10.0,220500,0.254687,0.125147,2748.65,2729.05,5986.16,train
Ck73aGaZ6H0_30.wav,22050,10.0,220500,0.103707,0.041027,1368.79,1830.85,3656.4,train
zqVa06P4RZo_30.wav,22050,10.0,220500,0.097135,0.068253,1077.63,1026.43,2378.22,train
T5XbmMzahxg_20.wav,22050,10.0,220500,0.122587,0.144092,2213.87,1671.76,3752.5,train
B9RvUOzL-jA_20.wav,22050,10.0,220500,0.008828,0.232653,4201.7,3192.86,8166.13,train
ui7wvb6DAw0_0.wav,22050,10.0,220500,0.108783,0.146021,2295.23,1906.87,4453.7,train
xp1gnAn6U9w_50.wav,22050,10.0,220500,0.22209,0.0512,1169.61,1544.25,2004.16,train
esbCMTofZeo_250.wav,22050,10.0,220500,0.08892,0.066414,2356.47,2995.3,5906.94,train
8SiDHWtFZlQ_30.wav,22050,10.0,220500,0.027789,0.193287,2795.26,2090.29,4864.33,train
atyIchUziIU_120.wav,22050,10.0,220500,0.008616,0.288275,3754.14,2585.63,6462.11,train
txZ4xqeakLM_30.wav,22050,10.0,220500,0.051034,0.165852,2529.25,2442.52,5782.44,train
kggvRB2OjwY_0.wav,22050,10.0,220500,0.1706,0.157963,2202.54,1637.15,4191.76,train
oSswsnm8MdQ_120.wav,22050,10.0,220500,0.061853,0.164082,2691.81,2492.88,5049.19,train
nsPaU3l6a7g_30.wav,22050,10.0,220500,0.024823,0.318927,3666.01,1955.0,5485.75,train
OF_h80bgUvo_20.wav,22050,10.0,220500,0.170611,0.428461,4937.18,2703.9,7953.2,train
3f6MhTCSGaE_1.wav,22050,9.31,205278,0.223431,0.103808,2153.24,2309.22,4687.79,train
DMhShx4Y4Q0_30.wav,22050,10.0,220500,0.057068,0.152181,2573.45,2156.3,4894.31,train
7sDA7Nnf2XA_140.wav,22050,10.0,220500,0.109921,0.213352,3134.07,2297.14,5637.85,train
VLHMtw3pp6I_20.wav,22050,10.0,220500,0.097992,0.162694,2197.04,1652.35,4250.31,train
m732kHViRC0_0.wav,22050,10.0,220500,0.140558,0.115531,2151.64,1976.21,4195.88,train
5pg-_i_zhSg_30.wav,22050,10.0,220500,0.144739,0.030159,820.32,1159.41,1819.26,train
0-gTHz5ukeY_2.wav,22050,9.605,211788,0.039495,0.157674,3318.66,2758.7,6575.87,train
FMK4guHv1gU_30.wav,22050,10.0,220500,0.19785,0.131503,2400.12,2247.29,4718.02,train
t7rDfTOcvL8_30.wav,22050,10.0,220500,0.029448,0.085651,2079.37,2460.7,4537.11,train
aSzb9ots7Go_30.wav,22050,10.0,220500,0.069042,0.405045,5686.91,3422.23,9330.55,train
7BCTaz_G63k_30.wav,22050,10.0,220500,0.051377,0.134624,2375.43,2172.16,4260.38,train
jjhVlzSiQtw_30.wav,22050,10.0,220500,0.0619,0.458686,5166.56,2925.62,8728.54,train
lXHTWyDBkYs_0.wav,22050,10.0,220500,0.190166,0.168379,2224.23,1365.87,3812.98,train
3p3eFpHOc_U_430.wav,22050,10.0,220500,0.015157,0.206777,3335.1,2851.42,6704.32,train
1O7-QuhweZE_19.wav,22050,9.811,216330,0.190213,0.097346,1364.63,1281.97,2291.4,train
9zdXipYvoLU_0.wav,22050,10.0,220500,0.041681,0.115188,2123.09,2058.57,4499.76,train
323uKBR-l4o_30.wav,22050,10.0,220500,0.038194,0.094251,1364.39,1080.65,2424.81,train
MYPH5JD2HR4_500.wav,22050,10.0,220500,0.20782,0.123891,2133.83,1788.72,3624.92,train
yWMV6y36Qcg_180.wav,22050,10.0,220500,0.046852,0.143189,1622.7,1092.25,3063.41,train
l6nkiB_tXsU_20.wav,22050,10.0,220500,0.003754,0.172998,2262.51,1815.13,4369.72,train
dlnENCMUyaw_400.wav,22050,10.0,220500,0.162586,0.248976,3235.34,2425.59,5368.61,train
2hahuIUm410_40.wav,22050,10.0,220500,0.035097,0.142022,3221.85,3159.27,7159.74,train
55ymsPvboaQ_130.wav,22050,10.0,220500,0.094347,0.164774,2347.67,1694.87,4132.85,train
DPmtMPyVm5Q_30.wav,22050,10.0,220500,0.010331,0.16925,2937.12,2483.3,5628.08,train
MdRvEvLFw-I_10.wav,22050,10.0,220500,0.122166,0.134196,2309.96,2047.61,4207.99,train
Gsl8qrtf3_g_20.wav,22050,10.0,220500,0.082777,0.120184,2042.52,1831.52,3580.86,train
7lJcnWLf0Ho_30.wav,22050,10.0,220500,0.012474,0.152198,2738.84,2828.59,5582.65,train
RydJj9VhwPA_30.wav,22050,10.0,220500,0.032705,0.383558,4666.8,2749.81,7936.41,train
MfZktPPkNM8_30.wav,22050,10.0,220500,0.06411,0.183269,2181.6,1551.93,4003.23,train
RpwVp5yhvVU_100.wav,22050,10.0,220500,0.058475,0.090854,1790.69,1964.22,3618.35,train
9bK7ajGgPAw_130.wav,22050,10.0,220500,0.068799,0.221317,3219.59,2527.98,6175.13,train
eeE-K8OyWpY_30.wav,22050,10.0,220500,0.196217,0.073233,1513.19,1782.17,2836.94,train
MRi8yXl6W8U_460.wav,22050,10.0,220500,0.048876,0.051281,1197.05,1559.97,2333.08,train
0Xrg64OjC5o_30.wav,22050,10.0,220500,0.066821,0.1057,1386.89,939.55,2347.89,train
Fj_rwX24nLE_20.wav,22050,10.0,220500,0.046488,0.028263,858.22,1491.36,1680.74,train
my_58dljjLw_0.wav,22050,8.986,198144,0.136912,0.044767,1182.2,1691.85,2301.86,train
VmFzl5qzj7o_14.wav,22050,9.824,216612,0.268434,0.141856,2184.05,1617.88,3650.84,train
W5Kjb6l7btk_350.wav,22050,10.0,220500,0.303408,0.099979,1812.95,1808.17,3382.24,train
dA68H-_i3R0_40.wav,22050,10.0,220500,0.777928,0.134024,2654.86,1959.17,4833.78,train
7jUAw5sp7V4_30.wav,22050,10.0,220500,0.205345,0.129482,1822.99,1494.34,2880.68,train
rOYmHMbSg0E_200.wav,22050,10.0,220500,0.047576,0.342623,4302.78,2513.76,6948.35,train
VA9nPfFjp2Q_50.wav,22050,10.0,220500,0.011038,0.131396,2529.8,2598.27,5290.75,train
OzsSomKsgqQ_330.wav,22050,10.0,220500,0.085212,0.084636,1556.27,1732.26,2989.97,train
U5ruDbI906s_30.wav,22050,10.0,220500,0.107973,0.075232,1349.09,1298.4,2697.32,train
InVAnfYm-6k_24.wav,22050,9.367,206544,0.016788,0.096062,1700.95,1837.42,2525.54,train
_WOB1m4rQps_20.wav,22050,10.0,220500,0.009243,0.17542,3368.13,3034.53,7074.21,train
9uvFO260K20_30.wav,22050,10.0,220500,0.148862,0.189728,2426.29,1429.49,3878.77,train
0eaVWAwYCyU_40.wav,22050,10.0,220500,0.056271,0.099118,1449.45,1004.23,2629.5,train
MwoZeAhg4fg_0.wav,22050,10.0,220500,0.203789,0.047386,1004.64,1262.23,1958.05,train
-OanE09iAA4_0.wav,22050,10.0,220500,0.103073,0.256913,3347.27,2803.37,6734.12,train
OmAFGHNPkEc_0.wav,22050,10.0,220500,0.277088,0.045889,1061.85,1295.26,2231.83,train
6WCdqxj3HD0_30.wav,22050,10.0,220500,0.024639,0.202657,2691.03,2016.85,5120.86,train
RSv3hKANgLI_30.wav,22050,10.0,220500,0.022645,0.080266,1588.47,1770.44,3081.22,train
vxXzKXNddVY_30.wav,22050,10.0,220500,0.062639,0.114041,2228.11,2469.7,4561.54,train
542BbXcbUn0_30.wav,22050,10.0,220500,0.13266,0.095356,1480.91,1370.6,2528.83,train
FmdU8Kawmq8_30.wav,22050,10.0,220500,0.086352,0.261056,3726.02,2967.75,7521.91,train
H1AR13_mpW4_550.wav,22050,10.0,220500,0.051088,0.144973,2360.61,2096.16,4317.63,train
-nOZCpXVXV4_30.wav,22050,10.0,220500,0.14885,0.150115,2050.78,1454.75,3668.99,train
hRDgbkYDqNY_30.wav,22050,10.0,220500,0.02572,0.171153,3315.1,2994.58,7061.52,train
id-GVH4Hcig_540.wav,22050,10.0,220500,0.13434,0.184456,2983.67,2472.01,5733.13,train
orx3kRX7WOg_30.wav,22050,10.0,220500,0.272418,0.13428,2289.62,2080.66,4464.49,train
F9AhPoKVO8I_9.wav,22050,9.594,211550,0.027508,0.094764,1852.86,1955.68,3599.97,train
HbxB91aJFW8_140.wav,22050,10.0,220500,0.141151,0.361402,4299.84,2522.76,7198.98,train
Xixiazkpqt4_60.wav,22050,10.0,220500,0.138068,0.535845,5771.21,3130.32,9218.26,train
GlM4lg4k1_o_0.wav,22050,10.0,220500,0.005366,0.127623,2594.93,2717.75,5778.47,train
P3frrCdoSM4_80.wav,22050,10.0,220500,0.102312,0.103622,2090.23,2222.61,4199.65,train
eef9sc5A084_460.wav,22050,10.0,220500,0.003682,0.192516,3131.62,2771.95,6145.83,train
258MIJhkp20_30.wav,22050,10.0,220500,0.408537,0.033219,1030.47,1819.14,1540.87,train
7MTZW-2MayY_30.wav,22050,10.0,220500,0.06462,0.213812,3389.45,2667.25,6547.97,train
gQUrquj3wDE_30.wav,22050,10.0,220500,0.114193,0.037432,976.99,1458.51,1835.42,train
P-rRyIdq9CA_30.wav,22050,10.0,220500,0.085088,0.084528,1687.15,1988.62,3140.95,train
ci8gIPkFhQo_30.wav,22050,10.0,220500,0.196706,0.066527,1311.27,1557.2,2364.01,train
ITeEy1D6KPA_30.wav,22050,10.0,220500,0.042045,0.108205,2269.94,2486.52,4714.25,train
fq6D0iyPpq4_27.wav,22050,9.021,198922,0.133682,0.125668,2179.04,1728.98,3998.06,train
6BsSA6Y-G3k_0.wav,22050,5.526,121856,0.008554,0.316314,4313.57,2798.4,7687.31,train
Vl_s_3TOpoU_100.wav,22050,10.0,220500,0.006906,0.220903,3611.55,2993.15,7307.03,train
UDv9kDjMuZk_5.wav,22050,9.93,218966,0.137297,0.104812,1352.14,960.16,2390.97,train
et5VaXFQKzs_480.wav,22050,10.0,220500,0.042273,0.086224,1441.58,1573.87,2723.5,train
0B9g7xxOaQ4_10.wav,22050,10.0,220500,0.270371,0.214898,3920.07,2937.32,7613.99,train
gVjmFBE3XEE_0.wav,22050,10.0,220500,0.004402,0.134979,2537.22,2494.24,5077.56,train
eHV-uR4jDwg_30.wav,22050,10.0,220500,0.016209,0.263355,3679.02,2553.35,6480.02,train
967itZck8sU_0.wav,22050,10.0,220500,0.027258,0.452342,5398.38,2825.33,8892.71,train
0ui73cd24Uw_50.wav,22050,10.0,220500,0.223877,0.102401,1497.15,1055.83,2660.5,train
cz78pO-RVTc_10.wav,22050,10.0,220500,0.076663,0.15054,2396.43,2103.68,4520.52,train
xO_AfULhtc8_30.wav,22050,10.0,220500,0.014307,0.056028,934.79,917.2,1737.12,train
jxyqNyTSC5o_0.wav,22050,10.0,220500,0.021855,0.139501,2185.18,1867.88,4144.39,train
NJQPNMG7dGw_30.wav,22050,10.0,220500,0.075556,0.222725,2997.53,2093.08,5331.47,train
Yjxsgxyshe0_5.wav,22050,9.211,203094,0.030157,0.110636,2706.17,2739.37,5697.21,train
nXMF3GUsBMQ_10.wav,22050,10.0,220500,0.021692,0.248218,3700.12,2991.13,7445.94,train
Fq107k8_9vk_0.wav,22050,0.929,20480,0.140175,0.053699,1111.44,1251.64,1909.36,train
m9DnVA4vWsw_20.wav,22050,10.0,220500,0.019718,0.253833,3850.89,3181.5,8143.5,train
CmgsQJ_8hxY_30.wav,22050,10.0,220500,0.015406,0.259618,3866.41,2928.21,7335.08,train
6G11Ve9d1MQ_30.wav,22050,10.0,220500,0.09721,0.121787,2047.35,1812.52,3580.76,train
-eO7J5kuaUg_0.wav,22050,10.0,220500,0.15943,0.065645,1082.97,1283.4,2468.15,train
SNdV6nE43AU_30.wav,22050,10.0,220500,0.007711,0.09362,1972.45,1675.29,3471.54,train
4sUHL3s5Ieo_130.wav,22050,10.0,220500,0.092175,0.213178,2770.31,1780.61,4818.17,train
u7SyuDbgXjA_260.wav,22050,10.0,220500,0.025437,0.124103,2193.49,2088.19,4029.41,train
WLosarEdYNI_70.wav,22050,10.0,220500,0.041393,0.157483,2428.16,2146.71,4377.31,train
GpMEBEXadBc_90.wav,22050,10.0,220500,0.165424,0.163334,2361.65,1655.22,3677.86,train
8p0M7kcjBks_30.wav,22050,10.0,220500,0.056644,0.082084,1528.87,1563.3,3059.51,train
HeV-SaDPBYA_170.wav,22050,10.0,220500,0.073364,0.066122,2235.65,2753.54,5173.76,train
PrFDB15C-B0_560.wav,22050,10.0,220500,0.025504,0.090512,1979.85,2165.84,3945.32,train
Z7HwYXbn7kU_0.wav,22050,10.0,220500,0.082455,0.230021,2820.32,1513.21,4243.59,train
7N2XCTjKTa8_30.wav,22050,10.0,220500,0.521834,0.107754,1563.01,1113.47,2150.82,train
-a9vgD4hCUk_30.wav,22050,10.0,220500,0.180688,0.028557,851.85,1379.33,1584.16,train
isaLeCc_R7I_380.wav,22050,10.0,220500,0.149377,0.288836,3414.8,1966.57,5581.17,train
wWLmRkc54s8_30.wav,22050,10.0,220500,0.022896,0.121801,2128.21,2230.64,4388.55,train
h1JoG1sHLao_24.wav,22050,9.042,199376,0.023342,0.093982,1697.49,1295.02,3285.66,train
PEHAfU3S00Q_30.wav,22050,10.0,220500,0.076806,0.100947,2000.39,1916.3,3731.29,train
Pelo0TiS66E_100.wav,22050,10.0,220500,0.089086,0.302985,4022.62,2893.57,7369.1,train
QXYw9_KWQOA_30.wav,22050,10.0,220500,0.010847,0.179651,3410.92,3096.68,7236.73,train
-3rHT9Gmimk_20.wav,22050,9.531,210152,0.025827,0.200908,3130.01,2664.4,6440.97,train
hwQkLfvT2H4_30.wav,22050,10.0,220500,0.04875,0.100456,1641.88,1449.76,3263.68,train
X_-8MHa3R08_560.wav,22050,10.0,220500,0.092506,0.155442,2411.01,2066.43,4331.17,train
O8BsPrP-YRY_0.wav,22050,10.0,220500,0.074946,0.125519,2249.48,2163.94,4431.54,train
2O0M6je2rEE_0.wav,22050,10.0,220500,0.01164,0.222674,3445.66,2800.34,6838.37,train
sYU35RCJHlU_30.wav,22050,10.0,220500,0.109883,0.08243,1405.27,1496.68,2371.82,train
wFZeGxlLgr8_10.wav,22050,10.0,220500,0.276586,0.104582,2250.96,2177.18,4483.5,train
m1tMlY90b8A_80.wav,22050,10.0,220500,0.080097,0.057031,2065.64,2436.56,4688.19,train
sgGYT95y538_140.wav,22050,10.0,220500,0.058029,0.149289,2812.73,2846.81,6494.93,train
8mfkKXu4YQo_510.wav,22050,10.0,220500,0.040518,0.147275,1942.24,1433.25,3703.01,train
3lp2vO0xKZY_5.wav,22050,10.0,220500,0.512736,0.230806,2941.99,2139.27,5456.52,train
5aE_ARYhtgY_30.wav,22050,10.0,220500,0.026449,0.389119,5073.07,2803.55,8188.71,train
k8z1ig_8S_E_30.wav,22050,10.0,220500,0.047605,0.090894,1850.58,2084.87,3789.77,train
o2v40k3KOvg_10.wav,22050,10.0,220500,0.310754,0.087273,2561.88,3118.31,6505.73,train
mLrU75wzyVY_30.wav,22050,10.0,220500,0.272091,0.081135,1958.42,2360.87,4263.22,train
j1g4fhdhXXs_60.wav,22050,10.0,220500,0.006387,0.221739,3467.8,2729.74,6659.43,train
1R-XSQDxR_k_30.wav,22050,10.0,220500,0.122139,0.120361,2218.87,1927.39,3994.08,train
UqR_S9nWe-g_10.wav,22050,10.0,220500,0.052816,0.071081,1211.69,1249.08,2396.28,train
F8J19Klc2Eg_20.wav,22050,9.716,214248,0.146289,0.205308,3439.19,2452.58,6305.66,train
4Pk1-UATkJs_30.wav,22050,10.0,220500,0.104052,0.067691,1623.35,2035.17,3422.11,train
xD7HVLHXK5Y_320.wav,22050,10.0,220500,0.021671,0.06034,1177.54,1026.53,2323.91,train
cp7j_x712bY_17.wav,22050,9.285,204734,0.017833,0.139772,2263.86,2015.01,3953.71,train
zc0JnzSO5Yo_140.wav,22050,10.0,220500,0.014407,0.100455,1614.2,1703.75,3521.73,train
cl5VPnikbx4_70.wav,22050,10.0,220500,0.241103,0.120366,1651.08,1377.46,2268.91,train
0WzD99-O04I_17.wav,22050,9.599,211648,0.184664,0.110514,2207.88,2090.81,4651.41,train
4q5VYLimmKE_30.wav,22050,10.0,220500,0.005511,0.107499,2091.31,2432.02,4485.63,train
5bIuMNKRpTk_10.wav,22050,10.0,220500,0.080709,0.217445,3443.96,2735.63,6681.64,train
XCt3LooUVsQ_430.wav,22050,10.0,220500,0.029243,0.140699,2251.85,1995.31,4366.57,train
2Bv1aGIlbCM_30.wav,22050,10.0,220500,0.2237,0.129359,2115.83,1784.23,3752.45,train
69dUzFfil0I_0.wav,22050,10.0,220500,0.012414,0.215862,3395.2,2732.73,6828.4,train
f2n-vevPf0s_120.wav,22050,10.0,220500,0.006596,0.341938,4301.41,3170.6,8263.63,train
WEAPrTyh4xg_6.wav,22050,9.673,213300,0.056212,0.079456,1294.74,1218.89,2420.34,train
u8X_KB2WAIc_30.wav,22050,10.0,220500,0.202907,0.056236,1655.7,2074.51,4009.67,train
QDkU2Y5nYX4_10.wav,22050,10.0,220500,0.104668,0.057343,1893.82,2764.91,4688.74,train
G772UJoUjBc_160.wav,22050,10.0,220500,0.099332,0.110521,2328.12,2265.99,4782.59,train
zHLofcq_GVk_550.wav,22050,10.0,220500,0.141053,0.184454,2885.88,2367.13,5553.82,train
hsDY5tP_MYo_30.wav,22050,10.0,220500,0.023355,0.085757,1818.0,2193.08,3705.48,train
6zgSdvcRt0w_320.wav,22050,10.0,220500,0.083031,0.244713,3173.35,1726.73,4443.16,train
16TUQKf4PMg_20.wav,22050,9.629,212312,0.043991,0.08674,1507.29,1411.11,3130.02,train
FeTGItL24lE_430.wav,22050,10.0,220500,0.062446,0.142186,2351.08,2072.52,4432.74,train
9dtN625Ez7I_30.wav,22050,10.0,220500,0.116343,0.081712,1226.5,1064.02,1978.43,train
bJ4LP9tASk0_3.wav,22050,8.958,197530,0.106773,0.086557,1594.52,1850.31,2994.23,train
1TP1z-Y2fmc_0.wav,22050,10.0,220500,0.195461,0.082912,1882.18,2177.54,4064.75,train
BnXm5GUxAyA_30.wav,22050,10.0,220500,0.11335,0.109855,2195.11,2194.51,4419.95,train
_MLcWmxLzHk_0.wav,22050,9.868,217600,0.027499,0.106914,1742.85,1582.42,3450.97,train
YiDi7HWqhBM_20.wav,22050,10.0,220500,0.014808,0.424859,5040.74,3209.16,8784.72,train
JBqV7QXHcrQ_0.wav,22050,10.0,220500,0.141565,0.215047,3129.49,2318.51,5706.92,train
Mm1azJI9U00_40.wav,22050,10.0,220500,0.176229,0.063193,2030.45,2527.78,4775.03,train
W-0MMPGAD7k_410.wav,22050,10.0,220500,0.140512,0.110585,2182.5,2150.88,4196.28,train
L7w6ovNMl6I_15.wav,22050,9.543,210434,0.014096,0.087744,1215.48,1034.42,2367.76,train
7YxIDIpzAB8_28.wav,22050,9.849,217160,0.296464,0.03805,1618.69,2127.25,3576.74,train
m-n2uPiiOGo_30.wav,22050,10.0,220500,0.087379,0.057204,983.82,867.62,1917.23,train
BixEZVt4vlM_30.wav,22050,10.0,220500,0.033451,0.056874,2141.39,2809.84,5529.64,train
gU6F8KD4u0k_320.wav,22050,10.0,220500,0.105788,0.105868,2411.8,2612.7,5475.13,train
McyLMwCvzaY_7.wav,22050,9.098,200610,0.125689,0.222569,3160.8,2390.58,6022.07,train
H0crgUHM8OE_80.wav,22050,10.0,220500,0.033383,0.257016,3666.08,2692.43,6809.89,train
8-iENHTlPlk_110.wav,22050,10.0,220500,0.039469,0.261289,3952.79,2761.6,7138.31,train
NaIb89NYWkY_70.wav,22050,10.0,220500,0.038728,0.264432,3208.21,1960.46,5225.05,train
C1BxHEZ2Sw8_20.wav,22050,10.0,220500,0.186992,0.1603,2427.48,1998.11,4424.07,train
hJ2Nn-1YnRU_320.wav,22050,10.0,220500,0.113037,0.080016,1781.45,2068.71,3646.06,train
1B0siavC1HU_30.wav,22050,10.0,220500,0.083358,0.112562,2389.43,2508.51,4864.16,train
yMHnzpWkpGY_210.wav,22050,10.0,220500,0.242633,0.101195,2123.92,2129.15,4362.12,train
ZPtjdDN7RY8_3.wav,22050,9.632,212378,0.111509,0.114015,2147.46,2212.72,4387.12,train
_-RnJgPf_F0_30.wav,22050,10.0,220500,0.022938,0.110041,2540.02,2901.68,6759.98,train
DgfCwcYSeGo_30.wav,22050,10.0,220500,0.014376,0.154261,1753.11,962.49,2654.45,train
W115iCqwzSk_340.wav,22050,10.0,220500,0.01441,0.142502,2680.68,2702.04,5458.02,train
IYJrIp8iOfQ_30.wav,22050,10.0,220500,0.12797,0.069764,1498.7,1850.32,3025.09,train
q4dRMT030h8_90.wav,22050,10.0,220500,0.27999,0.165165,1808.83,1061.2,2947.65,train
1YaKUu5EVl8_60.wav,22050,10.0,220500,0.1887,0.16526,2755.1,2680.96,5625.64,train
HCNiqsvVG0E_100.wav,22050,10.0,220500,0.058951,0.032822,838.07,1128.11,1674.79,train
B1HExE7wzTI_30.wav,22050,10.0,220500,0.062593,0.069095,1833.33,2124.72,4297.02,train
ihbKYm6ww0k_90.wav,22050,10.0,220500,0.033913,0.099178,2032.03,2117.91,4138.0,train
QjVpb7gMt3M_10.wav,22050,10.0,220500,0.190027,0.105326,1809.31,1868.78,3548.71,train
meqZwnTSsns_30.wav,22050,10.0,220500,0.075498,0.158827,1872.36,1107.78,3136.63,train
3Z0OkaIaPKM_30.wav,22050,10.0,220500,0.02707,0.14602,2609.81,2256.55,4879.47,train
JHKFEYL4OEs_40.wav,22050,10.0,220500,0.021493,0.11205,1830.01,2012.8,2963.59,train
2AMWVZMp_Xs_30.wav,22050,10.0,220500,0.093709,0.082788,1561.24,1753.37,2829.29,train
I4epvjhFNDs_60.wav,22050,10.0,220500,0.137627,0.296795,4166.97,2869.56,7605.67,train
c84EpWRKgKE_30.wav,22050,10.0,220500,0.061946,0.181348,2571.46,1691.24,4439.86,train
xY6ir6sHP_o_10.wav,22050,10.0,220500,0.089152,0.018823,526.28,701.25,1189.62,train
NtJdN5aK1-U_0.wav,22050,10.0,220500,0.070977,0.184498,2683.75,2256.49,4790.19,train
YKQ5mh9NA74_60.wav,22050,10.0,220500,0.322755,0.033483,721.98,971.3,1311.43,train
a74Wq9CPNlI_30.wav,22050,10.0,220500,0.077381,0.056834,1364.73,1343.08,2816.85,train
pK0UiFHP0iw_240.wav,22050,10.0,220500,0.014695,0.279634,4112.18,2622.85,6946.61,train
puepTVcM-8k_30.wav,22050,10.0,220500,0.01384,0.228863,3604.86,2878.75,6991.4,train
o3E-apIs5BM_10.wav,22050,10.0,220500,0.008981,0.133321,2117.29,1999.81,3898.66,train
B9rRFttp4L4_340.wav,22050,10.0,220500,0.141066,0.118998,2351.15,2363.55,4633.31,train
0QUyf6fYJOo_28.wav,22050,9.756,215112,0.10381,0.058475,1421.86,1882.93,2947.85,train
GB2DsmgH4Sg_270.wav,22050,10.0,220500,0.032047,0.231065,3672.35,2518.34,6541.07,train
Rm7by6svsLI_160.wav,22050,10.0,220500,0.026426,0.386031,4756.0,3056.23,8540.11,train
jpdkEfTR6Sw_24.wav,22050,9.762,215248,0.08214,0.016657,1177.04,1705.19,2509.21,train
v1Q7aAfAQcA_14.wav,22050,9.018,198836,0.183977,0.134089,2549.44,2277.93,5536.61,train
aUynwAkDu6E_30.wav,22050,10.0,220500,0.039388,0.087782,2618.7,2505.3,5406.11,train
c_Txv4S7qsY_60.wav,22050,10.0,220500,0.026845,0.055008,1376.47,1942.05,2643.96,train
dNYY4dIbck8_19.wav,22050,9.514,209786,0.151997,0.186868,2692.66,2325.37,5318.23,train
i8UyWvx_csg_40.wav,22050,10.0,220500,0.023246,0.170289,2819.23,2438.96,5382.75,train
TSOe_N6-OMg_260.wav,22050,10.0,220500,0.039883,0.136441,2754.77,2583.36,5518.27,train
d-hGvcck-nI_40.wav,22050,10.0,220500,0.157646,0.092174,1422.04,1109.55,2784.48,train
XAK4xGx708E_21.wav,22050,9.07,199990,0.110089,0.080628,1731.78,1734.49,3311.16,train
SXpKxCsN3vA_250.wav,22050,10.0,220500,0.116921,0.497571,5624.94,2865.34,8807.93,train
jDHZRjUDlN4_270.wav,22050,10.0,220500,0.08835,0.152624,2517.0,2132.14,4566.86,train
DdyI-AJ3zfU_30.wav,22050,10.0,220500,0.232397,0.063801,1669.25,2007.83,3275.0,train
abKXJ_ME02A_20.wav,22050,10.0,220500,0.125942,0.11351,1585.17,1162.59,2953.65,train
Q640MZX79dM_160.wav,22050,10.0,220500,0.439502,0.169962,2622.35,1875.7,4518.7,train
Wl0F59M20uM_0.wav,22050,10.0,220500,0.115066,0.012553,423.22,730.31,816.54,train
m9xiSz9cpJI_40.wav,22050,10.0,220500,0.08285,0.072683,1706.38,1975.07,3630.62,train
HjO5vtR_IdM_0.wav,22050,9.66,212992,0.433061,0.23092,2965.51,1897.33,4942.36,train
jRAfxy01JpQ_20.wav,22050,10.0,220500,0.156881,0.280153,3382.79,2440.62,6214.05,train
5eDt3oClx_8_18.wav,22050,9.081,200236,0.180345,0.135138,1842.58,1462.69,3827.97,train
nWUFUi2-awI_160.wav,22050,10.0,220500,0.099149,0.35299,4040.21,2672.14,6884.35,train
d11XSGiWtd0_70.wav,22050,10.0,220500,0.060431,0.098134,2248.38,2676.82,5296.32,train
I50mpdO7w9E_20.wav,22050,10.0,220500,0.177907,0.217819,2664.54,1612.59,4288.58,train
XMtRDKlWN80_10.wav,22050,10.0,220500,0.014557,0.268269,3434.56,2296.55,5983.21,train
43vTJDDGGG4_30.wav,22050,10.0,220500,0.071494,0.133845,2174.31,1777.1,3870.58,train
83QS8hYEnio_20.wav,22050,10.0,220500,0.061883,0.219004,3214.2,2448.37,6004.74,train
VqX5aUR9Zug_10.wav,22050,10.0,220500,0.098045,0.103733,1362.45,959.37,2286.54,train
K6jkod7yAsA_30.wav,22050,10.0,220500,0.025377,0.137111,2286.22,1915.82,4301.79,train
3dY1JKNDA1Y_30.wav,22050,10.0,220500,0.055934,0.095575,2062.83,2119.17,4586.05,train
7bwPaRFRZe8_10.wav,22050,10.0,220500,0.034504,0.2147,3364.08,2494.56,6358.39,train
l8O717wuTFE_200.wav,22050,10.0,220500,0.023494,0.138449,2791.28,2693.44,5847.86,train
-NRnnhaFz0g_30.wav,22050,10.0,220500,0.226157,0.109656,2996.04,2901.19,6647.29,train
vMTaX5UDC1s_40.wav,22050,10.0,220500,0.163069,0.209517,3037.92,1759.41,4646.48,train
QkWsAOgzT8E_30.wav,22050,10.0,220500,0.052311,0.09494,2060.88,2360.69,4466.09,train
cq8c4nzPNIQ_30.wav,22050,10.0,220500,0.068255,0.138288,2272.4,1854.22,4093.71,train
FHT4MbaPmtA_100.wav,22050,10.0,220500,0.059188,0.144554,1696.76,1118.48,3019.77,train
xkSJaAFrPWs_270.wav,22050,10.0,220500,0.101456,0.054749,1580.79,1877.0,3518.71,train
ckzs7IezyLA_0.wav,22050,10.0,220500,0.006792,0.16374,2840.43,2767.22,6108.24,train
GKxND5oEGJc_80.wav,22050,10.0,220500,0.220383,0.083301,1837.58,1894.4,3386.13,train
d38sjrigdNM_0.wav,22050,10.0,220500,0.132843,0.145682,2536.2,2381.6,5044.59,train
cKkl6s5Lt78_30.wav,22050,10.0,220500,0.015808,0.11441,2448.63,2616.92,5327.14,train
6qzl34LBAn8_10.wav,22050,10.0,220500,0.042818,0.142166,2628.9,2464.54,5621.34,train
0DR_k_IGL60_270.wav,22050,10.0,220500,0.18306,0.11495,1942.58,2221.15,4195.55,train
PIxUsa9Z1Fg_120.wav,22050,10.0,220500,0.264282,0.067369,1710.4,2467.34,2709.36,train
BUkGJmSq7d4_0.wav,22050,10.0,220500,0.250241,0.0872,1830.01,2045.05,3447.19,train
EF8kEq-kgWE_220.wav,22050,10.0,220500,0.010323,0.230161,3552.08,2607.72,6588.84,train
MmCsw2CFrSA_330.wav,22050,10.0,220500,0.034101,0.127097,2252.71,2208.24,4291.43,train
UGp5uS4NO4g_160.wav,22050,10.0,220500,0.070054,0.395858,5326.11,3203.75,9073.42,train
R6KJ-ivzsPw_130.wav,22050,10.0,220500,0.154721,0.329635,4264.54,3082.27,7854.35,train
5Oys03EVrQ4_30.wav,22050,10.0,220500,0.065589,0.123847,2485.86,2429.42,4817.97,train
0yW5XUGJsOU_8.wav,22050,9.995,220400,0.014957,0.080021,1788.75,2114.43,3553.05,train
r0tzm8hCFbU_4.wav,22050,9.695,213768,0.177396,0.288739,3710.81,2270.97,6160.3,train
PJx1zKNbvJE_5.wav,22050,10.0,220500,0.116985,0.084081,1245.41,712.08,1939.31,train
0Z_RMWCAJxE_30.wav,22050,10.0,220500,0.039873,0.080496,1701.15,1845.21,3453.21,train
A6dWpHa2LtI_90.wav,22050,10.0,220500,0.043051,0.108264,1796.65,1667.39,3694.92,train
F9kNX3zLB04_6.wav,22050,9.053,199620,0.114413,0.150061,1812.45,848.1,2722.96,train
OVIRGuccXcY_100.wav,22050,10.0,220500,0.077841,0.206531,3179.83,2538.7,5916.43,train
3WT1v7lEFdE_0.wav,22050,10.0,220500,0.07056,0.04373,1182.27,1465.98,2560.68,train
kQSw9vQtiu0_60.wav,22050,10.0,220500,0.031191,0.260849,3613.64,2528.58,6641.59,train
XVX0INfRFVo_140.wav,22050,10.0,220500,0.028704,0.079958,1622.12,1951.76,3231.18,train
BLCLUN7x0EE_30.wav,22050,10.0,220500,0.144311,0.13654,2475.68,2262.74,4635.53,train
2zGrM5fLSrM_30.wav,22050,10.0,220500,0.094507,0.092446,1994.88,2145.13,3898.36,train
ZS9aJoB6wXc_300.wav,22050,10.0,220500,0.130966,0.154552,2581.98,2209.91,4836.78,train
D2DadpJ4NzY_30.wav,22050,10.0,220500,0.302089,0.07769,2305.77,2731.8,5549.8,train
4j0h_9tul20_7.wav,22050,9.017,198818,0.132087,0.035205,1101.16,1582.06,2424.37,train
i20E7y9zMNU_0.wav,22050,10.0,220500,0.174832,0.228782,3181.34,2348.07,6006.66,train
P-vKlSPpmV4_220.wav,22050,10.0,220500,0.087627,0.420424,5015.84,2426.2,7319.34,train
hk6X-4sfPo4_100.wav,22050,10.0,220500,0.072916,0.109239,1749.05,1693.62,3112.45,train
Ej27702Rsyo_20.wav,22050,10.0,220500,0.096323,0.170199,2758.64,2455.47,5208.06,train
Qb-HKxo1-FQ_9.wav,22050,10.0,220500,0.236403,0.036149,773.01,1060.6,1827.37,train
SaWkwCw4B3k_60.wav,22050,10.0,220500,0.085743,0.097195,1954.59,2207.6,4069.3,train
P7LeOi6FpHE_27.wav,22050,9.601,211706,0.005063,0.174621,2412.28,1715.26,4355.66,train
pW1rCBJ_gxA_50.wav,22050,10.0,220500,0.07035,0.091276,1336.69,947.58,2324.56,train
5rdkgWCnTQ4_10.wav,22050,10.0,220500,0.052678,0.212925,3712.07,2761.01,6945.91,train
66Pa4OLj0nE_30.wav,22050,10.0,220500,0.193159,0.058144,1760.09,2412.95,3799.06,train
hS1GRF2sPFA_40.wav,22050,10.0,220500,0.040171,0.266117,3700.7,2920.01,7421.61,train
3R6pxxBceZY_40.wav,22050,10.0,220500,0.053351,0.269802,3983.35,3150.94,7890.32,train
f2trMraWezs_250.wav,22050,10.0,220500,0.127469,0.203003,2870.59,2072.63,5489.84,train
lxfIi-UzhGM_30.wav,22050,10.0,220500,0.042583,0.058479,1095.43,1368.77,1795.1,train
gVMH4Elodl0_20.wav,22050,9.489,209240,0.131998,0.087887,1677.15,1877.64,3226.66,train
t48YyA88nnA_30.wav,22050,10.0,220500,0.024585,0.156494,2827.11,2535.4,5798.93,train
yX0r-av6Cp4_5.wav,22050,9.682,213478,0.119653,0.22483,3287.85,2256.31,6019.74,train
aLcuT4ddBRY_90.wav,22050,10.0,220500,0.017655,0.258589,3603.16,2767.26,6839.66,train
F4z2EA52eQQ_28.wav,22050,9.208,203042,0.076609,0.060121,1323.05,1401.83,2954.09,train
d55UQEWwDN8_150.wav,22050,10.0,220500,0.310593,0.117593,2316.52,2407.83,4780.7,train
6JtwvlSSh-Y_50.wav,22050,10.0,220500,0.049874,0.129813,2287.85,2113.83,4201.3,train
QM6980cWj7Q_70.wav,22050,10.0,220500,0.106606,0.064825,1417.97,1744.47,2710.61,train
iwUXlxn6Iic_30.wav,22050,10.0,220500,0.079966,0.058116,1852.75,2552.84,4275.46,train
YZtYAerr5Mc_50.wav,22050,10.0,220500,0.182058,0.198215,2575.75,1923.7,4615.87,train
Eeq1ttVmu9w_20.wav,22050,9.095,200536,0.046918,0.450098,5423.45,2795.47,8927.87,train
6uqV4bKmdVw_30.wav,22050,10.0,220500,0.032684,0.084281,2068.28,2197.3,4236.3,train
jh1mDC5iPPQ_30.wav,22050,10.0,220500,0.020074,0.158576,2600.97,2196.81,4805.03,train
oxqq4MrLGYY_40.wav,22050,10.0,220500,0.241978,0.066752,1970.72,2598.04,4566.29,train
4XlsWpqM0ZY_70.wav,22050,10.0,220500,0.050728,0.11484,2149.91,2224.1,4273.14,train
4DFCW3aPDcY_10.wav,22050,10.0,220500,0.209178,0.054719,1778.1,2306.03,4165.53,train
9rVi7F_KuJo_40.wav,22050,10.0,220500,0.014576,0.185857,2896.73,2414.78,5546.22,train
5WU1e4sElF8_30.wav,22050,10.0,220500,0.065657,0.106895,1507.42,1042.82,2702.67,train
JRBoFZoJ4gA_330.wav,22050,10.0,220500,0.01445,0.110348,2348.13,2300.45,5188.63,train
SjjR7qq7P9g_350.wav,22050,10.0,220500,0.102167,0.248048,3339.75,2446.66,5719.64,train
7FHVsKKlYoQ_560.wav,22050,10.0,220500,0.083592,0.089444,1866.66,2105.62,3824.77,train
d0SaBOymDLk_250.wav,22050,10.0,220500,0.08749,0.219285,3770.48,3271.14,7996.31,train
ERqOQdSH2bY_490.wav,22050,10.0,220500,0.091645,0.098777,2248.63,2454.57,4706.13,train
fE56d5CCyZE_350.wav,22050,10.0,220500,0.15841,0.120707,2373.02,2332.93,4815.52,train
YMEH6YxfeT8_30.wav,22050,10.0,220500,0.025506,0.051773,1204.16,1423.2,2467.4,train
E4j-PGiSYQI_30.wav,22050,10.0,220500,0.018614,0.086975,1591.49,1970.32,3207.3,train
kdSyMheiAlg_40.wav,22050,10.0,220500,0.129579,0.137711,2284.1,2002.29,4097.93,train
RkIy5LNhdcE_4.wav,22050,9.079,200200,0.106495,0.0882,2237.33,2598.25,5365.83,train
dg_CkHvtd1k_190.wav,22050,10.0,220500,0.020922,0.247028,3580.42,2690.97,6898.22,train
GL7g579uon4_30.wav,22050,10.0,220500,0.265255,0.067544,1760.5,2122.4,3675.08,train
jixOfFNr7Tw_30.wav,22050,10.0,220500,0.080252,0.087082,1653.43,1798.66,3100.06,train
GP9sdnpKNpE_30.wav,22050,10.0,220500,0.228447,0.38572,5321.23,3276.61,9116.11,train
NO941lqOVSk_23.wav,22050,9.461,208626,0.062675,0.086116,1854.63,2120.1,3694.55,train
kGZxuC0i6zQ_310.wav,22050,10.0,220500,0.039774,0.389485,4519.2,2641.71,7399.28,train
QYPIoImx6M8_16.wav,22050,9.003,198512,0.06655,0.107365,2341.05,2545.1,4875.27,train
IZkO3X-gQ_8_140.wav,22050,10.0,220500,0.162738,0.087866,1777.42,1906.72,3498.4,train
2mt8OzXzsUY_20.wav,22050,10.0,220500,0.097017,0.086127,1815.02,1747.71,3700.04,train
HeeIauABF5U_430.wav,22050,10.0,220500,0.069379,0.176794,3287.59,2697.51,6175.93,train
x3_IyGOa_90_370.wav,22050,10.0,220500,0.064745,0.224279,2884.58,1544.78,4666.61,train
OBT3eTyJnH8_0.wav,22050,10.0,220500,0.217699,0.120851,1961.46,1589.1,3639.51,train
yNx9ndwx-RI_18.wav,22050,9.864,217500,0.103418,0.132318,2593.81,2671.67,5554.73,train
LBrI9cT4u84_230.wav,22050,10.0,220500,0.039725,0.162965,2078.27,1516.52,3405.57,train
yfmuSGY5EQs_200.wav,22050,10.0,220500,0.068042,0.295802,4050.93,2763.01,7270.88,train
HKYc0AlZp_A_10.wav,22050,10.0,220500,0.004198,0.109793,2940.91,2966.61,6661.38,train
VVIewDu2s4k_2.wav,22050,9.633,212412,0.150981,0.118096,2075.94,2027.97,3765.25,train
XqRJWdOjDwg_130.wav,22050,10.0,220500,0.023718,0.195416,3143.48,2643.4,6117.95,train
GJmuuJnO6uE_7.wav,22050,9.068,199954,0.175694,0.128851,1624.63,1135.98,3027.84,train
5IgWbUxCHl0_170.wav,22050,10.0,220500,0.501711,0.467867,4784.54,1994.82,6485.07,train
BqlXHAzMfaI_30.wav,22050,10.0,220500,0.060136,0.100948,2019.28,2186.2,4137.57,train
yFaNPtyVzAc_210.wav,22050,10.0,220500,0.131834,0.435451,5196.24,3045.95,8841.15,train
UMQ9pTvf8Kk_30.wav,22050,10.0,220500,0.191018,0.401381,4673.57,2928.72,8036.01,train
PLPhYN1tA6w_40.wav,22050,10.0,220500,0.029955,0.113743,1376.95,1439.57,1875.46,train
1jKgEZ4nZ3Y_20.wav,22050,9.542,210408,0.199022,0.055676,1827.92,2237.4,3963.03,train
DpNw8Aa6Yu0_90.wav,22050,10.0,220500,0.098653,0.085832,1912.66,2215.43,3924.24,train
9XrG3tH1rMs_30.wav,22050,10.0,220500,0.011241,0.046897,1243.17,1664.84,2677.74,train
mpYKJw5e85g_30.wav,22050,10.0,220500,0.014845,0.13389,2803.52,2624.08,5746.59,train
5vVpZRY0z48_110.wav,22050,10.0,220500,0.064858,0.192172,2904.99,2451.61,5384.47,train
uQ4bzQaRxN8_18.wav,22050,9.353,206236,0.153713,0.151156,2777.98,2543.15,5748.72,train
JcH6oVzOPt8_25.wav,22050,10.0,220500,0.271804,0.056799,987.2,940.0,1933.29,train
CJMTHNOlwD4_90.wav,22050,10.0,220500,0.15463,0.171481,3220.2,2792.66,6631.88,train
7zWjLi0yhyc_5.wav,22050,9.356,206310,0.15268,0.151453,3011.02,2608.86,6049.41,train
4XrkZLSbAWo_270.wav,22050,10.0,220500,0.102502,0.200483,2349.68,1226.02,3519.43,train
0HDcImG0zIw_230.wav,22050,10.0,220500,0.021856,0.284955,3667.28,2439.69,6488.29,train
rHY1HIWa_1Y_20.wav,22050,10.0,220500,0.018429,0.180739,2851.27,2548.64,5887.91,train
67DN2RcsGzg_0.wav,22050,7.0,154350,0.149365,0.245775,3504.09,2475.84,6090.69,train
ULAH5esKOqI_2.wav,22050,9.958,219580,0.008344,0.094176,1679.5,2083.55,2357.21,train
MEhfW1LWRss_0.wav,22050,10.0,220500,0.065684,0.112334,2317.9,2146.86,4291.25,train
jvnT5rrQ-nY_30.wav,22050,10.0,220500,0.035664,0.144246,2805.0,2663.54,5817.86,train
8ab4MC1nMFE_30.wav,22050,10.0,220500,0.075909,0.055953,1648.86,2228.74,3354.13,train
vMlVvhFyGFQ_430.wav,22050,10.0,220500,0.150583,0.08828,1963.71,2145.9,4135.55,train
ybPMybu0tIU_27.wav,22050,9.455,208490,0.48756,0.090197,2351.19,2558.25,5032.75,train
v38d4NrHVQM_120.wav,22050,10.0,220500,0.013202,0.114621,2605.04,2715.03,5772.32,train
pY4Lkqp10bY_0.wav,22050,10.0,220500,0.093804,0.078374,1238.27,1020.58,2272.38,train
CAHcK5LpxJY_30.wav,22050,10.0,220500,0.048273,0.162619,2700.49,2312.59,5108.39,train
nwhYffRA_MA_10.wav,22050,10.0,220500,0.057481,0.124867,1977.45,1796.03,3816.02,train
-wzB5idCsmE_150.wav,22050,10.0,220500,0.04373,0.054971,1564.85,2108.65,3549.98,train
5r3fgufqr1I_20.wav,22050,10.0,220500,0.052647,0.162616,2965.16,2804.86,6445.25,train
Lab_DG6cPNE_170.wav,22050,10.0,220500,0.080548,0.122264,2395.09,2291.93,4907.72,train
jF_Z51wHHNw_480.wav,22050,10.0,220500,0.020665,0.108574,2155.2,2251.76,4377.36,train
JX9ID-Xs80Y_0.wav,22050,10.0,220500,0.070379,0.207834,3270.47,2783.59,6625.16,train
5LKnLOmEwfE_10.wav,22050,10.0,220500,0.075806,0.616355,6495.94,2600.98,9304.82,train
2kUC-0mhXNU_30.wav,22050,10.0,220500,0.050755,0.165131,2841.7,2380.25,5492.04,train
Mf7jBj0kY10_0.wav,22050,10.0,220500,0.051956,0.076369,1630.65,1889.46,3222.51,train
9xawRcz0UvA_30.wav,22050,10.0,220500,0.2761,0.132326,2434.73,2346.18,4847.32,train
4YXwmsHnfNE_40.wav,22050,10.0,220500,0.124179,0.163234,3115.71,2872.43,6706.74,train
cDCUE0e42g0_13.wav,22050,9.5,209478,0.167887,0.128731,1648.91,1009.78,2388.35,train
JiPwWia5ryk_90.wav,22050,10.0,220500,0.244785,0.075885,1723.01,1759.28,3578.46,train
uZLPHyH5n8Y_30.wav,22050,10.0,220500,0.045564,0.084993,1962.33,2450.79,4291.33,train
6X9D-oPXJlU_60.wav,22050,10.0,220500,0.016802,0.238118,3250.98,2313.5,6000.77,train
MLh3yXknyVE_20.wav,22050,10.0,220500,0.152411,0.140699,2149.93,1949.63,4008.77,train
i0n4KsRrYG8_410.wav,22050,10.0,220500,0.047082,0.170612,2922.28,2873.21,6291.84,train
0hCHx4QPF9Q_150.wav,22050,10.0,220500,0.052614,0.101918,1920.21,1955.1,3444.94,train
xsmhXHtHy7w_50.wav,22050,10.0,220500,0.020208,0.160599,2320.72,1878.87,3707.68,train
qDQwG2xE8lM_30.wav,22050,10.0,220500,0.004866,0.501612,5659.57,3161.98,9173.69,train
JqHBMJRNYd0_50.wav,22050,10.0,220500,0.18001,0.147911,2485.88,2041.8,4563.19,train
rto03s1PeT0_30.wav,22050,10.0,220500,0.042812,0.079019,1741.99,2130.37,3405.17,train
1S8ULyQnlWY_20.wav,22050,9.698,213848,0.09415,0.03506,816.31,1105.68,1606.67,train
H6rdK1KGarg_200.wav,22050,10.0,220500,0.13347,0.095535,1620.38,1587.76,2784.83,train
nJK1TORuoFs_10.wav,22050,10.0,220500,0.32674,0.446036,5249.44,2775.61,8357.13,train
rRb-Wjwv7bc_20.wav,22050,10.0,220500,0.150008,0.18393,3583.13,3092.03,7416.24,train
k5TdutAhbO4_20.wav,22050,10.0,220500,0.171837,0.338462,4173.52,2785.56,7331.83,train
5dBY-Qd8Iig_17.wav,22050,9.779,215630,0.014375,0.485441,4949.16,2869.15,8044.92,train
gcYBNx0fUg8_20.wav,22050,10.0,220500,0.296934,0.1139,1334.37,1010.11,2517.21,train
gB5motEifz0_30.wav,22050,10.0,220500,0.05596,0.170815,3179.88,2844.25,6656.76,train
k_pQcinpcg8_60.wav,22050,10.0,220500,0.189736,0.06214,1048.12,1035.64,2076.53,train
0pvQ0fpTmW8_30.wav,22050,10.0,220500,0.192556,0.14221,2434.46,2186.19,4787.72,train
vvjTPq9xE88_140.wav,22050,10.0,220500,0.061572,0.098637,1598.16,1386.58,2915.33,train
W_MgWVp1DEY_30.wav,22050,10.0,220500,0.225295,0.087078,1380.64,1106.26,2718.33,train
Ju2TOR6u704_30.wav,22050,10.0,220500,0.157431,0.138323,2244.14,2015.42,4207.89,train
6iEfvMYrJ08_30.wav,22050,10.0,220500,0.064787,0.048646,1511.43,2116.35,3085.94,train
HRw-mx0Sxvs_240.wav,22050,10.0,220500,0.117412,0.048007,1429.36,2056.69,3206.05,train
ZOrQiz2C19U_30.wav,22050,10.0,220500,0.122754,0.137229,2378.18,2256.83,4785.84,train
VsH2CFF-au4_30.wav,22050,10.0,220500,0.049463,0.115631,2250.58,2546.94,4720.27,train
SKdeZ137uJQ_9.wav,22050,9.669,213198,0.039213,0.322181,4171.9,2869.76,7881.44,train
QCFLbS_-GIQ_30.wav,22050,10.0,220500,0.230246,0.047201,1658.47,2508.41,3969.58,train
B6mwg6dFwgU_30.wav,22050,10.0,220500,0.188084,0.08827,1777.02,1990.58,3665.77,train
9u1iH0eK8UM_50.wav,22050,10.0,220500,0.080278,0.241157,3524.97,2698.18,6649.91,train
3phm_fK7RIM_310.wav,22050,10.0,220500,0.027793,0.162566,1966.38,1171.34,3010.75,train
WV02R569grY_80.wav,22050,10.0,220500,0.059389,0.190035,2722.7,2063.37,4665.46,train
O5g5xu8Cd54_29.wav,22050,9.429,207910,0.114921,0.066831,1447.58,1746.16,2975.07,train
pddzz_YVRmA_360.wav,22050,10.0,220500,0.222785,0.377935,4595.4,2630.04,7379.67,train
Qtx0KtStVr0_320.wav,22050,10.0,220500,0.035937,0.087269,2008.52,2164.38,4108.57,train
R3NOfiTUPo4_0.wav,22050,10.0,220500,0.316406,0.403274,4427.24,2170.4,6416.25,train
Ze5ptV7T-uU_30.wav,22050,10.0,220500,0.081325,0.149869,3034.75,2522.21,6146.18,train
SBJ78YSewMY_100.wav,22050,10.0,220500,0.110653,0.070612,1470.62,1174.32,2892.14,train
dRsxH6oedM4_100.wav,22050,10.0,220500,0.019656,0.257461,3671.19,2867.9,7116.62,train
rcFtQd9Rv1k_10.wav,22050,10.0,220500,0.151056,0.175908,2969.49,2495.62,5964.65,train
aihyCrZ5Or0_130.wav,22050,10.0,220500,0.082276,0.261332,3876.56,2912.07,7077.08,train
OGRkDIBZt6I_280.wav,22050,10.0,220500,0.063455,0.258449,3540.13,2533.28,6163.92,train
SqA89hyLiHk_30.wav,22050,10.0,220500,0.016013,0.354218,4538.26,2290.87,7026.09,train
5_OJsj6bcuo_260.wav,22050,10.0,220500,0.047227,0.211755,3530.59,3087.17,7405.7,train
1avrR8mUdwo_80.wav,22050,10.0,220500,0.129004,0.053338,1861.77,1735.66,4107.85,train
dNR-zAyejBc_90.wav,22050,10.0,220500,0.113081,0.274309,3784.33,2741.44,7063.54,train
Z_UTff6Ehbc_30.wav,22050,10.0,220500,0.117167,0.190681,2344.87,1233.57,2999.29,train
KuoL3kwkDpo_370.wav,22050,10.0,220500,0.072113,0.263144,3946.39,2887.42,7330.66,train
ghgnC9WOaZY_140.wav,22050,10.0,220500,0.096118,0.122836,2438.64,2224.63,4635.16,train
EQowNjI_jvI_30.wav,22050,10.0,220500,0.175533,0.079938,1385.7,1361.43,2803.64,train
wwdVX5NjF44_30.wav,22050,10.0,220500,0.180719,0.105162,1703.74,1574.6,3253.11,train
FlXigjBOGiE_30.wav,22050,10.0,220500,0.03254,0.123092,2034.01,1985.18,4313.59,train
zp8i8jleck8_90.wav,22050,10.0,220500,0.050094,0.139968,1671.48,1025.37,2802.86,train
u4_DoWz2AZU_0.wav,22050,9.358,206336,0.117705,0.209985,2607.42,1571.96,4252.38,train
1P2PudpnQBI_17.wav,22050,9.935,219070,0.198397,0.251626,3709.63,2822.27,7263.63,train
2FulB7Sn0ZQ_0.wav,22050,8.038,177248,0.169655,0.072634,1376.7,1453.96,3161.84,train
hsA0qo7LL2k_0.wav,22050,10.0,220500,0.128604,0.096384,1966.44,2237.83,3987.59,train
jefOLgkpRDM_140.wav,22050,10.0,220500,0.078801,0.215311,2883.42,2009.13,4731.31,train
8xrF-zogXY4_30.wav,22050,10.0,220500,0.190948,0.09011,1847.53,2144.09,3862.94,train
HoIfdcmis7o_0.wav,22050,10.0,220500,0.088111,0.197129,2839.22,2367.44,5481.82,train
hXb9o05kU_c_30.wav,22050,10.0,220500,0.062615,0.053433,1153.83,1326.97,2109.15,train
eV9ALj0zJF8_180.wav,22050,10.0,220500,0.139668,0.121869,1752.77,1487.14,2696.85,train
wGWdrLREJEo_370.wav,22050,10.0,220500,0.403188,0.098354,2142.71,2465.07,4526.07,train
fAVhoMT-Iww_9.wav,22050,9.13,201310,0.159041,0.192414,2690.15,1962.05,4856.34,train
7FFlRlVQ4Cg_200.wav,22050,10.0,220500,0.001001,0.413188,4981.24,3034.17,8587.4,train
a1cWI4bogUU_30.wav,22050,10.0,220500,0.01972,0.171846,2761.63,2501.62,5602.25,train
7_yuZ6D8_Gk_20.wav,22050,10.0,220500,0.491613,0.076219,1768.34,2115.4,3498.02,train
CB3oUUrlQrY_100.wav,22050,10.0,220500,0.059867,0.072875,1527.12,1662.52,3118.07,train
D7xjedYUX6g_0.wav,22050,10.0,220500,0.041534,0.158426,2670.16,2385.19,5342.48,train
PNiioxiLGfM_30.wav,22050,10.0,220500,0.02311,0.075323,1701.35,2006.85,3415.51,train
Gn1kY0roIO4_60.wav,22050,9.288,204808,0.021602,0.188585,3137.37,2652.81,6234.51,train
XFkNRg0MORU_30.wav,22050,10.0,220500,0.002185,0.409225,4652.85,2960.89,7893.89,train
YD3MqyAVO84_80.wav,22050,10.0,220500,0.119161,0.002483,762.89,1402.75,1545.74,train
ZPtQK2xooVE_0.wav,22050,10.0,220500,0.035173,0.17321,2762.89,2556.4,5482.27,train
idUxzlZkVHA_30.wav,22050,10.0,220500,0.084608,0.116731,2530.1,2309.76,4947.17,train
JuS-XkIEr2E_0.wav,22050,10.0,220500,0.052814,0.189995,2257.08,1560.12,4007.62,train
C2HEgB69HMk_3.wav,22050,9.283,204698,0.227582,0.097571,1771.98,1764.4,3414.49,train
5PXQ-2LX_Qg_30.wav,22050,10.0,220500,0.090158,0.174822,2885.57,2608.85,5918.68,train
nJ1wV1lx09c_460.wav,22050,10.0,220500,0.116369,0.098099,1714.37,1795.66,3052.89,train
2rwhF9u2vMs_30.wav,22050,10.0,220500,0.038852,0.092863,1837.7,2093.62,3597.69,train
hLL1traqYSI_30.wav,22050,10.0,220500,0.148464,0.091043,2276.84,2655.5,5222.58,train
NIworalLmsw_0.wav,22050,10.0,220500,0.039704,0.179921,2856.73,2532.35,5232.37,train
XwzXml4kd6k_40.wav,22050,10.0,220500,0.105459,0.354437,3683.4,2066.6,5873.14,train
IwTY6JqoEB0_120.wav,22050,10.0,220500,0.152077,0.06747,1986.47,2510.92,4568.29,train
XOtfyYDeFRk_140.wav,22050,10.0,220500,0.002769,0.162931,3233.3,2693.66,6228.57,train
q49iJHIBPPY_30.wav,22050,10.0,220500,0.044163,0.175432,3077.64,2908.42,6649.49,train
9MZ4RjYiy8o_110.wav,22050,10.0,220500,0.068478,0.125185,2370.54,2247.67,5231.47,train
w8Pg4HMh3Mk_10.wav,22050,10.0,220500,0.037598,0.22209,2961.93,2151.71,5352.08,train
0EYSQ4FUF1I_150.wav,22050,10.0,220500,0.162999,0.162995,2591.25,2075.36,4670.33,train
Uhp5lpHscuo_6.wav,22050,9.581,211252,0.106617,0.114119,1366.17,888.45,2277.8,train
PvbB9c7BNLU_540.wav,22050,10.0,220500,0.043221,0.189768,3339.08,2811.12,6747.76,train
y4FRo-LheCg_30.wav,22050,10.0,220500,0.124977,0.094116,2486.97,2765.46,5161.97,train
BAoR_9dUFh0_0.wav,22050,10.0,220500,0.189029,0.032364,1179.41,1573.84,2452.31,train
j9j5IhDKXhk_50.wav,22050,10.0,220500,0.021078,0.302157,3683.99,2097.19,5552.22,train
viFb37-DCzY_10.wav,22050,10.0,220500,0.03569,0.187404,3112.07,2693.48,6397.36,train
iYzxS_NRWU8_30.wav,22050,10.0,220500,0.004675,0.099549,1426.87,1172.65,2394.26,train
0r0dW-Y4OCc_18.wav,22050,9.051,199580,0.147644,0.139398,2528.99,2442.91,5398.13,train
jbB9WuJhXik_30.wav,22050,10.0,220500,0.37175,0.127172,1865.95,1617.6,3046.45,train
9bLEXOFRzH8_560.wav,22050,10.0,220500,0.052286,0.094265,2364.88,2778.94,5382.75,train
U2T1kTOqDLo_80.wav,22050,10.0,220500,0.032138,0.209745,3262.91,2721.81,6514.14,train
zhyRdD1LyIY_0.wav,22050,10.0,220500,0.050476,0.133664,1929.78,1546.24,3741.83,train
S83GY5N-lJ0_3.wav,22050,9.098,200602,0.103979,0.01641,319.83,515.95,600.81,train
73icHKUlikA_130.wav,22050,10.0,220500,0.159408,0.165244,2782.98,2439.24,5527.91,train
3OnPOMRSQ1M_30.wav,22050,10.0,220500,0.169508,0.109639,2066.6,2054.32,3925.11,train
kNGXPjQB9RU_0.wav,22050,10.0,220500,0.103152,0.092984,2231.41,2461.11,5116.13,train
MniMT5u1oiw_360.wav,22050,10.0,220500,0.126554,0.134758,2478.44,2412.19,4999.28,train
yQGyf3VITzE_90.wav,22050,10.0,220500,0.088672,0.144034,2246.0,1989.82,4234.47,train
ziYK8Vv1YNM_10.wav,22050,10.0,220500,0.283475,0.077292,1394.38,1271.39,2864.37,train
TI1TMz_zcQg_160.wav,22050,10.0,220500,0.177069,0.16007,2355.0,1857.76,4601.06,train
01TCDVlMtD0_6.wav,22050,9.023,198964,0.114677,0.100041,1576.92,1284.06,3087.19,train
6as1WsGWH94_30.wav,22050,10.0,220500,0.08638,0.10944,2211.93,2286.66,4841.8,train
5P8-OKeLPX4_30.wav,22050,10.0,220500,0.02481,0.242685,3468.61,2689.31,6384.59,train
go8kFPaxTr0_30.wav,22050,10.0,220500,0.136368,0.081148,2476.66,2775.13,6086.0,train
9tL48ihDF1Q_200.wav,22050,10.0,220500,0.18321,0.115503,2404.26,2525.46,5430.04,train
6pgkg0HLR7k_200.wav,22050,10.0,220500,0.132301,0.109145,2167.65,2193.96,4275.89,train
9e-JP9WCa3I_30.wav,22050,10.0,220500,0.006902,0.15626,2290.69,2314.05,4070.32,train
j3__YBurwiY_15.wav,22050,9.875,217746,0.09778,0.094729,1379.7,1190.28,2944.08,train
0jqxyFWSWmI_30.wav,22050,10.0,220500,0.02506,0.17565,2858.76,2625.51,5913.84,train
qSCpB_cIFbo_30.wav,22050,10.0,220500,0.328512,0.08799,1446.99,1196.62,2134.49,train
6vpp7nTVep0_30.wav,22050,10.0,220500,0.010012,0.130659,2494.83,2395.44,5237.86,train
uYO70ufhvZU_30.wav,22050,10.0,220500,0.085825,0.203976,3300.78,2695.39,6437.93,train
O11Z42rZfVM_250.wav,22050,10.0,220500,0.073066,0.178265,2917.59,2552.39,5805.47,train
bzHzZ7YHA94_220.wav,22050,10.0,220500,0.079906,0.224677,3164.94,2370.04,5974.79,train
yBk9QF1xZiw_60.wav,22050,10.0,220500,0.014164,0.267006,3950.37,2974.11,7710.26,train
GCbTs7bFpKI_260.wav,22050,10.0,220500,0.024118,0.143378,2172.04,1784.05,3289.71,train
uUV7Y4f0WCI_50.wav,22050,10.0,220500,0.085237,0.055078,1591.76,1958.03,3380.81,train
164A8MpZBss_30.wav,22050,10.0,220500,0.067327,0.067578,1249.08,1444.3,2118.32,train
lpLISJOEtMo_10.wav,22050,10.0,220500,0.176378,0.145016,2238.76,1855.58,3920.37,train
l_nRvEwY1Ww_30.wav,22050,10.0,220500,0.147447,0.053633,1696.43,2103.12,4062.36,train
tF1RSwY2pcc_30.wav,22050,10.0,220500,0.099808,0.195666,3332.71,3024.63,7051.72,train
eOTbpqX2k38_130.wav,22050,10.0,220500,0.191019,0.213304,3277.34,2524.36,6413.92,train
Cr7SUkUu1qg_130.wav,22050,10.0,220500,0.039486,0.342935,4010.36,2551.76,7002.04,train
CvFd6T2F0MQ_30.wav,22050,10.0,220500,0.053199,0.139422,2402.05,2227.19,4334.39,train
9xT7eAF3uzM_0.wav,22050,10.0,220500,0.004646,0.227191,3495.11,2880.34,7040.48,train
2DVW-J4r_cs_250.wav,22050,10.0,220500,0.015452,0.301416,4101.1,2773.39,7467.57,train
4Re_id69Fk4_0.wav,22050,10.0,220500,0.135766,0.0642,1262.02,1440.33,2410.69,train
5LrHJ3i3rP0_50.wav,22050,10.0,220500,0.150015,0.132644,1783.05,1162.05,2659.88,train
Le6DCAxMq1E_110.wav,22050,10.0,220500,0.030248,0.106706,1716.95,1513.46,3102.78,train
u2RPOEwR2h4_30.wav,22050,10.0,220500,0.022115,0.073848,2173.64,2569.26,5010.62,train
x_SjrIh-7_E_350.wav,22050,10.0,220500,0.076802,0.137362,2516.74,2346.11,4788.31,train
dMCGM7wJoKo_30.wav,22050,10.0,220500,0.193905,0.139641,2735.65,2601.61,5773.47,train
gVvlaH6vkiA_30.wav,22050,10.0,220500,0.005152,0.166223,1803.64,1068.68,3019.29,train
ZrQE9RFqQSs_30.wav,22050,10.0,220500,0.069508,0.109156,1615.45,1731.87,2879.65,train
ftU5zv0h2wU_230.wav,22050,10.0,220500,0.006977,0.061573,1330.34,1395.5,2867.29,train
IAmpZu4rU_g_30.wav,22050,10.0,220500,0.246966,0.105636,1347.03,1499.7,2251.12,train
180JcaDLDoQ_30.wav,22050,10.0,220500,0.073033,0.056471,1621.33,2213.09,3480.24,train
17yZb-XUBaM_60.wav,22050,10.0,220500,0.035549,0.14752,2336.32,2150.9,4659.57,train
nFhnEPuRDxQ_260.wav,22050,10.0,220500,0.165273,0.089948,2056.12,2309.26,4288.88,train
KTdJ6TCmacg_70.wav,22050,10.0,220500,0.156708,0.132751,2489.45,2527.47,5519.82,train
NRXGO2-aPdg_90.wav,22050,10.0,220500,0.050728,0.376372,4448.83,2666.52,7583.53,train
R95bB5tatjY_10.wav,22050,10.0,220500,0.071747,0.079343,1467.47,1708.35,2656.98,train
b5GwlF4mWBk_210.wav,22050,10.0,220500,0.062273,0.154954,2739.7,2461.55,5263.82,train
RDeUjN1jypY_260.wav,22050,10.0,220500,0.12929,0.145213,2242.45,2047.97,3687.8,train
BLgWcHhduDw_30.wav,22050,10.0,220500,0.138073,0.11644,2411.22,2279.8,4558.94,train
pjhp8fiYyJ8_40.wav,22050,10.0,220500,0.046323,0.159489,2586.09,2222.19,4736.63,train
9gvYcUEFEMw_30.wav,22050,10.0,220500,0.045168,0.119221,2354.99,2346.9,4898.3,train
21OCo0DFrIY_30.wav,22050,10.0,220500,0.104308,0.077979,1443.32,1517.17,2705.89,train
QIUuoslvTv4_180.wav,22050,10.0,220500,0.033529,0.124865,2563.49,2674.41,5620.27,train
fGr-sEecDOo_300.wav,22050,10.0,220500,0.310264,0.050029,1218.41,1675.17,2523.23,train
mVonXPg_h-4_30.wav,22050,10.0,220500,0.100796,0.12561,1518.19,1048.76,2686.35,train
2wjoze23zxg_30.wav,22050,10.0,220500,0.190377,0.142421,2079.94,2160.5,4131.85,train
p3H43WGakl8_0.wav,22050,10.0,220500,0.024882,0.134209,2937.09,3101.75,6984.3,train
WselbsO2rRg_6.wav,22050,9.279,204596,0.125311,0.083022,1226.26,1011.9,2302.98,train
6VvwGszE8Xo_200.wav,22050,10.0,220500,0.137564,0.408746,5142.15,2546.58,8011.45,train
uq55jjZQFhY_470.wav,22050,10.0,220500,0.000912,0.12747,3718.42,3216.83,7738.54,train
S2rcy6UP5Bg_140.wav,22050,10.0,220500,0.152317,0.105957,2124.85,2386.33,4663.26,train
BZCSrQsVApU_50.wav,22050,10.0,220500,0.106897,0.169393,2135.73,1061.1,2722.88,train
6FR9BPTPOy8_30.wav,22050,10.0,220500,0.113695,0.124813,2410.14,2342.44,4914.22,train
H-2MBLv7fes_0.wav,22050,10.0,220500,0.066797,0.101524,2456.09,2648.41,5341.63,train
XnXBd2PwrYY_220.wav,22050,10.0,220500,0.004524,0.12032,2757.6,2851.43,6124.15,train
mCMziUEHcaA_150.wav,22050,10.0,220500,0.43945,0.070715,1487.92,1490.63,3097.28,train
zw36AAZo4l0_20.wav,22050,10.0,220500,0.256996,0.170688,1860.0,1076.4,3027.44,train
tAXlktw4A_c_70.wav,22050,10.0,220500,0.045629,0.191619,3135.75,2398.89,6385.19,train
3LDo8CwZDNo_30.wav,22050,10.0,220500,0.195115,0.146161,2407.87,2269.56,5072.12,train
jQUi8Ic4sow_480.wav,22050,10.0,220500,0.074989,0.163974,3162.12,2853.34,6523.69,train
5lizc5yUzTs_540.wav,22050,10.0,220500,0.104936,0.061957,1373.84,1818.4,2622.55,train
5Ft6uV8NKvM_520.wav,22050,10.0,220500,0.037545,0.157034,2014.61,1546.6,3991.49,train
dPLqFPhjPng_450.wav,22050,10.0,220500,0.0896,0.100735,2459.39,2785.67,5835.22,train
Fk7tzrQrUIs_250.wav,22050,10.0,220500,0.089963,0.135082,2308.24,2230.11,4527.57,train
3s3Ryl_vFoU_30.wav,22050,10.0,220500,0.018426,0.062645,1384.52,1533.06,3116.04,train
kU3iqzN5olM_280.wav,22050,10.0,220500,0.067052,0.117149,2075.72,2090.99,3970.65,train
DHPOgrCh6ho_30.wav,22050,10.0,220500,0.140607,0.425585,4944.41,3258.18,9002.05,train
MDOv2fsZCUY_2.wav,22050,9.477,208972,0.078701,0.063601,1570.99,1988.02,3062.61,train
Wstre2qOk2o_160.wav,22050,10.0,220500,0.12226,0.136963,2478.5,2180.95,4801.25,train
P01Feewbqkg_17.wav,22050,9.977,219982,0.184305,0.115048,2204.95,2115.38,4055.38,train
HRPIkTgl_EQ_30.wav,22050,10.0,220500,0.507155,0.064438,1654.67,1861.61,3615.43,train
0879GtGgcXE_170.wav,22050,10.0,220500,0.011105,0.249867,3696.25,2912.08,7366.05,train
-e7QHRUYe2w_4.wav,22050,9.567,210952,0.144335,0.078028,1739.79,2001.53,3519.19,train
I-OVZ9RYgs8_30.wav,22050,10.0,220500,0.0158,0.205816,3313.24,2534.98,6296.04,train
X2_txxUi5Pc_30.wav,22050,10.0,220500,0.101623,0.030213,956.95,1026.22,2098.19,train
E9E-rkMGEwE_90.wav,22050,10.0,220500,0.051793,0.192145,3111.94,2603.5,5931.8,train
wBluYLINAFs_30.wav,22050,10.0,220500,0.044002,0.236677,2603.25,1423.77,4342.39,train
bjmx-_TA8iw_10.wav,22050,10.0,220500,0.061262,0.098363,2127.27,1992.79,4146.14,train
BrjfiWXv-EA_25.wav,22050,10.0,220500,0.072386,0.062574,1224.16,1011.52,2246.12,train
6t5Cq-Za5g0_130.wav,22050,10.0,220500,0.136913,0.103283,1667.64,1612.59,3254.69,train
CpTxCXauqVo_11.wav,22050,9.684,213530,0.022159,0.216323,3658.98,3092.4,7602.79,train
EwYh5AjVhr4_30.wav,22050,10.0,220500,0.098171,0.164294,2856.2,2620.87,5873.84,train
Jrp6ixaAMTw_30.wav,22050,10.0,220500,0.034399,0.23344,3467.95,2579.72,6601.05,train
zSlEgB10FpY_30.wav,22050,10.0,220500,0.090921,0.129482,2232.45,2085.07,4273.89,train
svZuoDdDgL4_20.wav,22050,9.42,207704,0.137432,0.184614,2877.63,2391.34,5385.93,train
TJKDNKZRJA8_23.wav,22050,9.647,212722,0.11946,0.051011,897.11,727.09,1665.23,train
CSMRvrUnsdA_510.wav,22050,10.0,220500,0.084949,0.189756,3517.39,2835.11,6742.69,train
RXkEhlr_-EM_70.wav,22050,10.0,220500,0.247028,0.054682,1597.21,1845.31,3230.01,train
fl51L6E3v3Q_30.wav,22050,10.0,220500,0.026925,0.128305,2443.45,2371.99,4831.93,train
7h5Lp6Z9S6k_30.wav,22050,10.0,220500,0.191318,0.128611,2312.75,2201.77,4244.89,train
N_zYdkRGucA_290.wav,22050,10.0,220500,0.032311,0.127737,1882.12,1414.37,3230.23,train
FDc-S1vzamg_160.wav,22050,9.605,211792,0.09043,0.174578,3172.06,2707.61,6277.42,train
fA5nQp-vWkY_30.wav,22050,10.0,220500,0.050992,0.111901,2612.29,2660.55,5597.51,train
KFOgK1zQo10_30.wav,22050,10.0,220500,0.046076,0.100743,1960.47,2128.12,3814.07,train
tF1jc6uH49E_30.wav,22050,10.0,220500,0.340404,0.166706,2027.92,1239.0,3128.66,train
gNxIU8q80l0_90.wav,22050,10.0,220500,0.116551,0.115033,1510.35,1077.77,2007.93,train
gSN0hKB6ybQ_400.wav,22050,10.0,220500,0.080213,0.080476,2187.65,2530.35,5080.21,train
LDY3hhJdTOo_310.wav,22050,10.0,220500,0.006463,0.393694,5072.68,2871.03,8553.55,train
ly2Sx1fz1zY_30.wav,22050,10.0,220500,0.087982,0.099107,1684.41,1724.13,2829.12,train
XKC6W-0uE2c_30.wav,22050,10.0,220500,0.072102,0.197672,2961.71,2282.67,5181.06,train
kjO5pZEeCSg_230.wav,22050,10.0,220500,0.131885,0.098047,1812.29,1827.94,3382.11,train
OjKuLVcFIqo_30.wav,22050,10.0,220500,0.020293,0.050592,882.42,958.95,1636.62,train
AvGyw4Sc_yo_30.wav,22050,10.0,220500,0.069972,0.098567,2212.17,2538.54,4955.76,train
E-HDx-H95ao_210.wav,22050,10.0,220500,0.063908,0.194027,3079.58,2489.43,5925.1,train
hRXDL14h8so_250.wav,22050,10.0,220500,0.2544,0.097324,2165.38,2248.88,4376.19,train
A73uNwuBnT4_30.wav,22050,10.0,220500,0.021453,0.166634,4150.65,2928.29,7646.39,train
tZCwnBJZ0Fk_530.wav,22050,10.0,220500,0.030628,0.332431,3859.85,2394.93,5851.29,train
5xEJrUcH7Gw_70.wav,22050,10.0,220500,0.15103,0.085246,1784.69,2066.02,4061.41,train
2AUx8xB5DQc_30.wav,22050,10.0,220500,0.023216,0.142246,2337.24,2048.24,4430.32,train
HzRni-2UrIw_30.wav,22050,10.0,220500,0.022011,0.135426,2645.09,2633.57,5855.66,train
c84w0ECD-Lc_10.wav,22050,10.0,220500,0.021882,0.136774,2638.26,2627.06,5712.09,train
UVmX7VXcwq0_30.wav,22050,10.0,220500,0.169132,0.298052,3043.63,1455.23,4701.33,train
G8ThK7-HT-c_10.wav,22050,10.0,220500,0.09809,0.112231,1582.04,1336.95,3092.94,train
Vrn7DCGpsoA_120.wav,22050,10.0,220500,0.009052,0.175415,2913.92,2509.51,5632.03,train
Eret4_348ZA_60.wav,22050,10.0,220500,0.112958,0.283697,4012.6,2781.03,7376.8,train
9AfY0C7z_Hg_30.wav,22050,10.0,220500,0.032061,0.100367,2513.69,2691.04,5365.71,train
honvXgvpGok_15.wav,22050,9.144,201618,0.00279,0.17472,2372.49,1866.64,3720.11,train
2OwGawCh1f8_30.wav,22050,10.0,220500,0.06908,0.352361,4602.37,3198.64,8596.12,train
gsAjlD4w9fM_0.wav,22050,10.0,220500,0.014234,0.195979,2998.63,2464.42,5890.98,train
8qTMpM_tB54_370.wav,22050,10.0,220500,0.059151,0.388657,4678.68,2617.14,7622.4,train
r6s5N5QgqI8_12.wav,22050,9.432,207976,0.143279,0.100638,1795.03,1860.93,3249.37,train
zlKTmdjA4L0_30.wav,22050,10.0,220500,0.045413,0.132512,2318.91,2136.53,4408.94,train
8XoFQvKnc3U_120.wav,22050,10.0,220500,0.147456,0.11651,2332.34,2313.51,4744.9,train
aFH51uLrhrk_180.wav,22050,10.0,220500,0.077752,0.153311,2776.03,2512.79,5669.03,train
-WFcBNcMBMQ_30.wav,22050,10.0,220500,0.080091,0.062644,1593.79,1992.5,3392.3,train
oqf9MI9DrgM_10.wav,22050,10.0,220500,0.004457,0.177695,3504.64,3138.8,7575.52,train
bc2WdLyeHYw_0.wav,22050,10.0,220500,0.092655,0.303777,4198.93,2853.36,7716.66,train
UdQFtY0yU_w_4.wav,22050,9.259,204152,0.09714,0.17742,3350.41,2502.14,6528.04,train
YiiEJkc0cvQ_0.wav,22050,7.152,157696,0.091304,0.226841,3068.06,2339.91,5717.34,train
yJMciDVkssA_30.wav,22050,10.0,220500,0.006621,0.119397,1804.27,1528.27,3509.39,train
1smcAg1udF8_23.wav,22050,9.856,217330,0.255925,0.103935,1386.87,1082.66,2709.33,train
hePuIYwF-TE_30.wav,22050,10.0,220500,0.199357,0.174648,3114.09,2463.95,5770.47,train
8z0yQgZ5ey4_20.wav,22050,10.0,220500,0.07017,0.291908,3701.44,2504.87,6253.72,train
wQixYTB000k_40.wav,22050,10.0,220500,0.191462,0.057958,1078.84,1186.64,2123.82,train
J784NWBZXmc_30.wav,22050,10.0,220500,0.270948,0.170876,2235.44,1416.32,3879.77,train
aBVTTxi7_i0_10.wav,22050,10.0,220500,0.033512,0.109275,1894.78,1910.59,3656.77,train
yO6JJ-sozfs_50.wav,22050,10.0,220500,0.426746,0.166491,2362.87,1716.44,4228.45,train
B0zm_tHxHBI_30.wav,22050,10.0,220500,0.269518,0.013216,597.32,1058.46,1148.3,train
UxsIk7ueemk_20.wav,22050,10.0,220500,0.008674,0.159324,3045.34,2763.13,6431.71,train
RgIOsd6K1vA_0.wav,22050,10.0,220500,0.077675,0.176019,1975.45,1497.96,3807.5,train
ErWHtXAbB_A_10.wav,22050,10.0,220500,0.019506,0.114217,2331.73,2525.66,5111.81,train
74D75nLKeFM_480.wav,22050,10.0,220500,0.255213,0.036459,2618.49,3004.03,6472.55,train
-6juGO8y8es_10.wav,22050,10.0,220500,0.265517,0.02158,1171.12,2047.08,2677.39,train
yVrKdWAp6To_10.wav,22050,10.0,220500,0.180966,0.164825,2068.62,1182.55,3299.4,train
GqQrLe6CSwU_30.wav,22050,10.0,220500,0.064541,0.1763,2664.99,2258.18,5013.41,train
kv5lDn_T89s_30.wav,22050,10.0,220500,0.035839,0.293203,4340.03,3342.65,8317.99,train
WhN4JdAU6KQ_0.wav,22050,6.78,149504,0.124937,0.125238,1589.54,913.56,2628.45,train
ChLzpqRk2Rg_170.wav,22050,10.0,220500,0.112421,0.100472,1203.22,955.15,1487.46,train
mH276253-Jc_3.wav,22050,9.824,216618,0.002246,0.262848,3563.8,2647.5,6614.45,train
16dra39LZYY_530.wav,22050,10.0,220500,0.019391,0.314961,4331.15,3165.36,8223.96,train
Xd18P59qfpo_40.wav,22050,10.0,220500,0.139368,0.079786,1195.85,987.55,2308.35,train
iTVN_6asnS4_10.wav,22050,10.0,220500,0.113771,0.118496,2079.16,1755.02,3599.04,train
P4opVdNIrcA_20.wav,22050,10.0,220500,0.199438,0.134213,2163.21,1973.99,4244.01,train
rG7_7EmPrCs_30.wav,22050,10.0,220500,0.041945,0.097154,1853.39,1881.96,4171.37,train
bxTXjSHia8g_10.wav,22050,10.0,220500,0.110512,0.191043,2803.42,1947.88,4728.29,train
49_BMvgI8c8_40.wav,22050,10.0,220500,0.135619,0.092216,1758.7,1783.28,3056.27,train
fIn7s9CIyg4_120.wav,22050,10.0,220500,0.07839,0.262711,3451.27,2327.39,5784.71,train
DEQ6d8BOVK4_530.wav,22050,10.0,220500,0.205415,0.059667,1429.73,1833.25,2695.15,train
BWt_QLfvqdo_30.wav,22050,10.0,220500,0.114193,0.170936,3093.4,2894.0,6619.34,train
otmMAE7mo04_150.wav,22050,10.0,220500,0.074677,0.089776,1802.15,2109.14,3316.84,train
0hvj574hrd4_30.wav,22050,10.0,220500,0.002334,0.192784,3056.11,2710.35,6321.79,train
hXbSspahc14_120.wav,22050,10.0,220500,0.148752,0.132579,2508.07,2545.05,5156.55,train
5GaekxRitI0_380.wav,22050,10.0,220500,0.062974,0.41008,4924.29,2655.41,7630.45,train
lyUAk51GwlQ_30.wav,22050,9.782,215700,0.067181,0.089261,1553.98,1698.13,2617.28,train
gW0DN0S6-bM_80.wav,22050,10.0,220500,0.115004,0.10951,1993.73,2073.94,3882.12,train
FFPNpb2gni8_50.wav,22050,10.0,220500,0.080468,0.095324,1360.46,1026.22,2589.6,train
_jJ5yQCNe1I_230.wav,22050,10.0,220500,0.093682,0.12592,2464.13,2328.62,5036.22,train
UVYRm95jfL8_0.wav,22050,3.065,67584,0.132716,0.00775,407.03,766.92,831.62,train
v3c9A4KGlcQ_130.wav,22050,10.0,220500,0.02767,0.110734,2219.86,2338.45,4580.63,train
wyleGjCaLDM_150.wav,22050,10.0,220500,0.044811,0.021934,1190.3,1638.12,2570.1,train
2UtwzxdTMyg_0.wav,22050,9.311,205312,0.028992,0.154679,2659.95,2069.86,4715.66,train
UW7srdltCxM_10.wav,22050,10.0,220500,0.213583,0.045257,875.63,1065.65,1494.81,train
6tjY5jA3i2c_30.wav,22050,10.0,220500,0.075945,0.149772,2656.5,2383.81,5179.91,train
Jfjn44cXpHM_30.wav,22050,10.0,220500,0.161398,0.03357,1136.29,1856.81,2277.57,train
7hSKVOSbSI4_30.wav,22050,10.0,220500,0.084614,0.071738,955.67,706.64,1493.68,train
ixaY3TcKFFA_290.wav,22050,10.0,220500,0.077568,0.383619,4598.01,2672.42,7630.65,train
MNcr2num8BA_30.wav,22050,10.0,220500,0.037351,0.151163,2648.48,2376.49,5147.96,train
ZXI582qgcnA_30.wav,22050,10.0,220500,0.054468,0.166941,2639.8,2226.84,5458.24,train
MA0psxF6EAY_0.wav,22050,7.808,172176,0.148173,0.10058,1556.56,1309.08,2487.56,train
hTUuvbosDaw_220.wav,22050,10.0,220500,0.049602,0.036061,920.69,1194.74,1850.31,train
x4FghVAPnN8_30.wav,22050,10.0,220500,0.073401,0.138956,2528.27,2358.73,4773.95,train
Iv3f84Hdngs_70.wav,22050,10.0,220500,0.123073,0.308449,4194.33,2903.33,7825.95,train
XkGnALfMiH4_30.wav,22050,10.0,220500,0.018513,0.088447,2107.53,2313.98,4577.08,train
ii9UOxwbF3I_10.wav,22050,10.0,220500,0.13284,0.10929,1511.12,1299.13,2321.66,train
252DFjCPjio_210.wav,22050,10.0,220500,0.058162,0.236373,3578.53,2872.58,7067.31,train
FofzmaOwL9I_20.wav,22050,10.0,220500,0.010392,0.28848,4171.7,3022.45,8124.99,train
XCmH341H0lw_510.wav,22050,10.0,220500,0.092288,0.213039,3379.57,2556.26,6243.38,train
hqXGCqzs8jM_100.wav,22050,10.0,220500,0.110136,0.098633,1253.51,852.98,2098.29,train
-RabIkXspXU_230.wav,22050,10.0,220500,0.074696,0.161204,2453.05,2036.99,4680.1,train
64i-2b9tNlo_26.wav,22050,9.294,204940,0.049874,0.040921,1459.68,2134.38,3316.14,train
ze1LAKSIQ7Y_90.wav,22050,10.0,220500,0.098415,0.084546,1852.89,2181.6,3447.39,train
ZYCjvNaIIjY_0.wav,22050,10.0,220500,0.049061,0.006069,205.64,496.28,302.36,train
RKTB_GslRn4_290.wav,22050,10.0,220500,0.098221,0.185057,3271.24,2740.3,6567.43,train
BRSxr_9kTYg_27.wav,22050,9.78,215658,0.236885,0.133477,2518.13,2474.03,5155.85,train
-xqW1-WrV14_13.wav,22050,10.0,220500,0.260811,0.070221,1597.86,1816.7,3065.18,train
P5MKdK47e7Q_0.wav,22050,10.0,220500,0.092105,0.094229,2179.96,2596.23,4908.75,train
rQWRjogdSSc_350.wav,22050,10.0,220500,0.027216,0.222956,3098.55,2159.15,5381.55,train
7U21A_BPWPU_50.wav,22050,10.0,220500,0.06232,0.250559,3692.3,3054.69,7418.16,train
2zKFMrXOIIM_30.wav,22050,10.0,220500,0.160032,0.06069,1651.11,2126.8,3542.96,train
yeJ93Z4Jpn8_30.wav,22050,10.0,220500,0.005233,0.072863,1805.79,2381.16,4127.76,train
dUEGUl0Rqx4_40.wav,22050,10.0,220500,0.246566,0.065542,1408.67,1562.18,2750.23,train
mq17IXcLxY0_30.wav,22050,10.0,220500,0.125503,0.124971,1591.18,1025.59,2833.81,train
-7x3M4faMEs_0.wav,22050,4.644,102400,0.195941,0.141793,2826.48,2336.25,5765.27,train
IaILi2MtGxY_30.wav,22050,10.0,220500,0.113703,0.195024,2894.58,2068.66,5146.66,train
oFSbdUrMNEk_22.wav,22050,9.324,205588,0.29244,0.10563,1754.15,1609.13,3366.14,train
Rr4LSKnGrk4_140.wav,22050,10.0,220500,0.025641,0.284498,3876.12,2687.55,7138.43,train
GhoKkUgGY3Y_0.wav,22050,9.0,198450,0.036172,0.028994,1185.31,1135.89,2495.16,train
E8snuH1zsy0_100.wav,22050,10.0,220500,0.073958,0.055963,1179.11,1601.79,1946.73,train
H5X4zTSAU8E_30.wav,22050,10.0,220500,0.019126,0.050597,1411.87,2089.36,2893.77,train
l0PWGl9WvZI_0.wav,22050,10.0,220500,0.05522,0.117448,2061.21,1983.71,4275.96,train
-OrURCtbgKI_30.wav,22050,10.0,220500,0.076998,0.112742,1796.29,1640.82,2884.97,train
C-ljCHfBiBY_30.wav,22050,10.0,220500,0.030849,0.231734,4193.46,3248.96,8343.57,train
ffNqgfn4e5k_150.wav,22050,10.0,220500,0.029633,0.384786,5178.85,2893.45,8353.96,train
zWTGLzlQcLY_0.wav,22050,10.0,220500,0.020155,0.136604,2102.43,1760.28,4264.9,train
MynLguyhRk0_13.wav,22050,9.019,198870,0.114902,0.173714,2467.74,1961.12,4990.72,train
dn2y44qt9BQ_30.wav,22050,10.0,220500,0.087457,0.036674,828.38,1276.24,1174.18,train
8H17M_bRkYA_60.wav,22050,10.0,220500,0.001757,0.209558,3321.22,2817.46,6757.98,train
g_iWzt8Ys50_170.wav,22050,10.0,220500,0.036833,0.42786,4519.61,2400.56,6936.94,train
5kdZL_JQNrY_13.wav,22050,9.709,214086,0.145355,0.029023,1238.15,2108.12,2629.13,train
ErFWRRktm1o_30.wav,22050,10.0,220500,0.11322,0.116853,2337.67,2252.84,4297.65,train
qkl75aPzbTc_14.wav,22050,9.963,219684,0.037344,0.118764,1507.58,1080.69,2588.14,train
1_L6TormKdA_140.wav,22050,10.0,220500,0.188173,0.190537,2550.08,1887.02,4802.65,train
bSm001vck3o_190.wav,22050,10.0,220500,0.085497,0.099267,2086.25,2077.05,4023.31,train
8nGAbZmWhC4_7.wav,22050,9.951,219410,0.063719,0.160354,2806.74,2498.66,5591.83,train
UI__OPmKj6k_60.wav,22050,10.0,220500,0.255285,0.127413,2884.49,2973.91,6786.63,train
qMbGa6Tfuk0_340.wav,22050,10.0,220500,0.134153,0.098537,2298.34,2262.2,4827.08,train
lJSiHRjKdpw_20.wav,22050,10.0,220500,0.086001,0.122247,1925.5,1635.63,3666.19,train
uW8f4mNt05Y_0.wav,22050,7.059,155648,0.101093,0.062963,1074.69,1098.16,2221.49,train
OEHijUlQ8yY_220.wav,22050,10.0,220500,0.217982,0.03454,1264.87,1949.71,2509.92,train
XohYygWjWGs_40.wav,22050,10.0,220500,0.189307,0.138394,2885.69,2864.59,6400.21,train
8SvugCZ9Vkk_30.wav,22050,10.0,220500,0.009415,0.206824,2676.6,1940.43,5052.23,train
7OlvqhRY6OY_30.wav,22050,10.0,220500,0.226502,0.178117,2696.66,2279.87,5197.75,train
dwuHywRxJio_540.wav,22050,10.0,220500,0.136605,0.201456,2989.36,2221.38,5392.02,train
ejHCu55Fwnw_0.wav,22050,5.0,110250,0.144414,0.111651,2211.5,2173.53,4018.48,train
dxG8xwvjapI_30.wav,22050,10.0,220500,0.019687,0.37,4663.69,2689.9,7541.02,train
BHtukWoETTs_30.wav,22050,10.0,220500,0.223775,0.117932,1528.75,1335.34,2491.98,train
dqQu9XpDETI_30.wav,22050,10.0,220500,0.209635,0.059004,1294.42,1439.02,2471.35,train
mLZPqwlQJjg_580.wav,22050,10.0,220500,0.223888,0.128325,3186.37,3245.58,7426.38,train
vzhHTYg4TYc_150.wav,22050,10.0,220500,0.056371,0.267489,3748.19,2862.25,7190.52,train
sakdUFL3TN8_10.wav,22050,10.0,220500,0.107356,0.126124,2320.72,2332.17,4641.2,train
9ewySqF6pZs_60.wav,22050,10.0,220500,0.095922,0.148158,2439.21,2172.29,4565.31,train
-PGxl3hNDYE_25.wav,22050,9.992,220334,0.214965,0.089693,1735.11,1804.96,3319.19,train
73jR8wkpTt8_30.wav,22050,10.0,220500,0.026743,0.233715,3487.36,2743.84,7015.6,train
DqZ0bpKDHt8_16.wav,22050,9.333,205792,0.006476,0.126786,2530.41,2491.38,5222.15,train
KZ5qgEeNcsI_270.wav,22050,10.0,220500,0.108076,0.453815,5041.94,2758.89,8153.56,train
OP-DbDY8PsA_20.wav,22050,10.0,220500,0.170767,0.165599,2710.07,2430.07,5430.51,train
4CLRVR7nlfg_30.wav,22050,10.0,220500,0.068341,0.277694,3727.5,2851.69,7153.97,train
7sWqfhE9q08_30.wav,22050,10.0,220500,0.093122,0.221973,3584.05,2741.84,6747.91,train
9XAvzOnkZhM_0.wav,22050,10.0,220500,0.18154,0.108128,1519.45,1169.88,2920.5,train
BLCtN8PLY9k_80.wav,22050,10.0,220500,0.130261,0.166642,2730.51,2192.96,5107.27,train
0xFm2y-97Ts_30.wav,22050,10.0,220500,0.062566,0.144591,1751.95,1048.31,3059.49,train
UXywOeUfcCU_130.wav,22050,10.0,220500,0.078339,0.078403,1827.03,2123.37,4108.12,train
y8I-gVNMHHw_30.wav,22050,10.0,220500,0.041066,0.056931,858.98,779.43,1408.4,train
lvVUOcCz5D8_50.wav,22050,10.0,220500,0.140163,0.025061,937.71,1420.61,1949.68,train
KlFSxThf0do_50.wav,22050,10.0,220500,0.031411,0.077415,1514.84,1726.36,3172.83,train
8hRdSYQryJA_30.wav,22050,10.0,220500,0.110555,0.122203,1899.89,1675.29,3808.8,train
5YagHVeuM-c_10.wav,22050,10.0,220500,0.168218,0.183053,2663.6,2100.9,4940.47,train
2HO51LJrbH4_30.wav,22050,10.0,220500,0.079774,0.132525,2537.98,2395.93,4929.16,train
9nUZk9GehAI_30.wav,22050,10.0,220500,0.118498,0.094177,2054.56,2235.49,3867.46,train
kkwfHr71Kl4_160.wav,22050,10.0,220500,0.129514,0.121786,2166.85,2079.6,4377.89,train
jwrjMRw59Rw_120.wav,22050,10.0,220500,0.056046,0.403503,4851.37,2906.2,8444.11,train
8o2eZ8fJMuQ_14.wav,22050,9.847,217124,0.117947,0.196963,2813.08,1920.19,4748.63,train
9YSQjkCnv3s_30.wav,22050,10.0,220500,0.044385,0.175105,2252.49,1447.33,3774.31,train
Z4Bq5mT9mvE_30.wav,22050,10.0,220500,0.061024,0.009445,222.47,477.06,349.23,train
q82pVQ3MAns_0.wav,22050,3.947,87040,0.035509,0.086354,1932.4,2210.69,4172.15,train
mQ0ZEKTDW4w_20.wav,22050,10.0,220500,0.07048,0.197487,3305.27,2616.45,6296.41,train
yatx1cRwe60_10.wav,22050,10.0,220500,0.215657,0.220142,3589.92,3022.83,7415.37,train
71UiWz_FTnw_30.wav,22050,10.0,220500,0.181269,0.230007,3303.64,2354.46,5694.23,train
rbaFjiHkFcY_190.wav,22050,10.0,220500,0.164309,0.102888,1365.07,1003.44,2308.62,train
387smksUmR0_70.wav,22050,10.0,220500,0.068061,0.231027,3729.65,3134.77,7803.94,train
-CR88ymN-SA_30.wav,22050,10.0,220500,0.080155,0.076079,1549.66,1793.49,2616.91,train
ZWHlMJ-nGcM_30.wav,22050,10.0,220500,0.069794,0.127958,2764.54,2798.52,6098.29,train
tRl0-Q0ZJZI_18.wav,22050,9.731,214572,0.12804,0.136028,2278.31,2131.83,4390.95,train
bFjT0wjV064_1.wav,22050,9.873,217710,0.105811,0.083069,2251.33,2356.63,4542.34,train
Oj2vh6DuC1E_30.wav,22050,10.0,220500,0.024728,0.123653,1636.63,1257.11,3092.94,train
kitjMftFI0Y_190.wav,22050,10.0,220500,0.122101,0.032512,1255.06,1982.67,2680.01,train
HHzUQhfDaNQ_30.wav,22050,10.0,220500,0.059353,0.177321,3017.83,2737.6,6286.65,train
3Bc7K1vFosM_40.wav,22050,10.0,220500,0.129184,0.055565,946.54,821.49,1743.17,train
R4J9yOJFkb8_320.wav,22050,10.0,220500,0.196229,0.301533,4145.24,2962.62,7960.49,train
-4D3Gkyisyc_30.wav,22050,10.0,220500,0.109195,0.112263,2822.03,2849.32,6331.34,train
3BIGyDCEl9Q_30.wav,22050,10.0,220500,0.084444,0.094434,1762.51,1729.68,3577.96,train
60Skoy2MlfQ_30.wav,22050,10.0,220500,0.150981,0.119968,1577.62,1318.06,3026.34,train
BA8yjaZuvm8_5.wav,22050,9.907,218454,0.690351,0.134821,2194.09,1956.81,4260.83,train
6B_W4CnXFoU_110.wav,22050,10.0,220500,0.025186,0.109877,2079.2,2125.59,3821.69,train
iEL5pcFtg-g_170.wav,22050,10.0,220500,0.311394,0.048927,997.02,1081.68,2380.77,train
-5Gkjo10JLU_1.wav,22050,9.839,216942,0.0278,0.276145,4342.2,3090.99,8001.84,train
TPB3N43fLV4_50.wav,22050,10.0,220500,0.022014,0.372649,4689.1,3167.02,8511.51,train
_AX-GbAtrxA_40.wav,22050,10.0,220500,0.272396,0.068526,1181.36,944.49,2164.91,train
BQr6na4zPjw_30.wav,22050,10.0,220500,0.050461,0.565314,5782.76,2251.23,7814.58,train
oN3v_AZaT0M_0.wav,22050,10.0,220500,0.145392,0.258851,4083.98,2609.7,7156.74,train
xOePx9S0k14_40.wav,22050,10.0,220500,0.135914,0.109336,2099.85,2091.14,4060.83,train
p5ABLaU9Tnc_20.wav,22050,10.0,220500,0.17618,0.344562,4536.71,3012.11,7884.4,train
5Iek6icAyec_13.wav,22050,9.477,208966,0.024847,0.074491,1628.44,2035.81,3113.81,train
rGgXKbDB4hQ_20.wav,22050,10.0,220500,0.069768,0.156057,2661.05,2387.69,5219.93,train
79jBK-NLpsM_0.wav,22050,10.0,220500,0.112531,0.114612,2042.67,1850.17,3715.43,train
cHsJNZh1JJE_20.wav,22050,10.0,220500,0.1258,0.091552,1309.05,1153.83,2497.7,train
63vdAG0x0Tg_110.wav,22050,10.0,220500,0.048869,0.169837,2813.75,2482.36,5583.14,train
kxOgWqZdCKs_0.wav,22050,8.226,181392,0.066754,0.105246,1707.4,1594.52,3359.15,train
5dpB3QR6Kp4_0.wav,22050,5.573,122880,0.042893,0.097786,2231.08,2618.56,5325.49,train
GcTomzioGUA_160.wav,22050,10.0,220500,0.10814,0.194431,2944.13,2483.1,5988.38,train
6RRUolyE55M_30.wav,22050,10.0,220500,0.075552,0.09181,2405.14,2599.96,5202.32,train
-I1upuU0HXs_16.wav,22050,9.607,211824,0.009608,0.109132,2384.5,2572.12,5337.5,train
OLrXdd04htI_18.wav,22050,9.511,209708,0.031849,0.071091,1238.55,1137.82,2643.73,train
3YZJFbIjGRE_0.wav,22050,10.0,220500,0.04653,0.081424,1866.02,1631.43,3807.41,train
Gd-S7Y8mgww_100.wav,22050,10.0,220500,0.14758,0.279965,3425.02,2288.81,5402.74,train
MYzoMK2TY1Q_30.wav,22050,10.0,220500,0.029931,0.211999,3105.39,2375.49,5361.84,train
Upu_LzbiRB4_30.wav,22050,10.0,220500,0.021338,0.182096,2271.56,1611.6,4359.52,train
EF5_sJZklYA_10.wav,22050,10.0,220500,0.09842,0.026818,655.15,925.08,1124.42,train
DMmlXBR5hs4_2.wav,22050,9.192,202684,0.107527,0.145889,2113.56,1371.86,2901.46,train
BYjRo61_Joc_450.wav,22050,10.0,220500,0.032067,0.13066,2595.89,2205.46,4682.77,train
B3DnTVtFU4M_0.wav,22050,5.875,129536,0.006379,0.153322,2278.68,1953.01,3399.62,train
X-ns1K0_5-g_80.wav,22050,10.0,220500,0.022015,0.237436,3577.11,2823.99,7105.38,train
GFm-bZ1OFCY_0.wav,22050,6.78,149504,0.249646,0.034378,684.07,689.29,1320.65,train
833PcA0acZQ_30.wav,22050,10.0,220500,0.024491,0.078941,2338.14,2603.52,5173.39,train
UOGVR4mYd8w_0.wav,22050,10.0,220500,0.176694,0.091395,2058.81,2408.17,4550.7,train
a9UM8x_D3XU_30.wav,22050,10.0,220500,0.064972,0.212454,3068.52,2394.83,5534.98,train
7DY8xucZ5LM_30.wav,22050,10.0,220500,0.059508,0.090031,1230.51,936.91,2249.4,train
2JrfdZMYHkI_190.wav,22050,10.0,220500,0.075251,0.125714,2432.31,2207.27,4754.02,train
e1xFNcihXyA_70.wav,22050,10.0,220500,0.039996,0.02478,451.6,665.34,777.07,train
ViavPZPLAAI_30.wav,22050,10.0,220500,0.198834,0.09103,2103.55,2398.75,4410.81,train
hogpqdigubM_170.wav,22050,10.0,220500,0.251964,0.109772,2115.71,2114.37,4089.01,train
aM49lPaOssA_210.wav,22050,10.0,220500,0.012005,0.412045,4841.18,2896.87,8299.55,train
nNRqbbzcaYk_4.wav,22050,9.56,210808,0.134347,0.088305,1468.46,1442.26,2252.34,train
0_AguHXjABs_17.wav,22050,9.517,209854,0.087546,0.080142,1108.13,894.32,2070.08,train
6QI_QJiz1ec_30.wav,22050,10.0,220500,0.027008,0.135006,3003.58,2910.34,6527.71,train
bmtQAUZtVhk_310.wav,22050,10.0,220500,0.031228,0.149628,2509.64,2261.27,5025.53,train
fWSBifjlmjc_0.wav,22050,10.0,220500,0.047876,0.108082,2306.67,2630.1,5088.18,train
c6nfgDLtXBg_30.wav,22050,10.0,220500,0.013106,0.336424,4412.48,2478.65,7195.76,train
5WNZy3VrmCI_110.wav,22050,10.0,220500,0.096422,0.08203,1167.58,980.14,2108.36,train
UkZJow1sHBI_60.wav,22050,10.0,220500,0.03611,0.227098,3648.25,2430.04,6473.05,train
24uFUt4sWqU_30.wav,22050,10.0,220500,0.003685,0.407057,5411.29,2576.14,8288.03,train
jbyvuwZFt1w_0.wav,22050,10.0,220500,0.299621,0.099402,1763.74,1660.17,2997.84,train
KGCFbGiwG6I_8.wav,22050,9.12,201088,0.182945,0.114382,1407.35,965.92,2450.51,train
6Gamm3uAdps_30.wav,22050,10.0,220500,0.109616,0.049088,2031.03,2659.1,5100.6,train
PYaz3W5wYBw_28.wav,22050,9.059,199752,0.089926,0.029021,582.08,804.12,1024.04,train
pX-qwJZDrLg_30.wav,22050,10.0,220500,0.007435,0.162584,2905.17,2649.84,6233.89,train
9YChX456k_4_40.wav,22050,10.0,220500,0.127371,0.047909,867.74,892.93,1811.24,train
LVnosgmMxsc_0.wav,22050,10.0,220500,0.289577,0.263741,2703.88,1684.85,4621.25,train
3_gUEfyelR8_30.wav,22050,10.0,220500,0.0926,0.089086,1849.63,1908.72,3592.27,train
Kdoepth5luc_26.wav,22050,9.905,218396,0.094987,0.116704,1399.84,788.91,2003.95,train
zgjUw9WyNV0_520.wav,22050,10.0,220500,0.143621,0.206597,3247.4,2980.4,7161.54,train
HDb5T8quY38_0.wav,22050,8.127,179200,0.071194,0.108095,1949.88,1910.32,3706.47,train
3ww3zP17BF4_240.wav,22050,10.0,220500,0.014718,0.232023,3765.15,2875.44,7075.43,train
-V0hrg-g84A_21.wav,22050,10.0,220500,0.135037,0.241411,3309.85,2305.35,6112.28,train
jQLnahEBjfQ_80.wav,22050,10.0,220500,0.013397,0.065483,2047.51,2468.67,4548.93,train
9Cj2o8Gix9A_30.wav,22050,10.0,220500,0.060476,0.053765,1633.8,2079.35,3575.16,train
912ulwC5d6M_25.wav,22050,9.244,203838,0.158425,0.189808,3123.15,2157.46,5306.4,train
yT8d_oRPG4g_110.wav,22050,10.0,220500,0.114916,0.101467,2190.4,2430.63,4948.29,train
KMtqTqpNh8Y_30.wav,22050,10.0,220500,0.117054,0.06037,1154.26,1353.63,1934.04,train
79o-gIcyQK4_70.wav,22050,10.0,220500,0.10662,0.082303,1539.89,1625.04,3038.58,train
8-Y5K0bqGbc_200.wav,22050,10.0,220500,0.056663,0.151912,2306.19,1925.44,4320.88,train
9PRh_Sku-hE_30.wav,22050,10.0,220500,0.508527,0.111452,1973.58,1724.3,3498.92,train
Q7wQ0JkqTJE_0.wav,22050,9.427,207872,0.251845,0.091549,1597.81,1826.25,3118.06,train
Bh3umCxXMBU_30.wav,22050,10.0,220500,0.061472,0.062994,1253.26,1679.2,1901.07,train
WmgQuE2opNo_450.wav,22050,10.0,220500,0.160896,0.135872,2245.53,1996.7,4126.83,train
6RXX_Jna7gA_400.wav,22050,10.0,220500,0.249226,0.098303,1375.7,970.79,2275.45,train
XOMQ8fSy0-U_150.wav,22050,10.0,220500,0.149983,0.115637,2745.2,2650.29,5953.73,train
W-4YRnQfFKs_10.wav,22050,10.0,220500,0.05813,0.169855,2455.63,1936.94,4369.69,train
bHa917xU5oA_30.wav,22050,10.0,220500,0.068671,0.093374,1849.17,1968.18,3630.14,train
DOdU-RrAFUA_120.wav,22050,10.0,220500,0.211187,0.078023,1754.36,2140.11,3293.98,train
1XN97Fc4HvI_30.wav,22050,10.0,220500,0.071143,0.126979,2159.36,2123.32,3551.06,train
sW0LgWx5mcQ_30.wav,22050,10.0,220500,0.202504,0.189709,3537.41,3036.27,7455.51,train
NeMhZWWMMRY_80.wav,22050,10.0,220500,0.088281,0.235796,3691.7,2853.82,7217.32,train
I4yobh5UfGA_0.wav,22050,4.923,108544,0.052069,0.078994,1485.76,1553.75,2982.05,train
bspTVc-6whI_100.wav,22050,10.0,220500,0.020204,0.179507,2740.89,2287.08,5147.41,train
IsHsdLjEu_k_550.wav,22050,10.0,220500,0.191964,0.089462,1876.3,2151.27,3722.25,train
EddtnYpE4nc_11.wav,22050,9.719,214298,0.046394,0.114198,2193.31,2457.94,4647.14,train
1LQQS5NIPFI_25.wav,22050,9.691,213678,0.134197,0.033712,731.3,996.65,1589.08,train
WZkkEJnA590_140.wav,22050,10.0,220500,0.034368,0.070426,1842.88,2255.79,3926.06,train
Fn5FIwH11I0_28.wav,22050,9.849,217160,0.165887,0.092605,1472.53,1144.87,2614.74,train
18W6y586QAk_9.wav,22050,9.344,206030,0.04137,0.064074,1227.51,1448.03,2091.29,train
rof3w2I0b4Q_5.wav,22050,9.629,212310,0.030369,0.328421,5848.5,3060.52,9266.57,train
GG0TQxH-nNY_12.wav,22050,9.943,219240,0.022407,0.093401,2139.21,2400.61,4542.5,train
D3-C7-KjJXM_40.wav,22050,10.0,220500,0.014121,0.186265,3239.92,2847.11,6859.0,train
FPywV51u0qo_0.wav,22050,8.731,192512,0.235399,0.136758,1793.57,1120.48,2982.12,train
dfmcTSVxWbc_30.wav,22050,10.0,220500,0.042004,0.368693,4688.34,2894.7,7965.64,train
TDpNiRuXDVs_26.wav,22050,9.109,200844,0.264735,0.173529,3007.8,2717.31,6298.98,train
2EkpqUeIUGA_290.wav,22050,10.0,220500,0.127443,0.15502,2767.93,2608.64,6075.71,train
6DvNNhTrvTY_30.wav,22050,10.0,220500,0.00249,0.087364,3030.18,3265.83,7562.43,train
Yv9B6l5HM6w_30.wav,22050,10.0,220500,0.183382,0.114999,2187.98,2213.44,4422.9,train
tP9GkvXZBxc_0.wav,22050,10.0,220500,0.323248,0.12496,1527.36,1268.39,3028.86,train
jrVqGz9eYCA_100.wav,22050,10.0,220500,0.063806,0.121832,2148.15,1915.73,3999.95,train
qE7fUBcIKBM_40.wav,22050,10.0,220500,0.030755,0.077793,1505.29,1651.48,2730.12,train
7ZnGXsB6eEE_90.wav,22050,10.0,220500,0.165236,0.139738,1856.06,1532.91,3768.09,train
8oU__yCthoc_110.wav,22050,10.0,220500,0.024078,0.124719,1822.74,1643.52,3309.74,train
3xqQUeY_al4_50.wav,22050,10.0,220500,0.223882,0.131228,2301.82,2166.04,4683.32,train
s6LQMiZ8HBA_20.wav,22050,10.0,220500,0.010502,0.208614,3192.49,2626.18,6033.09,train
nHpQURiH1X0_70.wav,22050,10.0,220500,0.016164,0.155203,2991.75,2591.08,5858.23,train
ZNU2hgeDpWk_20.wav,22050,10.0,220500,0.011159,0.150385,2813.29,2854.23,6264.69,train
ZWv1g-qd6q8_30.wav,22050,10.0,220500,0.100891,0.173628,2830.49,2287.4,4957.43,train
47QdjLDEejM_290.wav,22050,10.0,220500,0.249862,0.114532,2106.58,1882.58,3866.26,train
gsw6r1sqcYc_30.wav,22050,10.0,220500,0.043408,0.132698,2529.81,2731.08,5450.25,train
5KNtju0aFvE_210.wav,22050,10.0,220500,0.030588,0.371505,4975.67,3259.02,9024.64,train
0IDRKD3ys3c_30.wav,22050,10.0,220500,0.183623,0.116109,2055.25,1883.01,3805.13,train
-XuYrreB4yo_10.wav,22050,10.0,220500,0.108826,0.264276,3555.66,2737.45,6854.8,train
gka6LPy3Fhw_20.wav,22050,10.0,220500,0.166634,0.111146,2257.91,2291.44,4668.43,train
2fIX-p9h_q0_180.wav,22050,10.0,220500,0.143406,0.282979,3658.98,2601.46,6764.25,train
v6ciTXQK6CQ_0.wav,22050,10.0,220500,0.127743,0.227224,3004.33,1918.09,5111.39,train
BGQKsAPmuPs_120.wav,22050,10.0,220500,0.040034,0.302964,4045.03,2727.04,7072.06,train
6SaYApzBWKs_350.wav,22050,10.0,220500,0.024766,0.127267,2866.16,3072.91,7097.34,train
-IbSBeEuZ_w_30.wav,22050,10.0,220500,0.012352,0.065219,1160.49,1217.19,2144.58,train
d_X4FObedhU_370.wav,22050,10.0,220500,0.019531,0.182167,3162.07,2913.35,6888.2,train
9rONQtQdm_w_30.wav,22050,10.0,220500,0.084056,0.157803,2856.5,2614.3,5883.29,train
CKiXwtIFMKY_50.wav,22050,10.0,220500,0.058072,0.069263,1999.99,2563.51,3882.77,train
9sdUaUnufVY_30.wav,22050,10.0,220500,0.05651,0.14818,2177.46,1892.29,3886.57,train
TGuhQ0ExqEU_240.wav,22050,10.0,220500,0.046318,0.123442,2717.81,2714.37,5953.43,train
Lwal5ByQ8hI_0.wav,22050,10.0,220500,0.04875,0.206159,2929.61,2171.47,5742.82,train
H1fmtuAc8qU_12.wav,22050,9.409,207464,0.155506,0.005596,196.31,288.12,399.64,train
LwH6JcU9MjM_30.wav,22050,10.0,220500,0.069275,0.095814,1633.35,1297.42,3207.5,train
eH_QQlvlKQ4_180.wav,22050,10.0,220500,0.007404,0.098396,2392.84,2689.78,5433.21,train
v7kk3zo5NoA_330.wav,22050,10.0,220500,0.239012,0.14679,2768.21,2410.83,5219.45,train
Pw2_tAvfpiA_30.wav,22050,10.0,220500,0.132505,0.071908,2305.51,2718.84,5660.88,train
a1TGCZLQ_Mc_210.wav,22050,10.0,220500,0.051826,0.165343,2948.25,2494.02,5765.98,train
4w16MdaZQpU_19.wav,22050,9.143,201594,0.109043,0.193173,2917.85,2236.1,5288.18,train
NhMo0Q_w3uM_30.wav,22050,10.0,220500,0.228591,0.089892,1604.35,1653.1,2989.54,train
WZmGKmPAI9k_220.wav,22050,10.0,220500,0.121008,0.402425,5092.05,2679.45,8519.1,train
O9nf6pKYGB8_150.wav,22050,10.0,220500,0.238355,0.232899,2936.13,1856.77,4727.66,train
iezTqKhvpOY_20.wav,22050,10.0,220500,0.053581,0.146753,2797.97,2539.08,5607.18,train
Gjg52YVrh20_30.wav,22050,10.0,220500,0.10895,0.338146,3921.67,2705.08,6909.29,train
UDGSRvtWtVg_30.wav,22050,9.962,219652,0.0812,0.136107,2677.31,2631.87,5443.19,train
77yAyPDiSGc_30.wav,22050,10.0,220500,0.073137,0.31851,4109.34,2668.39,7222.49,train
ThTFR0bnIGo_30.wav,22050,10.0,220500,0.242764,0.035095,1245.84,1892.07,2675.46,train
68JIzeugDqs_0.wav,22050,8.888,195984,0.008271,0.200585,2617.97,2433.49,5151.19,train
30pPiP5bNMc_12.wav,22050,9.548,210536,0.340583,0.134201,3718.31,2960.39,7290.09,train
4P7NyK18Rck_30.wav,22050,10.0,220500,0.063444,0.170186,2626.53,2290.11,4800.46,train
Jk9IbgQdck0_0.wav,22050,10.0,220500,0.044497,0.147658,2518.98,2343.87,5108.91,train
09EA84vYgHg_18.wav,22050,9.283,204700,0.095529,0.125372,1593.7,1126.32,2520.76,train
ptb2QqZdMBo_0.wav,22050,10.0,220500,0.051982,0.029335,1464.36,2289.07,3407.77,train
-8cTjfGRzmc_13.wav,22050,9.941,219206,0.333296,0.022362,543.75,833.0,935.39,train
akfc137bysw_30.wav,22050,10.0,220500,0.137639,0.093858,1596.67,1611.3,2905.33,train
Laqg7myH__M_30.wav,22050,10.0,220500,0.053023,0.127154,2807.5,2464.86,5432.14,train
56zRNrKopQU_30.wav,22050,10.0,220500,0.083939,0.092095,1815.4,2021.99,3434.42,train
CIETzR50lc4_30.wav,22050,10.0,220500,0.017812,0.163252,1890.35,1116.06,3213.39,train
X9hEru96BO0_30.wav,22050,10.0,220500,0.01484,0.305423,4218.87,2821.45,7619.71,train
_3HDDrGCv8Q_10.wav,22050,10.0,220500,0.112275,0.180101,2969.25,2365.41,5638.85,train
zk4V_3UukjU_30.wav,22050,10.0,220500,0.03483,0.144326,2697.32,2622.11,5724.18,train
J8NLGX_QW7Q_20.wav,22050,10.0,220500,0.04386,0.087885,2102.23,2216.25,4214.64,train
Hr_bK0tStWA_210.wav,22050,10.0,220500,0.047387,0.133874,2477.73,2262.34,4716.17,train
FnHzpv9N7yM_1.wav,22050,9.514,209774,0.139989,0.251754,3443.72,2440.05,6184.39,train
Qx9zi4sfIQU_60.wav,22050,10.0,220500,0.033606,0.054708,1109.17,1440.35,1993.3,train
-QcPoXIZj1M_20.wav,22050,10.0,220500,0.306568,0.236433,4148.58,3057.96,7969.26,train
34In3a1ihmA_0.wav,22050,10.0,220500,0.056443,0.116095,2366.56,2351.31,4843.0,train
BZoupG2ZEfE_50.wav,22050,10.0,220500,0.087547,0.089911,1844.13,1925.11,3561.5,train
SrUt2hDeGRs_100.wav,22050,10.0,220500,0.112196,0.032201,1351.37,2112.54,2938.78,train
XzCZPOqDMTk_30.wav,22050,10.0,220500,0.13616,0.558011,6235.77,2545.92,8894.59,train
dNv5JjDhNgE_30.wav,22050,10.0,220500,0.044238,0.050849,1259.61,1743.36,2326.88,train
c55nW1ZIh-E_0.wav,22050,4.941,108944,0.076444,0.105366,1438.83,985.7,2244.61,train
pkekRB3jQ94_30.wav,22050,10.0,220500,0.111899,0.181509,2538.1,2021.57,4599.74,train
A3NvGubYSjs_30.wav,22050,10.0,220500,0.081053,0.028001,966.8,1541.94,1997.19,train
2oWu5T_rg5w_30.wav,22050,10.0,220500,0.031919,0.071691,1542.73,1730.49,3064.78,train
1Ck509j2l0U_30.wav,22050,8.97,197780,0.121023,0.065383,1555.27,1779.53,3168.3,train
XsiFq0OLYR4_22.wav,22050,9.092,200468,0.020412,0.079266,1662.22,2007.42,3094.22,train
q_cai61Vf-s_30.wav,22050,10.0,220500,0.126033,0.09514,1814.33,1950.06,3306.47,train
JMG8J3rC_xk_60.wav,22050,10.0,220500,0.006279,0.288695,3833.96,2418.58,6618.31,train
GrYhil8eXvA_30.wav,22050,10.0,220500,0.107604,0.094424,1937.36,2157.11,3963.31,train
shBtphV1Gz0_570.wav,22050,10.0,220500,0.149272,0.215365,2680.21,2091.01,4858.66,train
TrEjMTw3WFs_30.wav,22050,10.0,220500,0.065395,0.144836,1724.39,1023.79,2791.32,train
Y4TcBWd1rbM_100.wav,22050,10.0,220500,0.070116,0.386545,4672.16,2855.2,8095.56,train
-cU44hzuMJ4_140.wav,22050,10.0,220500,0.168697,0.123317,2590.97,2482.04,5360.09,train
wJ5PlCl7mOg_50.wav,22050,10.0,220500,0.015913,0.282116,4290.77,3288.3,8444.94,train
vM7hbrUo43w_50.wav,22050,10.0,220500,0.133047,0.031125,1017.42,1742.96,1975.13,train
LRboyhYviQI_460.wav,22050,10.0,220500,0.071196,0.181931,2829.6,2448.18,5284.43,train
5hUK9ubSMZU_300.wav,22050,10.0,220500,0.023053,0.416507,5167.32,3389.26,9149.16,train
NlD_u2aM9jw_10.wav,22050,10.0,220500,0.206973,0.094562,1812.23,1813.01,3900.01,train
2vHhaU0k_4k_30.wav,22050,10.0,220500,0.022377,0.112452,2177.63,2435.74,4634.21,train
Ons8EdId90o_30.wav,22050,10.0,220500,0.073963,0.149582,2605.36,2156.8,5116.88,train
aLuHfQ_c9e4_10.wav,22050,10.0,220500,0.318476,0.032441,1375.83,1919.6,2915.03,train
KMlQsGaWhhU_30.wav,22050,10.0,220500,0.096992,0.207645,3826.26,3559.1,8825.47,train
CYvnG7MpXGM_80.wav,22050,10.0,220500,0.072292,0.126405,1869.44,1474.15,3672.16,train
TNXMCfdtCCc_30.wav,22050,10.0,220500,0.197558,0.099157,1139.01,1000.74,2029.99,train
cWr-gTY9Nlo_10.wav,22050,10.0,220500,0.180195,0.10885,2013.28,2005.33,4504.89,train
-PZuNKO_OV0_360.wav,22050,10.0,220500,0.13113,0.150676,3905.83,3784.89,8621.95,train
u5reXfif2n0_20.wav,22050,9.582,211288,0.14222,0.113741,2520.23,2534.1,5334.84,train
p89SdlZw0jc_10.wav,22050,10.0,220500,0.1755,0.074652,1527.81,1445.47,2577.76,train
JEDK_ojtreM_21.wav,22050,10.0,220500,0.218596,0.032662,1167.91,1434.69,2824.6,train
9a9wO2zHK_0_20.wav,22050,10.0,220500,0.165381,0.338577,3456.35,1834.57,5238.86,train
1otuMUIZ6As_590.wav,22050,10.0,220500,0.095718,0.017924,788.17,1307.75,1721.76,train
q0GWfFQKlxg_30.wav,22050,10.0,220500,0.198714,0.103279,2240.03,2474.31,4874.92,train
vC3bjv2ZYgM_0.wav,22050,10.0,220500,0.108795,0.56861,5012.29,2394.23,7215.25,train
uvliBgyhLrI_50.wav,22050,10.0,220500,0.041036,0.075522,1450.34,1705.25,3225.56,train
oZSt8D5NYNI_440.wav,22050,10.0,220500,0.060122,0.111149,1609.68,1343.97,3094.84,train
4igF87KKgNU_30.wav,22050,10.0,220500,0.086903,0.297788,4093.8,3155.43,8068.23,train
Jh53lLBY-SM_20.wav,22050,10.0,220500,0.060448,0.222601,3136.32,2508.84,6077.43,train
I0PCR28HuOo_70.wav,22050,10.0,220500,0.09071,0.086149,1462.78,1657.27,2563.6,train
axhrSLqvXVk_0.wav,22050,10.0,220500,0.064981,0.151234,2338.24,1730.99,4253.23,train
7OZq6jos5OI_160.wav,22050,10.0,220500,0.046175,0.175313,2867.25,2261.23,5165.75,train
BUv__aS7Lpo_310.wav,22050,10.0,220500,0.049342,0.165123,3012.35,2725.93,6130.12,train
7Gj-bdDNXoM_420.wav,22050,10.0,220500,0.067814,0.162646,2902.72,2722.78,6025.47,train
9oGgyEhwSiU_10.wav,22050,9.249,203948,0.05784,0.048239,1190.34,1404.86,2812.86,train
3ThQo3IhY-A_30.wav,22050,10.0,220500,0.188424,0.089246,1381.12,1217.67,2591.58,train
-F2iVXnr4Bo_30.wav,22050,10.0,220500,0.040268,0.108449,1781.12,1676.7,3831.31,train
zwgDCOc9vCI_30.wav,22050,10.0,220500,0.038468,0.011176,1222.24,2122.35,2465.98,train
YHrSt5fNRBk_30.wav,22050,10.0,220500,0.243391,0.112236,1803.35,1716.41,2781.81,train
EAQ58p1i00E_30.wav,22050,10.0,220500,0.070338,0.091901,2104.85,2461.25,4573.98,train
52bVHNtimMk_510.wav,22050,10.0,220500,0.070927,0.027679,1020.0,1798.2,1917.55,train
2X5ODyJ88-I_3.wav,22050,10.0,220500,0.014883,0.061781,1250.74,1935.8,2135.08,train
hIc_qtMes_o_110.wav,22050,10.0,220500,0.162842,0.029475,1339.81,2096.08,3067.03,train
MbO3Dkew4iM_270.wav,22050,10.0,220500,0.010952,0.047763,2025.97,2698.46,4937.9,train
yf4CMf9pARo_60.wav,22050,10.0,220500,0.016392,0.317641,4282.32,2641.03,7421.74,train
ol24Vm1Npl8_30.wav,22050,10.0,220500,0.124853,0.095149,1855.39,1916.39,3888.97,train
fLo95s3VHPE_10.wav,22050,10.0,220500,0.281703,0.097307,1432.05,1191.48,3012.9,train
H_bbH1KYWvg_30.wav,22050,10.0,220500,0.012964,0.128579,2654.76,2889.73,6662.7,train
9yd9h9wQz4w_30.wav,22050,10.0,220500,0.043166,0.226206,3565.62,2711.67,6643.07,train
39hVju_F1XA_30.wav,22050,10.0,220500,0.12554,0.079343,1638.32,2069.1,2746.48,train
8HkhUkBH0iM_30.wav,22050,10.0,220500,0.153674,0.045493,1926.46,2759.43,5115.09,train
vjUuhvAekts_190.wav,22050,10.0,220500,0.130894,0.271523,3887.03,3059.2,7406.72,train
1jMy66wr7Ao_30.wav,22050,10.0,220500,0.202413,0.124488,2437.72,2353.44,4722.94,train
GxuqOI61KHM_10.wav,22050,10.0,220500,0.047005,0.190208,2128.45,1602.67,3951.64,train
msICD5Cuog4_430.wav,22050,10.0,220500,0.444571,0.013486,575.48,1182.77,1239.21,train
rJgxnDAoFUw_30.wav,22050,10.0,220500,0.068807,0.163388,2458.51,2065.06,4271.09,train
VQBuyi5eJPE_6.wav,22050,9.139,201524,0.083243,0.06795,2035.73,2603.07,4773.21,train
f_EcSxLmBno_11.wav,22050,9.852,217226,0.005131,0.218612,3831.32,3240.64,7987.55,train
2P4a43s_QZc_28.wav,22050,9.756,215112,0.079721,0.183602,2693.06,1681.77,4551.41,train
nmQjrR_0TBg_20.wav,22050,10.0,220500,0.018492,0.152559,1948.67,1034.24,3035.71,train
JcV3Lkcq-aY_30.wav,22050,10.0,220500,0.021501,0.227706,3403.25,2689.71,6659.33,train
hAqssXwDlfc_30.wav,22050,10.0,220500,0.00577,0.044821,2030.88,2645.72,5036.27,train
EIT7YAGgMlE_310.wav,22050,10.0,220500,0.312911,0.106904,2555.89,2588.6,5591.64,train
2iu2f9p7Fuo_220.wav,22050,10.0,220500,0.032142,0.201381,3210.21,2703.05,6211.38,train
cnWssIAfp04_330.wav,22050,10.0,220500,0.114035,0.219881,3532.22,2869.91,6914.53,train
BgtYDSV8knM_30.wav,22050,10.0,220500,0.306934,0.052353,1844.98,2355.1,4102.05,train
DiGDeiWzYdc_30.wav,22050,10.0,220500,0.07967,0.126988,2305.3,2240.66,4605.68,train
AkDZQyjDccc_0.wav,22050,10.0,220500,0.070383,0.276989,3891.43,2673.88,6975.63,train
2-fsGT_l8nQ_30.wav,22050,10.0,220500,0.076636,0.04362,1117.32,1551.86,2055.75,train
Me5sQ9UuS40_130.wav,22050,10.0,220500,0.052061,0.196568,2937.47,2391.7,5330.79,train
5a-5Q6CFX-0_30.wav,22050,10.0,220500,0.198746,0.056547,1418.18,1778.84,2753.9,train
RiTmIV9KZSk_100.wav,22050,10.0,220500,0.084599,0.142203,2632.47,2516.71,5466.56,train
GrZdS8l-OWg_30.wav,22050,10.0,220500,0.042064,0.136582,2329.15,1912.26,4158.48,train
hy_-MyUqiyw_0.wav,22050,10.0,220500,0.034119,0.128165,2606.55,2653.05,5514.77,train
KXgSqr8h3pA_30.wav,22050,10.0,220500,0.072717,0.098254,1917.55,2065.69,3582.06,train
J4hDoTR1oYM_180.wav,22050,10.0,220500,0.0321,0.343452,4656.15,2987.74,8217.59,train
OjqSiMMbGkw_10.wav,22050,10.0,220500,0.120518,0.050142,1652.99,2334.48,3782.57,train
MdI_Wq_eoRU_220.wav,22050,10.0,220500,0.053636,0.447949,5661.44,2982.26,9233.3,train
wakqEYxQs0g_30.wav,22050,10.0,220500,0.076051,0.114065,2501.45,2915.38,6270.48,train
3J_DnWMYa7g_30.wav,22050,10.0,220500,0.136751,0.458037,5250.34,3112.7,9038.92,train
PsK7oDG16gg_10.wav,22050,10.0,220500,0.031045,0.147762,2718.57,2472.47,5347.05,train
ZSJWe5QpY_M_0.wav,22050,8.429,185856,0.111323,0.309208,3933.22,2663.53,6909.67,train
--330hg-Ocw_30.wav,22050,10.0,220500,0.014265,0.077557,2602.02,2948.46,6380.45,train
2d706p8UHHA_170.wav,22050,10.0,220500,0.407533,0.094486,2205.14,2171.67,4354.18,train
MO9efm8iohY_0.wav,22050,7.291,160768,0.195385,0.080466,1764.93,2045.79,3589.65,train
587MDhc71bM_430.wav,22050,10.0,220500,0.111653,0.085695,1291.52,1083.33,2401.03,train
7BJ_S7T2RCU_10.wav,22050,10.0,220500,0.065653,0.131113,2153.92,2035.82,3639.11,train
IhtTLnJ1WFs_140.wav,22050,10.0,220500,0.044755,0.355643,3732.69,2164.58,6141.03,train
d6pitKSzz2g_30.wav,22050,10.0,220500,0.110564,0.222366,2647.09,1476.63,4245.19,train
I8wVVMDnAng_20.wav,22050,10.0,220500,0.018601,0.240714,3469.71,2476.5,6336.68,train
I3b24kihV6A_16.wav,22050,9.054,199648,0.054447,0.332038,3926.61,2457.26,6482.16,train
CChBwdp6134_80.wav,22050,10.0,220500,0.099065,0.100181,1390.52,1005.47,2303.55,train
IaRnrOw4mF8_10.wav,22050,10.0,220500,0.061066,0.140434,2079.17,1769.67,3810.88,train
yZ0xO4Hm3sI_10.wav,22050,10.0,220500,0.029171,0.103355,1775.33,1595.29,3770.18,train
Doc1p58PfCM_30.wav,22050,10.0,220500,0.193198,0.039885,1228.14,1755.21,2315.14,train
yl382MFkgnI_220.wav,22050,10.0,220500,0.051454,0.111424,1866.6,1416.46,3505.62,train
d6wmkmbXByA_50.wav,22050,10.0,220500,0.067781,0.165607,2611.27,2052.53,4643.03,train
FQQBnFtrCRs_30.wav,22050,10.0,220500,0.091873,0.057154,1984.06,2642.34,4876.1,train
yVxCoaVof8Y_40.wav,22050,10.0,220500,0.183863,0.097033,2004.18,2309.29,4191.26,train
Zn49hX9thW8_20.wav,22050,10.0,220500,0.01093,0.297793,2713.3,1621.86,4526.24,train
z3JmPi5pSi4_30.wav,22050,10.0,220500,0.031392,0.19806,3303.28,2780.61,6546.07,train
chzU_5BIcAA_180.wav,22050,10.0,220500,0.0777,0.168762,2828.23,2648.9,5738.87,train
nbp7MAkpWqk_90.wav,22050,10.0,220500,0.018626,0.221271,3156.86,2653.8,5982.23,train
LdqzDur7d7o_200.wav,22050,10.0,220500,0.003045,0.168525,3280.06,3015.06,7116.02,train
zoPrfM11XFQ_70.wav,22050,10.0,220500,0.021305,0.316038,5599.0,3343.0,8906.68,train
yhCf6UDwzeI_40.wav,22050,10.0,220500,0.017303,0.102212,2417.7,2310.42,4704.46,train
CpacihfbjZM_50.wav,22050,10.0,220500,0.197687,0.108272,2072.89,2099.81,4091.93,train
Bti9omsVktU_0.wav,22050,6.0,132300,0.112278,0.126001,1877.28,1385.62,3539.59,train
Zhn3cw9OGKg_160.wav,22050,10.0,220500,0.31232,0.060795,1981.12,2657.24,4834.7,train
poIg6LxRWmE_25.wav,22050,9.389,207022,0.027598,0.296008,3577.25,2325.63,6006.2,train
-C0Tx3VJB7M_30.wav,22050,10.0,220500,0.021453,0.166634,4150.65,2928.29,7646.39,train
2Cnv0FADwfo_30.wav,22050,10.0,220500,0.028789,0.087163,1987.71,2428.01,4114.79,train
PVTYWNDQSf8_30.wav,22050,10.0,220500,0.120369,0.060053,1095.44,1122.21,2009.08,train
jtZyn5JOlBM_90.wav,22050,10.0,220500,0.034446,0.140843,2505.94,2210.36,4612.8,train
LHw8EaUX1yg_30.wav,22050,10.0,220500,0.197362,0.066531,970.16,837.01,1700.8,train
l-_vNrg45m0_210.wav,22050,10.0,220500,0.031424,0.199948,2748.16,1821.28,4626.12,train
J4NJ37kIHjM_23.wav,22050,9.461,208626,0.07164,0.201473,3214.81,2739.45,6455.87,train
EP6MRTdVqHQ_150.wav,22050,10.0,220500,0.044932,0.213605,3390.9,2918.25,7012.8,train
_FXwfkJa3m4_18.wav,22050,9.655,212892,0.060197,0.102775,2148.57,2443.3,4619.21,train
w_NeFyO5Kxk_110.wav,22050,10.0,220500,0.003771,0.064028,1552.16,2054.76,3372.97,train
9FZyjIOq_O8_30.wav,22050,10.0,220500,0.026944,0.065691,2423.41,2654.6,5377.73,train
m_4ZoPevnGM_30.wav,22050,10.0,220500,0.214716,0.126691,2375.79,2086.1,4441.24,train
IttWgSsqPFc_22.wav,22050,9.765,215316,0.120405,0.063669,1234.11,1328.81,2755.07,train
20BGawT1jo8_30.wav,22050,10.0,220500,0.145784,0.110703,2081.28,2191.26,4275.89,train
1UBq-fiJJDQ_24.wav,22050,9.39,207056,0.065194,0.220882,2963.79,2288.74,5598.21,train
UahFDtPAB_A_10.wav,22050,10.0,220500,0.026808,0.285308,4005.81,2785.4,7498.35,train
wBnqpxA7-ns_550.wav,22050,10.0,220500,0.042638,0.260468,3797.33,2921.26,7092.07,train
S2k8gNG8vwI_30.wav,22050,10.0,220500,0.111675,0.086676,1318.62,1060.41,2572.72,train
C1OQAl1VNkQ_110.wav,22050,10.0,220500,0.179268,0.153071,2157.74,1587.16,3999.88,train
0P8WpYpq5sM_30.wav,22050,10.0,220500,0.045617,0.142353,2527.15,2322.68,4696.91,train
sEHl0wJaIQA_100.wav,22050,10.0,220500,0.373642,0.09159,1901.45,1929.63,3574.26,train
ET0ntagKFiQ_9.wav,22050,9.112,200910,0.014871,0.159746,2712.29,2715.96,6084.5,train
7rNCIjvNUI0_0.wav,22050,10.0,220500,0.019644,0.180806,3153.64,2740.78,6400.36,train
_-32MRCMG3s_90.wav,22050,10.0,220500,0.056924,0.219271,3235.52,2533.32,5947.91,train
3UmyVqoyoyY_230.wav,22050,10.0,220500,0.010506,0.134566,2028.1,1931.1,3738.93,train
KMrLM65hlCA_14.wav,22050,9.377,206772,0.058912,0.108406,1759.78,1640.37,3315.18,train
pxmrmtEnROk_30.wav,22050,10.0,220500,0.134032,0.071812,1353.66,1546.34,2500.42,train
6LFv_iSHSoQ_30.wav,22050,10.0,220500,0.176293,0.134546,1801.8,1072.43,2320.61,train
2UgLZ3TWT3E_120.wav,22050,10.0,220500,0.156424,0.124133,2612.94,2663.22,5748.12,train
gq2qd5HZmdw_470.wav,22050,10.0,220500,0.089679,0.080808,1776.8,2030.45,3619.28,train
aiTS9wOmJfA_70.wav,22050,10.0,220500,0.024649,0.099634,1746.49,1808.68,2928.39,train
XlU4El_Fz_c_0.wav,22050,8.847,195072,0.029642,0.049872,890.09,866.4,1777.98,train
8ZtdrNxAcn8_300.wav,22050,10.0,220500,0.051689,0.221114,3304.28,2465.49,6098.97,train
wtLNH75UpWk_20.wav,22050,10.0,220500,0.228527,0.041793,741.68,802.15,1324.62,train
h452aOgfsSY_270.wav,22050,10.0,220500,0.039163,0.161973,3163.98,2845.26,6322.52,train
L-UqS66tbhw_570.wav,22050,10.0,220500,0.027651,0.108249,2293.17,2499.72,4724.02,train
Pv2dkWcqjiQ_120.wav,22050,10.0,220500,0.105255,0.049856,1347.17,1869.8,2802.11,train
J73HXiihn84_240.wav,22050,10.0,220500,0.036682,0.268853,3972.61,3345.12,8450.83,train
5G8ZLhMbymo_350.wav,22050,10.0,220500,0.103507,0.146425,2728.8,2488.31,5488.49,train
aMv_8jAS03o_0.wav,22050,3.251,71680,0.146801,0.127331,2351.12,2108.94,4315.88,train
NxCGXGHI94o_30.wav,22050,10.0,220500,0.024615,0.087738,2140.19,2413.25,5350.75,train
o2xhacPTzW0_30.wav,22050,10.0,220500,0.024153,0.09122,2796.15,2679.69,5914.16,train
PwhNoomrrKM_6.wav,22050,9.975,219956,0.026436,0.160198,2573.7,2198.39,4995.33,train
E8e_WHKoSQk_30.wav,22050,10.0,220500,0.125017,0.160053,2417.57,1914.92,4478.96,train
SUqKkkeDBZU_190.wav,22050,10.0,220500,0.067928,0.124941,1525.93,1054.66,2544.27,train
85LIGF2zh-c_30.wav,22050,10.0,220500,0.111634,0.117502,2791.68,2823.58,6622.68,train
gsEvRf6ahjw_30.wav,22050,10.0,220500,0.141396,0.159529,2213.43,1734.15,3731.31,train
5e9e9RZ6MmI_20.wav,22050,10.0,220500,0.050736,0.05041,1206.03,1713.68,2012.78,train
7kx9FZQkmKY_40.wav,22050,10.0,220500,0.147652,0.052503,922.69,974.63,1942.41,train
x9Cyz1Gackk_30.wav,22050,10.0,220500,0.010384,0.151789,2671.89,2433.14,5528.59,train
MrDDhjrV9us_60.wav,22050,10.0,220500,0.020084,0.135777,2467.26,2183.58,4632.69,train
7nIGqQ01l8Y_0.wav,22050,10.0,220500,0.148488,0.499112,5240.98,2160.46,7306.15,train
zVbDheySTkk_20.wav,22050,10.0,220500,0.098468,0.170327,3170.47,2856.17,6590.81,train
r9ghAC61s5c_460.wav,22050,10.0,220500,0.143874,0.076761,1934.96,2171.97,3881.35,train
CkG6D1pvOF8_190.wav,22050,10.0,220500,0.121654,0.187886,3430.82,2924.97,6888.15,train
dEBVH_Y43pY_60.wav,22050,10.0,220500,0.275426,0.033311,1124.32,1909.78,1790.83,train
UUVDwq_c2GY_30.wav,22050,10.0,220500,0.209765,0.033103,1153.88,1861.03,2296.78,train
F4wLzzsQGDM_20.wav,22050,10.0,220500,0.025781,0.131486,2345.71,2170.08,4419.33,train
jlwQfL0cOiE_270.wav,22050,10.0,220500,0.105401,0.152053,2851.4,2753.19,6368.58,train
ZFSUwmo3ims_20.wav,22050,10.0,220500,0.124762,0.063003,1413.65,1661.47,2635.92,train
2ZeBuFsjhEI_30.wav,22050,10.0,220500,0.029835,0.178561,2714.73,2355.0,5083.63,train
806GvKiEDBM_30.wav,22050,10.0,220500,0.143022,0.106573,2105.65,2182.83,4115.44,train
8OqHQGg8oAY_20.wav,22050,10.0,220500,0.153757,0.109157,2428.12,2637.41,5227.22,train
BDEYYRG29YI_5.wav,22050,9.791,215894,0.072806,0.12366,2512.14,2408.69,5169.12,train
WCRd2yRgMnE_400.wav,22050,10.0,220500,0.212545,0.127005,2467.2,2212.9,4806.43,train
s8b4UG_lZxg_3.wav,22050,9.557,210730,0.33393,0.119203,1484.22,972.44,2257.07,train
BqdJpN-0XqA_30.wav,22050,10.0,220500,0.253304,0.130738,1803.61,1519.15,2721.95,train
V780c7VfY_c_30.wav,22050,10.0,220500,0.09306,0.142785,2201.77,1606.5,3605.84,train
Odqic9aHtpQ_80.wav,22050,10.0,220500,0.059803,0.174381,2969.41,2511.1,5778.64,train
8u1-JILEx5Y_0.wav,22050,5.085,112128,0.244235,0.08483,2027.91,2053.68,4019.42,train
3JSVoTS2ncU_30.wav,22050,10.0,220500,0.152914,0.189633,3176.69,2816.2,6666.7,train
eQEmEovGKxk_30.wav,22050,10.0,220500,0.071651,0.112249,2188.54,2168.92,4212.66,train
h2DHx17YXC8_400.wav,22050,10.0,220500,0.096355,0.101866,2363.65,2587.42,5277.23,train
198x-X_aaIo_70.wav,22050,10.0,220500,0.077677,0.06884,1935.22,2237.3,4458.22,train
gDe8MgOVOyc_170.wav,22050,10.0,220500,0.142268,0.214958,2965.85,2112.69,5196.42,train
ICpYq8QlEqM_270.wav,22050,10.0,220500,0.006752,0.234591,3394.69,2584.64,6413.22,train
ct3dTvv4D7U_30.wav,22050,10.0,220500,0.019425,0.230686,3627.17,2938.06,7133.31,train
IS9n31HdN6E_110.wav,22050,10.0,220500,0.41192,0.077871,1909.82,2093.67,3885.44,train
17aI77MmxYM_40.wav,22050,10.0,220500,0.180631,0.021131,691.44,1282.56,1105.41,train
UM8Cw0I4AIU_30.wav,22050,10.0,220500,0.006233,0.290794,4007.93,3051.54,7896.67,train
BLgpht_dE_I_270.wav,22050,10.0,220500,0.027168,0.168764,2330.83,1853.49,4191.48,train
JFT8zCYDxVY_30.wav,22050,10.0,220500,0.085847,0.131276,2451.0,2287.62,4907.4,train
QaVj3Vk6GWA_170.wav,22050,10.0,220500,0.052382,0.138949,2616.75,2549.95,5483.3,train
FTywBydVEZk_120.wav,22050,10.0,220500,0.125317,0.378706,4593.57,2681.82,7791.62,train
txY1sp3k3gk_90.wav,22050,10.0,220500,0.243219,0.179156,2896.96,1947.83,4867.7,train
LT2W0OmpNWI_370.wav,22050,10.0,220500,0.037386,0.288307,3874.58,2717.43,6948.4,train
ckNYd1PKMSA_290.wav,22050,10.0,220500,0.041617,0.091464,1992.41,2324.04,4097.15,train
OCwEtJR6Ci8_30.wav,22050,10.0,220500,0.399897,0.013857,431.73,866.05,607.18,train
-3yaHlpPTuQ_30.wav,22050,10.0,220500,0.072197,0.122087,2930.19,2768.19,6476.82,train
TU269Rxtq1A_10.wav,22050,10.0,220500,0.211102,0.112585,1711.05,1521.13,2777.96,train
GFuUL_brdbs_0.wav,22050,7.546,166400,0.020553,0.14708,2863.73,2688.3,5970.84,train
396CDjDK1w8_15.wav,22050,9.613,211970,0.042485,0.226904,3356.43,2529.04,6186.0,train
ncEAPkT4x2o_30.wav,22050,10.0,220500,0.104642,0.542706,5940.71,2780.83,8901.73,train
XOvnc9II18M_30.wav,22050,10.0,220500,0.416026,0.097483,1719.77,1691.99,2598.65,train
veFLSaBgCQo_190.wav,22050,10.0,220500,0.121045,0.390368,4482.54,2390.71,6871.17,train
Q3NswbPvGU0_260.wav,22050,10.0,220500,0.10099,0.183374,2868.43,2376.95,5439.76,train
WqQaJlHvHSY_120.wav,22050,10.0,220500,0.055313,0.209269,3334.01,2729.63,6410.37,train
4k9f3emjMzc_27.wav,22050,9.386,206954,0.124183,0.138071,2529.2,2586.68,5274.36,train
WVc8abTpssc_30.wav,22050,10.0,220500,0.135728,0.15558,2476.55,2052.15,4263.4,train
UFlbXbfH8Go_280.wav,22050,10.0,220500,0.095826,0.1552,2601.48,2327.31,4958.93,train
DdT2p0dYEFQ_15.wav,22050,9.869,217602,0.260278,0.189695,2236.38,1051.66,3272.44,train
9X89A9fxDuc_12.wav,22050,9.664,213096,0.020533,0.25215,3813.28,3047.65,7643.87,train
voWrMNKIcLE_30.wav,22050,10.0,220500,0.109064,0.12456,2359.31,2387.52,4683.72,train
FnUJKaQ5y3I_40.wav,22050,10.0,220500,0.029842,0.141423,2317.34,1961.16,4245.74,train
fkSeXNChfuY_4.wav,22050,9.927,218888,0.08028,0.110881,2578.54,2716.54,5753.39,train
QTTz_YH89l0_0.wav,22050,9.167,202128,0.069143,0.08252,1452.58,1824.02,2575.1,train
9k1fpMKZBWY_90.wav,22050,10.0,220500,0.230212,0.053275,900.31,805.84,1673.84,train
q9UqBMKtEEg_0.wav,22050,8.452,186368,0.075307,0.21708,2434.35,1562.75,4161.81,train
efs5YLoyC6E_0.wav,22050,10.0,220500,0.004661,0.185248,2710.96,2304.87,5067.27,train
7PQhq0YjusE_30.wav,22050,10.0,220500,0.01976,0.103129,1498.84,1281.29,2678.74,train
lntQthtqTH8_380.wav,22050,10.0,220500,0.114792,0.058398,1418.76,1884.1,2956.67,train
1IMi1lD1WHU_30.wav,22050,10.0,220500,0.012949,0.148247,2267.9,1623.79,4275.84,train
HmAe_owOBWI_20.wav,22050,10.0,220500,0.121601,0.146924,2307.14,2128.55,4325.88,train
KMtlxzHkHU8_30.wav,22050,10.0,220500,0.124868,0.09936,1679.48,1773.26,2942.58,train
Mn0DGfRC9t4_180.wav,22050,10.0,220500,0.018108,0.206524,3057.95,2428.67,5765.7,train
CcU1kbeiY6w_0.wav,22050,8.993,198288,0.279989,0.083991,1227.78,786.71,1994.87,train
7gBrL9sSS3U_90.wav,22050,10.0,220500,0.068679,0.138096,2549.85,2493.14,5261.35,train
rdEH58RNhgk_420.wav,22050,10.0,220500,0.071008,0.039059,983.14,1226.54,2122.59,train
fU7pTb8yMDI_10.wav,22050,10.0,220500,0.150793,0.156337,2861.96,2664.5,5803.65,train
TzAQIg7cATk_10.wav,22050,10.0,220500,0.041984,0.186182,2726.77,1921.04,4056.29,train
9Uz_pbGm27s_110.wav,22050,10.0,220500,0.171634,0.109215,2119.68,2367.89,4549.68,train
MI2OjcWTIWM_550.wav,22050,10.0,220500,0.083986,0.128864,2578.57,2637.84,5545.0,train
drYfXPitJCs_50.wav,22050,10.0,220500,0.050759,0.100543,1528.93,1234.74,2929.54,train
wZS-McwWe40_10.wav,22050,10.0,220500,0.072934,0.101064,1473.05,1086.07,2620.08,train
SBRWIKsCmUw_16.wav,22050,9.333,205792,0.106399,0.096378,1512.54,1386.98,3256.28,train
lJN8h9tEAbw_30.wav,22050,10.0,220500,0.081364,0.068221,1959.77,2394.0,4211.76,train
UzTOr9oTzUI_0.wav,22050,10.0,220500,0.135871,0.306814,4028.26,2727.15,7334.73,train
dqeI7cCqx0E_520.wav,22050,10.0,220500,0.185818,0.078532,1627.76,2023.31,3081.52,train
CW72ZGQZoIs_30.wav,22050,10.0,220500,0.036916,0.217137,4079.46,2901.81,7400.7,train
mxunIwAxE-o_20.wav,22050,10.0,220500,0.084233,0.120898,2584.38,2443.85,5187.75,train
sOuJG_t_2OI_90.wav,22050,10.0,220500,0.036005,0.267565,3752.03,2814.22,7047.28,train
I0w8HzTBnR8_6.wav,22050,9.279,204596,0.08058,0.134771,2023.46,1727.5,3845.26,train
Grjl8k2Yreo_540.wav,22050,10.0,220500,0.020325,0.070469,2059.7,2255.23,4115.69,train
pf9aT2MQSRY_280.wav,22050,10.0,220500,0.147957,0.073159,1680.63,2123.22,3468.42,train
B2Mj2obm8j8_9.wav,22050,8.98,197998,0.071455,0.135202,2038.42,1730.68,3324.1,train
WDCLRHaS2g8_90.wav,22050,10.0,220500,0.106611,0.085318,1432.39,1462.45,2330.28,train
BFauANTw3zA_30.wav,22050,10.0,220500,0.027511,0.117765,2489.72,2621.33,5446.45,train
CNX7DluUdyg_10.wav,22050,10.0,220500,0.127636,0.089889,2089.02,2343.25,4886.86,train
Q8yaTo2dmdY_100.wav,22050,10.0,220500,0.008707,0.189426,2928.89,2560.04,5914.04,train
4RkHPtr7LjE_250.wav,22050,10.0,220500,0.055536,0.091432,1829.6,1939.49,3669.36,train
3LNQZCaXrMs_170.wav,22050,10.0,220500,0.15935,0.061528,1314.82,1326.41,2525.93,train
-Mqa-jaS9SU_10.wav,22050,10.0,220500,0.076471,0.099166,1703.73,1812.36,2765.94,train
vQQ0dr_FvsU_30.wav,22050,10.0,220500,0.040203,0.064637,1114.95,1345.23,2021.22,train
PALnSC45FzU_60.wav,22050,10.0,220500,0.075617,0.18676,2699.33,2284.93,4941.5,train
22U-zmAXRI8_30.wav,22050,10.0,220500,0.067056,0.286182,2719.89,1635.04,4694.56,train
1LztduXXGl8_40.wav,22050,10.0,220500,0.068468,0.274185,3672.31,2439.75,6508.87,train
G38aZovQEwE_200.wav,22050,10.0,220500,0.018991,0.24245,3187.26,2215.77,5393.27,train
3fQyxJQXF3g_30.wav,22050,10.0,220500,0.020716,0.172505,2727.35,2361.67,5478.25,train
Gn-D_XgdSOs_0.wav,22050,10.0,220500,0.014636,0.116285,2267.27,2392.71,4931.5,train
evbztAm51ko_100.wav,22050,10.0,220500,0.245704,0.008522,305.01,804.94,357.77,train
4idWNR_VKZI_21.wav,22050,9.042,199366,0.178895,0.076906,1363.07,1251.63,2646.21,train
7reudS7KxcM_30.wav,22050,10.0,220500,0.014139,0.068398,1497.33,1729.72,3240.77,train
-TuE43VV_yg_30.wav,22050,10.0,220500,0.138483,0.04706,1126.85,1372.32,2100.21,train
2e1wACAW-6Y_30.wav,22050,10.0,220500,0.098867,0.082733,1534.19,1686.99,2852.52,train
0CQYtLJdEjg_150.wav,22050,10.0,220500,0.12204,0.144112,2897.95,2775.65,6143.98,train
7ojteAGwjaA_30.wav,22050,10.0,220500,0.0072,0.351261,4324.77,2854.82,7691.6,train
TAUo3tXdbAo_80.wav,22050,10.0,220500,0.100904,0.067774,1425.17,1883.27,2483.29,train
xV4nQkrf2mw_30.wav,22050,10.0,220500,0.075682,0.110502,2561.21,2637.61,5705.05,train
Mnb9HDl9IKQ_40.wav,22050,10.0,220500,0.056709,0.070614,1623.02,2114.96,3364.33,train
Dzdv_Y-iCLA_280.wav,22050,10.0,220500,0.112764,0.060094,1441.98,1784.32,2637.74,train
XGSnyaPOlx8_0.wav,22050,7.732,170496,0.048323,0.103021,1925.32,2150.75,3733.27,train
nYjuruUVJuo_30.wav,22050,10.0,220500,0.05678,0.133787,2775.8,2669.25,5927.73,train
Khy8pMCZ-Ho_30.wav,22050,10.0,220500,0.118679,0.128956,2354.67,2335.09,4650.52,train
C-4f_Wdw6bk_26.wav,22050,9.016,198796,0.042114,0.117803,1910.87,1799.58,3248.72,train
9FnSoyIhUGI_340.wav,22050,10.0,220500,0.245001,0.062025,1538.32,2100.13,3263.7,train
pGO33UbaTLo_110.wav,22050,10.0,220500,0.174985,0.236648,3422.46,2739.28,6746.16,train
0xgjlup2KBI_30.wav,22050,10.0,220500,0.117989,0.160011,2382.87,1791.01,3858.27,train
5jDb5TWNhsU_30.wav,22050,10.0,220500,0.17455,0.163301,2164.67,1489.0,3130.76,train
j1zYS_Ru4Fc_140.wav,22050,10.0,220500,0.084406,0.123389,1763.38,1430.72,3015.6,train
E_7fe9P3DtI_420.wav,22050,10.0,220500,0.095757,0.163127,2726.32,2411.49,5312.76,train
rLVEyySmXr8_170.wav,22050,10.0,220500,0.088667,0.101352,2358.81,2612.21,5005.45,train
VuAiEOhMyMI_0.wav,22050,5.968,131584,0.03036,0.205937,3017.19,2640.97,6281.06,train
NsvxgKJgZHU_0.wav,22050,10.0,220500,0.211575,0.092994,1608.7,1409.3,3197.41,train
vsCcgTFVByI_20.wav,22050,10.0,220500,0.020225,0.230744,3638.24,2604.09,6690.88,train
QF1QkEquhXU_30.wav,22050,10.0,220500,0.007561,0.112434,2066.73,2051.02,3918.97,train
A1OzoTTKVlc_110.wav,22050,10.0,220500,0.127811,0.38214,5081.62,3119.66,9122.26,train
F7s1wdioZ6c_4.wav,22050,9.166,202104,0.007874,0.056521,920.05,901.89,1714.67,train
gQERETYz4Y0_0.wav,22050,10.0,220500,0.063366,0.178271,3177.34,2806.93,6435.68,train
0lFf-HP86Q0_30.wav,22050,10.0,220500,0.056362,0.076589,1988.62,2222.66,3969.18,train
3LfWfxls1-s_130.wav,22050,10.0,220500,0.081175,0.220528,3298.5,2874.1,7032.54,train
_fBM8dtZVGI_80.wav,22050,10.0,220500,0.078067,0.084359,1180.74,1025.51,2238.78,train
d0ABSv2iPJY_110.wav,22050,10.0,220500,0.185891,0.042146,1253.22,1755.8,2450.04,train
aOR4wN_vTv8_30.wav,22050,10.0,220500,0.073076,0.255742,3141.34,1790.41,4620.75,train
2PgXmlaCmGg_30.wav,22050,10.0,220500,0.071376,0.17206,2867.58,2699.88,6105.04,train
pJIcJh8-jCY_100.wav,22050,10.0,220500,0.075689,0.259656,3802.2,2805.78,7287.89,train
HKrQiiWxNOk_0.wav,22050,10.0,220500,0.22962,0.151502,2701.74,2358.53,5737.05,train
4DJ9eXSsfOM_30.wav,22050,10.0,220500,0.002232,0.058149,1178.29,1289.29,2415.37,train
wIvtbCH96fI_210.wav,22050,10.0,220500,0.05291,0.338319,4431.4,2691.13,7719.93,train
IXj-Lg5OXOg_30.wav,22050,10.0,220500,0.07942,0.125907,1888.87,1954.82,3661.42,train
Ek-Uyu7e_AI_30.wav,22050,10.0,220500,0.052917,0.096702,2135.52,2327.75,4607.53,train
KlBxUNcRJ20_30.wav,22050,10.0,220500,0.276166,0.056591,1319.24,1755.14,2590.03,train
DO8B7FZhzF8_30.wav,22050,10.0,220500,0.294802,0.127257,2769.89,2699.3,5957.58,train
UJFs5FsQdAk_10.wav,22050,10.0,220500,0.063665,0.223828,3154.11,2624.37,5774.72,train
KpMYxkYQyXA_50.wav,22050,10.0,220500,0.050811,0.187004,2733.08,2366.33,5190.4,train
zV0gxh-yoqs_70.wav,22050,10.0,220500,0.038822,0.160268,2657.49,2258.27,4956.36,train
LSTqv-owkig_20.wav,22050,10.0,220500,0.064222,0.101449,2427.65,2643.19,5284.68,train
Du6edTd7aPE_30.wav,22050,10.0,220500,0.214683,0.114275,2271.32,2205.58,4356.1,train
0GXGWyZCDLw_30.wav,22050,10.0,220500,0.324246,0.03996,853.92,890.74,1682.44,train
iFwNkIWmRwQ_30.wav,22050,10.0,220500,0.030669,0.213391,3720.94,3302.13,8304.52,train
Kjyg6RWDlZw_40.wav,22050,10.0,220500,0.058597,0.16416,2780.94,2473.87,5414.75,train
m4aIcH6h4MU_30.wav,22050,10.0,220500,0.118279,0.035345,1042.91,1352.75,2042.01,train
CjveuFoU_dQ_0.wav,22050,10.0,220500,0.015274,0.164518,3043.44,2902.77,6676.87,train
GcLZnNZjr4I_40.wav,22050,10.0,220500,0.119488,0.17187,2503.07,1973.47,4946.77,train
riqeMY1wPwc_40.wav,22050,10.0,220500,0.146705,0.082958,1884.73,2099.84,3994.43,train
JJGTh9puVYs_560.wav,22050,10.0,220500,0.128352,0.158821,2702.14,2181.89,4918.06,train
0IUvWKmOb0I_110.wav,22050,10.0,220500,0.283045,0.483496,4778.81,2910.59,8479.76,train
wYlY4hwAfAI_510.wav,22050,10.0,220500,0.008431,0.148601,2913.47,2791.67,5950.33,train
Xe0JvJUAcco_70.wav,22050,10.0,220500,0.070084,0.363446,4692.98,2711.42,7867.64,train
BuiilZPN_P0_30.wav,22050,10.0,220500,0.033384,0.070531,1522.42,1704.5,2936.78,train
VAI8OIrQRPI_210.wav,22050,10.0,220500,0.197097,0.118049,2355.45,2301.98,4708.65,train
ixzaUGbl0-M_0.wav,22050,10.0,220500,0.127011,0.091996,1471.74,1350.18,2983.62,train
YfinN9Ipxpg_30.wav,22050,10.0,220500,0.005136,0.085672,2694.43,3085.26,6776.21,train
hL2FhB10hKY_30.wav,22050,10.0,220500,0.021343,0.319105,4140.36,2499.46,6822.65,train
3qNSaQnzWUs_30.wav,22050,10.0,220500,0.342474,0.041802,832.56,971.51,1375.45,train
OqDFtFv2wEE_40.wav,22050,10.0,220500,0.070955,0.302664,3714.24,2069.08,5817.81,train
4nj1WuB_3ng_30.wav,22050,10.0,220500,0.059774,0.111995,1949.26,1903.28,3664.17,train
cZsVdrxysoY_120.wav,22050,10.0,220500,0.062227,0.177378,2963.89,2522.82,5797.68,train
KRgk0hYNZks_60.wav,22050,10.0,220500,0.116065,0.123281,1993.7,1735.54,3883.95,train
yG2Pp8zZyOM_30.wav,22050,10.0,220500,0.01067,0.216473,3002.33,2437.27,5547.1,train
Xdqs8aKGoCI_100.wav,22050,10.0,220500,0.040415,0.122138,2744.81,2776.1,6093.85,train
kIKwLqpg0z0_30.wav,22050,10.0,220500,0.025817,0.140167,2264.73,2123.6,4318.33,train
dqvI3mn8QLg_10.wav,22050,9.482,209068,0.136013,0.070813,1569.09,1724.93,3056.93,train
QxJGNpRPZSY_14.wav,22050,9.824,216612,0.056942,0.095909,1477.69,1324.25,3061.24,train
Mf4gCOIIsFk_30.wav,22050,10.0,220500,0.221413,0.086757,1711.47,2031.56,3245.99,train
T0WwjgfsGmY_30.wav,22050,10.0,220500,0.055682,0.101192,2158.75,2335.18,4155.08,train
ngm1xgtAaio_30.wav,22050,10.0,220500,0.258724,0.097066,1615.59,1589.22,2383.02,train
xK0pH0F3Zos_70.wav,22050,10.0,220500,0.106022,0.128571,2296.8,2253.13,4565.19,train
xAGTYa0blgg_80.wav,22050,10.0,220500,0.029217,0.119513,2300.85,2449.37,4686.84,train
88z5G3Pobko_30.wav,22050,10.0,220500,0.12487,0.12129,2354.34,2203.13,5185.75,train
fbHdsU8FFaA_140.wav,22050,10.0,220500,0.129266,0.088835,1462.61,1395.96,2359.28,train
jWQa7SEze0Q_30.wav,22050,10.0,220500,0.013475,0.144584,2594.87,2547.96,5343.78,train
zq6P_Uc1EMc_30.wav,22050,10.0,220500,0.001858,0.098773,1829.27,1748.83,3051.89,train
M0qdY9WlAnQ_60.wav,22050,10.0,220500,0.028765,0.190773,2214.74,1711.63,4303.79,train
9z3CXEinTAc_14.wav,22050,9.575,211124,0.162319,0.16716,2961.06,2496.63,5816.55,train
F8nLAjG_HSs_40.wav,22050,10.0,220500,0.143547,0.153717,2828.32,2450.3,5682.32,train
iK4E6TQRXKE_2.wav,22050,9.889,218044,0.019562,0.123728,2199.23,2012.77,4145.27,train
6yJKrfpLDZ8_27.wav,22050,9.321,205530,0.186666,0.29015,3322.2,1774.0,4525.05,train
ZAtSvj_W0i8_90.wav,22050,10.0,220500,0.043254,0.080821,1792.87,2215.02,3676.36,train
LxQmMPH90UY_120.wav,22050,10.0,220500,0.088586,0.158636,2295.38,1908.69,4006.32,train
0hHCTS_wSMg_40.wav,22050,10.0,220500,0.0487,0.124107,2085.46,1814.5,4324.55,train
xk1hlbMEh2U_0.wav,22050,10.0,220500,0.09799,0.194069,2619.66,1715.77,4352.4,train
fKgLRlCjaYA_0.wav,22050,10.0,220500,0.066543,0.368587,4380.21,2842.02,7371.5,train
1E2C5fatb74_30.wav,22050,10.0,220500,0.102796,0.036313,1194.98,1826.92,2600.8,train
ZjrYRIqA1mk_150.wav,22050,10.0,220500,0.03601,0.15762,2224.23,1931.96,3304.4,train
vovyI_7qy-Y_210.wav,22050,10.0,220500,0.077578,0.103213,2221.88,2390.23,4763.83,train
DHabKB-Q1xE_30.wav,22050,10.0,220500,0.011569,0.076379,1481.96,1978.02,2894.12,train
4GoLMvLuQco_10.wav,22050,10.0,220500,0.13393,0.129027,2568.55,2550.84,5526.94,train
0nbo6g1KQ1k_30.wav,22050,10.0,220500,0.098204,0.173164,1890.56,1114.92,3137.88,train
Fw4qAvCkcx4_500.wav,22050,10.0,220500,0.064901,0.231855,3571.02,2830.4,6886.33,train
SuKClfWBvdA_70.wav,22050,10.0,220500,0.116315,0.146024,2288.29,1967.72,4311.94,train
PIvb0MoczTo_2.wav,22050,9.419,207692,0.102571,0.161117,2469.34,2139.71,4914.13,train
acw6DQdDzoc_50.wav,22050,10.0,220500,0.057067,0.222421,3238.0,2399.24,5752.66,train
KtsGOZVRpFc_30.wav,22050,10.0,220500,0.141206,0.182426,2933.54,2155.45,5112.96,train
QvtCt3yEmlw_110.wav,22050,10.0,220500,0.003548,0.017152,1032.39,2077.0,1819.36,train
ET0aPgLwOkM_40.wav,22050,10.0,220500,0.072704,0.176468,3146.14,2915.73,6715.71,train
LWBPrGygIeA_160.wav,22050,10.0,220500,0.128581,0.211264,3500.78,2890.98,7126.54,train
t_r6P8czFok_160.wav,22050,10.0,220500,0.128735,0.134844,2490.17,2451.53,4934.1,train
_V2411TK3oA_30.wav,22050,10.0,220500,0.155632,0.08861,1875.81,2151.78,3682.43,train
HEOZm3nqvEk_4.wav,22050,9.613,211976,0.619111,0.089152,2348.82,2470.39,5214.49,train
1cotXz8xAtY_20.wav,22050,9.35,206168,0.074418,0.202274,2551.92,1590.04,4266.41,train
z8jfrZB8Dzs_30.wav,22050,10.0,220500,0.203881,0.030237,817.91,1339.41,1338.18,train
kMm98iDp240_30.wav,22050,10.0,220500,0.118892,0.126293,2268.25,2217.31,4404.79,train
NIgqoFbFv4A_30.wav,22050,10.0,220500,0.039544,0.087761,2102.04,2484.94,4677.55,train
I3WoMBhm0aE_30.wav,22050,10.0,220500,0.047317,0.10417,2055.54,2109.82,3930.48,train
qB5qRZKBjes_10.wav,22050,10.0,220500,0.182219,0.326729,4240.5,2764.18,7240.73,train
GSsZ4J4o1Gw_30.wav,22050,10.0,220500,0.20786,0.038493,940.17,1274.0,1590.48,train
3ULscVAPW0A_30.wav,22050,10.0,220500,0.175758,0.115181,1629.1,1624.07,3720.82,train
NQviK5FOrxQ_30.wav,22050,10.0,220500,0.209313,0.107277,2153.43,2016.44,4004.75,train
iY7T3e0O2qU_80.wav,22050,10.0,220500,0.19203,0.14622,1941.31,1357.82,3493.75,train
DwSQBjDh878_30.wav,22050,10.0,220500,0.004666,0.314527,4369.2,3306.58,8596.04,train
uyp--1YAqSI_7.wav,22050,9.342,205986,0.324733,0.30184,3476.74,2298.2,6246.95,train
dWZepcUpUMg_30.wav,22050,10.0,220500,0.143471,0.549656,5542.96,3268.03,8886.19,train
gWshf28GQto_30.wav,22050,10.0,220500,0.082347,0.167036,2662.77,2579.23,5523.72,train
4FzeynFTIyA_9.wav,22050,9.714,214190,0.158159,0.071287,1484.19,1851.91,2845.47,train
d9n9vsBdQVM_0.wav,22050,9.945,219280,0.086144,0.112549,1883.52,1530.08,3526.15,train
m55Fx5rDh8g_50.wav,22050,10.0,220500,0.141699,0.036445,1188.68,1904.26,2243.03,train
8UNMjXhc5ZM_30.wav,22050,10.0,220500,0.150226,0.073426,1481.59,1588.99,3137.58,train
dFvSMeMLUFQ_30.wav,22050,10.0,220500,0.158297,0.203753,3251.48,2636.92,6280.63,train
dixNPlIzcW0_580.wav,22050,10.0,220500,0.211019,0.061496,1286.39,1489.91,2810.36,train
oJVqGhcryho_550.wav,22050,10.0,220500,0.112428,0.217083,3156.72,2431.45,5872.74,train
0r0HbdvJG_0_30.wav,22050,10.0,220500,0.048769,0.269622,3939.73,2927.09,7473.25,train
0z5TRiOKlX4_20.wav,22050,10.0,220500,0.06794,0.330971,4124.07,2668.64,7185.79,train
XVAONztV-Z8_30.wav,22050,10.0,220500,0.006804,0.212137,2960.11,2293.79,5275.53,train
2VnYRRLHQ2w_30.wav,22050,10.0,220500,0.214077,0.038885,806.03,1076.16,1548.72,train
Glu7-_KNUXo_140.wav,22050,10.0,220500,0.26895,0.149063,2790.46,2757.59,6071.96,train
XqfpleXzJqI_30.wav,22050,10.0,220500,0.007584,0.147211,2386.99,1700.33,4467.79,train
Lr8YOKuagNM_0.wav,22050,10.0,220500,0.010612,0.134837,2417.11,2269.46,4934.0,train
GiiygoAxKFE_17.wav,22050,9.35,206158,0.005675,0.185263,3214.79,3063.11,7617.49,train
4APbpnsjXIw_30.wav,22050,10.0,220500,0.068864,0.124362,1923.61,1608.07,3384.86,train
iP0MyswFYNE_30.wav,22050,10.0,220500,0.047334,0.196342,3092.06,2381.56,5478.9,train
SRb10M37DSE_10.wav,22050,10.0,220500,0.051145,0.134737,1956.01,1422.03,3574.91,train
aV13i_rgGqg_390.wav,22050,10.0,220500,0.021411,0.017318,2590.21,2749.45,5324.35,train
FyVz3i-NEx8_20.wav,22050,10.0,220500,0.25092,0.188858,2453.91,1885.51,4741.43,train
cFtMPWwiKHs_40.wav,22050,10.0,220500,0.092258,0.116954,2066.89,2134.43,4167.37,train
t00j8MTkNqA_150.wav,22050,10.0,220500,0.137358,0.0974,2003.33,2010.36,3657.75,train
svhcfuKbdAY_40.wav,22050,10.0,220500,0.088447,0.205263,3256.45,2702.16,6207.86,train
-Wd1pV7UjWg_60.wav,22050,10.0,220500,0.151745,0.154185,2648.99,2450.6,5585.74,train
FEXehLGiTHg_30.wav,22050,10.0,220500,0.09208,0.124225,1781.87,1448.56,3387.56,train
rhae0AeoowQ_30.wav,22050,10.0,220500,0.006605,0.158942,1729.3,1021.25,2812.91,train
aiK-jM_U4Ik_10.wav,22050,10.0,220500,0.195535,0.092291,1966.08,2149.13,4144.44,train
Mkb2mBHviD0_170.wav,22050,10.0,220500,0.026668,0.167176,2924.15,2418.08,5724.16,train
Lff1_xdiTIU_30.wav,22050,10.0,220500,0.137219,0.122553,2026.94,1834.54,3650.7,train
F3L96k37Sl8_30.wav,22050,10.0,220500,0.69494,0.024311,876.75,1401.36,2046.0,train
KbKG2QHr6cA_6.wav,22050,9.813,216372,0.039608,0.203783,2643.16,1747.97,4803.58,train
0wgFRL-xcd0_30.wav,22050,10.0,220500,0.073653,0.086955,1441.08,1335.31,2908.81,train
Ky9EDgFhF_A_130.wav,22050,10.0,220500,0.16796,0.067171,1345.67,1506.69,2396.08,train
WV4CpUouA5U_30.wav,22050,10.0,220500,0.011127,0.496694,5888.86,3749.26,10008.97,train
2kUqnbrpOSk_30.wav,22050,10.0,220500,0.054121,0.117952,2288.97,2157.34,4251.06,train
6fhE5gS7km8_30.wav,22050,10.0,220500,0.541596,0.087602,2178.22,2448.2,5437.13,train
UjoSIykWKHo_0.wav,22050,10.0,220500,0.209298,0.113182,2209.7,2181.13,4326.72,train
O7x_RrYI1To_10.wav,22050,10.0,220500,0.191872,0.181246,2252.91,1760.13,3031.44,train
TFCnz89BOpI_110.wav,22050,10.0,220500,0.005294,0.153955,2587.85,2362.88,5437.38,train
9YsJzxOb2Xc_0.wav,22050,10.0,220500,0.067585,0.072899,1470.65,1466.92,3248.27,train
POVkETk1NTM_30.wav,22050,10.0,220500,0.051997,0.127078,2239.75,1983.06,3956.44,train
4tbcX5kAItY_30.wav,22050,10.0,220500,0.055537,0.053782,1405.54,1877.05,2988.84,train
Uf7KE0RBQcs_20.wav,22050,10.0,220500,0.020666,0.127627,3262.49,2737.34,6384.67,train
8ER5pLhD3y0_30.wav,22050,10.0,220500,0.039237,0.238878,3747.25,2787.67,7219.27,train
KLeCN7z5f1Y_240.wav,22050,10.0,220500,0.152608,0.151402,1746.5,1118.35,3055.27,train
zdgHj1lqr6k_30.wav,22050,10.0,220500,0.20883,0.108261,1972.95,1674.05,3548.51,train
5kDdlpdc7tQ_400.wav,22050,10.0,220500,0.026426,0.205851,2874.23,2353.71,5044.49,train
6Q5wl8EzONo_200.wav,22050,10.0,220500,0.090999,0.384118,4669.15,2784.26,7955.62,train
P8EGgQn8TiU_30.wav,22050,10.0,220500,0.108829,0.113475,1919.47,1821.71,3602.89,train
0ytaimew9rY_30.wav,22050,10.0,220500,0.023382,0.078209,2237.59,2721.45,5578.35,train
3Mh5eIAflqY_50.wav,22050,10.0,220500,0.046157,0.193735,2248.72,1426.86,4054.49,train
ksYP-R_l6jc_20.wav,22050,10.0,220500,0.218683,0.051001,1268.62,1726.24,2348.89,train
61VibcmcuCk_70.wav,22050,10.0,220500,0.104625,0.066413,1164.88,1408.46,2830.94,train
Revp91agHtw_20.wav,22050,10.0,220500,0.010868,0.097945,2464.17,2583.4,5318.85,train
X_pJJVFd1U0_340.wav,22050,10.0,220500,0.087482,0.048512,2108.1,2527.11,4797.88,train
0QKj8bSma1g_90.wav,22050,10.0,220500,0.177062,0.17237,2395.17,1930.81,4536.06,train
HvTYMLSRBoY_0.wav,22050,9.0,198450,0.61027,0.035022,954.75,1324.63,2185.62,train
K4aiP5b-j6I_19.wav,22050,9.886,217978,0.146457,0.227336,3222.15,2224.52,5927.14,train
pb1MaHMUWLI_80.wav,22050,10.0,220500,0.110964,0.372321,4876.8,3198.63,8839.06,train
Vjzin4vB8Hg_120.wav,22050,10.0,220500,0.115485,0.078536,1908.22,2563.43,3058.84,train
WOpt_HdGBps_80.wav,22050,10.0,220500,0.089405,0.065399,1512.29,1876.54,3239.72,train
5-x8_TvY1JM_30.wav,22050,10.0,220500,0.0331,0.276548,4077.86,2893.72,7654.58,train
L3L8HCCp8DU_30.wav,22050,10.0,220500,0.195671,0.100222,1959.9,2003.05,4142.99,train
HxPESKB_BcA_110.wav,22050,10.0,220500,0.068224,0.356834,4307.25,2599.39,7448.36,train
7e7L8F7y5ic_30.wav,22050,10.0,220500,0.224233,0.146163,1937.02,1252.44,3162.86,train
xLzw-ePE9-Q_490.wav,22050,10.0,220500,0.035704,0.166268,3007.6,2822.58,6442.05,train
dz-eoUrHtDM_320.wav,22050,10.0,220500,0.049267,0.157544,2864.98,2567.84,5705.87,train
j0RLx8UPS8w_400.wav,22050,10.0,220500,0.431177,0.011479,579.01,1311.99,804.42,train
28SK-hhe4io_24.wav,22050,9.927,218880,0.130302,0.072021,1069.91,876.3,1875.88,train
581pwMH-aWw_29.wav,22050,9.522,209958,0.055729,0.226393,3575.44,2760.96,6946.21,train
FMAMnZ3_goc_60.wav,22050,10.0,220500,0.062785,0.114599,2336.64,2456.55,4954.88,train
hS6aYTE90RY_30.wav,22050,10.0,220500,0.234556,0.034575,858.82,980.84,1868.92,train
O8xdC-kAzRo_180.wav,22050,10.0,220500,0.016602,0.230563,3666.87,3224.64,7968.11,train
YnRdUuAn9FA_190.wav,22050,10.0,220500,0.007154,0.153744,3488.5,3165.1,7548.99,train
1w0H-XUjbJQ_30.wav,22050,10.0,220500,0.023365,0.15074,2708.61,2429.46,5779.52,train
B4bZfd8QudM_10.wav,22050,10.0,220500,0.252509,0.085531,1210.42,965.83,1952.48,train
EMIe9w-s-CI_20.wav,22050,10.0,220500,0.133674,0.108313,2153.3,2168.89,4108.62,train
KPgyroFP-qo_15.wav,22050,9.515,209810,0.138463,0.056187,1022.6,982.63,2313.56,train
wNFTA_BGzEo_22.wav,22050,9.672,213268,0.077824,0.07322,1512.49,1786.24,3150.61,train
MoCju3IZ0hQ_40.wav,22050,10.0,220500,0.138277,0.280599,3785.49,2583.07,6884.25,train
7RafnusmngA_7.wav,22050,9.463,208658,0.03446,0.050271,869.71,733.31,1469.01,train
IKkw52P1KD4_20.wav,22050,10.0,220500,0.101636,0.082985,2155.38,2291.07,4323.15,train
dgvbyxl1XUA_370.wav,22050,10.0,220500,0.142772,0.094212,1630.32,1745.92,3184.24,train
LrPuy6kqZLI_60.wav,22050,10.0,220500,0.050882,0.237186,2829.77,1805.92,5013.71,train
qyzt7i-faAM_130.wav,22050,10.0,220500,0.133313,0.291345,3662.49,2178.77,5980.14,train
fp7C9OKBvB0_30.wav,22050,10.0,220500,0.172131,0.182508,3325.41,2983.39,6880.91,train
2koUQ3586rk_30.wav,22050,10.0,220500,0.045555,0.145509,2610.31,2343.72,5064.85,train
i8cyZDqS6Pk_70.wav,22050,10.0,220500,0.035678,0.114928,2547.57,2724.45,5590.71,train
v-bh8JxIxPA_80.wav,22050,10.0,220500,0.178621,0.434992,5153.9,2730.77,8342.59,train
MgEsrAfsv9o_50.wav,22050,10.0,220500,0.028532,0.264534,2555.76,1438.08,4071.97,train
wxC4v_CnPxU_120.wav,22050,10.0,220500,0.075825,0.165928,2992.86,2691.36,6131.82,train
LBvtIXlpl6Q_60.wav,22050,10.0,220500,0.007731,0.084114,1458.14,1602.74,2837.91,train
7LDhGIQ0je0_30.wav,22050,10.0,220500,0.049353,0.05417,1296.55,1638.13,2499.25,train
7edpox_UrfA_130.wav,22050,10.0,220500,0.101202,0.079009,1276.82,991.91,2313.52,train
yc0I5c_v_nM_30.wav,22050,10.0,220500,0.067554,0.129067,2355.23,2276.9,4465.54,train
8rnITQpV_Js_90.wav,22050,10.0,220500,0.181374,0.201036,2585.05,2243.87,5073.59,train
2Km-cUnz8j0_30.wav,22050,10.0,220500,0.142464,0.221838,3028.43,2501.98,6207.21,train
QuGuryddGBo_60.wav,22050,10.0,220500,0.106324,0.155781,1715.91,2057.33,3895.96,train
y6UpPiD75w0_30.wav,22050,10.0,220500,0.014466,0.139171,2732.82,2345.86,5158.08,train
KKo4CHUsS8g_230.wav,22050,10.0,220500,0.120907,0.226739,3659.45,2602.54,6646.39,train
CHnvAhucXwU_23.wav,22050,9.944,219266,0.096323,0.094943,1555.58,1241.42,2947.87,train
EHiUNmxPXe4_50.wav,22050,10.0,220500,0.215592,0.148585,2501.34,2222.88,4609.05,train
jrJeXdaWhvc_380.wav,22050,10.0,220500,0.044709,0.28663,3465.42,2405.99,6243.7,train
63XIrH8-OxI_450.wav,22050,10.0,220500,0.052141,0.189323,2881.67,1989.79,4960.08,train
3zBBVb25jSA_6.wav,22050,9.348,206132,0.110799,0.128157,2131.65,2112.45,4283.64,train
wAQBzUTvw9E_30.wav,22050,10.0,220500,0.104299,0.117481,1926.76,1827.77,3302.75,train
9wCSwqhKVBc_30.wav,22050,10.0,220500,0.267189,0.173406,2142.06,1441.08,3685.95,train
0Hn-Ltf_1Cs_30.wav,22050,10.0,220500,0.015328,0.271547,4222.54,3240.29,8280.52,train
dWj-AhSF03k_190.wav,22050,10.0,220500,0.048227,0.516852,6007.07,2792.87,9250.06,train
4-4m2pnAKmk_30.wav,22050,10.0,220500,0.478844,0.159225,2845.16,2335.96,5612.62,train
a1qxtElxyTs_320.wav,22050,10.0,220500,0.023054,0.171265,1821.72,1008.97,2988.99,train
S7NiQwOW9NM_30.wav,22050,10.0,220500,0.104503,0.122961,1719.4,1318.81,3340.92,train
42HnOx-4s-4_140.wav,22050,10.0,220500,0.011155,0.361852,4121.69,3127.27,8047.92,train
JhFzvS9RYBk_0.wav,22050,8.661,190976,0.009776,0.129533,2570.76,2499.69,5718.76,train
VcORGUIIGBk_50.wav,22050,10.0,220500,0.09054,0.095209,1828.66,1834.89,3542.39,train
6lHfOvyTEu0_30.wav,22050,10.0,220500,0.047241,0.132614,2242.27,1816.13,4059.38,train
IB4K1JFxVd8_180.wav,22050,10.0,220500,0.008914,0.353846,3926.46,1735.48,5256.5,train
0P0dPO91GP4_30.wav,22050,10.0,220500,0.182592,0.236947,2959.05,1971.22,4785.32,train
3KV6hulT6JA_30.wav,22050,10.0,220500,0.040445,0.194035,2643.38,1864.0,4231.52,train
DXgC1Ld8_l0_500.wav,22050,10.0,220500,0.022936,0.611142,6709.98,2630.43,9528.69,train
SBmZ0VX7cQE_200.wav,22050,10.0,220500,0.197039,0.081129,1487.89,1330.99,2576.29,train
l0cC4FE-fe0_260.wav,22050,10.0,220500,0.125079,0.222771,3281.04,2322.69,5756.04,train
tgpqO7zStvc_470.wav,22050,10.0,220500,0.158194,0.361918,4527.13,2766.75,7956.17,train
9v3BFXiamNA_30.wav,22050,10.0,220500,0.028514,0.239705,3200.54,2386.13,5895.8,train
1Ie_kFFp1d0_460.wav,22050,10.0,220500,0.08001,0.202109,2924.71,2220.15,5146.01,train
7vXf77fwmmM_0.wav,22050,10.0,220500,0.214203,0.190272,2839.3,2259.95,5156.83,train
R5cTFA40ce8_490.wav,22050,10.0,220500,0.01995,0.110908,2368.07,2449.79,4973.22,train
QenAICgZ-lU_23.wav,22050,9.879,217842,0.0074,0.197333,2838.57,2140.42,5462.15,train
y_BVahQO254_120.wav,22050,10.0,220500,0.025191,0.103095,2251.43,2374.21,4766.98,train
A8IlyjQTJ1I_3.wav,22050,9.864,217498,0.201629,0.078512,1628.73,1742.89,3251.03,train
hxRj9gMwMy4_290.wav,22050,10.0,220500,0.196454,0.097443,2120.84,2148.1,4338.04,train
dgP4xGpPU2c_130.wav,22050,10.0,220500,0.123205,0.126114,2212.27,2213.27,4366.02,train
4Ro5OJFtkLs_8.wav,22050,9.02,198896,0.03433,0.142594,2270.34,1911.85,3740.55,train
uD9ce7y_bco_60.wav,22050,10.0,220500,0.035207,0.086996,1087.53,1025.79,2236.81,train
02fwHU_zu4k_10.wav,22050,10.0,220500,0.185194,0.044834,1215.39,1787.37,2380.02,train
Frzncwi8Loc_20.wav,22050,10.0,220500,0.19313,0.225424,2678.73,1775.31,4981.31,train
IeSt3HGu9cM_30.wav,22050,10.0,220500,0.086331,0.037847,814.9,1109.49,1653.39,train
FNRXerP9gyI_10.wav,22050,10.0,220500,0.432245,0.091449,1626.7,1777.02,2799.19,train
2bjlHGAwoGY_0.wav,22050,10.0,220500,0.049634,0.13958,2271.0,1954.96,4465.52,train
E0iLO49uRcU_260.wav,22050,10.0,220500,0.1078,0.108039,2072.25,2226.37,4202.87,train
0Ss_IjMl-BE_10.wav,22050,9.755,215100,0.13339,0.102175,1317.08,910.17,2219.48,train
1yiBa6D_deg_510.wav,22050,10.0,220500,0.15311,0.095643,2117.96,2466.98,4665.36,train
pAYDU_rg0jY_290.wav,22050,10.0,220500,0.095417,0.132263,2460.73,2229.14,4626.59,train
OYKYSgJ98sI_10.wav,22050,10.0,220500,0.148125,0.130933,1803.03,1433.42,3624.3,train
-Q9yD8bOk34_30.wav,22050,10.0,220500,0.091548,0.097644,1894.91,2001.58,3522.45,train
_QC_fYwnpYg_30.wav,22050,10.0,220500,0.003555,0.030917,2533.15,3100.88,6551.39,train
JF6UCwYudmc_50.wav,22050,10.0,220500,0.026688,0.134966,2312.54,2127.59,4940.7,train
JaVQZLuWBOo_50.wav,22050,10.0,220500,0.049714,0.027352,661.52,875.07,1210.18,train
4YQ1kxdEilA_29.wav,22050,9.412,207542,0.192553,0.043998,1248.42,1579.31,2468.87,train
0cxjMNEbkOo_90.wav,22050,10.0,220500,0.053406,0.35784,4535.68,2573.7,7308.35,train
F2QcrdPxZKw_30.wav,22050,10.0,220500,0.027637,0.171409,3037.88,2837.02,6492.31,train
DlJ3qhc3Khk_30.wav,22050,10.0,220500,0.109599,0.114401,2124.38,1971.96,4093.91,train
zsRXT-9tfV0_350.wav,22050,10.0,220500,0.241433,0.300679,4144.25,2874.89,7788.6,train
-xiOJz_MN6o_17.wav,22050,9.819,216510,0.091415,0.1739,3265.78,2762.72,6925.47,train
AikWNnB_x7g_30.wav,22050,10.0,220500,0.022031,0.056429,2094.71,3100.93,5578.67,train
E7neuuy28xc_0.wav,22050,9.868,217600,0.048085,0.225664,3517.97,2833.14,6942.87,train
8v6qFBgu5x8_2.wav,22050,9.169,202172,0.129229,0.068621,1269.5,1433.48,2048.76,train
EQESvPvJQIM_330.wav,22050,10.0,220500,0.080648,0.12513,2471.14,2528.47,5183.88,train
2qYhDsptUSI_20.wav,22050,9.768,215384,0.124271,0.158693,2739.91,2425.41,5529.86,train
lA-h3dUoIYg_230.wav,22050,10.0,220500,0.00773,0.601978,5934.22,2938.83,9226.65,train
8OtNyfWs42M_20.wav,22050,10.0,220500,0.047249,0.096466,1978.03,2116.71,4047.89,train
vQShXHqZK-Y_30.wav,22050,10.0,220500,0.000921,0.189442,2372.29,1813.01,3724.1,train
EfPQn7PXicU_30.wav,22050,10.0,220500,0.022736,0.193498,1954.3,1235.41,3476.46,train
pu0grxEqHcw_40.wav,22050,10.0,220500,0.01137,0.392064,4933.92,3036.39,8278.29,train
aebT-2bfsjw_30.wav,22050,10.0,220500,0.067616,0.101231,1922.71,1983.46,3684.13,train
RqYVJLObKJk_4.wav,22050,9.468,208760,0.046616,0.069059,1917.81,2333.4,4524.48,train
gsblaKRm0UM_20.wav,22050,10.0,220500,0.013543,0.243882,3639.23,2801.2,7034.11,train
ZH_7EiZM0lE_30.wav,22050,10.0,220500,0.073004,0.198633,3023.26,2541.05,5934.02,train
cvUPHw9Eisk_0.wav,22050,4.825,106384,0.124486,0.031736,1610.95,2188.67,3863.29,train
2xuhfIVuOq0_5.wav,22050,9.716,214246,0.060722,0.210844,3483.26,2726.73,6873.43,train
g0RWRrIbq9Y_10.wav,22050,10.0,220500,0.281759,0.108693,1654.82,1464.64,3386.66,train
BMU1HWDzfZo_30.wav,22050,10.0,220500,0.053768,0.182702,3708.32,3343.87,8125.21,train
h-HYdZdV-Ck_10.wav,22050,10.0,220500,0.14029,0.507788,5366.42,2722.61,7981.77,train
e1DLuSEHbqs_270.wav,22050,10.0,220500,0.181587,0.238379,2731.55,2449.36,5146.81,train
MKVYJQLwud0_80.wav,22050,10.0,220500,0.162398,0.147464,2395.69,2166.81,5083.93,train
1eKHjwycI5o_0.wav,22050,10.0,220500,0.042569,0.23361,2304.13,837.86,3074.83,train
YAsY_5DfwMc_10.wav,22050,10.0,220500,0.081652,0.128438,1715.27,1163.99,3027.79,train
1tYsTqsS2cs_30.wav,22050,10.0,220500,0.172753,0.085632,2035.94,2084.68,4198.23,train
ErfBnXJE9AI_10.wav,22050,10.0,220500,0.08377,0.033245,674.39,954.48,1176.78,train
1AuEeDaQxfM_300.wav,22050,10.0,220500,0.018923,0.274747,3994.27,2291.99,6407.8,train
22FJV6z1J3Y_60.wav,22050,10.0,220500,0.073731,0.151756,2483.14,2075.05,4474.83,train
CXO_q6FyFKc_60.wav,22050,10.0,220500,0.123963,0.314223,4002.4,2718.93,7110.58,train
l_EvPL9vdmE_60.wav,22050,10.0,220500,0.121157,0.388452,4766.93,2019.24,6778.61,train
JLp3ZAMmAro_80.wav,22050,10.0,220500,0.174803,0.132972,2113.17,1857.27,3856.39,train
ltzRs0cIdZQ_20.wav,22050,10.0,220500,0.002061,0.276878,4141.11,3276.11,8284.34,train
aB98k9Xgxmc_0.wav,22050,10.0,220500,0.139128,0.130687,1906.55,1315.68,3380.29,train
j7assxVUj5Y_10.wav,22050,10.0,220500,0.123962,0.241254,2850.19,1919.77,5091.08,train
4yFUKRK7ay4_11.wav,22050,9.526,210058,0.190808,0.159967,2312.5,1976.98,4435.74,train
q4uCr7oYxrY_250.wav,22050,10.0,220500,0.006207,0.050754,1792.32,2545.08,3995.06,train
0ie2R57cGZg_30.wav,22050,10.0,220500,0.083688,0.142906,2292.49,2006.31,4483.8,train
FD9kL1aDp6I_410.wav,22050,10.0,220500,0.021318,0.118391,2145.09,1971.33,4029.18,train
zh4PRsEah20_120.wav,22050,10.0,220500,0.269701,0.104178,2183.6,2357.96,4561.02,train
hkSKcfKkDFo_230.wav,22050,10.0,220500,0.018695,0.427138,4932.8,2679.89,8034.11,train
nn8UQPwuGZs_0.wav,22050,10.0,220500,0.023901,0.138056,1778.33,1310.57,3094.81,train
4poL377X9DQ_80.wav,22050,10.0,220500,0.153186,0.164937,2848.34,2301.65,5314.63,train
qogsoN9SOKw_30.wav,22050,10.0,220500,0.019343,0.346878,3197.46,1598.98,4956.93,train
jdbj01pEboA_30.wav,22050,10.0,220500,0.209793,0.097397,2117.45,2490.98,4425.62,train
ORYr9VtIvx0_0.wav,22050,10.0,220500,0.081246,0.119354,2684.79,2815.87,5999.62,train
oMEXDhXzqrI_340.wav,22050,10.0,220500,0.204644,0.060752,1543.96,2038.82,3454.66,train
-Q71aWU_p-Q_16.wav,22050,9.376,206733,0.054338,0.177286,3003.97,2391.35,5550.66,train
Tu3l_iyvfHA_420.wav,22050,10.0,220500,0.059356,0.113388,2149.23,2318.61,4280.51,train
4o9HYRNzAzs_40.wav,22050,10.0,220500,0.014402,0.188841,2503.58,1895.37,4695.81,train
NtmG4RkVxqI_70.wav,22050,10.0,220500,0.042666,0.114719,2150.84,2148.09,4288.78,train
Kwjjj3NIXrM_14.wav,22050,10.0,220500,0.216969,0.165804,1939.03,1106.47,3025.96,train
Ypd5oe8boVs_30.wav,22050,10.0,220500,0.167343,0.082017,1710.8,1697.68,3809.43,train
IsogKMYUY2s_30.wav,22050,10.0,220500,0.008813,0.200404,2828.51,2774.55,6664.75,train
0Sl1GxVkKbQ_30.wav,22050,10.0,220500,0.027704,0.210314,2411.73,1288.13,3833.91,train
juL2OqnMOtA_30.wav,22050,10.0,220500,0.067365,0.096947,2741.18,3005.91,6365.43,train
Q4g3f6pKRhg_70.wav,22050,10.0,220500,0.069841,0.105448,1858.99,1776.51,3376.67,train
ve7TvaJubUI_100.wav,22050,10.0,220500,0.176743,0.194535,3453.77,3206.81,7809.18,train
zgh63i8IrRg_310.wav,22050,10.0,220500,0.129423,0.26391,2767.39,1487.7,4613.63,train
Vyn-CTmhMkE_30.wav,22050,10.0,220500,0.020474,0.152688,2321.27,1914.41,3298.3,train
rQuARJKy_lY_500.wav,22050,10.0,220500,0.082715,0.103541,2353.55,2624.07,4964.45,train
JE6JbxEk_vA_350.wav,22050,10.0,220500,0.052232,0.181127,3044.8,2557.77,5534.61,train
3Vq-kZzpSUM_30.wav,22050,10.0,220500,0.106,0.092531,1680.72,1755.01,3165.33,train
7NhucMJX-HE_30.wav,22050,10.0,220500,0.036176,0.044216,1055.83,1511.53,1960.42,train
MEwqP3QGWAA_60.wav,22050,10.0,220500,0.138179,0.122946,2384.29,2605.17,4982.11,train
2HNAWKLwI5c_30.wav,22050,10.0,220500,0.012292,0.346012,4171.27,2732.44,7265.31,train
_juU9h9ktS4_30.wav,22050,10.0,220500,0.120205,0.132374,1668.48,1044.06,2911.38,train
T80G0eejwKo_70.wav,22050,10.0,220500,0.069918,0.177507,3014.51,2691.73,6140.04,train
tzpyNPFKva0_0.wav,22050,10.0,220500,0.043384,0.119351,1972.86,1714.75,3422.03,train
oohB6XwC5gk_330.wav,22050,10.0,220500,0.118302,0.170832,2598.99,2066.2,4830.68,train
Gmcy43-fACM_50.wav,22050,10.0,220500,0.136681,0.104504,2193.32,2377.03,4718.22,train
jlfwHxZoECo_10.wav,22050,10.0,220500,0.194301,0.022874,590.21,1137.37,746.24,train
3j2Q6ZZfYDo_10.wav,22050,10.0,220500,0.189637,0.384707,4493.09,2483.25,7216.15,train
GEjKx3cPA60_230.wav,22050,10.0,220500,0.085298,0.219197,3297.67,2479.82,5982.46,train
DD-TGbF4vjI_350.wav,22050,10.0,220500,0.034032,0.091452,1278.78,1225.33,2734.02,train
zsglmzFV1fA_310.wav,22050,10.0,220500,0.075696,0.119842,2357.09,2365.91,4715.1,train
yDCQNb_TKZs_30.wav,22050,10.0,220500,0.322753,0.138448,2308.36,1928.47,4189.01,train
iTT-EhQKd80_4.wav,22050,9.497,209416,0.020109,0.106536,2298.23,2454.75,4876.93,train
E53y5uR4utI_30.wav,22050,10.0,220500,0.010982,0.107318,2657.12,2526.57,6384.77,train
5v7pr-IeVyA_30.wav,22050,10.0,220500,0.085865,0.084107,1744.85,1987.95,3476.79,train
Y93IxyiRZkc_80.wav,22050,10.0,220500,0.151249,0.188025,3019.25,2429.57,6149.8,train
j6aqfy7E714_0.wav,22050,10.0,220500,0.05106,0.078625,1697.27,1924.53,3352.46,train
gaXDYfglvGs_80.wav,22050,10.0,220500,0.013203,0.144709,1747.08,1062.54,2933.91,train
k8QRvlgNqqI_220.wav,22050,10.0,220500,0.008152,0.256956,3531.9,2598.03,6624.41,train
Mj3zLi9jRjI_30.wav,22050,10.0,220500,0.073108,0.178452,3106.21,2660.93,6085.78,train
zYTaDJ4xy3U_30.wav,22050,10.0,220500,0.140643,0.115127,2217.82,2230.06,4443.93,train
ISaoxThUDCA_30.wav,22050,10.0,220500,0.066689,0.07026,1735.71,1998.55,3635.36,train
jdtEFFrUTa8_50.wav,22050,9.095,200540,0.008504,0.248832,3512.1,2870.52,7352.24,train
iaB3eeJyobc_90.wav,22050,10.0,220500,0.116473,0.304793,4329.14,2887.51,7709.59,train
PEfoumrEIeE_540.wav,22050,10.0,220500,0.024867,0.306457,3872.04,2292.87,6286.07,train
uFknYDX4zH0_20.wav,22050,10.0,220500,0.014019,0.152854,2768.65,2592.5,5866.27,train
sxzUSUW62qw_20.wav,22050,10.0,220500,0.016343,0.130832,2642.26,2663.71,5621.91,train
rGFtC1zPKoI_30.wav,22050,10.0,220500,0.052808,0.102433,1888.84,1913.51,3497.15,train
L1XssCiViTc_170.wav,22050,10.0,220500,0.069573,0.07312,1512.0,1648.28,2822.77,train
YplZrKdjCn4_9.wav,22050,9.483,209102,0.15431,0.082249,2319.93,2766.56,5448.9,train
c4smbQBIcY4_50.wav,22050,10.0,220500,0.057721,0.111018,1914.78,1981.93,3709.26,train
ED8Oqe-x3kI_130.wav,22050,10.0,220500,0.156693,0.176297,2236.41,1570.16,3700.59,train
ku8hG3g7MQI_20.wav,22050,10.0,220500,0.017404,0.155914,2692.35,2451.51,5359.89,train
qHs6FsIkgnc_0.wav,22050,10.0,220500,0.040242,0.522461,5917.26,2753.53,9176.72,train
AhG32tIdaaE_300.wav,22050,10.0,220500,0.173174,0.173452,2484.81,1897.0,4047.22,train
0Hhdjzdj_kE_30.wav,22050,10.0,220500,0.141304,0.104689,1305.1,864.45,2057.77,train
o_QXDBFQIbU_20.wav,22050,9.211,203096,0.042703,0.080238,1793.56,2062.76,3694.98,train
IZ2R_6j-4k4_120.wav,22050,10.0,220500,0.014374,0.101649,1459.48,1328.31,2437.82,train
3tnwv2kU1n0_30.wav,22050,10.0,220500,0.039349,0.087688,1194.08,964.9,2241.7,train
xOl3EBlKchE_190.wav,22050,10.0,220500,0.127526,0.410015,4777.88,2635.59,7896.42,train
zdDT_lx6PgI_6.wav,22050,9.796,216004,0.351667,0.096031,1494.34,1163.75,2360.51,train
g70L1U9scWs_340.wav,22050,10.0,220500,0.032276,0.214641,3268.6,2318.56,5710.92,train
8qu_qGIOiMY_7.wav,22050,9.98,220066,0.030672,0.034307,893.66,1320.21,1860.07,train
EAWJvxa5eRQ_30.wav,22050,10.0,220500,0.349197,0.128148,1785.58,1219.83,2922.3,train
XMu93mL2yHs_10.wav,22050,10.0,220500,0.058402,0.121784,2091.65,1895.5,4252.56,train
Gnw6-ts7ErY_490.wav,22050,10.0,220500,0.021624,0.058521,1301.56,1535.7,2722.68,train
NIrDJ1bLlF4_9.wav,22050,9.158,201934,0.04287,0.143427,2829.68,2869.72,6090.52,train
1pDw9AoyZKk_6.wav,22050,9.813,216372,0.154224,0.120298,1936.47,1675.07,3803.66,train
6k-Z4LkDWGw_200.wav,22050,10.0,220500,0.130418,0.073638,1779.22,2208.25,3609.28,train
Dc5W35M_R1A_20.wav,22050,9.257,204120,0.054332,0.023238,1394.51,2081.33,3623.68,train
_JUAY5fo8UQ_0.wav,22050,10.0,220500,0.073696,0.107701,2275.9,2611.78,5808.29,train
MsqpIpQlkpA_30.wav,22050,10.0,220500,0.228526,0.032704,737.16,959.65,1399.18,train
qF2inBDSzFU_10.wav,22050,10.0,220500,0.052135,0.143674,2283.93,2101.28,4513.53,train
iwEAo6bM9S0_100.wav,22050,10.0,220500,0.008133,0.15192,2831.67,2830.1,6620.86,train
bNvVJiftHbk_30.wav,22050,10.0,220500,0.035428,0.067868,1451.35,1825.84,2533.55,train
6D7WAQa0Dac_22.wav,22050,9.911,218532,0.099883,0.118973,1805.77,1624.39,3310.34,train
-zfRZ8-UegU_30.wav,22050,10.0,220500,0.471244,0.245686,4045.16,2925.6,7274.3,train
kTGgzyA-TpU_110.wav,22050,10.0,220500,0.102398,0.120365,2107.86,1960.64,4205.89,train
2flaccXXVws_30.wav,22050,10.0,220500,0.175443,0.04089,1242.73,1900.21,2388.86,train
4x38BmsSiVE_30.wav,22050,10.0,220500,0.010125,0.215936,3276.95,2786.94,6506.87,train
frod5HJo4uM_180.wav,22050,10.0,220500,0.008321,0.189928,2752.99,2259.95,5225.32,train
Ie6JiCtUTc0_20.wav,22050,10.0,220500,0.167117,0.179609,2901.97,2393.4,5471.68,train
zIG3OkmHSd8_170.wav,22050,10.0,220500,0.048758,0.357551,4519.89,2921.96,8023.82,train
P3RGkgRORw4_50.wav,22050,10.0,220500,0.041448,0.065544,1494.78,1930.37,3008.58,train
kviDkPnflqc_0.wav,22050,10.0,220500,0.072753,0.088636,2083.95,1987.75,3976.8,train
DehjyJnAbzo_30.wav,22050,10.0,220500,0.443593,0.109656,2079.79,2099.35,4027.31,train
4FtD0bPvj5E_30.wav,22050,10.0,220500,0.077316,0.307966,4257.37,3025.03,8661.09,train
ZHqQm_ZsUWI_30.wav,22050,10.0,220500,0.055536,0.250056,3659.61,2728.56,6896.7,train
d_ulWcAxAYk_30.wav,22050,10.0,220500,0.109558,0.063859,1447.32,1653.17,2906.11,train
GqCr3MCW9gY_30.wav,22050,10.0,220500,0.085264,0.04862,1293.28,1634.09,2768.77,train
vKFJRNrPoGU_30.wav,22050,10.0,220500,0.04476,0.104653,2079.66,2341.55,4195.53,train
xSCtAjGNXnA_0.wav,22050,10.0,220500,0.178572,0.117001,1614.72,1196.46,3150.87,train
8RqN6SgNH38_0.wav,22050,10.0,220500,0.096375,0.112074,1811.74,1551.16,3636.79,train
-tkf-crxtCE_30.wav,22050,10.0,220500,0.017015,0.104554,1784.4,1589.84,3759.49,train
CmH7jAmQ7ns_210.wav,22050,10.0,220500,0.107003,0.139855,2506.23,2362.26,5016.11,train
44dFTVuNp2g_80.wav,22050,10.0,220500,0.096597,0.053913,1688.75,2292.0,3733.54,train
LjTgTrETuPA_20.wav,22050,10.0,220500,0.085821,0.200211,2818.32,1994.52,4969.2,train
PlgMdnZrAgA_10.wav,22050,10.0,220500,0.104175,0.125095,2046.34,1595.34,3752.8,train
un5Vbjfv9vU_90.wav,22050,10.0,220500,0.121501,0.06529,1646.56,2031.25,3481.88,train
OMiuc2xE_Tc_150.wav,22050,10.0,220500,0.019144,0.180222,2977.36,2653.59,6008.76,train
a0fo0MVez4Y_10.wav,22050,10.0,220500,0.159796,0.481116,5560.0,3140.59,9255.31,train
nMIukP4yJ-A_70.wav,22050,10.0,220500,0.065242,0.139422,2042.32,1474.93,3785.07,train
-oIl-vDYoCo_30.wav,22050,10.0,220500,0.093134,0.148792,2510.7,2182.76,4108.97,train
-ZqAmeo9xl8_30.wav,22050,10.0,220500,0.039319,0.113588,1468.95,1022.82,2590.33,train
DXKjf1XsUgs_30.wav,22050,10.0,220500,0.016253,0.189353,3168.91,2696.96,6425.46,train
yR8okplTVXQ_30.wav,22050,10.0,220500,0.048369,0.245219,3102.79,2269.03,5448.08,train
5LMnVKvegWA_0.wav,22050,10.0,220500,0.046411,0.115674,1934.62,1807.52,3848.6,train
_orKWhAC8ak_10.wav,22050,10.0,220500,0.06738,0.072943,1687.14,1941.68,3607.14,train
0KIeuaHWFpo_80.wav,22050,10.0,220500,0.054003,0.067219,1952.34,2365.58,4111.17,train
IGiN5UBgj6I_220.wav,22050,10.0,220500,0.02728,0.040007,890.29,1181.53,1668.82,train
-GmKoaX2iMs_50.wav,22050,10.0,220500,0.081651,0.088292,2180.08,2097.82,4298.47,train
M_8aTOEbRrc_30.wav,22050,10.0,220500,0.632318,0.01814,646.27,1245.19,952.03,train
RdoxQoiKrek_210.wav,22050,10.0,220500,0.227625,0.26745,2799.96,1582.88,4592.44,train
9Hsd8zTWYL4_30.wav,22050,10.0,220500,0.003841,0.340816,4098.96,2954.33,7649.76,train
6Q2FeUMaooc_50.wav,22050,10.0,220500,0.036274,0.539503,5676.11,3599.49,9103.75,train
bfo4vDMKg4A_20.wav,22050,10.0,220500,0.088011,0.151092,2229.86,1814.75,4228.85,train
-3YeIAVRaOs_250.wav,22050,10.0,220500,0.149712,0.031482,767.51,936.71,1699.25,train
9L7sbsZ1ThI_30.wav,22050,10.0,220500,0.230364,0.070982,1084.45,793.02,1703.77,train
R8oBfQsI-k0_320.wav,22050,10.0,220500,0.015611,0.111023,2316.08,2705.66,5021.73,train
0p0rwDv8Mg4_30.wav,22050,10.0,220500,0.182866,0.064606,1693.3,2044.2,3624.85,train
33q0YT91-7M_30.wav,22050,10.0,220500,0.155506,0.083138,1262.4,1067.29,2177.68,train
dADcZQoLKe4_30.wav,22050,10.0,220500,0.092661,0.162506,2533.73,2151.6,4505.31,train
ObEkq5rTyAY_30.wav,22050,10.0,220500,0.039766,0.058775,1310.42,1170.28,2764.32,train
QEVcKUY6S7E_20.wav,22050,10.0,220500,0.18159,0.129949,2412.44,2209.74,4767.83,train
LaGa21SgTKQ_0.wav,22050,10.0,220500,0.097874,0.281309,3454.61,1988.74,5550.47,train
yzh-omf8Lxc_2.wav,22050,9.048,199500,0.035791,0.171577,2575.56,2043.2,4539.09,train
flXN-GczVNY_0.wav,22050,10.0,220500,0.068695,0.241349,3006.71,1646.9,4496.52,train
2pTP2R4eDRY_30.wav,22050,10.0,220500,0.081169,0.129469,2051.65,1876.94,3655.32,train
ouSjun1DuXw_0.wav,22050,4.992,110080,0.120083,0.181765,2299.17,1567.35,3656.31,train
mejvNAhSIxo_160.wav,22050,10.0,220500,0.053257,0.254869,4028.85,3068.87,8026.39,train
Ra729pTJ0lo_10.wav,22050,10.0,220500,0.001764,0.175942,3333.76,3028.65,6993.32,train
QH3CoOCyaQM_110.wav,22050,10.0,220500,0.01716,0.180673,2753.48,2295.21,5089.13,train
r_Ex-1G8Qzo_300.wav,22050,10.0,220500,0.098013,0.393847,4922.29,2857.74,8358.48,train
GThab3wEFmc_190.wav,22050,10.0,220500,0.11388,0.159509,2781.1,2586.22,5489.82,train
k7A1Gs3a8a8_30.wav,22050,10.0,220500,0.026198,0.101449,1882.84,1750.97,3724.62,train
R2sAyJqYa4I_30.wav,22050,10.0,220500,0.030889,0.11381,2467.77,2664.02,5581.42,train
Rmrp20w_7rs_20.wav,22050,10.0,220500,0.066827,0.112037,2316.92,2519.24,5256.1,train
Fn9hDSAumkQ_5.wav,22050,9.252,204006,0.281126,0.231998,2617.71,1467.85,4117.19,train
rZib_mpQbYo_20.wav,22050,10.0,220500,0.138685,0.130742,2528.7,2501.0,5256.77,train
Ugvg3bHrFNk_30.wav,22050,10.0,220500,0.068108,0.194885,2874.19,2311.69,5926.58,train
pjwyad_7rv0_30.wav,22050,10.0,220500,0.074553,0.054965,1417.88,1728.16,2783.73,train
NlBQrUSHV5I_30.wav,22050,10.0,220500,0.04763,0.267526,3915.74,2653.15,7027.57,train
jfqfsBO6IiY_3.wav,22050,9.492,209306,0.473631,0.073816,1918.47,2160.28,3707.79,train
6NxfC-81aao_100.wav,22050,10.0,220500,0.037962,0.213113,3136.22,2521.81,5853.58,train
MA0l9ZeiRjU_0.wav,22050,10.0,220500,0.026258,0.153911,2052.61,1518.76,3863.21,train
1Fp3Hj5j1zE_15.wav,22050,9.004,198546,0.446988,0.033751,1108.42,1592.71,2465.61,train
t-ijehKCBj0_20.wav,22050,10.0,220500,0.099013,0.044113,1165.65,1733.42,2436.0,train
GKt521cqSE0_23.wav,22050,9.392,207090,0.196121,0.087882,1678.43,1949.7,3205.18,train
eQKpQEedxaY_30.wav,22050,10.0,220500,0.059039,0.135786,2630.9,2612.69,5659.49,train
R6hvGnBe83g_150.wav,22050,10.0,220500,0.129015,0.280258,3809.6,2793.85,7134.46,train
2aAjAEYg0S8_30.wav,22050,10.0,220500,0.18194,0.230248,3444.04,2555.14,6452.42,train
bfJap0I69Sg_30.wav,22050,10.0,220500,0.043615,0.221666,3985.05,3374.26,8212.87,train
N3uy_FxY2p4_30.wav,22050,10.0,220500,0.035652,0.205263,2509.72,1738.97,4131.13,train
pLtLwvNxCPI_320.wav,22050,10.0,220500,0.06501,0.096352,1781.19,1691.93,3891.46,train
sBP7ztdYu70_80.wav,22050,10.0,220500,0.12738,0.046672,1261.84,1730.02,2799.49,train
-U1ebnHfHEU_30.wav,22050,10.0,220500,0.233854,0.041359,730.58,1160.07,1069.79,train
U9ikhWA05hU_20.wav,22050,10.0,220500,0.045007,0.087729,1754.42,1817.7,3429.32,train
hC91vXPakxo_150.wav,22050,10.0,220500,0.222682,0.078606,2047.35,2391.96,4569.96,train
UY4B6rhpugg_30.wav,22050,10.0,220500,0.17738,0.096987,2305.02,2618.06,5142.64,train
9bLlX7QAGm0_250.wav,22050,10.0,220500,0.356103,0.050241,957.52,1023.58,1911.31,train
KaO60H8PEEI_30.wav,22050,10.0,220500,0.005017,0.128604,2178.02,2217.73,4077.22,train
6NtflY59nK0_21.wav,22050,9.123,201158,0.275003,0.111047,1687.62,1417.57,2992.84,train
cFg6toqUDUs_30.wav,22050,10.0,220500,0.008744,0.2902,3856.13,2878.46,7300.06,train
L6Q9gCuPhG0_30.wav,22050,10.0,220500,0.017761,0.259521,3911.36,3044.17,7974.18,train
C5VPprMTqHQ_30.wav,22050,10.0,220500,0.076519,0.223793,3640.19,2617.65,6244.15,train
jvwiim2ECRg_500.wav,22050,10.0,220500,0.129182,0.342193,4446.55,2887.09,7653.55,train
a4S0sSIjc3U_0.wav,22050,10.0,220500,0.05419,0.277705,3307.45,2171.28,5686.39,train
FjAF64qrQBk_5.wav,22050,9.373,206678,0.021935,0.170966,3070.43,2605.27,5982.31,train
14s4ojMlNgI_16.wav,22050,9.496,209376,0.12128,0.172905,3063.88,2615.76,6053.28,train
cuoinK6lKJ4_50.wav,22050,10.0,220500,0.246461,0.090071,2126.9,2405.88,5054.86,train
6T5SkXfUsxw_18.wav,22050,9.33,205724,0.254974,0.043025,1577.16,2328.01,3662.65,train
_hcfES6db-M_430.wav,22050,10.0,220500,0.037989,0.277655,3703.48,2604.06,6433.53,train
ZhCSX163ZPI_370.wav,22050,10.0,220500,0.08763,0.098044,1870.41,1924.3,3810.08,train
7dH0WQZEpZQ_30.wav,22050,10.0,220500,0.030322,0.098406,1542.33,1435.75,3150.87,train
peiX2WSg6vA_20.wav,22050,10.0,220500,0.029345,0.268338,3741.44,2793.09,6915.18,train
0uh482kj4sY_30.wav,22050,10.0,220500,0.058477,0.123622,2003.36,1722.73,3870.61,train
IO7kVWyQ6MM_30.wav,22050,10.0,220500,0.017884,0.118733,2585.15,2599.77,5632.13,train
BjRZtAHBITI_80.wav,22050,10.0,220500,0.099035,0.238865,3580.24,2733.85,6726.45,train
0UPMwdrLpKw_30.wav,22050,10.0,220500,0.139409,0.080135,1478.6,1541.02,2910.45,train
OJ0Qw8tlt8c_30.wav,22050,10.0,220500,0.082797,0.11688,2300.33,2311.61,4534.16,train
3ayQkmiNg6s_20.wav,22050,10.0,220500,0.020377,0.248893,3562.57,2397.35,6259.64,train
-2qHGzHjUOU_30.wav,22050,10.0,220500,0.004206,0.211618,2924.35,2215.93,5250.23,train
Be7KOlYu6eM_30.wav,22050,10.0,220500,0.065732,0.056862,969.73,1269.22,1640.5,train
j4-FqCXO-jc_30.wav,22050,10.0,220500,0.032839,0.111725,1369.93,1052.64,2535.62,train
Q4JdQNHxQzs_30.wav,22050,10.0,220500,0.099281,0.120881,2634.52,2866.81,6134.29,train
eilU8giYJDA_0.wav,22050,10.0,220500,0.057068,0.139403,2477.53,2302.48,5063.8,train
vJabwMcKDBo_0.wav,22050,10.0,220500,0.02327,0.082344,1953.93,2218.47,3909.65,train
0BRfw4i72hw_30.wav,22050,10.0,220500,0.106113,0.140577,2112.75,1785.89,3569.52,train
_cPwhyR75_s_30.wav,22050,10.0,220500,0.153592,0.115769,1953.74,1944.92,3615.33,train
ZbxehX65tcg_40.wav,22050,10.0,220500,0.212196,0.097323,1902.68,1995.79,3782.55,train
1wWU0iUAm0U_20.wav,22050,10.0,220500,0.312602,0.155372,2479.51,2062.63,4446.76,train
2ORYhjooOxM_30.wav,22050,10.0,220500,0.018681,0.183355,2247.93,1612.15,4237.32,train
fKu2d54SN2c_29.wav,22050,9.772,215478,0.124542,0.087842,1685.81,1870.84,3068.61,train
2Szgz8KxwaY_10.wav,22050,10.0,220500,0.040709,0.052155,1510.87,1605.67,3536.62,train
RDMJsjmI2oM_40.wav,22050,10.0,220500,0.012903,0.092364,2072.17,2351.79,4264.5,train
xp0AQkRCqIw_130.wav,22050,10.0,220500,0.12173,0.081392,1989.71,2332.95,4329.77,train
eLCcwK6GoCs_0.wav,22050,8.104,178688,0.166855,0.04536,1443.11,1873.69,2938.82,train
VQtcb2sXzA0_6.wav,22050,9.697,213812,0.178794,0.215633,2284.61,1011.56,3279.05,train
Gr8s4MZs0Fo_110.wav,22050,10.0,220500,0.116602,0.205361,2405.29,1501.58,4106.37,train
8hNsYQt_Dnw_240.wav,22050,10.0,220500,0.03143,0.058789,1325.87,1807.49,2463.43,train
BXOyQt0jBmA_30.wav,22050,10.0,220500,0.017438,0.194373,2321.62,1708.75,4385.75,train
EFHftrOkzbQ_12.wav,22050,9.223,203368,0.181605,0.074368,1339.79,1378.44,2895.65,train
wGc2bK376K0_21.wav,22050,9.634,212422,0.179885,0.251978,3521.42,2264.94,5968.82,train
pbdrBttWSUM_120.wav,22050,10.0,220500,0.010932,0.210868,3318.55,2759.99,6481.77,train
7m2LYY8fo0E_10.wav,22050,9.047,199484,0.141518,0.115624,2045.57,1855.17,3428.75,train
haEU7R0AZIs_3.wav,22050,9.51,209706,0.131867,0.490287,5027.62,2138.14,6990.18,train
OVSVoHchNII_10.wav,22050,10.0,220500,0.277015,0.549724,6007.38,2660.22,9041.07,train
GB2sWJJGIS4_10.wav,22050,10.0,220500,0.026874,0.383097,4633.11,2473.29,7338.95,train
8qEmOcFfGOg_20.wav,22050,10.0,220500,0.124084,0.09874,1919.36,1686.19,3320.26,train
C08BB39CkeU_0.wav,22050,10.0,220500,0.079557,0.408081,4145.9,2889.0,7458.26,train
yQLVaywfgoc_30.wav,22050,10.0,220500,0.161612,0.191397,2867.11,2311.21,5151.36,train
HSdCvZObsYc_20.wav,22050,10.0,220500,0.125328,0.186162,2546.27,1951.69,4517.75,train
AuYpy7_OKkE_20.wav,22050,10.0,220500,0.109068,0.099699,1424.58,853.83,2282.34,train
k68jaRnDrX8_30.wav,22050,10.0,220500,0.014698,0.105223,2189.96,2321.91,4168.32,train
6luqPzYYro4_190.wav,22050,10.0,220500,0.078158,0.207983,3536.18,2986.82,7235.63,train
ixFsIj_CcN4_330.wav,22050,10.0,220500,0.032526,0.351565,4698.52,2967.06,8214.82,train
StJcyeak2oM_30.wav,22050,10.0,220500,0.00616,0.145672,3296.21,3121.84,7428.53,train
Gohq-v-rgIE_190.wav,22050,10.0,220500,0.24816,0.146847,2179.97,1960.51,3843.58,train
xF7Q4DBPYPQ_170.wav,22050,10.0,220500,0.069397,0.057281,2265.83,2701.82,5382.95,train
avSHV32pSv8_140.wav,22050,10.0,220500,0.071354,0.214693,3168.0,2360.43,5682.49,train
kk4vuR_C3JE_130.wav,22050,10.0,220500,0.075296,0.083442,1688.65,2119.43,3294.01,train
tYALzOh4Csw_5.wav,22050,9.373,206678,0.128684,0.075031,1452.73,1389.1,3074.61,train
q-VxlhFTY_s_30.wav,22050,10.0,220500,0.625614,0.156673,3217.61,2863.47,6844.99,train
YWwitUDVPxo_10.wav,22050,10.0,220500,0.057951,0.102719,1858.14,2062.9,3190.19,train
0dpscnRgekU_30.wav,22050,10.0,220500,0.146867,0.07965,1604.66,1847.4,3669.16,train
jfnM26bjY-s_0.wav,22050,10.0,220500,0.079524,0.199688,2710.72,2351.35,4997.63,train
ZlXplHTRRzw_11.wav,22050,9.735,214666,0.322433,0.208023,2810.51,1942.72,5185.45,train
kkOJsWRDfxw_140.wav,22050,10.0,220500,0.003706,0.253637,3370.4,2526.02,6310.0,train
ns4l6iIMM9M_10.wav,22050,10.0,220500,0.105772,0.064849,1425.85,1806.42,2872.01,train
nyvR9opWfNs_30.wav,22050,10.0,220500,0.309509,0.131569,1521.19,1111.22,2776.38,train
Qa-jEnfdCcM_4.wav,22050,9.189,202616,0.059245,0.106027,2156.31,2255.16,4474.66,train
LoBMQCGnXtA_300.wav,22050,10.0,220500,0.046487,0.578083,6342.03,2706.38,9106.85,train
DJ8qKlE8rBs_100.wav,22050,10.0,220500,0.005842,0.189304,3221.05,2769.33,6369.58,train
fCFaZUud5oE_50.wav,22050,10.0,220500,0.089622,0.163735,3018.13,2890.59,6694.05,train
FTtlxzgPP2o_30.wav,22050,10.0,220500,0.176637,0.124887,2353.45,1740.0,4134.35,train
1kEMhVZN0-k_30.wav,22050,10.0,220500,0.030747,0.109041,2297.54,2472.28,4787.57,train
XJPL66pu8Tc_110.wav,22050,10.0,220500,0.173394,0.110307,2047.87,2047.23,3952.44,train
Tf9bLx0mR2A_30.wav,22050,10.0,220500,0.249701,0.066947,2035.77,2077.93,4290.53,train
Tb5B5w8ssxA_30.wav,22050,10.0,220500,0.259818,0.454227,5209.27,2801.5,8307.94,train
lkBYob2r6OY_30.wav,22050,10.0,220500,0.057008,0.107954,2226.48,2364.35,4602.56,train
Frw91-jUwu4_30.wav,22050,10.0,220500,0.128982,0.055935,1014.7,1125.11,1767.32,train
miJsuoVUS9Y_160.wav,22050,10.0,220500,0.066103,0.064583,1347.88,1673.74,2431.48,train
uH2Qq4vrzjE_0.wav,22050,10.0,220500,0.030366,0.024624,525.08,555.41,1138.19,train
ajetxjirSyw_350.wav,22050,10.0,220500,0.015033,0.147155,2203.51,2223.42,4021.89,train
BjYbp6cn4YE_40.wav,22050,10.0,220500,0.371247,0.091919,2179.34,2366.99,4607.33,train
GYe3FyKJ_u8_30.wav,22050,10.0,220500,0.1467,0.063208,1431.07,1907.49,2460.21,train
glkUwSV7uYw_30.wav,22050,10.0,220500,0.105971,0.099242,1845.67,2010.68,3370.47,train
5ywVBnSHw18_170.wav,22050,10.0,220500,0.043732,0.136409,2587.79,2465.81,5286.9,train
8jdN1UPBpRk_20.wav,22050,9.008,198632,0.058128,0.179407,2863.48,2523.97,5639.51,train
yrxVfpjjwbo_30.wav,22050,10.0,220500,0.010092,0.131646,2456.47,2356.3,4734.63,train
epHHvPEjjMM_340.wav,22050,10.0,220500,0.132686,0.061759,1096.45,1081.95,1802.12,train
pIArIw9q9rs_120.wav,22050,10.0,220500,0.027484,0.235853,2674.46,1595.54,4569.31,train
S7tgWIGdV2Q_30.wav,22050,10.0,220500,0.035375,0.073352,2113.37,2648.1,4941.22,train
HKFtpFZxYPU_30.wav,22050,10.0,220500,0.066945,0.160686,2738.35,2602.7,5608.75,train
8fDeRi8Lqyg_40.wav,22050,10.0,220500,0.017957,0.155481,2984.79,2653.37,5927.43,train
8kvroBjwIxY_30.wav,22050,10.0,220500,0.021449,0.254777,3405.57,2511.14,5986.81,train
Ee0DAuVEaL4_30.wav,22050,9.875,217748,0.265179,0.075536,1474.38,1717.71,2757.44,train
IzF1k-Uslpk_450.wav,22050,10.0,220500,0.081341,0.058531,900.59,934.0,1432.76,train
sTZcUVByaBM_60.wav,22050,10.0,220500,0.013163,0.15095,2760.5,2390.5,5143.86,train
xJBV_lGmT0M_60.wav,22050,10.0,220500,0.094755,0.201505,2771.61,1983.27,4742.3,train
lCEFXQnrk7Y_30.wav,22050,10.0,220500,0.228414,0.105565,2000.59,2226.13,4215.91,train
F72fP-KwQ-4_60.wav,22050,10.0,220500,0.020501,0.211365,3502.56,2893.45,7008.66,train
4MtqyMGTOzw_30.wav,22050,10.0,220500,0.015032,0.257835,3761.63,2629.37,6799.67,train
1J3z-Yti7co_30.wav,22050,10.0,220500,0.042048,0.023859,509.19,688.16,1026.2,train
ROWrRPaO1xI_330.wav,22050,10.0,220500,0.176598,0.172775,3215.96,2503.92,6137.01,train
6_jcxqDHoLg_22.wav,22050,10.0,220500,0.273134,0.024752,1121.64,1976.22,2991.52,train
2sATN2i51h8_2.wav,22050,9.61,211900,0.19498,0.18614,3053.19,2744.75,6534.05,train
PMq8IW5Rdk0_30.wav,22050,10.0,220500,0.087749,0.221564,3359.06,2799.1,6822.23,train
lOUMZFsoc2A_9.wav,22050,9.506,209614,0.101519,0.140233,2260.45,1923.15,4089.18,train
bDnvu0pZjEs_30.wav,22050,10.0,220500,0.227925,0.077595,1291.6,1414.23,2217.05,train
Tp_rnQo2GkM_9.wav,22050,9.71,214110,0.195226,0.157485,1831.54,1031.67,2675.82,train
-dg95jfWnP4_30.wav,22050,10.0,220500,0.047855,0.041838,943.25,1442.64,1808.49,train
FQ8UCAMPmtA_7.wav,22050,9.214,203170,0.201483,0.16706,2933.58,2213.05,5608.56,train
dB9HlMLNiKs_190.wav,22050,10.0,220500,0.2133,0.130944,2038.62,1624.07,3481.53,train
tptuuEmINAg_30.wav,22050,10.0,220500,0.321127,0.085984,2334.46,2674.68,5356.2,train
4LvjZOcEXdU_30.wav,22050,10.0,220500,0.080532,0.083989,1248.04,905.69,2182.8,train
jc31wyWKJTM_15.wav,22050,9.033,199170,0.384838,0.113544,2556.81,2634.89,5632.51,train
BiKmLTQiX3Y_50.wav,22050,10.0,220500,0.067482,0.091501,2130.88,2347.67,4493.42,train
uO5GM464K7U_70.wav,22050,10.0,220500,0.050112,0.193487,3227.55,2545.99,6027.85,train
KBvoOQpk-2o_110.wav,22050,10.0,220500,0.043977,0.236406,2411.15,1522.57,4067.63,train
WJbPb5NiPtE_9.wav,22050,9.204,202958,0.122935,0.154395,2442.86,2027.31,4065.25,train
GOMfVEBfttg_30.wav,22050,10.0,220500,0.128213,0.216357,3250.44,2501.19,6262.49,train
_XC5Fid3l3Y_60.wav,22050,10.0,220500,0.089723,0.134564,2295.89,2173.92,4304.92,train
9t-p0AEGYus_30.wav,22050,10.0,220500,0.300394,0.10488,1702.95,1721.7,2474.07,train
t4R_IMRxJKY_260.wav,22050,10.0,220500,0.064863,0.127194,2188.78,2063.87,4291.28,train
Gt57YzzbK78_12.wav,22050,9.827,216680,0.062985,0.11296,2267.28,2606.25,4765.67,train
-5q8Wh2H8fw_22.wav,22050,9.695,213780,0.011986,0.152928,2923.38,2749.0,6204.16,train
09c4YFk5Spw_30.wav,22050,10.0,220500,0.046803,0.120846,2633.25,2653.41,5873.02,train
srT_mcm6RBk_20.wav,22050,10.0,220500,0.096616,0.138653,2202.73,1937.76,4609.15,train
eTaHwkwoSb8_7.wav,22050,9.393,207122,0.133481,0.203746,3316.71,2643.24,6345.22,train
UH6Dn-uyZp4_0.wav,22050,9.0,198450,0.089787,0.104524,1326.95,901.96,2167.44,train
ON2O6UMBko0_280.wav,22050,10.0,220500,0.020884,0.177103,2193.92,1294.22,3186.34,train
vSTj0QZOq8o_30.wav,22050,10.0,220500,0.162544,0.143798,2444.72,2140.46,4559.47,train
KQY25JeaXCc_0.wav,22050,4.04,89088,0.088318,0.12067,2012.74,1595.22,3876.96,train
PnUWQ2bMLHg_15.wav,22050,10.0,220500,0.012249,0.139971,2815.87,2702.76,6016.38,train
OTrnus1IE8A_30.wav,22050,10.0,220500,0.074254,0.169347,2644.14,2124.34,4762.91,train
BsbSncjhG7U_40.wav,22050,10.0,220500,0.042376,0.154888,1964.17,1716.14,3758.52,train
-3MNphBfq_0_30.wav,22050,10.0,220500,0.147344,0.042198,851.26,976.7,1449.59,train
0BLiYNtFSjA_30.wav,22050,10.0,220500,0.020007,0.080182,1137.93,1063.1,2391.38,train
NylIHR39KEI_30.wav,22050,10.0,220500,0.016676,0.096515,1936.7,2227.54,3850.4,train
GLhbqETntZM_30.wav,22050,10.0,220500,0.271303,0.078882,1258.66,1032.59,2310.52,train
u2yCHcdlK1Y_300.wav,22050,10.0,220500,0.209327,0.192032,2956.31,2386.54,5564.33,train
t3V2lNp8gQA_240.wav,22050,10.0,220500,0.069422,0.083891,1683.91,1957.58,3472.52,train
wMaCMb48wEg_450.wav,22050,10.0,220500,0.073313,0.180228,2895.09,2532.56,5692.83,train
c1abqFU2fk0_80.wav,22050,10.0,220500,0.034215,0.181804,2927.85,2516.03,5570.38,train
U4SV1HJXzCA_0.wav,22050,10.0,220500,0.134381,0.038555,876.15,1031.49,1885.03,train
sjMYHX5aiQw_30.wav,22050,10.0,220500,0.198417,0.098687,1916.09,1997.93,3416.53,train
UVxF3C5kowM_450.wav,22050,10.0,220500,0.075998,0.079037,1920.06,2240.12,4091.86,train
2fTkFy2q_oA_30.wav,22050,10.0,220500,0.0448,0.07453,1193.92,1394.28,2713.33,train
1eBrdIZbNJg_30.wav,22050,10.0,220500,0.03224,0.164072,2686.33,2317.93,5136.19,train
4eW-bCYTKQ0_520.wav,22050,9.183,202480,0.178277,0.215138,2738.09,1417.13,3538.16,train
-daiRP7v0s0_150.wav,22050,10.0,220500,0.003982,0.291448,3103.08,1633.54,4469.94,train
I39Zw3DcBKQ_30.wav,22050,10.0,220500,0.160093,0.116571,1996.0,1897.48,3774.11,train
wVVIjDDycKk_40.wav,22050,10.0,220500,0.039394,0.150306,2086.62,1526.95,3925.59,train
hMKrFLM6igs_160.wav,22050,10.0,220500,0.14056,0.294956,4144.4,2846.02,7516.01,train
xZNaoJAjJzM_30.wav,22050,10.0,220500,0.030396,0.059062,1824.54,2480.47,3729.02,train
PHkdV3usdmg_10.wav,22050,10.0,220500,0.023201,0.119502,1872.37,1551.25,2929.84,train
5LpZs9qB2Cw_140.wav,22050,10.0,220500,0.157311,0.129149,2165.54,2057.26,3944.67,train
4rDF7G9cO44_30.wav,22050,10.0,220500,0.015379,0.129972,1926.68,2294.29,4403.04,train
5B24OelpBAA_30.wav,22050,10.0,220500,0.055376,0.431828,5098.8,3184.82,9202.37,train
OdS1ZtVk0Qk_230.wav,22050,10.0,220500,0.013079,0.167266,1851.69,1437.09,3573.01,train
G-hShjEPl1M_9.wav,22050,9.019,198862,0.058047,0.133877,2476.99,2458.86,5265.01,train
jOQNSWwmSns_3.wav,22050,9.232,203562,0.118243,0.252639,3733.73,2402.76,6710.7,train
Ht0MIxP6C1I_0.wav,22050,6.218,137104,0.080284,0.149935,2337.82,2018.44,4817.65,train
aC09lsqGxQk_30.wav,22050,10.0,220500,0.08092,0.173549,2902.5,2422.99,5782.29,train
OhgYpNH_eoI_30.wav,22050,10.0,220500,0.071126,0.095122,1858.41,1989.39,3412.54,train
AtO0K2Fc_-Y_30.wav,22050,10.0,220500,0.131339,0.233275,3299.83,2559.39,6404.25,train
9NVFckiGZSA_70.wav,22050,10.0,220500,0.157342,0.120054,2233.32,2182.89,4544.48,train
g8bWGqLXWdw_30.wav,22050,10.0,220500,0.084344,0.069705,1475.79,1735.35,2745.11,train
ztLsasPbIPk_0.wav,22050,10.0,220500,0.047851,0.234364,3478.37,2654.66,6759.53,train
FvC3NOCMdLo_80.wav,22050,10.0,220500,0.023723,0.281315,3901.05,3064.9,7593.5,train
t-HM5w6SNCw_20.wav,22050,10.0,220500,0.102935,0.267543,3744.87,2789.91,7170.36,train
269Bvs-xdgY_0.wav,22050,10.0,220500,0.091409,0.208796,2924.47,2045.54,5123.68,train
E4NKeZqY8hw_140.wav,22050,10.0,220500,0.047197,0.153686,1679.77,962.01,2750.08,train
z6mfvi04plE_580.wav,22050,10.0,220500,0.021939,0.194134,3340.66,2840.04,6774.99,train
TirnuAhG-js_10.wav,22050,10.0,220500,0.174504,0.070972,1728.08,2168.66,3414.14,train
V88K7vOAueA_30.wav,22050,10.0,220500,0.078351,0.124083,1476.9,897.67,2484.29,train
3cc2GDUvdHo_14.wav,22050,9.824,216612,0.016555,0.072306,1639.79,1995.43,3518.9,train
CSYHoXs_vpM_160.wav,22050,10.0,220500,0.121229,0.167541,2670.11,2351.07,5083.98,train
OeHDtyXCymA_260.wav,22050,10.0,220500,0.021208,0.408753,4973.04,3102.94,8477.29,train
HPVjC53bmjs_0.wav,22050,8.452,186368,0.386168,0.122659,1688.77,1142.89,2700.06,train
jUW0Eb9_5nA_30.wav,22050,10.0,220500,0.034984,0.186934,3449.65,2950.93,6958.15,train
CGK8klsnN14_30.wav,22050,10.0,220500,0.004719,0.09445,2088.97,2343.38,4420.55,train
ZOM09WOyZYg_200.wav,22050,10.0,220500,0.07451,0.07477,1668.69,1968.48,3102.75,train
nvNsOC1YVc0_90.wav,22050,10.0,220500,0.057011,0.468434,5557.44,2332.96,8007.83,train
gGSybiL_cQY_30.wav,22050,10.0,220500,0.052581,0.075354,1609.48,1812.13,3022.22,train
1AAAUAsaPpY_30.wav,22050,10.0,220500,0.090971,0.136897,2694.09,2467.46,5216.31,train
E6uhSTDmUyU_290.wav,22050,10.0,220500,0.038067,0.293928,4050.19,2695.65,7420.46,train
pLPKWC4CZSY_160.wav,22050,10.0,220500,0.05976,0.084592,1692.08,1873.79,3199.0,train
C16jJYskNGo_30.wav,22050,10.0,220500,0.183869,0.073582,1074.01,1227.44,1671.25,train
hGBBFe144_Q_12.wav,22050,9.92,218728,0.078104,0.105809,2198.96,2344.22,4562.47,train
3-gngAAblb0_0.wav,22050,8.0,176400,0.139158,0.127296,2579.95,2288.46,5284.81,train
O9-_C-QC-iw_30.wav,22050,10.0,220500,0.136874,0.040439,1455.17,2217.17,3296.5,train
gOMV_JXTjq4_20.wav,22050,9.275,204520,0.182587,0.087296,1724.58,1442.72,3363.89,train
ksxwqtYYG7o_120.wav,22050,10.0,220500,0.038499,0.219175,3166.07,2271.51,5452.5,train
F1JpPJt1rEo_30.wav,22050,10.0,220500,0.123853,0.103528,2833.74,3070.6,6676.72,train
2f7ZO9WIhMA_12.wav,22050,9.2,202856,0.045306,0.085663,1699.3,1454.31,3225.72,train
-02sZMlMYIk_350.wav,22050,10.0,220500,0.073866,0.292559,2890.22,1631.21,4592.37,train
zCEEKnSB_RU_30.wav,22050,10.0,220500,0.270049,0.113321,1520.7,1006.85,2453.14,train
5J603SAj7QM_210.wav,22050,10.0,220500,0.029521,0.41472,5027.93,2830.17,8482.33,train
2Wmiba_dG7k_30.wav,22050,10.0,220500,0.036687,0.266953,3895.85,3093.95,7810.71,train
JTu8ZFEVVV8_90.wav,22050,10.0,220500,0.092275,0.180502,2955.53,2580.5,5712.14,train
WEG-ncF4Uv0_50.wav,22050,10.0,220500,0.088485,0.159738,2496.76,1949.76,4531.19,train
CtOGP1MjkSM_40.wav,22050,10.0,220500,0.100196,0.455066,5239.17,2748.75,8289.61,train
pmGvMXnoqVc_30.wav,22050,10.0,220500,0.164086,0.043499,1252.49,1866.99,2193.91,train
CC8ZYGk63W0_30.wav,22050,10.0,220500,0.204864,0.174047,2919.19,2172.33,5258.87,train
stmvKRLyNOM_300.wav,22050,10.0,220500,0.088907,0.231633,3430.99,2733.05,6840.74,train
Jl2O8JHHEPw_0.wav,22050,10.0,220500,0.169717,0.115596,2129.1,2069.55,3505.67,train
gxk5sJFWHZQ_30.wav,22050,10.0,220500,0.213777,0.075031,1601.39,1876.7,3032.71,train
9JeHaJtfBaU_30.wav,22050,10.0,220500,0.085598,0.042929,1030.32,1353.97,2094.49,train
5GrmM9Jk8uA_60.wav,22050,10.0,220500,0.140275,0.09791,2410.85,2575.46,5054.43,train
Cgh1McPUJmY_30.wav,22050,10.0,220500,0.020366,0.08503,1622.49,1925.59,3236.43,train
lVx6QAB7Ngw_120.wav,22050,10.0,220500,0.164199,0.30088,3444.11,1429.44,4459.15,train
c_JXNqNL5Mc_7.wav,22050,8.999,198418,0.293483,0.111514,2350.38,2395.11,5083.45,train
8gFK1rMQgiQ_110.wav,22050,10.0,220500,0.077656,0.086451,1777.26,2080.01,3560.72,train
KbzoEMSeZFg_10.wav,22050,10.0,220500,0.157002,0.285497,4168.59,3180.42,8355.46,train
A4txcAJfbQ0_0.wav,22050,10.0,220500,0.063104,0.105497,2190.28,2391.47,4566.44,train
1UBW2vZ75zI_40.wav,22050,10.0,220500,0.071558,0.095765,2022.7,2262.18,4179.51,train
Jn2OVgzlhF0_320.wav,22050,10.0,220500,0.099031,0.119851,2248.76,2184.86,4352.5,train
NUbRDkxBikU_420.wav,22050,10.0,220500,0.070755,0.16547,3037.28,2436.15,5565.88,train
MGwPo4QBUQI_70.wav,22050,10.0,220500,0.147551,0.170796,2661.88,2264.4,4940.27,train
UL6C5FmeDU4_300.wav,22050,10.0,220500,0.035674,0.284636,2954.29,1907.97,4669.53,train
hQjjXq0MYII_550.wav,22050,10.0,220500,0.035347,0.020477,1296.27,2361.91,3132.03,train
bFSHkWRvS7M_410.wav,22050,10.0,220500,0.117063,0.040763,765.94,800.02,1466.73,train
wZoc_WBr9nA_370.wav,22050,10.0,220500,0.077751,0.078048,1180.77,1055.74,1832.97,train
nuF3Frr2f5M_0.wav,22050,10.0,220500,0.156447,0.061449,1710.81,2125.17,3973.38,train
BEkIKLVMAgA_70.wav,22050,10.0,220500,0.09931,0.221733,3145.44,2363.95,5699.75,train
1mIiqLQ0lTI_30.wav,22050,10.0,220500,0.056154,0.0522,1583.65,2196.02,3139.63,train
HO9oG0qy2SY_20.wav,22050,10.0,220500,0.081093,0.207356,3192.69,2685.93,6502.05,train
YPm6mqi3JYA_30.wav,22050,10.0,220500,0.087011,0.156445,2705.55,2472.04,5200.17,train
pk2mP2Ol988_50.wav,22050,10.0,220500,0.131864,0.076246,1220.64,1049.5,2429.75,train
5-Eu5QrzGag_80.wav,22050,10.0,220500,0.129178,0.13802,2640.76,2563.06,5404.93,train
csZ6jovXiHY_10.wav,22050,10.0,220500,0.157744,0.242165,3443.96,2585.99,6426.49,train
qn544fRM0NU_5.wav,22050,9.466,208726,0.049028,0.118583,1709.73,1506.45,2733.5,train
LzNsLEytArM_430.wav,22050,10.0,220500,0.026662,0.162872,2787.15,2444.81,5366.59,train
YFK6RwUBpHg_10.wav,22050,10.0,220500,0.129482,0.14763,2963.5,2459.2,5822.06,train
3Ot6yt7DsnE_10.wav,22050,10.0,220500,0.023865,0.253893,3769.55,3007.96,7423.36,train
GQc2wwoTCQ4_70.wav,22050,10.0,220500,0.007143,0.127484,2626.09,2735.37,5846.79,train
Y9ib2hHboR0_30.wav,22050,9.515,209812,0.301121,0.098277,1263.6,886.59,2121.62,train
2Hp1AvKRiOA_10.wav,22050,10.0,220500,0.108194,0.155038,2739.5,2348.56,5185.9,train
-b_vZ5POeYc_30.wav,22050,9.875,217748,0.151668,0.080027,1342.88,1337.74,2620.73,train
EXr-HeaKURY_15.wav,22050,9.335,205826,0.02384,0.077999,1816.57,2218.87,3844.1,train
tOf_wPk_njo_30.wav,22050,10.0,220500,0.043242,0.113962,2441.45,2333.7,4723.59,train
8AwWDMiRoag_4.wav,22050,9.096,200568,0.218264,0.134763,2576.52,2482.56,5290.88,train
YTRts8VNYKc_30.wav,22050,10.0,220500,0.061479,0.158457,2933.12,2798.93,6208.63,train
BPTayUs7eIo_10.wav,22050,10.0,220500,0.194849,0.157104,2125.82,1478.07,3733.84,train
51YeKIAWTd0_6.wav,22050,9.65,212788,0.045574,0.080904,2109.63,2578.5,4156.06,train
jTJ_khsryi0_30.wav,22050,10.0,220500,0.038048,0.106321,1914.49,2185.09,3715.35,train
1pv2QBbmSAA_30.wav,22050,10.0,220500,0.062713,0.126789,1622.07,1148.11,2064.89,train
cnzMT0VuMcQ_2.wav,22050,9.477,208972,0.203738,0.163629,2508.45,1882.49,4444.87,train
wUp3I9RcbCw_0.wav,22050,10.0,220500,0.06411,0.092675,1726.34,1782.32,3094.56,train
2H3miNoF_Z8_30.wav,22050,10.0,220500,0.029863,0.080145,1227.37,1093.18,2333.11,train
ZSyawwAJols_2.wav,22050,9.703,213948,0.033128,0.210373,3575.89,3199.83,7951.73,train
u9W2GDoAVWI_50.wav,22050,10.0,220500,0.015593,0.146658,2763.84,2762.02,6076.26,train
6Gr7ccTgv8k_10.wav,22050,10.0,220500,0.065013,0.275665,4248.59,3104.98,8147.49,train
cvG5woVZtB4_160.wav,22050,10.0,220500,0.035934,0.068694,2606.15,3011.91,6301.96,train
CISyr9naUAE_130.wav,22050,10.0,220500,0.094029,0.215912,3504.85,2689.24,6535.4,train
-QvVYdS1X1M_560.wav,22050,10.0,220500,0.18747,0.303764,3773.18,2890.38,7300.51,train
XVixjxnh6Ps_530.wav,22050,10.0,220500,0.31243,0.091948,1592.17,1667.0,3204.48,train
BatFrUMrN14_16.wav,22050,9.014,198768,0.099575,0.07152,1170.51,1039.4,2201.53,train
QPMali0cjrw_11.wav,22050,9.619,212106,0.056919,0.114985,1997.9,1997.31,3887.7,train
IXN2cqDdi0Y_40.wav,22050,10.0,220500,0.027401,0.186809,2742.24,2246.48,5056.28,train
sMbMaN2lDGo_30.wav,22050,10.0,220500,0.116801,0.207872,2381.77,1660.56,4330.42,train
94S0vMpWARw_30.wav,22050,10.0,220500,0.064645,0.254757,4965.56,3237.03,8836.68,train
t6LuU4b26k4_170.wav,22050,10.0,220500,0.005202,0.113978,2717.12,2862.74,6154.07,train
od79V-gndfw_110.wav,22050,10.0,220500,0.055788,0.033866,1394.67,1964.49,2830.99,train
wkwg8_7SJOg_30.wav,22050,10.0,220500,0.0602,0.057665,1664.25,1907.63,3831.56,train
XPAzlvYQ-HU_20.wav,22050,10.0,220500,0.007527,0.258642,4146.79,3196.88,8077.15,train
4394cem65oM_17.wav,22050,9.384,206926,0.124314,0.053306,1456.17,1589.57,3471.98,train
c-m-fupv3dc_0.wav,22050,10.0,220500,0.113182,0.525632,5712.83,2455.12,8296.65,train
1e6hVJNLEv4_30.wav,22050,10.0,220500,0.064399,0.199837,3285.39,2675.67,6332.14,train
bZt3bSyzemU_40.wav,22050,10.0,220500,0.016818,0.227823,3288.45,2779.68,6045.41,train
gbX2Kf8L7tU_250.wav,22050,10.0,220500,0.102187,0.15666,2525.57,2246.35,4596.29,train
6mbE_TRXcHI_270.wav,22050,10.0,220500,0.068523,0.170333,3047.25,2827.83,6453.77,train
2qx8X4wmzg8_30.wav,22050,10.0,220500,0.070152,0.112144,1954.98,1822.51,3764.49,train
7utFqIqa6rk_30.wav,22050,10.0,220500,0.120977,0.085846,1163.79,1002.22,2084.87,train
F0IYjZN8ojA_100.wav,22050,10.0,220500,0.172146,0.370737,4160.36,2687.1,6825.48,train
f3W_JrJ6B_o_30.wav,22050,10.0,220500,0.076785,0.043355,1375.77,2249.92,3221.81,train
CI9D-zxixSs_30.wav,22050,10.0,220500,0.520414,0.081758,1646.16,1746.49,2994.69,train
6jqRS9d6KGk_30.wav,22050,10.0,220500,0.017746,0.158426,2796.61,2326.44,5187.05,train
9-CfLT9glWg_30.wav,22050,10.0,220500,0.045901,0.127969,2510.72,2249.37,4494.09,train
Zky4Rj0mWPQ_30.wav,22050,10.0,220500,0.026224,0.059588,1554.15,2035.67,3267.6,train
quKrlOZzfs4_290.wav,22050,10.0,220500,0.131811,0.1014,2119.37,2026.01,4003.75,train
nH1-Ul2TIsA_22.wav,22050,8.97,197796,0.127351,0.097488,1285.4,857.42,1994.1,train
HuEQkebsla8_170.wav,22050,10.0,220500,0.134368,0.114796,2066.29,2025.02,3715.63,train
KcrMrIaL94I_10.wav,22050,10.0,220500,0.153759,0.278123,3628.97,2652.25,6951.35,train
pku8OuVjl6A_100.wav,22050,10.0,220500,0.433567,0.074205,1584.31,1572.81,3302.1,train
DAC876eV3Xg_30.wav,22050,10.0,220500,0.143776,0.075101,1066.65,857.33,1998.77,train
XdrUT8a7MvE_10.wav,22050,10.0,220500,0.020027,0.28809,4172.64,3148.85,7992.62,train
nLRjVQrgZmM_40.wav,22050,10.0,220500,0.004347,0.259831,3767.1,2879.9,7587.36,train
2tVk3ga1M-0_27.wav,22050,9.595,211562,0.006143,0.149709,2367.78,2191.63,4600.72,train
muo3yCGQ1jg_13.wav,22050,10.0,220500,0.00914,0.088576,1547.66,1369.22,2767.17,train
gmP3qonltPQ_26.wav,22050,9.457,208524,0.070572,0.047011,1121.08,1497.08,2020.24,train
0Bo2wRu47kw_30.wav,22050,10.0,220500,0.252066,0.14585,2667.49,2518.58,5668.58,train
kMkB4EL6pZg_320.wav,22050,10.0,220500,0.061621,0.07808,1682.14,1959.78,3358.71,train
gOehSLq1R0M_190.wav,22050,10.0,220500,0.006123,0.140658,2014.57,1663.52,3596.37,train
EC0ppxu2wdc_30.wav,22050,10.0,220500,0.02103,0.13341,2361.48,2176.07,4267.95,train
sZDcU6oTUMc_20.wav,22050,10.0,220500,0.096149,0.207638,3110.19,2547.45,6312.23,train
Pg41Zz4TUX8_100.wav,22050,10.0,220500,0.030606,0.169986,3195.75,2885.65,6668.07,train
JDywORnO5jM_10.wav,22050,10.0,220500,0.05909,0.113116,2313.94,2485.27,5172.39,train
-2--Xzix2Vk_0.wav,22050,6.641,146432,0.00923,0.083789,1982.68,2270.29,4265.75,train
CrBT-ueaAhs_30.wav,22050,10.0,220500,0.064729,0.158063,2543.15,1995.36,4758.86,train
9Lpwba6mDlU_30.wav,22050,10.0,220500,0.076333,0.073088,1211.76,1040.63,2319.74,train
ax1GBzj5s_8_130.wav,22050,10.0,220500,0.047089,0.110073,2270.2,2432.74,4620.55,train
9J_PSiUv1-o_12.wav,22050,9.804,216168,0.033679,0.069805,1868.81,2174.19,4604.54,train
lncEeNzd_s4_250.wav,22050,10.0,220500,0.152104,0.110468,2163.78,2300.76,4541.68,train
3QMKWTKTSh8_100.wav,22050,10.0,220500,0.041425,0.166277,2590.47,2431.75,5819.26,train
nfvk9LmEHmw_20.wav,22050,10.0,220500,0.012271,0.525011,6115.18,3033.89,9458.25,train
2oKY4FnoHQ0_170.wav,22050,10.0,220500,0.087026,0.155528,3161.53,3187.31,7164.31,train
PynHZCP4Vz8_210.wav,22050,10.0,220500,0.233906,0.105141,2025.64,2119.5,3877.28,train
oKDNV3-tofA_310.wav,22050,10.0,220500,0.034034,0.354656,4666.28,3373.26,9261.68,train
P6fVGsZJvoM_70.wav,22050,10.0,220500,0.078419,0.145014,2397.06,2148.69,4452.55,train
Sv2J27vGPBM_28.wav,22050,9.716,214232,0.025508,0.048145,1296.75,2010.95,2235.52,train
M1Ky9awPlmk_0.wav,22050,7.686,169472,0.153432,0.065083,1371.52,1477.95,2801.78,train
oZPi6EMyoqk_50.wav,22050,10.0,220500,0.430039,0.080842,2322.7,2652.04,5350.45,train
CwT7HuCnJtg_0.wav,22050,10.0,220500,0.158862,0.211904,2633.35,1709.63,4584.17,train
f3GiK65PcDo_30.wav,22050,10.0,220500,0.082902,0.286613,3148.97,2240.2,5597.18,train
hxPZnC0tkJA_160.wav,22050,10.0,220500,0.099356,0.144818,2611.98,2343.81,5066.92,train
58iG8_qx10c_120.wav,22050,10.0,220500,0.011902,0.354289,4478.23,2936.07,7725.85,train
_blZvAS1SeA_560.wav,22050,10.0,220500,0.033033,0.110271,1658.2,1472.65,2741.01,train
jR82Zc9aBmg_30.wav,22050,10.0,220500,0.331456,0.067945,1833.09,2363.36,4642.55,train
cfm3g8IHxcM_20.wav,22050,10.0,220500,0.05094,0.163123,2365.07,1785.82,4014.79,train
yFDtyGYtleg_90.wav,22050,10.0,220500,0.055425,0.133659,1703.64,1195.66,3199.63,train
5fZn_7LbKSI_20.wav,22050,10.0,220500,0.128083,0.094275,1628.19,1621.08,3380.49,train
OJBssetM4P4_270.wav,22050,10.0,220500,0.040552,0.448189,5166.52,2945.25,8531.59,train
yBPQ2X1LGmI_10.wav,22050,10.0,220500,0.019396,0.23205,3302.68,2635.72,6516.99,train
8dsZOAC80UI_30.wav,22050,10.0,220500,0.064323,0.195558,3745.16,3082.77,7326.21,train
dIDHS3uT8g8_30.wav,22050,10.0,220500,0.038441,0.114532,2987.91,2776.89,6364.54,train
6bUb8AmMA6w_80.wav,22050,10.0,220500,0.094979,0.215352,3473.54,2883.29,6807.89,train
IL90cPV23YE_30.wav,22050,10.0,220500,0.12742,0.041684,1123.25,1587.59,2373.47,train
Bq_xozRr3jg_110.wav,22050,10.0,220500,0.133392,0.037636,976.28,1195.5,2151.0,train
4yUvamNdrOc_30.wav,22050,10.0,220500,0.066451,0.122406,2030.69,1885.67,3632.57,train
72z2025GyBE_30.wav,22050,10.0,220500,0.020528,0.141477,2224.79,1840.63,4053.69,train
qrbDKZNpVC4_90.wav,22050,10.0,220500,0.062296,0.185888,2635.79,2167.96,5351.15,train
Z-bOd0mjVRA_530.wav,22050,10.0,220500,0.159002,0.090821,1575.61,1522.83,2515.46,train
o0rkVwHW8pw_30.wav,22050,10.0,220500,0.230369,0.049811,1217.87,1469.47,2325.91,train
ID_kBirEiIw_140.wav,22050,10.0,220500,0.172096,0.038505,1342.05,2005.87,2729.72,train
jHtAPbCj0U4_410.wav,22050,10.0,220500,0.015222,0.215797,4632.43,3358.75,8982.72,train
yC8ynendbv0_30.wav,22050,10.0,220500,0.143206,0.132205,2283.9,2008.01,4490.45,train
ERRSccM_S_Y_20.wav,22050,10.0,220500,0.126459,0.321977,4092.61,1767.71,6165.59,train
A-Jr4nz5LM4_30.wav,22050,10.0,220500,0.010972,0.393228,4598.28,2812.33,7901.41,train
JPTVIlGz0qI_310.wav,22050,10.0,220500,0.077256,0.20946,3297.38,2724.44,6407.33,train
Sa3UXwr7B-E_0.wav,22050,9.0,198450,0.071512,0.083509,1231.67,955.9,2372.51,train
FrI3Vo8d3AQ_3.wav,22050,9.696,213802,0.075826,0.195822,3013.96,2354.27,5319.27,train
QAI5ESOkVY0_22.wav,22050,9.632,212388,0.02015,0.111623,2051.01,2032.84,3853.2,train
jibPNVkxSKc_280.wav,22050,10.0,220500,0.148333,0.149447,2477.2,2083.79,4426.1,train
eY_S1Yll4Aw_24.wav,22050,9.158,201936,0.066877,0.068524,1895.93,2281.17,4103.25,train
irLjsO0wAjA_10.wav,22050,10.0,220500,0.006539,0.222637,3315.62,3021.86,6794.75,train
Dqi9pvbDYjw_60.wav,22050,10.0,220500,0.008999,0.174687,2733.76,2382.64,5345.85,train
RYSm9JU2hIw_190.wav,22050,10.0,220500,0.057858,0.156857,2383.22,2063.1,4700.08,train
gWA1PMyNHyQ_280.wav,22050,10.0,220500,0.093595,0.336434,4568.73,3178.33,8376.74,train
1ht-v4ljxBw_25.wav,22050,9.296,204974,0.018101,0.186106,2553.96,2027.44,5069.62,train
6xivMneDAWE_130.wav,22050,10.0,220500,0.157647,0.071589,1724.79,2109.56,3565.04,train
88x9BDKOUT4_30.wav,22050,10.0,220500,0.04307,0.151556,2238.01,1813.05,3920.34,train
0GLQm9x4Wlg_30.wav,22050,10.0,220500,0.067943,0.186999,2666.73,1835.72,4313.81,train
7BlZsuymkL0_20.wav,22050,10.0,220500,0.077806,0.13661,2588.22,2305.61,5088.08,train
lX8Csm309Ls_200.wav,22050,10.0,220500,0.239201,0.034725,998.19,1354.72,1846.36,train
qLd_i4T4gRA_220.wav,22050,10.0,220500,0.164175,0.111668,1798.53,1358.71,3176.9,train
zuTvfQSYr_0_30.wav,22050,10.0,220500,0.103629,0.266112,3565.2,2161.86,5729.23,train
9NZad4HzHCo_90.wav,22050,10.0,220500,0.030753,0.215897,3246.17,2711.58,6220.67,train
agPe_fm9YmQ_170.wav,22050,10.0,220500,0.016106,0.156506,1862.33,1673.52,2627.58,train
8-_Jlo6jIqM_30.wav,22050,10.0,220500,0.13364,0.162594,2486.29,1865.61,4482.73,train
bUBUOLaLVHM_80.wav,22050,10.0,220500,0.188284,0.074338,1122.35,824.57,1985.03,train
qrmGMwsm5lU_7.wav,22050,9.556,210706,0.040312,0.112248,1489.52,958.85,2548.16,train
3u3Do2iz354_20.wav,22050,10.0,220500,0.118132,0.223768,2753.57,2092.52,5422.2,train
6666DDaX3Dg_30.wav,22050,10.0,220500,0.023264,0.0563,2841.05,3404.56,7662.72,train
tvSZ0eSWbbA_0.wav,22050,5.812,128144,0.162528,0.198304,2052.35,1254.29,3369.26,train
95T2WjyDhKk_30.wav,22050,10.0,220500,0.069791,0.107795,2141.82,2106.83,4092.78,train
4-dDvHu9dSg_80.wav,22050,10.0,220500,0.02819,0.240722,3624.41,3126.17,7722.45,train
2KAXiIYmv54_80.wav,22050,10.0,220500,0.002721,0.166055,3371.69,3158.78,7457.86,train
CAwpoEcIPcA_30.wav,22050,10.0,220500,0.05678,0.155243,2005.99,1556.53,4084.91,train
347vxWlZ3Ws_190.wav,22050,10.0,220500,0.190435,0.136443,2548.77,2156.5,5045.21,train
NehDrPpIlEw_30.wav,22050,10.0,220500,0.356686,0.123933,1573.75,933.29,2344.67,train
-I9Uoy0uS5M_30.wav,22050,10.0,220500,0.315111,0.088841,2208.97,2511.06,5064.7,train
ighqlkN_qLI_0.wav,22050,8.545,188416,0.089996,0.079346,1404.04,1450.97,3083.57,train
efNbi7VZdJ4_410.wav,22050,10.0,220500,0.099752,0.148681,2391.28,2342.86,5121.85,train
hwmpBNbWnzE_80.wav,22050,10.0,220500,0.024059,0.171707,3079.76,3131.98,7187.72,train
6bCwObUlbCE_7.wav,22050,9.411,207522,0.131182,0.348105,3568.65,2214.7,6174.22,train
EQo7n0WQ-sw_30.wav,22050,10.0,220500,0.054343,0.065563,2396.04,2825.29,5942.26,train
Hc_DktFujm0_390.wav,22050,10.0,220500,0.094113,0.167135,3131.25,2735.96,6337.93,train
RBj18PkfsFk_90.wav,22050,10.0,220500,0.00841,0.102359,1519.76,1148.45,2920.17,train
zTh6XOuFXZ4_30.wav,22050,10.0,220500,0.168502,0.03847,1085.39,1666.75,2245.27,train
EkL3FWO2dVg_40.wav,22050,10.0,220500,0.029012,0.214383,3276.8,2821.11,6500.3,train
6I-Gammbr2U_1.wav,22050,9.89,218078,0.016942,0.255691,3593.86,2583.58,6725.06,train
1N6OZ71Lvs0_30.wav,22050,10.0,220500,0.101847,0.051839,1731.52,2319.89,3898.11,train
8IvE4Vx6VLw_30.wav,22050,10.0,220500,0.278338,0.133229,2342.11,2263.61,5190.03,train
w4se0_RnTzc_240.wav,22050,10.0,220500,0.020908,0.133642,2589.52,2516.62,5622.14,train
XK1L1SSM4YE_430.wav,22050,10.0,220500,0.059816,0.20039,2912.13,2321.99,5359.82,train
EZCYf6Z5tY8_30.wav,22050,10.0,220500,0.096147,0.308439,4043.86,2705.83,7317.57,train
pM76_W13uEo_100.wav,22050,10.0,220500,0.024581,0.234255,3449.26,2658.07,6776.99,train
0fq4hagPlx8_10.wav,22050,10.0,220500,0.067513,0.224024,3283.32,2476.15,5850.26,train
jcV_KNm-R6U_18.wav,22050,9.051,199580,0.02902,0.075115,1289.81,1179.55,2857.18,train
8vuTgV73O2o_390.wav,22050,10.0,220500,0.05093,0.165737,2769.94,2325.6,5253.63,train
351Xfiwxasc_30.wav,22050,10.0,220500,0.075981,0.151522,2527.68,2341.88,4917.29,train
LctS9U6oWBg_30.wav,22050,10.0,220500,0.051978,0.064298,1257.65,1093.34,2583.28,train
s-6B8H8Ieuk_10.wav,22050,10.0,220500,0.083903,0.147435,2823.22,2479.73,5413.85,train
qqhC8wUfgac_50.wav,22050,10.0,220500,0.073243,0.24031,3531.63,2658.68,6670.6,train
qggFHV2cD0k_20.wav,22050,10.0,220500,0.161147,0.083248,1286.81,1138.03,2567.32,train
B2U3qnMo4Ts_30.wav,22050,10.0,220500,0.13658,0.072723,1605.36,1874.15,3057.19,train
83XKUhNqAx4_30.wav,22050,10.0,220500,0.056702,0.042308,812.02,970.34,1648.24,train
m_AjsJb83DA_20.wav,22050,10.0,220500,0.003643,0.047709,1515.82,2130.08,3068.93,train
40b8ORdNBdc_70.wav,22050,10.0,220500,0.062664,0.172551,2818.11,2423.39,5684.99,train
3uMsASSPVT0_30.wav,22050,10.0,220500,0.097961,0.146156,2436.94,2205.28,4671.56,train
ttNXIvuCwGM_110.wav,22050,10.0,220500,0.12038,0.118599,2321.73,2404.54,4866.08,train
1cybInIs1ZI_30.wav,22050,10.0,220500,0.076376,0.027626,893.73,1651.19,1368.58,train
D1VvX72k6do_30.wav,22050,10.0,220500,0.061154,0.143963,2002.03,1474.94,3852.67,train
rRL_pA5D2wQ_30.wav,22050,10.0,220500,0.018577,0.198486,3509.28,2808.2,6919.3,train
7bbxsKlC3eU_10.wav,22050,10.0,220500,0.126241,0.359386,4372.52,2882.58,7809.11,train
IldruEHS3m4_240.wav,22050,10.0,220500,0.019134,0.355919,4214.99,2248.12,6293.89,train
gVnz84UQVF8_30.wav,22050,10.0,220500,0.659262,0.012122,738.5,1499.56,1317.67,train
qRXvLoUtE_Q_120.wav,22050,10.0,220500,0.571896,0.067007,1618.72,1866.9,3747.25,train
u922xMt4q7c_250.wav,22050,10.0,220500,0.068627,0.317807,3986.64,2473.59,6807.49,train
wuDSh6MYtyw_23.wav,22050,9.05,199554,0.003387,0.221527,2613.62,1798.4,3767.59,train
Wau3zkEfK1c_30.wav,22050,10.0,220500,0.125238,0.094022,2282.34,2690.88,4535.24,train
-9WBkdJq104_30.wav,22050,10.0,220500,0.036686,0.228425,3671.06,3111.7,7846.03,train
jjywipIE56U_0.wav,22050,4.923,108544,0.213098,0.072722,1303.19,1286.83,2553.4,train
7w_k9kIz4-E_30.wav,22050,10.0,220500,0.139215,0.108445,2271.91,2277.93,4639.36,train
VmBCRDGLIAY_170.wav,22050,10.0,220500,0.186803,0.123635,2228.98,2049.63,4553.42,train
IyMbajw-l40_30.wav,22050,10.0,220500,0.078108,0.081027,1502.65,1586.07,2826.82,train
n1zSDgiHs6I_10.wav,22050,10.0,220500,0.012296,0.132551,3303.63,3131.08,7396.78,train
4zEAwoD1T2M_30.wav,22050,10.0,220500,0.00883,0.20073,2935.14,2268.99,5198.77,train
ypY1zYRcfIc_100.wav,22050,10.0,220500,0.192938,0.29264,2925.68,1639.76,4870.3,train
UF1cMETLZ08_30.wav,22050,10.0,220500,0.008896,0.146313,2747.96,2692.38,5800.0,train
4pk8AgcjwHI_100.wav,22050,10.0,220500,0.198266,0.264154,4070.3,2998.81,7756.02,train
NQox1GZvh5c_10.wav,22050,10.0,220500,0.077238,0.127884,2139.16,1818.47,4070.57,train
1YoChLI2bkg_10.wav,22050,10.0,220500,0.052034,0.094076,2079.57,1986.62,4006.9,train
W3Nc5-fzB0E_0.wav,22050,10.0,220500,0.06965,0.169323,2666.82,2205.01,4871.25,train
5VMZ5Ol-qC0_180.wav,22050,10.0,220500,0.119186,0.466556,4962.55,2695.02,8281.94,train
tXVghbje-bg_60.wav,22050,10.0,220500,0.139046,0.17285,2780.45,2438.16,5414.4,train
8I-79zSUj-Q_10.wav,22050,10.0,220500,0.012573,0.154582,2967.34,2546.11,5789.91,train
y9OkgY2fKQc_20.wav,22050,10.0,220500,0.089709,0.250252,3675.78,2926.65,7316.99,train
yCZ6bT3mpow_190.wav,22050,10.0,220500,0.097502,0.289437,3804.78,2729.82,6950.6,train
Jg3q84wnC1Q_30.wav,22050,10.0,220500,0.094541,0.192988,2789.2,2310.51,5129.22,train
Bfoolw7zBVU_40.wav,22050,10.0,220500,0.180062,0.083972,1941.53,2125.64,3850.47,train
xBCTTYmGPlo_40.wav,22050,10.0,220500,0.056272,0.615634,6233.86,2765.18,8352.28,train
EWYSOr7jH08_30.wav,22050,10.0,220500,0.016942,0.086592,1744.35,2022.0,3437.17,train
6dVpTQHQkwQ_30.wav,22050,10.0,220500,0.024788,0.096336,2147.0,2278.32,4444.78,train
bu0aMvPXqY4_30.wav,22050,10.0,220500,0.103125,0.303567,3848.9,2153.85,6401.36,train
xEGQpDVCgGY_350.wav,22050,10.0,220500,0.048984,0.153923,2465.08,2151.02,4560.02,train
5IzZEI7kpNk_10.wav,22050,10.0,220500,0.135528,0.157833,2433.58,2440.78,4951.99,train
-iOSktA4b14_30.wav,22050,10.0,220500,0.042486,0.075737,1739.71,2048.9,3443.09,train
kuCn6omNp1g_60.wav,22050,10.0,220500,0.071915,0.139631,2348.74,1965.81,4406.21,train
m0odiRhqyAo_30.wav,22050,10.0,220500,0.009174,0.125037,1568.67,1265.59,3011.78,train
7UoSfHUSZl8_90.wav,22050,10.0,220500,0.093398,0.209336,3253.34,2670.09,6246.83,train
NU75ToG2r0Q_530.wav,22050,10.0,220500,0.149401,0.131766,2299.46,2196.83,3843.65,train
XAE3LwOVttk_30.wav,22050,10.0,220500,0.416049,0.065515,1928.84,2143.13,3848.72,train
XA9WBMTToNY_50.wav,22050,10.0,220500,0.08702,0.120519,2107.51,2095.27,4079.39,train
DX4-Q_mv_kU_0.wav,22050,10.0,220500,0.123092,0.18046,2377.57,1800.96,4228.63,train
mJWw6kFNYU0_40.wav,22050,10.0,220500,0.008245,0.179195,3464.42,3160.65,7540.94,train
5joY7-fda8I_80.wav,22050,10.0,220500,0.144961,0.102613,2075.43,2333.67,4437.31,train
zV79kLEzULE_0.wav,22050,10.0,220500,0.018872,0.252112,3012.03,2653.59,6238.83,train
ffcpHNfaY74_90.wav,22050,10.0,220500,0.029927,0.210244,3440.61,2823.32,6489.61,train
qTdMKZEZeVk_370.wav,22050,10.0,220500,0.044593,0.136818,2612.39,2543.08,5277.73,train
zkIUtZwTY_E_110.wav,22050,10.0,220500,0.102986,0.212442,3349.44,2760.64,6637.87,train
gYui-MlyYxM_30.wav,22050,10.0,220500,0.099721,0.101393,2105.04,2131.74,4182.69,train
3GNkG7ETCMQ_30.wav,22050,10.0,220500,0.129395,0.137172,2808.69,2608.69,5672.08,train
4NfpeAUeVUY_0.wav,22050,10.0,220500,0.192799,0.113436,1920.81,1642.28,3324.86,train
Az0EX6ftA3g_330.wav,22050,10.0,220500,0.144721,0.074292,1708.43,2010.39,3489.23,train
PTSQ_DrrBwg_28.wav,22050,9.454,208456,0.084732,0.111848,2368.01,2626.85,5347.02,train
E0Vc24qb9RY_30.wav,22050,10.0,220500,0.099016,0.095163,2450.75,2470.9,5010.22,train
25YIRym8ubI_240.wav,22050,10.0,220500,0.120437,0.135953,2044.94,1484.65,3623.35,train
_VG3WboQAQ8_10.wav,22050,10.0,220500,0.457649,0.078361,1974.03,2094.97,3843.65,train
0Z5OqeCEWbU_230.wav,22050,10.0,220500,0.037801,0.125517,2111.03,2093.98,4188.73,train
eYkredoU-pc_0.wav,22050,8.916,196608,0.3135,0.090781,2495.78,2778.34,6033.46,train
_cYtmzp1RRs_80.wav,22050,10.0,220500,0.013801,0.180614,2459.82,1661.8,3254.86,train
F1wx9GlPTkY_180.wav,22050,10.0,220500,0.019175,0.079888,2083.53,2619.19,4873.02,train
lNBlhWnzE3c_80.wav,22050,10.0,220500,0.07077,0.233055,3258.73,2351.29,5906.14,train
fDD98EaFYow_30.wav,22050,10.0,220500,0.020574,0.108922,1939.03,1787.97,3564.32,train
DWUZyfLGnww_30.wav,22050,10.0,220500,0.00333,0.162382,2301.81,1256.21,3299.18,train
5WmE3Jmap-8_340.wav,22050,10.0,220500,0.031432,0.154561,2783.01,2499.13,5497.71,train
5wKq9Ki22ms_30.wav,22050,10.0,220500,0.019943,0.068929,1857.73,2182.41,3722.57,train
18mcf4NiIU0_30.wav,22050,10.0,220500,0.03854,0.433133,5550.65,3166.11,8734.99,train
nlBVY8iOEn0_28.wav,22050,9.593,211528,0.149971,0.110587,2191.97,2312.63,4362.48,train
aWzRYZiyp-8_5.wav,22050,10.0,220500,0.125136,0.11273,1283.36,888.31,2103.56,train
NRaKwTKRH4E_490.wav,22050,10.0,220500,0.079133,0.333231,4201.59,2832.55,7454.19,train
FgubcOnWuBA_10.wav,22050,10.0,220500,0.003433,0.155528,2641.5,2339.47,5138.07,train
hiB46bg1QDo_30.wav,22050,10.0,220500,0.008894,0.117385,2848.42,2756.15,6265.56,train
A6SS-nwm50Q_480.wav,22050,10.0,220500,0.17823,0.272054,3805.32,2481.15,6613.89,train
B4S98tkEZ5o_30.wav,22050,10.0,220500,0.111775,0.1854,2757.39,2311.69,5002.95,train
8t7LY-2Jhx8_500.wav,22050,10.0,220500,0.072298,0.119135,2174.81,1974.84,3836.41,train
fEZZINB5COY_450.wav,22050,10.0,220500,0.027195,0.173094,2665.89,2370.73,5477.45,train
jRP5qNDmNB4_30.wav,22050,10.0,220500,0.0942,0.170666,2922.43,2658.64,5757.36,train
lv031K_lV4I_30.wav,22050,10.0,220500,0.22834,0.079165,1434.68,1503.1,2464.0,train
wWWfl6Lgui8_90.wav,22050,10.0,220500,0.130115,0.088915,1365.31,1306.38,2365.48,train
G43UlFUtPr8_160.wav,22050,10.0,220500,0.160611,0.10729,2194.48,2247.99,4362.3,train
M74aF3oOZJ8_20.wav,22050,10.0,220500,0.014248,0.119326,3278.82,3160.45,7311.5,train
eoS9tWXmqyY_10.wav,22050,9.737,214700,0.067985,0.058131,1374.61,1540.17,3231.44,train
p17XFG2VIHY_0.wav,22050,10.0,220500,0.100479,0.228362,3489.58,2766.83,6850.33,train
Z_FLhZYGc3s_30.wav,22050,10.0,220500,0.101107,0.078046,1393.37,1321.39,2856.52,train
tuSwNhQbIAM_10.wav,22050,10.0,220500,0.090071,0.209419,3438.27,2871.5,6894.77,train
XgZURkU6xnc_40.wav,22050,10.0,220500,0.068412,0.09758,2162.1,2114.09,4359.92,train
hPHCR33xbTU_30.wav,22050,10.0,220500,0.010265,0.156639,2595.65,2591.0,5478.43,train
pQHAZ1Qh3hk_240.wav,22050,10.0,220500,0.073167,0.450421,5200.69,3031.75,8551.25,train
SBbX9EO5j8E_50.wav,22050,10.0,220500,0.111965,0.260124,3748.79,2576.67,6846.58,train
FavTUUBiP5Y_10.wav,22050,10.0,220500,0.054384,0.129848,2125.76,1818.28,3749.43,train
aEpLQFasdVo_210.wav,22050,10.0,220500,0.106563,0.11589,2484.2,2814.33,5841.67,train
xK3k4iWDt68_260.wav,22050,10.0,220500,0.118902,0.270171,3213.61,1614.55,4166.57,train
LakMmvFS1O4_11.wav,22050,9.579,211226,0.138976,0.202291,2900.15,2206.83,5143.36,train
3f12SZTphso_40.wav,22050,9.012,198720,0.139548,0.114545,2149.62,2135.36,4827.87,train
MtBKAoI2JWI_120.wav,22050,10.0,220500,0.173023,0.10622,2365.96,2622.75,5353.35,train
Erao8cUTUyo_30.wav,22050,10.0,220500,0.043593,0.100944,2208.17,2296.02,4646.23,train
yHyilUmKzAQ_100.wav,22050,10.0,220500,0.06507,0.118749,2241.59,2083.4,4302.24,train
8jh0wZEbaZs_30.wav,22050,10.0,220500,0.040832,0.139493,1853.57,1572.63,3827.44,train
0euui6HTEP0_50.wav,22050,10.0,220500,0.095882,0.191907,3086.07,2694.0,6179.85,train
Yin_F3ABQnA_30.wav,22050,10.0,220500,0.006665,0.153868,2725.97,2371.9,5152.06,train
yrC_c-TjnxY_30.wav,22050,10.0,220500,0.0523,0.283626,2988.71,1517.89,4715.92,train
GdQF9oAYJJw_20.wav,22050,10.0,220500,0.006983,0.24961,4078.48,3123.17,8066.76,train
z70UVlvbUvM_470.wav,22050,10.0,220500,0.046233,0.193399,2689.49,2148.85,4707.78,train
sxpQASnl0ic_120.wav,22050,10.0,220500,0.031248,0.095939,2175.8,2499.42,4844.92,train
CNB87LiLXso_70.wav,22050,10.0,220500,0.028385,0.076249,1490.08,1750.48,2897.22,train
79KHhyMR1iI_30.wav,22050,10.0,220500,0.068629,0.153511,2590.5,2467.25,5293.55,train
MJjZ07Ksz1k_30.wav,22050,10.0,220500,0.082015,0.118868,1602.53,1277.75,3173.52,train
w2k8bMt6RlE_170.wav,22050,10.0,220500,0.022065,0.186659,2835.17,2311.05,5087.61,train
ZD1QwbqjKiY_30.wav,22050,10.0,220500,0.184797,0.088608,1277.37,1052.94,1852.11,train
guRg8aWkWgU_490.wav,22050,10.0,220500,0.07844,0.148545,2320.95,2012.43,4077.39,train
74lzDou5FBw_20.wav,22050,10.0,220500,0.035401,0.247723,3643.15,2984.06,7426.71,train
ZQ_Gh43R1bA_10.wav,22050,10.0,220500,0.040439,0.341624,4279.83,2678.69,7403.4,train
iGNeKAPg1iE_230.wav,22050,10.0,220500,0.152632,0.135277,1945.16,1585.52,3025.79,train
6qaodSBuSIM_340.wav,22050,10.0,220500,0.027476,0.126227,1591.58,1030.76,2779.01,train
OUE5E1SJUfs_0.wav,22050,10.0,220500,0.000526,0.310913,4244.96,3072.89,8073.5,train
OxL1u78dzek_30.wav,22050,10.0,220500,0.36796,0.101019,2092.6,2171.88,4021.21,train
PRPqUqyNRTw_20.wav,22050,10.0,220500,0.108207,0.141172,1736.69,1103.3,2980.43,train
ieENCCh_1oY_30.wav,22050,10.0,220500,0.040948,0.178481,1945.44,1078.21,3232.43,train
CUbOhv41zqE_30.wav,22050,10.0,220500,0.21404,0.236644,2928.09,1740.79,4953.71,train
eeqAUWORR08_50.wav,22050,10.0,220500,0.079685,0.067871,1485.78,1891.22,2772.71,train
0QNfF9SUMZo_4.wav,22050,9.862,217464,0.165979,0.183234,2726.6,2344.72,5102.2,train
4M0-fO8_Lo8_280.wav,22050,10.0,220500,0.032229,0.124568,1354.96,967.99,2374.9,train
mXopAG_fjP4_10.wav,22050,10.0,220500,0.018552,0.049545,1169.17,1443.81,2415.92,train
yveeqNBhNNA_30.wav,22050,10.0,220500,0.007221,0.222517,2555.09,1476.04,4029.76,train
BBFhnzJeXN0_30.wav,22050,10.0,220500,0.05536,0.150741,2896.67,2550.73,5643.22,train
PSbjmNvURn4_16.wav,22050,9.316,205424,0.00776,0.143809,2101.12,1635.92,4077.78,train
IQp0dr6Lsm0_30.wav,22050,10.0,220500,0.091386,0.094164,1608.31,1485.47,3394.68,train
2SJJAX13cN8_30.wav,22050,10.0,220500,0.07288,0.158524,2811.22,2474.82,5407.93,train
vT6iIC1ea7E_160.wav,22050,10.0,220500,0.141003,0.144459,2327.68,2012.38,4379.61,train
9UszQq5kBk4_30.wav,22050,10.0,220500,0.040323,0.154718,2500.04,2478.64,5762.41,train
PNP-folMrn0_90.wav,22050,10.0,220500,0.031846,0.26483,3857.66,2483.8,6447.4,train
bVfPdw2D4L0_27.wav,22050,9.432,207978,0.161195,0.138969,2113.04,1921.75,3891.35,train
qR0EPJ6qbvY_520.wav,22050,10.0,220500,0.059589,0.109103,1642.71,1425.46,3290.11,train
a8PIadkseUw_30.wav,22050,10.0,220500,0.032454,0.150417,2571.57,2267.47,5072.72,train
904WXPDdxUY_150.wav,22050,10.0,220500,0.013278,0.635415,6674.97,2913.7,9768.93,train
3gNceZPWmE4_30.wav,22050,10.0,220500,0.057263,0.182623,3126.36,2845.28,6375.48,train
gQKBz92N4Co_30.wav,22050,10.0,220500,0.005329,0.219357,3337.06,2723.28,6543.22,train
64GInFGAGrA_30.wav,22050,10.0,220500,0.100993,0.082415,2135.0,2224.43,4251.06,train
CUImTjOytBY_0.wav,22050,6.13,135168,0.080858,0.106593,1960.84,2029.07,3578.82,train
fZszK44Kzto_110.wav,22050,10.0,220500,0.061982,0.228926,3610.28,2946.07,7164.41,train
VTXUxCb_zUg_190.wav,22050,10.0,220500,0.058026,0.541355,5916.09,2936.35,9007.25,train
hqorxwSctbA_20.wav,22050,10.0,220500,0.055696,0.162316,2698.31,2455.43,5480.08,train
0MPInI8uTjs_9.wav,22050,9.413,207566,0.089498,0.135745,2152.58,1886.11,4389.59,train
knAIlmSG_mI_30.wav,22050,10.0,220500,0.131297,0.055571,1408.78,1935.39,2594.8,train
7AzN-mUuvwU_20.wav,22050,10.0,220500,0.090135,0.304004,3977.71,2714.08,7303.05,train
R3furrnajCg_450.wav,22050,10.0,220500,0.048343,0.099461,1874.69,2113.84,3640.61,train
xb1hOwg6LQ8_70.wav,22050,10.0,220500,0.089451,0.070231,924.69,817.72,1797.95,train
uvMhO6J8EPk_300.wav,22050,10.0,220500,0.139708,0.342392,4072.9,2618.75,7389.31,train
vYOaE0vrJsg_80.wav,22050,10.0,220500,0.061119,0.116202,1569.62,1158.56,2300.06,train
bm7k4BP_jTc_0.wav,22050,10.0,220500,0.010532,0.10257,2391.61,2591.48,5280.86,train
pkajYg6dhEc_30.wav,22050,10.0,220500,0.035098,0.156258,2367.55,2004.21,4786.59,train
GVsJ5j3HDJc_190.wav,22050,10.0,220500,0.038194,0.15133,2880.08,2656.69,5821.38,train
rGWDrZwuS8w_0.wav,22050,6.85,151040,0.23697,0.079016,1534.51,1704.63,2700.23,train
j0-JR2ZN-TA_230.wav,22050,10.0,220500,0.074632,0.106503,1884.97,1852.66,3711.01,train
LTIZPjPsVfg_12.wav,22050,9.432,207976,0.282091,0.158286,3025.05,2879.91,6870.34,train
hFHkJ2qWm90_10.wav,22050,10.0,220500,0.184485,0.09016,1710.25,1809.69,3316.04,train
ZFgVr05aqKs_30.wav,22050,10.0,220500,0.058964,0.054822,1259.15,1577.43,2393.16,train
dd6vvls0r58_60.wav,22050,10.0,220500,0.150939,0.187978,2898.33,2234.35,5278.33,train
5vnpbENYzKM_30.wav,22050,10.0,220500,0.079502,0.04818,1473.2,1923.89,2875.08,train
0qPqcZFmwEQ_30.wav,22050,10.0,220500,0.059951,0.108819,2073.32,2172.56,3752.8,train
pSNE0OS4I1Q_120.wav,22050,10.0,220500,0.053726,0.168804,2779.78,2354.16,5452.65,train
OspUWHJHd3I_190.wav,22050,10.0,220500,0.208417,0.057201,1267.01,1879.42,2778.98,train
60CM7A4Km0E_30.wav,22050,10.0,220500,0.349659,0.008612,822.09,1644.98,1609.44,train
ll22y2bh8Ho_17.wav,22050,9.384,206926,0.169891,0.196992,2967.54,2334.8,5477.73,train
tY3tHax_aOw_310.wav,22050,10.0,220500,0.084813,0.1056,2467.53,2281.16,5070.67,train
mNMSKsALFUI_170.wav,22050,10.0,220500,0.077545,0.212885,2803.98,2041.59,5169.19,train
5NBlcK-agjo_0.wav,22050,10.0,220500,0.044034,0.181071,3191.52,2830.86,6713.24,train
1P5WxaIWbSA_40.wav,22050,10.0,220500,0.027078,0.078288,1839.0,1994.58,3664.19,train
CeRmdEmqV68_19.wav,22050,9.584,211322,0.123076,0.086702,1465.23,1200.18,2671.52,train
ucf75ACADcY_70.wav,22050,10.0,220500,0.017072,0.178295,2838.35,2523.45,5436.56,train
YPL5DW7gOLA_30.wav,22050,10.0,220500,0.090614,0.075516,2266.58,2690.17,5438.53,train
podW2upajtY_250.wav,22050,10.0,220500,0.025036,0.269667,3937.61,2809.32,7385.49,train
2yRlRl8prmo_60.wav,22050,10.0,220500,0.113273,0.157155,2369.5,1943.17,4684.8,train
G0x7FA6QAA8_30.wav,22050,10.0,220500,0.138629,0.108488,2135.31,2151.54,4209.34,train
N3pV8al8KNI_30.wav,22050,10.0,220500,0.114614,0.079312,1486.03,1669.88,2719.55,train
1iiFj83VI7M_0.wav,22050,9.376,206736,0.065327,0.22558,3342.95,2565.57,6361.84,train
jKHB8Ntr6iQ_7.wav,22050,9.742,214802,0.181126,0.274948,3889.47,2732.87,6922.57,train
HRe31HnLm5w_6.wav,22050,9.975,219956,0.00921,0.102925,2263.39,2533.13,4979.58,train
4B23XgPXjjU_140.wav,22050,10.0,220500,0.563841,0.179275,3148.12,2610.55,6306.86,train
D2GFPgTRRTA_30.wav,22050,10.0,220500,0.010842,0.112093,1707.78,1365.08,3256.56,train
HAL2JdHeXAo_20.wav,22050,10.0,220500,0.141671,0.182932,2656.25,1806.77,4538.11,train
Cmpi4NlgnSM_30.wav,22050,10.0,220500,0.299976,0.130923,2224.0,1776.2,3794.44,train
OfezPjByGWA_70.wav,22050,10.0,220500,0.082705,0.135623,2442.71,2194.39,4536.21,train
YqFZPuHYG00_30.wav,22050,10.0,220500,0.178517,0.223669,3481.29,2222.29,5877.82,train
LCvK58xC_Dg_10.wav,22050,8.966,197692,0.097885,0.167451,1892.99,1090.95,3220.86,train
eEVU7HqtrKo_70.wav,22050,10.0,220500,0.079087,0.158201,2655.36,2451.67,5199.27,train
5OocVZdnWnM_30.wav,22050,10.0,220500,0.181838,0.092906,2049.72,2279.83,4258.83,train
G1RLcfdOGWI_190.wav,22050,10.0,220500,0.227838,0.031995,756.41,1261.86,1328.01,train
pKeDiZsuNTE_10.wav,22050,10.0,220500,0.043035,0.200671,2636.22,1996.49,4319.43,train
yzxAAf96mGQ_30.wav,22050,10.0,220500,0.123392,0.127034,1825.6,1492.01,3723.62,train
56t1bd0AgBE_30.wav,22050,10.0,220500,0.04422,0.167221,2981.87,2993.31,7140.68,train
zD2VDJsD3kI_0.wav,22050,10.0,220500,0.041456,0.161103,1827.21,1372.17,3232.23,train
qpxXvU7N5ec_0.wav,22050,10.0,220500,0.027263,0.447095,4744.15,1994.83,6558.03,train
ix7OthGpbA0_30.wav,22050,10.0,220500,0.143942,0.045435,1751.78,2367.62,4169.0,train
0djaA0qmAQc_50.wav,22050,10.0,220500,0.479881,0.022027,788.61,1395.96,1494.28,train
vbzU34h2C7M_280.wav,22050,10.0,220500,0.052572,0.211505,3027.29,2271.48,5382.93,train
vE-eH8mbwKA_14.wav,22050,9.731,214564,0.122248,0.28063,3714.13,2527.01,6349.63,train
gSCxF_JTNYM_0.wav,22050,10.0,220500,0.08253,0.094124,1675.46,1394.38,3267.88,train
gILsmRZ5BbI_10.wav,22050,10.0,220500,0.086648,0.13865,1935.58,1649.65,3331.63,train
D2eA6gM5Kl0_20.wav,22050,10.0,220500,0.011691,0.095743,2413.09,2669.12,5353.25,train
2P7cYGjI8Fw_70.wav,22050,10.0,220500,0.046925,0.120635,2245.0,2187.22,4354.93,train
FHVRljjaRCk_0.wav,22050,10.0,220500,0.065831,0.155469,2866.62,2670.91,6212.85,train
nBG7aPT84h0_110.wav,22050,10.0,220500,0.02004,0.154092,2187.88,1503.07,3973.8,train
I-VNPvDJALs_0.wav,22050,9.515,209808,0.123707,0.043205,1157.22,1433.38,2348.59,train
24q-Od40cuw_0.wav,22050,8.8,194048,0.166202,0.053477,935.73,872.13,1649.73,train
4_0DTgAiyzM_30.wav,22050,10.0,220500,0.109721,0.080622,2051.59,2432.73,4278.04,train
Qz1phBpyrsc_20.wav,22050,10.0,220500,0.111753,0.297906,3659.64,1882.47,5921.88,train
C4KnvhXg_1k_90.wav,22050,10.0,220500,0.108211,0.158936,2368.25,2048.21,4566.09,train
bP-4XqX7G7Y_10.wav,22050,10.0,220500,0.534981,0.090087,2481.95,2816.11,6241.86,train
Xnfk3IM26gc_30.wav,22050,10.0,220500,0.024402,0.047548,1198.78,1693.73,2237.38,train
LGx0Q_YRCtw_110.wav,22050,9.74,214772,0.011844,0.178059,2869.4,2585.44,5749.34,train
8AUjjaMvxdw_30.wav,22050,10.0,220500,0.224782,0.084808,2027.64,2346.51,4380.96,train
HCZM79SSlaY_30.wav,22050,10.0,220500,0.02604,0.107152,2528.78,2649.1,5095.63,train
2J872H4vjxA_16.wav,22050,9.084,200304,0.120511,0.063899,1049.13,1466.19,2027.88,train
7lQGTHLXdhM_140.wav,22050,10.0,220500,0.107715,0.134787,1710.57,1319.69,2701.44,train
0ez-DBMDAYk_0.wav,22050,7.971,175760,0.01815,0.254942,3788.45,2787.57,7035.72,train
uLDseja1lhs_40.wav,22050,10.0,220500,0.060796,0.113743,1971.74,1836.26,3655.75,train
-_QEsMNMSnw_30.wav,22050,10.0,220500,0.008605,0.097355,2375.8,2879.39,5968.79,train
k880Un0T3B4_30.wav,22050,10.0,220500,0.102225,0.126188,1772.94,1250.84,2779.01,train
LeV7Ln-rY_4_160.wav,22050,10.0,220500,0.151266,0.105609,2050.76,2167.51,4101.68,train
rWcxtPJMmP4_510.wav,22050,10.0,220500,0.075032,0.088745,2186.57,2613.98,4262.35,train
BrCp47ck3uA_4.wav,22050,9.235,203640,0.128974,0.194322,2511.07,1781.47,4204.28,train
hxbjWMgWneQ_130.wav,22050,10.0,220500,0.174889,0.295983,3743.06,2580.23,6577.64,train
CzCZuMxVsaU_30.wav,22050,10.0,220500,0.041631,0.182056,2821.17,2330.09,5248.28,train
32TLFShlNuE_4.wav,22050,9.741,214792,0.026521,0.313531,3603.94,2371.98,6393.7,train
FVpwqjM25M4_20.wav,22050,10.0,220500,0.122329,0.082912,1211.53,914.7,2145.18,train
pWbAnMd3Llo_30.wav,22050,10.0,220500,0.050318,0.415927,4695.13,2881.64,7998.11,train
tzlYeZKD0jE_310.wav,22050,10.0,220500,0.049639,0.148529,2409.16,1984.82,4524.37,train
4pgyvAqHgIA_550.wav,22050,10.0,220500,0.024089,0.074991,1381.24,1620.03,2577.84,train
htoBwwTaV0g_0.wav,22050,3.947,87040,0.209463,0.063665,1213.77,1391.32,2071.53,train
Xez_w0Eg6KI_19.wav,22050,10.0,220500,0.350445,0.103944,2083.08,2226.28,4066.0,train
bmhLJuy4IIs_90.wav,22050,10.0,220500,0.04101,0.10555,2027.13,2153.91,4022.44,train
DyZPHkcNfyE_60.wav,22050,10.0,220500,0.129446,0.195049,2788.88,2623.46,5991.03,train
-CbVHmgkE2g_240.wav,22050,10.0,220500,0.070838,0.117718,2467.88,2505.73,5353.02,train
6Gz8yGdr29s_10.wav,22050,10.0,220500,0.039858,0.210626,3753.77,3328.16,8171.63,train
5ZxysTzTT8c_30.wav,22050,10.0,220500,0.03207,0.096882,2035.89,2251.4,4361.42,train
w8-iyRRAhuU_20.wav,22050,10.0,220500,0.009086,0.126,1409.96,968.87,2403.8,train
393iV1LxI0c_180.wav,22050,10.0,220500,0.130215,0.075252,1467.41,1468.74,3208.22,train
0MQnV9RA0EM_70.wav,22050,10.0,220500,0.114462,0.037199,1019.75,1483.91,1858.85,train
0XR0EQBxzZk_30.wav,22050,10.0,220500,0.063429,0.012861,825.53,1012.5,1847.01,train
9ghqmzF3BB0_60.wav,22050,10.0,220500,0.043221,0.180854,2870.72,2509.99,5524.69,train
brmZThInuW0_50.wav,22050,10.0,220500,0.046684,0.414353,5159.95,2930.92,8312.27,train
7NS5mP3OL7Q_29.wav,22050,9.592,211494,0.013421,0.346106,4346.05,3073.96,8058.1,train
T7gLkFk7VCc_30.wav,22050,10.0,220500,0.005873,0.191963,3195.33,2950.51,6693.5,train
GTFfLVlTWR4_100.wav,22050,10.0,220500,0.017194,0.12126,2733.53,2829.19,6167.09,train
zOSOx8l96nA_170.wav,22050,10.0,220500,0.054832,0.228708,3095.11,2366.6,5246.58,train
0R9eFhstepo_30.wav,22050,10.0,220500,0.022166,0.171309,2818.1,2205.59,4770.1,train
TvSL4JyZno8_30.wav,22050,10.0,220500,0.054975,0.43548,5287.27,3039.84,8795.94,train
8rJg1lDLPa0_140.wav,22050,10.0,220500,0.08858,0.337722,4213.06,2640.38,7415.12,train
0DAv1iGmE8M_30.wav,22050,10.0,220500,0.184096,0.101702,1964.39,2316.18,4327.07,train
7FU3jVcliFI_30.wav,22050,10.0,220500,0.132294,0.065425,1618.69,2137.4,3385.51,train
IOx3KKEqYhU_90.wav,22050,10.0,220500,0.028629,0.322219,4471.04,2887.87,7867.74,train
wz7KqF1DpvQ_70.wav,22050,10.0,220500,0.065472,0.072689,1470.12,1541.75,2801.26,train
cscMXSv9hOo_460.wav,22050,10.0,220500,0.025596,0.191816,3064.76,2527.44,5722.69,train
hKS28FwuK_s_10.wav,22050,10.0,220500,0.095329,0.273055,4095.89,3336.62,8643.33,train
TeaAAWGmqCc_0.wav,22050,10.0,220500,0.013864,0.129927,2765.21,2827.57,6267.34,train
69_z9XJqkKM_90.wav,22050,10.0,220500,0.190583,0.31412,3304.27,1531.43,4834.43,train
sWsvlJxS0T4_0.wav,22050,10.0,220500,0.201684,0.149583,1777.81,1246.72,2693.05,train
vCPdKL6h-MM_30.wav,22050,10.0,220500,0.066879,0.155135,2000.69,1535.24,3352.56,train
8bmaP25tJe4_20.wav,22050,10.0,220500,0.004093,0.106789,2034.27,2157.4,4718.69,train
i86L3VY3NSg_0.wav,22050,10.0,220500,0.038155,0.125886,2245.99,2286.03,4532.39,train
OVVbk1Rs5OI_210.wav,22050,10.0,220500,0.253508,0.117037,3498.64,2476.52,6126.57,train
URkwcsMO0wU_30.wav,22050,10.0,220500,0.234993,0.100568,2028.02,2040.71,3760.14,train
q9KWUJUBpS4_25.wav,22050,10.0,220500,0.12744,0.178753,2283.81,1554.09,4413.33,train
vGmN8mHhd4Q_0.wav,22050,10.0,220500,0.081843,0.183128,2889.99,2402.59,5510.33,train
LtrE5RhMZPU_30.wav,22050,10.0,220500,0.025495,0.162557,2702.01,2587.01,5732.23,train
QSbSl7OXrII_260.wav,22050,10.0,220500,0.196446,0.10818,1905.1,1743.69,3200.45,train
ODYs9ibpxDs_30.wav,22050,10.0,220500,0.177311,0.191734,3540.04,3030.32,7114.03,train
swQyfSlCZzg_60.wav,22050,10.0,220500,0.106776,0.096084,1508.55,1504.16,2394.91,train
BMiiHl3zT2M_0.wav,22050,10.0,220500,0.008136,0.151633,2368.5,2059.87,4372.46,train
1rMPgNVpECI_15.wav,22050,9.381,206850,0.101302,0.059146,1203.74,1258.42,2200.8,train
mTdusDeBfrE_30.wav,22050,10.0,220500,0.075862,0.084137,2063.37,2546.4,4637.21,train
gd04fXZ42p8_12.wav,22050,9.322,205560,0.095485,0.104937,2152.7,2163.24,4266.25,train
zZ8PdAg-6j4_0.wav,22050,10.0,220500,0.064491,0.140419,2727.96,2535.32,5586.87,train
1DTCr6KOJkQ_30.wav,22050,10.0,220500,0.176784,0.113574,2203.97,2217.56,4099.83,train
Cwg2tYilQ34_160.wav,22050,10.0,220500,0.234098,0.083632,1981.16,2319.16,4257.03,train
L-ETVgAbRHQ_0.wav,22050,5.614,123792,0.284353,0.10221,1399.27,1066.32,2661.89,train
0UnJDt9kg3o_30.wav,22050,10.0,220500,0.101238,0.140189,2584.52,2333.69,5137.04,train
jfFOsBm88sU_180.wav,22050,10.0,220500,0.31209,0.075434,2218.25,2518.64,4869.33,train
SSfSCDZw-1o_10.wav,22050,9.813,216380,0.163934,0.131673,1596.2,1050.58,2892.37,train
-DczhmCwr38_130.wav,22050,10.0,220500,0.05546,0.271966,3549.13,2397.12,6082.63,train
5r2HSaaJXoQ_30.wav,22050,10.0,220500,0.068826,0.182156,2663.68,2057.92,4774.2,train
6B9VBiY4ZQ0_30.wav,22050,10.0,220500,0.097019,0.063968,1281.67,1342.16,2776.06,train
vY9-XMc0kkI_30.wav,22050,10.0,220500,0.107308,0.154718,2833.81,2892.97,5745.02,train
EbMfK3MVPYU_0.wav,22050,10.0,220500,0.211227,0.321911,4140.81,2578.75,7102.51,train
Dw_qyNT5Aws_30.wav,22050,10.0,220500,0.046593,0.316856,3204.78,1434.41,4771.18,train
Nhi-ovyzw8w_30.wav,22050,10.0,220500,0.063289,0.126693,2194.62,1975.06,4276.14,train
aaA4Yys7dJk_14.wav,22050,9.777,215588,0.117542,0.099639,1919.44,1840.24,3765.96,train
Wla1s1HweMg_140.wav,22050,10.0,220500,0.159026,0.130217,2121.74,1777.58,3879.47,train
F5wIWc31a4c_220.wav,22050,10.0,220500,0.106778,0.252039,3151.96,2031.21,4980.56,train
lXGGqwRZ0iY_0.wav,22050,10.0,220500,0.035756,0.212887,3873.75,2942.12,7443.29,train
2qLLYhf2CKM_6.wav,22050,10.0,220500,0.050326,0.023414,908.19,1372.15,2223.04,train
SZd7ilb6mKw_290.wav,22050,10.0,220500,0.028734,0.147055,2544.42,2256.56,4615.42,train
8gie3CHMlI8_8.wav,22050,9.445,208256,0.025444,0.056304,1761.12,2348.57,3974.62,train
iOPe2wj7Iqg_170.wav,22050,10.0,220500,0.028911,0.171823,2989.84,2650.47,5870.62,train
YNllvv8QGZY_30.wav,22050,10.0,220500,0.034924,0.288053,4361.04,2393.05,7106.56,train
nN_bK0I6SC8_4.wav,22050,9.7,213880,0.135557,0.160543,2773.27,2378.43,5319.73,train
-dorUg9Ewug_11.wav,22050,9.062,199818,0.038845,0.243028,2648.93,1586.28,4550.89,train
UmvFAAi7sxw_410.wav,22050,10.0,220500,0.054516,0.52921,5822.89,2770.31,8802.88,train
j5doZO5z5f4_420.wav,22050,10.0,220500,0.185802,0.027466,1125.62,1812.01,2260.89,train
0ryPRIVhSco_23.wav,22050,9.067,199922,0.033258,0.198558,3079.69,2541.64,6061.16,train
rfM-Fpc8ofM_60.wav,22050,10.0,220500,0.045185,0.02008,687.76,1424.07,963.1,train
XRI3fzjWLHQ_170.wav,22050,10.0,220500,0.051541,0.147844,2057.05,1693.52,4199.4,train
Ct3dJzMKr-M_30.wav,22050,10.0,220500,0.015583,0.081234,1878.92,2398.31,3717.38,train
6iB5_jKw2SE_30.wav,22050,10.0,220500,0.019175,0.133424,2718.8,2717.24,5814.29,train
GzAmzk8JJIc_30.wav,22050,10.0,220500,0.081051,0.138543,2309.26,1939.22,4293.15,train
sMrvWPOfIP4_150.wav,22050,10.0,220500,0.025876,0.209331,3503.07,2866.33,7086.3,train
0RH0DE2Tp1I_30.wav,22050,10.0,220500,0.00888,0.136068,2449.05,2757.8,5526.44,train
AsmGgEk5420_30.wav,22050,10.0,220500,0.091692,0.111906,2253.76,2288.64,4905.62,train
gTAb2e186MY_10.wav,22050,10.0,220500,0.100379,0.210968,3210.59,2639.56,6249.2,train
O4_OKqnPKU8_1.wav,22050,9.356,206302,0.008633,0.065707,1435.75,1537.44,3043.66,train
k6_zHENw4Y4_40.wav,22050,10.0,220500,0.078101,0.203023,2073.75,1206.18,3464.35,train
7unzm1R4EGY_18.wav,22050,9.127,201260,0.116812,0.067668,981.51,1074.89,1663.88,train
ENp6U2Yf0Wg_30.wav,22050,10.0,220500,0.092825,0.026682,1020.5,1562.32,2262.36,train
QrmcLivuKnA_30.wav,22050,10.0,220500,0.100912,0.077266,1317.4,1137.41,2402.2,train
--es9aNNlo4_22.wav,22050,10.0,220500,0.02445,0.263776,3531.97,2433.14,6114.88,train
THxDggBFCNc_590.wav,22050,10.0,220500,0.229345,0.079526,1757.43,1935.24,3444.89,train
ydxAIq94G2w_50.wav,22050,10.0,220500,0.124954,0.285728,3564.15,2530.29,5959.9,train
BVneEwz_keQ_11.wav,22050,10.0,220500,0.074169,0.048671,819.98,736.84,1495.66,train
sJQ3BrG_M3M_30.wav,22050,10.0,220500,0.317414,0.094529,1703.47,1707.41,2784.48,train
PAJU09909qg_30.wav,22050,10.0,220500,0.135918,0.029458,766.15,1034.72,1555.26,train
om0aHSCBY9o_100.wav,22050,10.0,220500,0.108985,0.103978,1986.24,1673.51,3683.98,train
2wrsE6Np8xc_30.wav,22050,10.0,220500,0.137336,0.12655,2434.01,2524.82,4690.07,train
BvRBYtzFqk0_30.wav,22050,10.0,220500,0.219097,0.107664,1757.6,1523.68,3113.5,train
CWwyiIC2Y3w_180.wav,22050,10.0,220500,0.065671,0.167829,2137.38,1700.2,4260.6,train
0i0Cp0Isu30_2.wav,22050,9.349,206156,0.046076,0.125195,2038.56,2153.73,4085.89,train
hO71Lk2CFd4_0.wav,22050,7.483,165008,0.114972,0.020914,819.63,1118.42,1764.39,train
V8Rd2sPCpbw_320.wav,22050,10.0,220500,0.015957,0.273673,3629.74,2478.53,6483.07,train
9x0Ir6qoOWM_70.wav,22050,10.0,220500,0.221612,0.128444,2191.95,1837.93,4355.35,train
2ctlxRFVOJs_300.wav,22050,10.0,220500,0.107158,0.053382,2316.92,2528.9,5113.99,train
73OPvvhPXNY_16.wav,22050,9.728,214496,0.133361,0.10285,1774.13,1680.92,2995.02,train
3CS2JxoplKg_30.wav,22050,10.0,220500,0.438594,0.116543,1964.14,1534.85,3507.24,train
oxmuZZEftwI_190.wav,22050,10.0,220500,0.034484,0.179561,3738.51,2830.38,6938.69,train
y6s7WZrvu_A_140.wav,22050,10.0,220500,0.03139,0.118951,2039.91,2164.97,3920.04,train
o0ljBoYnRIo_250.wav,22050,10.0,220500,0.104047,0.088638,1301.73,949.36,2375.75,train
Og9lrCU1z20_28.wav,22050,10.0,220500,0.108011,0.221747,2677.89,1719.46,4368.19,train
wqMoQkNqb3U_0.wav,22050,10.0,220500,0.107145,0.252119,3396.53,2321.68,5901.6,train
a-hEPCiwMck_21.wav,22050,9.564,210886,0.084914,0.136759,2327.99,2281.96,4497.85,train
SmxtdGI7QGg_30.wav,22050,10.0,220500,0.017429,0.199912,2905.31,2374.86,5256.0,train
0uoTsZTmP1I_0.wav,22050,5.382,118672,0.024257,0.079323,1989.74,2321.44,4304.69,train
eReYPffd0d4_20.wav,22050,10.0,220500,0.110299,0.141944,1766.84,885.95,2539.87,train
FV3PmFTHdDo_21.wav,22050,9.07,199990,0.087896,0.103347,1511.1,1149.17,2799.73,train
BiwgiNLIMBk_130.wav,22050,10.0,220500,0.104793,0.106588,2287.02,2432.08,4734.38,train
C34Kons67vE_10.wav,22050,10.0,220500,0.024852,0.186656,3299.69,2539.83,6240.43,train
D3x0mrlPPUs_30.wav,22050,10.0,220500,0.140244,0.045026,1319.22,1726.59,2645.81,train
BHKXR-d-ooI_0.wav,22050,10.0,220500,0.05496,0.018032,654.56,890.08,1314.75,train
56HleLMsynY_30.wav,22050,10.0,220500,0.029415,0.109378,1291.83,1044.6,2479.42,train
DMbFpzAfl3k_30.wav,22050,10.0,220500,0.171153,0.023244,539.98,889.59,856.18,train
2SCXssSqKQI_27.wav,22050,9.943,219242,0.225631,0.010639,447.2,1001.38,786.19,train
6Oq97kzJvpI_90.wav,22050,10.0,220500,0.039475,0.079755,2521.26,2474.95,5571.15,train
N5B-7qbYxfw_160.wav,22050,10.0,220500,0.101001,0.204288,3037.49,2425.06,5632.26,train
6OPjALwUcG0_18.wav,22050,9.94,219180,0.035313,0.147107,2322.53,1986.68,4069.7,train
DLC6OJph5p8_30.wav,22050,10.0,220500,0.15003,0.093845,1889.9,2121.28,3891.46,train
Hoj0kdhiUvw_30.wav,22050,10.0,220500,0.05015,0.150002,2452.85,2178.89,5034.85,train
9oTPqWCLHXU_20.wav,22050,10.0,220500,0.109817,0.099459,1884.38,1942.08,3905.78,train
ItOioad4PJI_9.wav,22050,9.861,217438,0.081507,0.081476,1101.95,1018.16,2327.21,train
Du6eYaJuXZg_30.wav,22050,10.0,220500,0.116792,0.193042,2618.38,1865.86,4889.31,train
WtjSkry0u34_29.wav,22050,9.359,206374,0.071647,0.144686,1802.65,1134.32,2790.2,train
39RxQKpnTVc_7.wav,22050,9.783,215714,0.081446,0.102516,1896.96,1675.32,3720.47,train
EziYqyQ23pk_10.wav,22050,10.0,220500,0.232706,0.055013,1057.09,1140.64,2236.58,train
N8ejrtmVbHs_60.wav,22050,10.0,220500,0.018608,0.250781,3712.06,2490.06,6877.88,train
f-DBiwuhr6k_290.wav,22050,10.0,220500,0.090637,0.065554,1250.56,1275.37,2597.12,train
hJeyEt8S1ZQ_0.wav,22050,8.636,190432,0.193405,0.095828,2353.86,2621.39,5155.03,train
0D-Km5GyAew_360.wav,22050,10.0,220500,0.099832,0.130342,1979.51,1605.81,3372.17,train
BFpCJjnY3L8_28.wav,22050,9.895,218184,0.280381,0.164304,2822.2,2560.15,5971.73,train
cijbqCu8hL0_30.wav,22050,10.0,220500,0.113394,0.136974,1781.14,1443.12,3471.77,train
1tAwK_nixFE_30.wav,22050,10.0,220500,0.045739,0.331341,3753.12,2673.58,6836.52,train
O_E8Ax9csIk_30.wav,22050,10.0,220500,0.0932,0.333382,4476.91,3408.42,8856.94,train
x-tKhlXcGrI_24.wav,22050,9.571,211040,0.016073,0.073046,927.24,374.53,1163.34,train
lTr5aAkncAM_220.wav,22050,10.0,220500,0.113077,0.152789,3188.12,2816.39,6551.84,train
QhTmxqQa1oE_140.wav,22050,10.0,220500,0.0384,0.361518,4445.89,2890.26,7948.85,train
oJvRfeoY2kI_30.wav,22050,10.0,220500,0.086072,0.136762,2442.35,2389.2,4978.22,train
ig7qseB_BDk_10.wav,22050,10.0,220500,0.084672,0.102626,1283.52,928.5,2348.22,train
h5H7F4LI4XE_340.wav,22050,10.0,220500,0.015105,0.319314,3940.94,2546.85,6618.34,train
H7lz2i5bQ8I_40.wav,22050,10.0,220500,0.002177,0.329517,4528.3,3200.55,8393.65,train
SjNynz3N0wA_100.wav,22050,10.0,220500,0.278486,0.082582,2161.18,2241.97,4554.1,train
X9jWvpb92W0_40.wav,22050,10.0,220500,0.041951,0.215656,3316.5,2648.03,6431.41,train
ByQiuMa6bfw_30.wav,22050,9.62,212116,0.147033,0.089028,1781.33,1904.47,3321.59,train
9KR6Kr_ixf0_290.wav,22050,10.0,220500,0.170511,0.170898,2917.81,2332.15,5359.19,train
UWWnZscdZno_30.wav,22050,10.0,220500,0.006989,0.119628,1698.46,1459.11,3465.27,train
l7I_FXF9Bbs_60.wav,22050,10.0,220500,0.127185,0.277571,4055.1,3165.55,8135.93,train
ds3IxifDirI_30.wav,22050,10.0,220500,0.072432,0.089208,1445.79,1466.51,3063.96,train
WirL0r7DzjE_90.wav,22050,10.0,220500,0.053371,0.231294,3429.4,2436.79,5919.46,train
exjmgvzpNyA_340.wav,22050,10.0,220500,0.148877,0.134522,1925.46,1830.64,3205.55,train
Wc1VTx0MOsU_30.wav,22050,10.0,220500,0.068878,0.074022,1523.68,1710.3,2985.1,train
DDV1CVX3C0c_230.wav,22050,10.0,220500,0.084242,0.106366,2079.68,1951.63,4435.79,train
KqG_gxzItqE_0.wav,22050,4.651,102544,0.031041,0.181031,2941.58,2627.57,5724.99,train
156uGy3lJbg_22.wav,22050,9.214,203172,0.196497,0.14548,2249.79,2065.3,4895.55,train
E31PuovQDic_380.wav,22050,10.0,220500,0.018577,0.45516,5428.27,3012.77,8978.75,train
g-fJGbvS9qM_30.wav,22050,10.0,220500,0.010144,0.033964,1368.51,2081.77,2530.55,train
dnyjhIfzBEI_30.wav,22050,10.0,220500,0.113135,0.143201,1634.94,951.07,2636.02,train
GVyO2KFERF0_30.wav,22050,10.0,220500,0.060812,0.078836,1831.71,2112.94,4052.84,train
SG2ArQE83SU_130.wav,22050,10.0,220500,0.020354,0.09242,2167.0,2442.34,4814.72,train
v-WqmgKJJrM_10.wav,22050,10.0,220500,0.018194,0.155309,3383.23,3193.15,7546.31,train
T8YgG6LmoLc_0.wav,22050,6.362,140288,0.071434,0.057811,1498.54,2091.86,3429.22,train
RKPiCYxAdUc_30.wav,22050,10.0,220500,0.006372,0.16374,2801.25,2609.22,5671.65,train
SYw3uShPPmk_30.wav,22050,10.0,220500,0.19417,0.059331,1619.23,2017.05,3313.49,train
pmEKtEaf-9E_0.wav,22050,10.0,220500,0.042225,0.115861,1935.76,1956.34,3763.46,train
pZ_PMJVkpIg_30.wav,22050,10.0,220500,0.032647,0.14898,2366.05,2187.38,4417.25,train
2SruY6ekaG0_60.wav,22050,10.0,220500,0.259133,0.103488,2068.2,2670.08,5097.12,train
wD-5UtJIuZo_410.wav,22050,10.0,220500,0.0637,0.212334,3499.01,2931.34,7086.2,train
xCapUgv2NzU_28.wav,22050,9.344,206040,0.386804,0.066635,982.96,754.77,1425.23,train
gngIE1iTqmw_0.wav,22050,9.0,198450,0.179367,0.111816,1452.54,780.15,2256.96,train
qqSq2vhWMAM_500.wav,22050,10.0,220500,0.279361,0.14618,2348.1,2049.39,4045.57,train
pqEA3LHKI4Q_30.wav,22050,10.0,220500,0.188589,0.058238,1811.79,2395.7,4388.15,train
TQ_XuXgawd8_150.wav,22050,10.0,220500,0.031819,0.114584,2114.65,2009.46,3961.48,train
2aHleQs3Uow_160.wav,22050,10.0,220500,0.051166,0.080134,1163.46,942.38,2113.58,train
icDMsiE9zJ4_470.wav,22050,10.0,220500,0.018464,0.150494,3043.84,2986.25,6934.07,train
8IGDmbP37Tw_30.wav,22050,10.0,220500,0.017349,0.347173,4571.16,2897.41,7900.16,train
901E5dcjAAs_50.wav,22050,10.0,220500,0.291162,0.100679,2138.21,2427.96,4676.18,train
3OQtvY1_Q70_0.wav,22050,10.0,220500,0.10321,0.178846,3045.36,2633.04,6138.96,train
42sY0PM9Bts_30.wav,22050,10.0,220500,0.001266,0.210582,3579.9,3095.09,7637.82,train
RygN9WkoErY_50.wav,22050,10.0,220500,0.129683,0.120007,2583.08,2627.98,5810.59,train
5LXr75N6F9o_10.wav,22050,10.0,220500,0.130066,0.112733,2527.29,2493.7,5174.84,train
rV0MUbjLuWY_0.wav,22050,10.0,220500,0.004277,0.209252,3221.87,2653.32,6329.36,train
aTloL-j5BSY_280.wav,22050,10.0,220500,0.072853,0.542595,5683.86,2652.39,8470.09,train
lvbDzOSJwXw_180.wav,22050,10.0,220500,0.128376,0.073037,1956.49,2327.81,4336.27,train
yrfnBUWT5Yk_18.wav,22050,9.91,218524,0.012004,0.114396,2138.83,2039.03,3906.33,train
P_kq6JPJDYI_30.wav,22050,10.0,220500,0.052708,0.063326,1027.16,921.19,2074.23,train
x-j5MdM1KR0_14.wav,22050,9.986,220196,0.117911,0.124855,2251.45,2246.68,4549.78,train
mwVjWrXtMQA_30.wav,22050,10.0,220500,0.008616,0.128265,2207.43,1899.99,4211.76,train
2-ppz_pSlrQ_170.wav,22050,10.0,220500,0.15099,0.10896,2107.17,2288.55,4180.61,train
9t-0RRw6lW8_0.wav,22050,10.0,220500,0.037669,0.236285,3510.31,2603.89,6365.21,train
TcNrd1zbjpI_50.wav,22050,10.0,220500,0.177801,0.068982,1685.88,1912.41,3257.18,train
1SR4TYYxn7g_20.wav,22050,10.0,220500,0.105361,0.199182,3047.18,2366.31,5475.13,train
-ftsWQmiiTY_30.wav,22050,10.0,220500,0.090052,0.107014,1658.46,1329.58,3120.54,train
Va_iQUHN5VU_0.wav,22050,1.028,22672,0.049694,0.044065,1237.77,1711.97,2151.88,train
p7onLCPUFIM_170.wav,22050,10.0,220500,0.03583,0.313125,4229.46,2979.92,8065.91,train
lT2KWlgfh8c_440.wav,22050,10.0,220500,0.005425,0.310664,4176.53,2882.43,7521.88,train
1-f5Srv0gY4_370.wav,22050,10.0,220500,0.026896,0.090799,1769.88,1931.85,3005.96,train
5KPE5rK6jjU_30.wav,22050,10.0,220500,0.027584,0.055176,905.29,1030.73,1424.44,train
iLvKIRqUfy4_20.wav,22050,10.0,220500,0.056536,0.163404,3231.15,3054.98,7088.55,train
GQq6G3x6eTw_140.wav,22050,10.0,220500,0.153748,0.301198,3568.17,2203.86,5642.15,train
_XUv_gysY6s_30.wav,22050,10.0,220500,0.083903,0.081637,1632.53,1958.32,3307.0,train
iEExeGDsHxU_30.wav,22050,10.0,220500,0.122682,0.082319,1609.94,1837.31,2975.98,train
La8lFqymc7Q_10.wav,22050,10.0,220500,0.058139,0.101957,2058.81,2290.54,4296.67,train
vhLZT52jIGo_20.wav,22050,10.0,220500,0.067985,0.326838,4460.0,3121.96,8351.09,train
GoGmDhVBe14_30.wav,22050,10.0,220500,0.040151,0.403758,4780.61,2740.16,7934.01,train
5an2EvFUmzg_30.wav,22050,10.0,220500,0.164342,0.110898,1540.07,1112.74,2839.04,train
yNX0QTQL3fs_280.wav,22050,10.0,220500,0.018772,0.110838,2310.9,2408.41,4550.93,train
81xIktu7Nm8_20.wav,22050,10.0,220500,0.251022,0.152849,2364.42,1726.88,3896.74,train
UPqkxFZQeR0_30.wav,22050,10.0,220500,0.139652,0.117485,1861.17,1730.44,3406.79,train
HflaJPCPK4A_260.wav,22050,10.0,220500,0.012749,0.080043,1573.31,1792.33,3033.76,train
PzQpPfJz1AQ_50.wav,22050,10.0,220500,0.104128,0.045376,923.86,1166.96,1920.7,train
eB0LGHFbC_s_490.wav,22050,10.0,220500,0.041854,0.181076,3080.69,2665.42,6123.22,train
JEFOFCr--_Y_210.wav,22050,10.0,220500,0.058555,0.250146,3560.67,2684.0,6713.74,train
NXHarHY4Dbk_30.wav,22050,10.0,220500,0.12706,0.220464,3256.63,2414.51,5790.38,train
zuK8Yvc0Yhs_0.wav,22050,10.0,220500,0.089268,0.192783,3028.23,2226.98,5350.45,train
J0M1a9LXXrU_230.wav,22050,10.0,220500,0.028083,0.179604,2504.93,2071.08,4741.48,train
c-KDag4F6UM_30.wav,22050,10.0,220500,0.079299,0.109444,2225.91,2361.11,4383.83,train
6XgdhDzMtO0_0.wav,22050,10.0,220500,0.025569,0.117545,2182.9,2289.23,4691.54,train
TtlSo6Sbiws_30.wav,22050,10.0,220500,0.041983,0.308226,4189.14,2932.23,7541.32,train
pIkeIWxVsLs_30.wav,22050,9.497,209412,0.065057,0.053774,1756.92,2137.22,3934.04,train
_jv4eQ5_nVs_260.wav,22050,10.0,220500,0.202947,0.04376,870.29,1129.08,1705.0,train
P-c1UN9WHrU_190.wav,22050,10.0,220500,0.007622,0.176469,2860.32,2394.88,5450.02,train
FEC-axH4us8_60.wav,22050,10.0,220500,0.04097,0.079816,1369.17,1265.69,2436.82,train
37J8lZ8ls-I_260.wav,22050,10.0,220500,0.325478,0.121019,1706.43,1251.63,2679.41,train
8nNGJTnbZJY_90.wav,22050,10.0,220500,0.044201,0.219178,3350.92,2675.32,6419.89,train
eJXixS52jkU_30.wav,22050,10.0,220500,0.196146,0.26536,3000.37,1638.46,4960.13,train
uDy4mYik4fo_50.wav,22050,10.0,220500,0.048781,0.130967,3036.51,2667.0,6350.02,train
Vy5hcJtsP3k_30.wav,22050,10.0,220500,0.03356,0.134937,2339.98,2319.99,4643.93,train
74Np3ZaawzA_40.wav,22050,10.0,220500,0.143844,0.063949,1329.79,1532.92,2713.31,train
pi95OISnPDI_0.wav,22050,10.0,220500,0.043471,0.314267,4205.9,2875.28,7710.39,train
k_ybDoQ1PnI_20.wav,22050,10.0,220500,0.053057,0.107028,2009.9,1954.74,4282.61,train
7e6oCwUc7Gg_16.wav,22050,10.0,220500,0.124953,0.059366,1101.97,919.36,2014.85,train
1HolygBIQJo_30.wav,22050,10.0,220500,0.438022,0.021401,756.83,1110.31,1588.24,train
3BAMClKdbK8_0.wav,22050,7.623,168080,0.374416,0.065796,1063.67,1038.87,1777.18,train
BU30S3yRaO0_90.wav,22050,10.0,220500,0.008052,0.098207,1580.41,1487.97,2633.05,train
0c-HUUdescQ_0.wav,22050,8.197,180736,0.15028,0.144538,2483.92,1966.76,4536.85,train
aLm6z_ff-Ag_170.wav,22050,10.0,220500,0.094348,0.076371,1538.64,1715.29,2893.59,train
CJsbO_niLKY_40.wav,22050,10.0,220500,0.015342,0.343668,2504.71,2324.08,5505.93,train
SIJqjbi5aJg_30.wav,22050,10.0,220500,0.165623,0.253897,3019.22,1967.3,5114.46,train
-e7D22FRUM0_30.wav,22050,10.0,220500,0.044859,0.116738,2256.81,2258.23,4312.01,train
2eMxfXNdlZI_30.wav,22050,10.0,220500,0.011165,0.052295,1169.48,1709.01,2310.22,train
wz72iTYGrR4_30.wav,22050,10.0,220500,0.040037,0.149354,2623.97,2224.93,5073.12,train
A1ispdyVwdw_80.wav,22050,10.0,220500,0.074436,0.13081,2137.37,1932.27,3872.45,train
G_JuYhdKk4Q_400.wav,22050,10.0,220500,0.104745,0.108596,2220.42,2371.72,4845.85,train
RjjfJe469As_100.wav,22050,10.0,220500,0.19939,0.092519,1334.74,1018.43,2170.48,train
3gPP-fJEkeQ_30.wav,22050,10.0,220500,0.027942,0.121652,2436.1,2528.32,5128.92,train
ubsZFT1sRTU_30.wav,22050,10.0,220500,0.106915,0.049554,964.43,1152.84,1981.75,train
SN3O8JKcDeM_120.wav,22050,10.0,220500,0.052143,0.197847,3588.2,2799.97,6770.94,train
VMmN-m3Q-NA_11.wav,22050,9.016,198794,0.321128,0.08869,1363.85,1165.55,2459.96,train
adgS-GWLl_U_30.wav,22050,10.0,220500,0.071544,0.287948,4147.94,2896.7,7737.79,train
q7x1hihRXM4_580.wav,22050,10.0,220500,0.00752,0.270424,2878.53,2945.87,6387.49,train
W53-YgfTYY0_24.wav,22050,10.0,220500,0.115817,0.125196,1784.52,1334.56,2774.14,train
c47yuyBcMEE_500.wav,22050,10.0,220500,0.201995,0.161351,2509.17,2130.45,4490.82,train
e-DT9zFVTF4_30.wav,22050,10.0,220500,0.001002,0.116505,3097.55,3224.14,7311.62,train
faQtaMxJSn0_160.wav,22050,10.0,220500,0.108946,0.110983,2300.69,2476.07,4590.69,train
Riu9TpsQ_mk_9.wav,22050,9.576,211150,0.029162,0.255019,3772.21,2783.64,7067.22,train
-ZJ1lB1I3b0_30.wav,22050,10.0,220500,0.149058,0.036517,972.25,1225.24,2032.39,train
9s3TaME3jP8_0.wav,22050,10.0,220500,0.052761,0.098906,1525.17,1137.56,2864.32,train
Gh34M6wBhG8_21.wav,22050,9.047,199478,0.183728,0.135491,2079.7,1251.72,3480.01,train
IclFv7GGoDI_40.wav,22050,10.0,220500,0.198804,0.124657,2506.14,2287.25,4718.32,train
CCKkWxbTfY0_0.wav,22050,3.019,66560,0.225053,0.079866,1653.15,1250.63,3449.75,train
28OKxAF24Pk_6.wav,22050,9.494,209348,0.199891,0.119117,2312.36,2074.63,4296.14,train
J_7LhzoMRKk_30.wav,22050,10.0,220500,0.167043,0.152089,2709.5,2459.74,5486.6,train
6OagsiELfhE_5.wav,22050,9.489,209238,0.166265,0.204905,2785.67,2076.82,4916.36,train
GMcRxjlUnRg_30.wav,22050,10.0,220500,0.005802,0.162689,2915.59,2824.92,6349.9,train
XdXhxX7cKBc_150.wav,22050,10.0,220500,0.13504,0.152173,1807.61,957.93,2737.36,train
lmSgxskAcX8_40.wav,22050,10.0,220500,0.031838,0.456366,5100.69,2857.49,8775.9,train
Ym_aettoxm8_80.wav,22050,10.0,220500,0.075232,0.07012,1623.17,1949.73,3347.14,train
TwDZYizpLi0_30.wav,22050,10.0,220500,0.036041,0.185188,3044.36,2724.81,6404.1,train
5awETLn3130_30.wav,22050,10.0,220500,0.343448,0.100287,1886.9,1787.11,3726.44,train
1blRn92uJuE_30.wav,22050,10.0,220500,0.145663,0.121514,2203.47,2054.43,4087.64,train
FRymm4Bk3cE_30.wav,22050,10.0,220500,0.06382,0.114321,1975.05,1907.65,3532.27,train
MSAu49HSDGY_210.wav,22050,10.0,220500,0.119086,0.162402,2667.95,2255.16,5132.05,train
MvXlLm_Nl6Q_0.wav,22050,10.0,220500,0.120519,0.206489,2762.7,2150.93,4802.5,train
-9uphWeIyj8_6.wav,22050,9.808,216260,0.020283,0.174517,2493.14,1857.6,4307.35,train
eHO-PR2zf0M_50.wav,22050,10.0,220500,0.066548,0.327525,4222.22,2735.58,7308.37,train
DQborvASbEI_30.wav,22050,10.0,220500,0.063992,0.067935,1260.14,1494.65,2282.14,train
Ck-WHhvpTI0_30.wav,22050,10.0,220500,0.080829,0.470554,5514.36,1541.49,7058.37,train
2KeQHEjyip0_27.wav,22050,9.362,206442,0.151197,0.150137,2568.27,2424.97,5124.74,train
_4gjKg7yDaw_30.wav,22050,10.0,220500,0.003859,0.208802,2744.84,2185.52,4800.38,train
Yn-q47jAYfg_30.wav,22050,10.0,220500,0.005016,0.070608,2160.43,2501.21,4534.24,train
uVoiEFFEs2Q_20.wav,22050,10.0,220500,0.179598,0.076326,1886.24,2006.61,3885.54,train
JK3d6Q44dsk_240.wav,22050,10.0,220500,0.084055,0.06145,1509.43,1986.52,3054.82,train
gRYnsN6aaDM_10.wav,22050,10.0,220500,0.082561,0.267763,3087.38,1607.24,4923.88,train
oJwoW4WIafo_30.wav,22050,10.0,220500,0.214066,0.093334,2082.08,2235.07,4271.59,train
4Qya4ch1qho_30.wav,22050,10.0,220500,0.03875,0.085973,1611.94,1849.05,3251.26,train
44Z8qGtzwEE_20.wav,22050,10.0,220500,0.051002,0.224925,3119.17,2365.88,5855.66,train
DyfyKow16WI_30.wav,22050,10.0,220500,0.080521,0.082682,1854.42,2181.68,3628.67,train
zzKGgD4uF2E_530.wav,22050,10.0,220500,0.074141,0.230811,3403.5,2358.09,6119.1,train
oX-r3sYSTfc_30.wav,22050,10.0,220500,0.010933,0.097065,1608.27,1657.4,2583.66,train
wF6Q4w31GpE_20.wav,22050,10.0,220500,0.084845,0.137128,2025.0,1720.39,3310.47,train
DtLl8_VeJYM_40.wav,22050,10.0,220500,0.052468,0.162012,2121.28,1568.93,4093.06,train
gRKPQZ7DtjQ_30.wav,22050,10.0,220500,0.086231,0.139092,2490.61,2444.79,5016.84,train
jy9jbtdlX_0_40.wav,22050,10.0,220500,0.064004,0.123916,2046.94,1976.52,3923.84,train
y6D4kLRwT1A_0.wav,22050,10.0,220500,0.060785,0.138335,2545.49,2400.63,5212.41,train
1H6sOay0DWw_30.wav,22050,10.0,220500,0.023339,0.071141,1585.16,2181.79,3247.79,train
8MealZHeoJE_30.wav,22050,10.0,220500,0.519274,0.034037,1677.83,2257.57,3772.06,train
gpa7XKj5SQM_20.wav,22050,10.0,220500,0.087418,0.181365,2147.6,1299.6,2959.37,train
on4Wcl-i0mY_470.wav,22050,10.0,220500,0.086164,0.199373,3073.86,2545.87,5677.27,train
hNeeIQqS6iI_40.wav,22050,10.0,220500,0.015861,0.130132,3139.53,2884.89,6724.2,train
_SNr4XpbqNQ_30.wav,22050,10.0,220500,0.049217,0.125461,1722.51,1344.13,2548.01,train
IJ8-cf4hNAg_280.wav,22050,10.0,220500,0.062569,0.155119,2541.87,2149.14,4754.79,train
7c-ZmDWi8vc_20.wav,22050,10.0,220500,0.256018,0.432817,5044.6,3069.22,8410.54,train
zFHqbtDHkZE_20.wav,22050,10.0,220500,0.113206,0.110975,1941.08,2012.87,3924.99,train
cwR5sH0wyHg_120.wav,22050,10.0,220500,0.04226,0.36006,3963.19,2534.22,6978.71,train
jl0DwyguSOg_0.wav,22050,10.0,220500,0.382557,0.039239,1050.35,1178.37,2063.72,train
I_xuhSrQ-zM_10.wav,22050,10.0,220500,0.441692,0.057058,2048.68,2390.25,4585.27,train
KGcrVywKkXs_6.wav,22050,10.0,220500,0.042995,0.088355,1306.65,1096.18,2409.82,train
ajrHxqlHCxo_170.wav,22050,10.0,220500,0.051165,0.236546,3460.07,2523.22,6244.83,train
FZvLztX1Ewc_30.wav,22050,10.0,220500,0.575613,0.126297,2611.48,2147.72,4859.83,train
3yRGmsrKkQU_230.wav,22050,10.0,220500,0.152785,0.065235,1439.15,1803.41,2674.11,train
I-w3yE799C0_0.wav,22050,6.803,150016,0.043739,0.082682,2135.38,2382.9,4450.49,train
96oiHVCDjdU_30.wav,22050,10.0,220500,0.222818,0.042769,1348.71,1893.9,2595.68,train
BJCguMNIi1E_30.wav,22050,10.0,220500,0.011834,0.292939,4265.23,3345.73,8214.59,train
WugIaiNOsrE_30.wav,22050,10.0,220500,0.033703,0.120213,1942.89,1978.11,3030.59,train
fxD31FmQgj0_0.wav,22050,3.762,82944,0.392516,0.068132,2673.13,1378.0,4149.1,train
wJpmCiK8-Ow_30.wav,22050,10.0,220500,0.012076,0.13368,1622.14,1059.22,2606.27,val
w1ir-sZ3Im8_90.wav,22050,10.0,220500,0.057722,0.241725,3034.5,2181.03,5751.69,val
uRlbY6_aoBU_0.wav,22050,6.037,133120,0.012512,0.132143,3027.31,2853.89,6576.78,val
u6jIvCtKarQ_70.wav,22050,10.0,220500,0.037984,0.104507,2384.58,2504.58,4992.01,val
uVJOoZkis2A_30.wav,22050,10.0,220500,0.137193,0.164564,2802.13,2460.32,5440.46,val
w2JXXIAdUdg_10.wav,22050,10.0,220500,0.013387,0.088616,1278.68,1111.21,2245.72,val
tAJk7rQlSi4_320.wav,22050,10.0,220500,0.017203,0.124843,1851.76,1744.81,3091.64,val
xBxDz0CFVn0_30.wav,22050,10.0,220500,0.051565,0.043549,965.37,1297.79,2204.33,val
xOZfdgAgJ9o_40.wav,22050,10.0,220500,0.079956,0.042608,1269.22,1881.61,2350.97,val
z9-3K1PFMjw_30.wav,22050,10.0,220500,0.149399,0.084508,1533.83,1512.89,2839.29,val
wqZ135_Ssz0_60.wav,22050,10.0,220500,0.066703,0.076338,1622.42,2046.82,3179.37,val
vzxHnu-SFEw_80.wav,22050,10.0,220500,0.190694,0.275551,3968.58,3091.5,7887.15,val
x_l2PIWyXaM_160.wav,22050,10.0,220500,0.059044,0.14246,2039.87,1680.02,3815.32,val
x6iCUDmRpKQ_38.wav,22050,9.681,213460,0.072901,0.177575,2814.72,2393.49,5377.98,val
y2ZBGpgbhHM_30.wav,22050,10.0,220500,0.004783,0.177199,3242.87,2806.91,6493.01,val
sW_ZzX_uWYY_420.wav,22050,10.0,220500,0.052424,0.139699,2421.19,2321.36,4945.04,val
xjvTpk2Zpr8_70.wav,22050,10.0,220500,0.069135,0.102769,1815.51,1951.55,3810.08,val
zCrAfDfv6-A_30.wav,22050,10.0,220500,0.019389,0.12113,2034.73,2369.37,4055.16,val
s3cT_DAj31g_80.wav,22050,10.0,220500,0.140416,0.139877,2429.75,2211.85,4622.44,val
yfdjbS0FjI0_24.wav,22050,10.0,220500,0.047788,0.105883,1873.67,1986.96,3773.76,val
x-PeY8Yb8M4_300.wav,22050,10.0,220500,0.101648,0.020943,381.24,409.73,711.99,val
yHtbLI6kxAc_30.wav,22050,10.0,220500,0.026402,0.117066,2794.57,2950.99,6578.97,val
w2M4i1mklOA_30.wav,22050,10.0,220500,0.028743,0.167181,3096.83,2721.56,6457.71,val
yNtRmrn0io8_210.wav,22050,10.0,220500,0.058429,0.059348,1554.71,2084.85,3084.94,val
yBksF4L5Ics_30.wav,22050,10.0,220500,0.0259,0.090439,2077.86,2405.58,4563.44,val
zd93ITwIf_g_70.wav,22050,10.0,220500,0.103255,0.133291,2293.93,2169.94,4512.03,val
xYr1ZvFVPYg_0.wav,22050,10.0,220500,0.069213,0.114006,2536.83,2692.24,5592.36,val
v7Pz4dWmggg_30.wav,22050,10.0,220500,0.339994,0.190045,2236.0,1394.45,3699.76,val
tdWhHV3X25Q_60.wav,22050,10.0,220500,0.067702,0.143568,2434.42,2142.29,4625.57,val
y4tPJXBKDig_20.wav,22050,10.0,220500,0.067131,0.105792,1618.02,1335.33,3093.11,val
y8WEcpOlT3I_40.wav,22050,10.0,220500,0.040486,0.053992,1307.22,2183.14,2455.18,val
wicG6b_Yyus_30.wav,22050,10.0,220500,0.047761,0.036415,1059.77,1502.92,2313.17,val
uzQnlJXBbOM_50.wav,22050,10.0,220500,0.036735,0.109312,1511.15,1059.99,2608.09,val
x-Yx0rqr1vY_30.wav,22050,10.0,220500,0.087036,0.085845,1846.59,1899.3,3633.64,val
yLy-WycbVVE_30.wav,22050,10.0,220500,0.123449,0.119495,1890.72,1810.29,3425.43,val
xa-eDgz1Ob4_30.wav,22050,10.0,220500,0.170235,0.185243,2695.22,1854.66,4712.1,val
x4a9YGIw4ok_120.wav,22050,10.0,220500,0.029371,0.158662,2769.5,2533.34,5533.96,val
v5tqYBzowxI_4.wav,22050,9.584,211320,0.046888,0.055169,994.69,1219.4,1797.55,val
v5P-ThUCINM_400.wav,22050,10.0,220500,0.020661,0.217176,3438.2,2986.17,7170.88,val
zl9Dqx-j7q4_6.wav,22050,9.395,207156,0.452172,0.198151,2402.77,1483.28,3474.02,val
wwyfGO2J__4_90.wav,22050,10.0,220500,0.055069,0.198865,2739.09,1979.15,4997.43,val
zvmXKyAFq80_10.wav,22050,10.0,220500,0.126045,0.074723,1946.15,2256.54,4332.85,val
u21-Z5gJCB8_30.wav,22050,10.0,220500,0.209315,0.106036,2004.38,1864.2,3699.54,val
vhJWZhe_qaE_0.wav,22050,10.0,220500,0.053045,0.157062,3063.22,2668.32,6357.17,val
zY3icUyMdh8_20.wav,22050,10.0,220500,0.12504,0.127566,2128.38,2130.71,4165.23,val
zuua6-5goWw_30.wav,22050,10.0,220500,0.001453,0.375568,4261.26,2819.47,7430.55,val
vx1gfpZnjAM_30.wav,22050,10.0,220500,0.147345,0.118667,1776.26,1424.68,3233.23,val
sRSNKun0Hpk_100.wav,22050,10.0,220500,0.115217,0.434605,4413.53,1863.41,6442.6,val
tTKJR_oYdhw_11.wav,22050,9.434,208010,0.105226,0.05574,897.18,868.46,1602.05,val
sTpirNYo8vQ_30.wav,22050,10.0,220500,0.191939,0.2054,3199.37,2667.3,6029.12,val
x5eIC7S0fbg_60.wav,22050,10.0,220500,0.055627,0.148064,2231.34,1965.41,3994.43,val
xV7Mg1QucSc_14.wav,22050,9.22,203300,0.052525,0.146638,1852.62,1378.79,3447.77,val
sZPuqDgX2V0_30.wav,22050,10.0,220500,0.192143,0.076411,1699.47,1801.54,3437.54,val
yVumC9TGknc_30.wav,22050,10.0,220500,0.104619,0.023726,474.9,809.44,938.17,val
yVVP8XvWJTo_260.wav,22050,10.0,220500,0.090946,0.072809,1236.29,1500.09,2120.87,val
zTLVJCo4WEE_30.wav,22050,10.0,220500,0.023767,0.265505,3703.99,3174.15,7235.71,val
zsLxS-uLJTw_20.wav,22050,10.0,220500,0.135864,0.085557,2220.06,2500.57,4885.31,val
xPiVrZL4qek_10.wav,22050,10.0,220500,0.090855,0.173916,2709.59,2281.38,5071.32,val
wyllXV6PjKo_30.wav,22050,10.0,220500,0.175922,0.144896,2687.55,2385.77,5254.58,val
ydc0oG9pC7k_0.wav,22050,10.0,220500,0.095577,0.118522,2599.69,2809.21,6036.77,val
wvmLR1nQ1qs_50.wav,22050,10.0,220500,0.300287,0.034673,833.09,1054.33,1506.67,val
scYRUkrFLiQ_30.wav,22050,10.0,220500,0.066559,0.17006,2112.82,960.17,2340.15,val
tvP4E1r7yk8_120.wav,22050,10.0,220500,0.127275,0.079818,1290.3,1280.87,2321.74,val
sZvwOuuPGP0_50.wav,22050,10.0,220500,0.209202,0.372646,4918.45,3326.11,8521.08,val
sYITalLZjj4_30.wav,22050,10.0,220500,0.007736,0.207174,2861.58,2183.98,5458.67,val
wqN6IIHw3po_30.wav,22050,10.0,220500,0.103533,0.231876,3404.98,2629.77,6578.34,val
s6DESzUTGjY_16.wav,22050,9.751,215008,0.013574,0.095626,1503.82,1460.73,2872.86,val
uzCwFme0ayE_140.wav,22050,10.0,220500,0.142658,0.134399,1905.15,1275.52,3309.57,val
vW4x7S1VfQc_150.wav,22050,10.0,220500,0.127416,0.567011,6195.3,2368.0,8727.07,val
tbLjCaI0-Lo_80.wav,22050,10.0,220500,0.072614,0.154271,2364.25,2138.67,4130.38,val
xNMovAf3o50_0.wav,22050,10.0,220500,0.076683,0.217061,3619.5,3380.43,8091.69,val
uEU-Hg5MTN8_27.wav,22050,9.2,202858,0.06202,0.164554,2793.96,2342.65,5189.85,val
ueri5ZFoY7w_0.wav,22050,10.0,220500,0.214101,0.055604,1291.53,1373.98,2672.27,val
zPKXXJn5r3U_30.wav,22050,10.0,220500,0.08892,0.257351,3806.77,2967.34,7418.06,val
rqu8iB22I_Y_5.wav,22050,10.0,220500,0.105788,0.201632,3087.6,2386.8,5834.92,val
t5ZbXbniOWk_30.wav,22050,10.0,220500,0.154571,0.154885,2792.34,2818.98,6232.76,val
w1mlz3Pe4fU_300.wav,22050,10.0,220500,0.002254,0.295432,4153.15,2900.04,7850.83,val
zgUgkpk78xU_70.wav,22050,10.0,220500,0.084607,0.165808,2871.8,2666.33,6153.33,val
v8vMLTp5Dww_210.wav,22050,10.0,220500,0.083641,0.456792,5174.24,2876.27,7972.21,val
sfk9D8cQEAg_70.wav,22050,10.0,220500,0.040062,0.247092,3639.81,2954.58,7306.5,val
ysz2T2Hczmk_50.wav,22050,10.0,220500,0.061938,0.259557,3604.47,2808.15,6847.83,val
ti_DFTC-5vU_30.wav,22050,10.0,220500,0.070016,0.320165,3939.49,2380.67,6615.64,val
sU53zg9Jp7s_380.wav,22050,10.0,220500,0.023407,0.105297,2400.85,2550.78,5133.6,val
uiS58TNyUiw_430.wav,22050,10.0,220500,0.037826,0.156373,2552.83,2215.55,4617.22,val
v3EwremxU2w_70.wav,22050,10.0,220500,0.06816,0.100404,2003.4,2103.23,3823.57,val
zoKp_laniT8_10.wav,22050,9.43,207932,0.109661,0.063231,1064.69,1102.85,2039.23,val
xmdGaCbvhFc_140.wav,22050,10.0,220500,0.032412,0.111617,2366.84,2520.56,5042.67,val
sAam2NqGhLY_20.wav,22050,10.0,220500,0.00923,0.173204,2857.31,2602.97,5715.57,val
sk3WTKnlJ-U_30.wav,22050,10.0,220500,0.018869,0.123536,1683.4,1227.52,3236.4,val
yKKOHg5xlPE_20.wav,22050,10.0,220500,0.112046,0.152341,2323.25,1957.57,4176.69,val
u5RmF3c3_Aw_60.wav,22050,10.0,220500,0.103456,0.098066,2078.0,2118.75,3812.98,val
wTideSjRFS0_30.wav,22050,10.0,220500,0.199027,0.211096,3393.71,2439.02,6021.88,val
yPUYU6t3rwo_370.wav,22050,10.0,220500,0.01644,0.155375,2785.99,2623.06,5796.35,val
yZrFNS7GFBQ_30.wav,22050,10.0,220500,0.083458,0.088877,1861.92,2113.76,3615.28,val
zwOBqeFTgiU_30.wav,22050,10.0,220500,0.170584,0.262312,3480.11,1785.98,5118.38,val
tH17JPjDPnc_260.wav,22050,10.0,220500,0.055625,0.349029,4437.1,2846.47,7804.74,val
xMXvkIcaG0Y_30.wav,22050,10.0,220500,0.156538,0.191728,3188.11,2859.51,6751.68,val
xYoIXskAdKg_20.wav,22050,9.675,213336,0.281865,0.154983,2901.59,2742.82,6202.62,val
viuTg1M-dqg_30.wav,22050,10.0,220500,0.038177,0.082713,2090.56,2386.44,4439.51,val
sxIvBMSavMQ_210.wav,22050,10.0,220500,0.002914,0.180287,2460.49,1633.41,4510.88,val
sGgBtiZY0U8_30.wav,22050,10.0,220500,0.196699,0.045347,1103.53,1144.29,2124.49,val
tMJne1a4AFI_0.wav,22050,10.0,220500,0.140153,0.102638,2954.23,3280.73,7294.31,val
vbr9mHKc8WM_40.wav,22050,10.0,220500,0.06147,0.310397,4107.35,2847.32,7043.61,val
uKCSGgof8gI_12.wav,22050,9.641,212584,0.158774,0.079123,1402.17,1423.55,2785.26,val
vBslzh7saPw_90.wav,22050,10.0,220500,0.225967,0.207115,3431.26,2955.03,7277.17,val
shmR4OZtzqA_30.wav,22050,10.0,220500,0.140766,0.134791,2499.23,2485.25,5072.49,val
xyx6eNVEYRY_380.wav,22050,10.0,220500,0.120709,0.153581,2126.67,1725.83,3929.46,val
sUVVjE3Ucp8_0.wav,22050,10.0,220500,0.164151,0.105726,1399.45,906.05,2461.01,val
slZLHwNbbt4_300.wav,22050,10.0,220500,0.099768,0.088566,2155.36,2390.0,4720.52,val
zdYdyF9-m8U_7.wav,22050,9.927,218898,0.112384,0.124868,1538.47,1079.8,2837.33,val
wjsXBsc7M40_10.wav,22050,10.0,220500,0.066232,0.361744,4577.18,3061.5,8331.43,val
ujjK7WUHxss_30.wav,22050,10.0,220500,0.07022,0.077275,1638.94,1998.33,3191.84,val
yDoT73BWsdA_10.wav,22050,10.0,220500,0.217868,0.066363,1242.91,1198.0,2194.66,val
tfwqvvLzC0E_30.wav,22050,10.0,220500,0.077173,0.114693,1888.17,1824.82,3343.19,val
yI-KvObbDoY_260.wav,22050,10.0,220500,0.028103,0.074619,2059.15,2584.04,4775.65,val
yks4cLgIDMc_170.wav,22050,10.0,220500,0.084026,0.143831,2349.99,1989.8,4357.18,val
yNPcyWWmbUk_40.wav,22050,10.0,220500,0.035885,0.165572,2832.55,2558.68,5692.98,val
rwb6PSAee5Y_60.wav,22050,10.0,220500,0.1092,0.158247,2192.17,1636.77,3937.83,val
wr3f9H2tjvg_60.wav,22050,10.0,220500,0.087276,0.106013,2036.49,2144.07,4014.99,val
ukxt9I7eMMg_30.wav,22050,10.0,220500,0.038803,0.398717,4998.44,2946.36,8470.44,val
vaX_J_G3638_130.wav,22050,10.0,220500,0.059918,0.15311,2261.98,1831.78,4485.2,val
vhIcOufIwo4_30.wav,22050,10.0,220500,0.116561,0.13892,2848.71,2878.25,6290.27,val
yhQ2Lg-7qDY_130.wav,22050,10.0,220500,0.076922,0.422273,5115.06,2831.32,8617.53,val
voJh2gJxXhA_50.wav,22050,10.0,220500,0.027444,0.123209,2078.96,1601.3,3795.69,val
xx3yKzrSOBI_40.wav,22050,10.0,220500,0.272732,0.103664,1605.32,1564.95,2512.62,val
wEBlkGWVWwE_260.wav,22050,10.0,220500,0.039364,0.0951,1921.94,2048.72,3775.53,val
z4uELRI6p08_40.wav,22050,10.0,220500,0.031845,0.143913,2844.6,2831.86,6201.29,val
zaIbETo-WtU_440.wav,22050,10.0,220500,0.015574,0.148879,2744.76,2742.72,6026.65,val
tG_cFnX0GHI_0.wav,22050,10.0,220500,0.134329,0.155153,2287.93,1921.74,4312.51,val
v7jJ_S8aAyA_10.wav,22050,10.0,220500,0.264167,0.025162,867.77,1638.74,1630.55,val
wqTCwqVRDlk_80.wav,22050,10.0,220500,0.134116,0.092937,1430.99,1225.97,2775.71,val
wzXPRI7eXOM_50.wav,22050,10.0,220500,0.060782,0.204929,2938.51,2379.49,5811.57,val
uJV8NDaHqqk_100.wav,22050,10.0,220500,0.00588,0.188461,3526.48,2996.81,7176.83,val
zk-xJGQU8-4_130.wav,22050,10.0,220500,0.045911,0.217967,3520.82,2767.31,6741.49,val
wWVxe57200I_100.wav,22050,10.0,220500,0.062585,0.184743,3341.51,2952.98,6854.83,val
zofjfKhqLk8_10.wav,22050,10.0,220500,0.0872,0.174808,2697.2,2439.95,5606.78,val
wz_tCSUxOf8_130.wav,22050,10.0,220500,0.05503,0.175379,2676.62,2153.36,5017.01,val
ugHJF0hfYkg_10.wav,22050,10.0,220500,0.157718,0.298749,3983.11,3104.95,8074.33,val
yW6FWLSLkx4_40.wav,22050,10.0,220500,0.067587,0.06748,1536.27,1499.85,3046.75,val
zPpG3RD8lSs_20.wav,22050,8.881,195816,0.008542,0.149169,3126.76,2985.57,6960.57,val
zU-oKUEckKo_60.wav,22050,10.0,220500,0.208297,0.195131,3349.04,2833.97,6804.52,val
xX2OnECANVI_70.wav,22050,10.0,220500,0.12064,0.245067,3572.73,2739.74,6856.4,val
wnpJndXuxLc_50.wav,22050,10.0,220500,0.167137,0.103827,2095.37,1952.26,3446.96,val
wyjQhK3XMFQ_180.wav,22050,10.0,220500,0.023702,0.331289,4217.63,2980.07,7715.43,val
zIoaIUegh7M_10.wav,22050,10.0,220500,0.129212,0.194329,3336.55,1761.27,5034.25,val
tHyNqRyK34A_24.wav,22050,9.014,198752,0.108252,0.064733,1310.38,1336.75,2715.9,val
tYuX1SH_ZKo_1.wav,22050,9.618,212078,0.103487,0.094352,1624.95,1522.9,3412.08,val
zRNwZZQwDIU_60.wav,22050,10.0,220500,0.096359,0.244263,3660.56,2615.81,6581.27,val
wl44ppID9ds_30.wav,22050,10.0,220500,0.108216,0.291265,3348.91,1806.42,5331.44,val
wVRxa3BBHaQ_20.wav,22050,10.0,220500,0.070491,0.197645,2337.54,1485.74,4061.48,val
uOJJan5RRGo_120.wav,22050,8.959,197536,0.118834,0.055713,1189.48,1246.24,2581.98,val
uoGVs9yUqY4_30.wav,22050,10.0,220500,0.008487,0.073622,1985.83,2553.7,4509.26,val
vcmWS_mvti8_30.wav,22050,10.0,220500,0.11218,0.058295,1701.79,2100.5,3775.53,val
zXWWOYF_NMY_20.wav,22050,10.0,220500,0.013503,0.158767,2878.97,2708.51,6207.03,val
t25U-v4k4ts_40.wav,22050,10.0,220500,0.012315,0.227566,2076.0,1644.7,4072.52,val
zPJVrNMPt0A_550.wav,22050,10.0,220500,0.11076,0.24146,3879.94,2957.79,7612.29,val
vf44CgrjT0A_20.wav,22050,10.0,220500,0.045648,0.246342,3497.04,1907.48,4680.75,val
u89op5xq8HI_50.wav,22050,10.0,220500,0.011509,0.130202,2450.97,2149.11,4552.15,val
sdv_I1mHAsc_20.wav,22050,10.0,220500,0.188159,0.182378,1962.23,1583.46,3778.98,val
vvdb2UyJQrs_20.wav,22050,10.0,220500,0.042614,0.104159,2536.3,2455.8,5343.56,val
spJCm8tD9Zo_90.wav,22050,10.0,220500,0.056217,0.261539,3343.65,2117.83,5435.16,val
wbiNcIQ2g_E_80.wav,22050,10.0,220500,0.01393,0.268665,4413.88,3044.58,8151.42,val
ukg5L09Wpvo_150.wav,22050,10.0,220500,0.214413,0.121921,2524.05,2474.54,5232.54,val
sKOlWpaJlmQ_500.wav,22050,10.0,220500,0.076618,0.075258,1564.59,1817.53,3256.23,val
v6a7fitPTTM_30.wav,22050,10.0,220500,0.260006,0.126156,2697.27,2625.3,5874.44,val
zj2R0XoFr5k_50.wav,22050,10.0,220500,0.05757,0.153429,2305.84,1817.16,4037.8,val
s4tUs779vBA_160.wav,22050,10.0,220500,0.159959,0.145455,2144.11,1940.45,3700.46,val
weDbePuc-Xc_40.wav,22050,10.0,220500,0.128733,0.136392,2143.89,1639.24,3663.99,val
u0T_rcHhkPQ_20.wav,22050,10.0,220500,0.103304,0.04586,1117.3,1467.32,2205.88,val
sd7x_Vssqlw_50.wav,22050,10.0,220500,0.139578,0.087377,1627.63,1681.51,3039.4,val
w34HjHr6gAY_30.wav,22050,10.0,220500,0.265192,0.096655,2146.12,1979.01,3773.28,val
tQWGZLItBXk_170.wav,22050,10.0,220500,0.069028,0.07157,1421.47,1586.56,2975.63,val
v5cSxLaHADY_0.wav,22050,10.0,220500,0.019729,0.244192,3679.49,2778.96,7110.0,val
tPJvjq9QePY_40.wav,22050,10.0,220500,0.103988,0.040685,2032.12,2552.33,4819.49,val
w0xsN8_X18Y_30.wav,22050,10.0,220500,0.125716,0.076413,1613.41,1844.54,3072.18,val
yLCORCnd35Q_0.wav,22050,10.0,220500,0.110966,0.157067,2312.35,2067.9,4672.73,val
tH-q8LXgHEc_70.wav,22050,10.0,220500,0.069276,0.194396,2588.45,2092.73,4412.08,val
vuUVPzd2FXw_160.wav,22050,10.0,220500,0.079301,0.316881,4349.46,3000.91,8176.07,val
xL_wHe825Zs_18.wav,22050,9.035,199212,0.199732,0.119183,2235.2,2067.75,4008.41,val
y636gklDioE_20.wav,22050,10.0,220500,0.08945,0.077549,1318.11,1230.94,2455.58,val
xmiUIOhtZyQ_60.wav,22050,10.0,220500,0.036442,0.053497,1767.44,2217.02,3484.51,val
xhmRY9yhC7c_20.wav,22050,9.605,211800,0.226596,0.110329,1488.86,882.41,2313.21,val
yNs0UzEiOds_0.wav,22050,5.108,112640,0.006342,0.21094,3271.64,2614.95,6401.89,val
wsHBIgzs9Fs_50.wav,22050,10.0,220500,0.118618,0.071422,2014.28,2395.38,4207.89,val
vBHyYJ8p_L0_2.wav,22050,9.617,212044,0.039405,0.082423,1651.69,1905.72,3182.4,val
uiNuH51lzVY_130.wav,22050,10.0,220500,0.031653,0.146464,2604.74,2450.26,5228.57,val
vmrxwuAMb2I_40.wav,22050,10.0,220500,0.179881,0.186727,2737.51,2086.93,4824.21,val
vwqaIHKxLvM_20.wav,22050,10.0,220500,0.157308,0.101165,2085.27,2324.96,4716.25,val
sa6TLVbooCc_240.wav,22050,10.0,220500,0.087537,0.104865,1964.9,1944.45,3450.21,val
yZp6xizR0yU_30.wav,22050,10.0,220500,0.015832,0.172198,2854.97,2404.28,5383.28,val
wyCoAM9c6wA_30.wav,22050,10.0,220500,0.008625,0.190051,3273.28,2885.07,6924.6,val
vJrjSeP17yE_40.wav,22050,10.0,220500,0.04298,0.22047,3352.28,2621.45,6697.13,val
zn196JcTlq0_30.wav,22050,10.0,220500,0.195997,0.067674,2058.79,2390.63,4587.85,val
v-HKXQkpsD8_30.wav,22050,10.0,220500,0.2333,0.107749,2014.75,2135.92,3638.19,val
xeOp_6mV1DY_60.wav,22050,10.0,220500,0.123171,0.18837,3215.72,2557.39,6364.96,val
sOa7g-44Dag_30.wav,22050,10.0,220500,0.044806,0.162868,2613.16,2444.35,5045.46,val
zl3OnWjr3Y4_140.wav,22050,10.0,220500,0.090648,0.119607,2268.66,2123.26,4092.01,val
v-g-j2uTByM_30.wav,22050,9.016,198804,0.008923,0.167755,1625.68,1102.11,2953.51,val
v_OQfEIq_PY_70.wav,22050,10.0,220500,0.097386,0.398713,4850.73,2700.11,8200.3,val
tDlysoZiA1I_0.wav,22050,10.0,220500,0.013554,0.272371,3682.77,2491.55,6583.39,val
zliInBdC98Y_30.wav,22050,10.0,220500,0.137275,0.135479,2555.18,2187.67,5232.49,val
sr1_Gfm0syI_140.wav,22050,10.0,220500,0.043318,0.090681,1965.15,2291.12,3928.89,val
z4VCMzobZbI_100.wav,22050,10.0,220500,0.091234,0.1372,1727.18,1160.61,3018.87,val
sCeWURVHfOM_30.wav,22050,10.0,220500,0.002742,0.296272,1983.14,1539.04,3829.49,val
yaLIJu_2U4Y_30.wav,22050,10.0,220500,0.003009,0.135326,2971.09,2870.09,6488.86,val
z5iUE5h0EPs_30.wav,22050,10.0,220500,0.018477,0.07874,2079.19,2416.9,4845.4,val
vMDHu7Lxcgw_410.wav,22050,10.0,220500,0.36438,0.13914,2367.15,1898.05,4121.01,val
uXxVebHsGZ8_30.wav,22050,10.0,220500,0.054898,0.121449,2268.23,2223.05,4413.66,val
s7knHCFW82w_30.wav,22050,10.0,220500,0.279199,0.065536,1404.59,1743.58,2282.42,val
sMC07Ucy7kg_10.wav,22050,10.0,220500,0.100844,0.21082,3269.09,2497.77,6081.88,val
vMf1dLD6Sng_6.wav,22050,9.134,201412,0.046493,0.147577,1786.78,1042.7,2876.35,val
se87d6yxEOA_10.wav,22050,10.0,220500,0.184043,0.108721,2283.64,2288.57,4674.73,val
x5cuQjOdM3E_30.wav,22050,10.0,220500,0.09868,0.097093,1640.65,1882.76,3566.89,val
tIY7qOV3rEM_0.wav,22050,7.988,176128,0.078471,0.164746,2447.46,2395.99,4460.43,val
v8bbhO8NvPY_30.wav,22050,10.0,220500,0.053949,0.114041,1749.16,1432.0,3436.47,val
uZesmtKZGSw_250.wav,22050,10.0,220500,0.043807,0.101465,2142.83,2185.91,4143.87,val
wtDqrBygTcU_30.wav,22050,10.0,220500,0.215782,0.146883,3279.88,2909.73,6823.33,val
u9A6VZQCZpU_30.wav,22050,10.0,220500,0.166576,0.135819,2568.02,2346.63,4955.58,val
zPX9o1uD_iI_40.wav,22050,10.0,220500,0.149355,0.103601,1709.96,1721.32,3180.52,val
xw5cmiqbaUg_160.wav,22050,10.0,220500,0.02858,0.121566,2112.04,1992.2,4290.58,val
sLUnaPT5gM8_0.wav,22050,10.0,220500,0.110017,0.140341,2438.06,2190.09,4779.67,val
vJ7JPEFhyLA_16.wav,22050,9.588,211424,0.135243,0.168579,2415.11,1985.26,4415.27,val
zhx6hoYrHeI_160.wav,22050,10.0,220500,0.137865,0.098582,1882.66,1943.47,3481.46,val
t97k0cejSQE_250.wav,22050,10.0,220500,0.01782,0.219796,2056.39,1554.46,3993.63,val
yYEVLuqEytU_40.wav,22050,10.0,220500,0.013303,0.210859,3121.77,2352.98,5440.31,val
sgAjFcKriHk_60.wav,22050,10.0,220500,0.1591,0.455965,4996.13,2931.69,8118.27,val
tgbONvsP47Y_0.wav,22050,10.0,220500,0.066482,0.091963,1813.22,2031.61,3660.94,val
ujMt0-D-x2k_0.wav,22050,10.0,220500,0.004913,0.133653,2706.26,2710.57,6020.95,val
tRJVUSdMjQI_30.wav,22050,10.0,220500,0.016244,0.160562,2793.18,2576.35,5670.43,val
uqFtmnhuqA8_30.wav,22050,10.0,220500,0.044926,0.172499,3222.56,2716.12,6129.29,val
wDVMhEdTiVw_30.wav,22050,10.0,220500,0.057548,0.221955,4064.73,3211.24,8014.25,val
sd_XV-ylviw_190.wav,22050,10.0,220500,0.02514,0.190768,3119.41,2912.27,6650.39,val
vimzuGQvdcU_30.wav,22050,10.0,220500,0.069114,0.188823,2573.04,1784.7,4436.59,val
s3W19T14v1g_40.wav,22050,10.0,220500,0.105495,0.096029,1625.75,1657.61,2972.46,val
zAYW_RjbHHI_90.wav,22050,10.0,220500,0.13904,0.037854,1069.63,1594.76,2050.58,val
y1saVTXsKwc_80.wav,22050,10.0,220500,0.359768,0.109001,1688.23,1320.33,3044.0,val
vBeI4j_kJro_16.wav,22050,8.956,197488,0.055339,0.123447,1831.35,1568.19,3344.76,val
zNRCh_LjqcU_220.wav,22050,10.0,220500,0.291002,0.701542,7152.96,2569.14,9536.69,val
yfVR79cQ_Mg_30.wav,22050,10.0,220500,0.034109,0.058277,1042.17,1050.98,2191.59,val
tEE3MpBt1sg_50.wav,22050,10.0,220500,0.11895,0.154971,2475.76,2100.53,4524.97,val
vYkA3cfXp5Q_30.wav,22050,10.0,220500,0.1642,0.048861,1692.44,2236.63,4097.95,val
vSeGhaZt-aI_50.wav,22050,10.0,220500,0.073227,0.199792,3141.61,2609.38,6016.86,val
uYT5gxnyMWM_50.wav,22050,10.0,220500,0.130003,0.214173,3064.48,2492.06,5372.61,val
xC8kbrKJmco_0.wav,22050,3.762,82944,0.096458,0.120054,2155.04,1979.98,3908.87,val
x8f0vXCXIbU_60.wav,22050,10.0,220500,0.118337,0.119237,2097.47,2178.81,4043.45,val
vf9xf3vMsGM_540.wav,22050,10.0,220500,0.112027,0.174468,3026.86,2780.35,6007.06,val
sYj4hpDUZDQ_30.wav,22050,10.0,220500,0.182024,0.126565,2323.85,2307.32,4326.7,val
1Uh74_rZ72k_30.wav,22050,10.0,220500,0.1574,0.036947,600.76,594.17,990.9,test
4Ujigme2IxY_30.wav,22050,10.0,220500,0.19702,0.154114,2575.1,2399.65,5138.27,test
0AsXkZkqelg_30.wav,22050,10.0,220500,0.200172,0.16203,3364.27,3044.78,7280.22,test
xYwpABpZed4_370.wav,22050,10.0,220500,0.053675,0.250214,3755.69,2793.37,6947.23,test
jid4t-FzUn0_20.wav,22050,10.0,220500,0.071152,0.1826,2936.76,2447.04,5532.23,test
6cS0FsUM-cQ_30.wav,22050,10.0,220500,0.087521,0.113704,1895.69,1444.32,3520.68,test
5rh5-MCjqq8_30.wav,22050,10.0,220500,0.054339,0.037679,1242.53,1171.58,2729.82,test
3IguMJkqpl4_30.wav,22050,10.0,220500,0.129132,0.112892,2727.0,2661.12,5823.01,test
MjSegUnQXr4_2.wav,22050,9.564,210876,0.031424,0.104647,2147.3,2166.71,4272.51,test
WUyeFOyKIg0_250.wav,22050,10.0,220500,0.060024,0.064878,1552.16,1858.63,3129.21,test
F-47fRplQEc_6.wav,22050,10.0,220500,0.071589,0.212692,3276.38,2565.65,6339.95,test
e6jSpvTvfJ0_20.wav,22050,10.0,220500,0.11106,0.208315,3601.94,2964.98,7287.94,test
D9tinq3RMpU_30.wav,22050,10.0,220500,0.250249,0.040423,1070.79,1491.45,2133.51,test
SePTNAN7s-w_20.wav,22050,10.0,220500,0.087813,0.165015,2534.16,2201.83,5250.35,test
OTLtzk0W4zg_300.wav,22050,10.0,220500,0.250532,0.053611,1462.16,2118.18,2774.01,test
sqWyxUObwkw_30.wav,22050,10.0,220500,0.036853,0.139234,2316.75,2244.3,4246.31,test
C4JwGJQ2dUA_30.wav,22050,10.0,220500,0.271183,0.127473,2505.32,2281.67,4834.43,test
Xi6V0LGvqoo_0.wav,22050,10.0,220500,0.127914,0.193825,2487.18,1755.31,4426.8,test
tJhVH3VIrnE_80.wav,22050,9.861,217440,0.050592,0.20285,3113.66,2588.26,6071.5,test
FhimNYClv40_40.wav,22050,10.0,220500,0.157634,0.192292,3035.78,2360.71,5622.79,test
F7QtqKtllK0_50.wav,22050,10.0,220500,0.009773,0.124901,2738.3,2850.42,6344.0,test
cFHFVGOtp6g_30.wav,22050,10.0,220500,0.067917,0.078876,2141.3,2246.41,4508.88,test
hJtOGmN_KVw_140.wav,22050,10.0,220500,0.055777,0.264678,3488.06,2019.94,5416.03,test
6pssFJ0m-kU_60.wav,22050,10.0,220500,0.033184,0.293438,3782.7,2388.32,6188.8,test
K8-b0VtNOqA_4.wav,22050,9.537,210296,0.032198,0.093004,1604.6,1679.25,3393.47,test
ir1XTdyt4IY_18.wav,22050,9.492,209308,0.146914,0.138056,2878.12,2692.56,6162.0,test
Z1Cyj4N05lk_140.wav,22050,10.0,220500,0.128556,0.073734,1438.04,1698.89,2647.21,test
9hxFqltp3xw_30.wav,22050,10.0,220500,0.06358,0.172051,2993.62,2577.8,5763.48,test
uhSDBwVrEdo_40.wav,22050,10.0,220500,0.122139,0.111392,1788.91,1692.05,2619.11,test
fK4QBQZ6i7w_290.wav,22050,10.0,220500,0.05251,0.18617,3001.02,2526.39,5816.79,test
9ZZHvwaH-CU_160.wav,22050,10.0,220500,0.20221,0.068166,1406.0,1417.32,3175.72,test
eqcdsdLz954_21.wav,22050,9.088,200390,0.123028,0.033752,1434.83,1973.27,3341.22,test
sTMKled6Q1M_30.wav,22050,10.0,220500,0.023928,0.126951,2627.9,2626.35,5419.95,test
WqXFAY4k79s_230.wav,22050,10.0,220500,0.126777,0.183845,3103.33,2827.05,6553.26,test
3MoF8myFs8Y_0.wav,22050,10.0,220500,0.253577,0.081372,1808.08,2137.77,3909.45,test
dYvL6uEMl6E_60.wav,22050,10.0,220500,0.331046,0.131816,2687.4,2694.45,5995.92,test
wNiYSYJXssA_460.wav,22050,10.0,220500,0.190528,0.122527,2714.4,2724.82,5933.47,test
dvY_HUaRgW8_390.wav,22050,10.0,220500,0.038218,0.137811,2504.1,2322.97,4844.05,test
zIgGMlZENTs_30.wav,22050,10.0,220500,0.054958,0.102931,1881.28,1868.74,4125.31,test
mJ6ZO3xEcgw_50.wav,22050,10.0,220500,0.032758,0.161811,2404.98,1873.02,4300.87,test
g6CY7qvu81k_0.wav,22050,10.0,220500,0.287098,0.179147,3031.74,2457.68,5781.79,test
S_3aeOvniZc_30.wav,22050,10.0,220500,0.218145,0.100039,1878.05,1861.53,3507.76,test
CMUuelJFJ7Q_30.wav,22050,10.0,220500,0.005655,0.111307,1867.97,1600.88,3719.05,test
h0M4RS8p_mo_0.wav,22050,8.18,180368,0.122778,0.125116,2090.18,1800.86,3858.44,test
EbpOXac13yo_30.wav,22050,10.0,220500,0.165653,0.044053,783.33,918.4,1441.4,test
lHh0SwUhP8U_120.wav,22050,10.0,220500,0.037418,0.160801,2768.84,2383.02,5362.19,test
13CBvjHZhOA_29.wav,22050,9.772,215478,0.157952,0.067038,1690.94,2162.83,3723.71,test
Ep72tyiL3as_1.wav,22050,9.108,200830,0.099168,0.094543,2359.25,2391.37,5151.75,test
ktc_tJxw8sc_50.wav,22050,10.0,220500,0.090918,0.071461,914.34,636.59,1497.18,test
Xf5LjaE_JQ0_30.wav,22050,10.0,220500,0.124168,0.1407,2042.94,1689.51,3359.35,test
0fMXnvD38zI_50.wav,22050,10.0,220500,0.028308,0.147672,2584.56,2518.88,5621.14,test
Me4npKmtchA_270.wav,22050,10.0,220500,0.079838,0.141369,1948.49,1610.95,4014.47,test
sJrFyjfrL-g_150.wav,22050,10.0,220500,0.022136,0.171911,2936.17,2466.37,5503.36,test
8IdCiapDYCU_20.wav,22050,9.466,208728,0.156332,0.153022,1909.21,1439.84,2723.87,test
oiIi6H83Y38_0.wav,22050,10.0,220500,0.236083,0.239607,3107.38,2229.14,5436.63,test
OFVzrakJhbw_30.wav,22050,10.0,220500,0.043639,0.084886,1129.69,958.72,1926.25,test
wFiCblfZ-vg_30.wav,22050,10.0,220500,0.129298,0.09642,1967.08,2133.63,4096.4,test
FDwK7T1JO_0_160.wav,22050,10.0,220500,0.052084,0.12951,1563.86,965.61,2573.42,test
2ceUOv8A3FE_20.wav,22050,10.0,220500,0.08824,0.153698,2788.63,2285.19,5253.7,test
D4s5aHrsBgs_80.wav,22050,10.0,220500,0.190383,0.111585,1532.15,1582.41,1927.95,test
0NGSrwioYjA_30.wav,22050,10.0,220500,0.044547,0.138759,1729.62,1227.03,2901.51,test
fGGYeXR_LS8_30.wav,22050,10.0,220500,0.056677,0.172168,3048.74,2383.17,5327.59,test
nLZeG9LaLgw_0.wav,22050,10.0,220500,0.297612,0.124466,2866.07,2774.52,6376.43,test
e2rScj9UyMs_30.wav,22050,10.0,220500,0.007437,0.138981,2913.83,2901.75,6583.51,test
r2KhpX_QgXA_230.wav,22050,10.0,220500,0.077838,0.098175,1573.26,1515.71,2795.89,test
1L_OyngNZMA_30.wav,22050,10.0,220500,0.172329,0.142175,2400.89,2143.31,4509.16,test
9b6RqajfAmw_30.wav,22050,10.0,220500,0.035749,0.120949,2552.9,2583.27,5495.71,test
BA-lFjpzad4_30.wav,22050,10.0,220500,0.341365,0.060027,1812.97,2257.45,4008.45,test
yVVLq4ao1Ck_30.wav,22050,10.0,220500,0.031886,0.48716,5333.4,1825.36,7072.61,test
FXdoNvmrYxo_280.wav,22050,10.0,220500,0.045812,0.202313,3355.99,2780.59,6267.41,test
W7OJevEgq7w_0.wav,22050,10.0,220500,0.090353,0.140069,2137.58,1727.16,3713.15,test
bhlhcGONisM_130.wav,22050,10.0,220500,0.007257,0.07195,2362.67,2668.44,5534.21,test
3qTL7QRk-tg_30.wav,22050,10.0,220500,0.059327,0.121565,2043.95,1943.36,3785.57,test
9_YfTz8cnFY_40.wav,22050,10.0,220500,0.10103,0.185357,3204.62,2647.76,6467.53,test
wSHzVxdMiTo_30.wav,22050,10.0,220500,0.105837,0.184531,2489.85,1268.78,3779.23,test
KSHpYhuTotY_210.wav,22050,10.0,220500,0.009339,0.148705,3228.69,3144.03,7479.44,test
zq00Oe1ecpE_140.wav,22050,10.0,220500,0.041403,0.049631,1345.57,1585.0,2801.59,test
2msevPMQB4M_10.wav,22050,10.0,220500,0.133324,0.582774,6213.38,2865.53,9221.11,test
4ftDFi4684Y_30.wav,22050,10.0,220500,0.00256,0.140514,3076.22,3125.14,7292.06,test
PMMdAKZxI_I_40.wav,22050,10.0,220500,0.192927,0.146473,2633.87,2250.56,5458.42,test
7cHRSfbp7tc_26.wav,22050,9.132,201356,0.039316,0.109701,1438.16,1067.59,2746.8,test
eYbFtxZmKL4_110.wav,22050,10.0,220500,0.039648,0.060368,2197.98,2581.51,5162.3,test
1GgEpRZDWN0_410.wav,22050,10.0,220500,0.152681,0.045279,1073.65,1402.9,2104.38,test
9z8XIRyUq9Q_30.wav,22050,10.0,220500,0.004276,0.230065,3454.46,2536.7,6092.8,test
22L_3pBa1AI_18.wav,22050,9.818,216476,0.123736,0.096797,2638.8,2705.84,5933.24,test
mSF_FqBtRPs_20.wav,22050,10.0,220500,0.228277,0.423205,5259.16,1917.39,7178.8,test
L6rnV0oNIII_8.wav,22050,9.043,199408,0.052268,0.152917,2747.43,2280.6,5362.51,test
2a6GNu6uCDE_30.wav,22050,10.0,220500,0.023958,0.172866,2758.06,2120.64,4690.79,test
mYQrjcYNrW0_20.wav,22050,10.0,220500,0.28534,0.092292,1921.53,1940.96,3701.49,test
vruDH_YLaPI_90.wav,22050,10.0,220500,0.109832,0.133337,2189.16,1891.34,4102.15,test
Z3wDry8nnJs_60.wav,22050,10.0,220500,0.035384,0.269523,3988.47,2838.9,7386.79,test
11SEBDuoqSk_50.wav,22050,10.0,220500,0.186129,0.167932,2622.67,2153.48,4982.44,test
pTJKJxaheI8_30.wav,22050,10.0,220500,0.00095,0.165632,1955.34,1545.91,3109.8,test
fYTZVxQ8LJk_0.wav,22050,10.0,220500,0.06076,0.058658,1426.11,1218.21,2883.9,test
hhSqQN1Ou68_30.wav,22050,10.0,220500,0.003778,0.191996,3920.8,3240.57,8007.65,test
AbplcXwXnvE_30.wav,22050,10.0,220500,0.060029,0.19558,3281.33,2711.2,6300.09,test
14izd_i3ryE_30.wav,22050,10.0,220500,0.108796,0.113943,1855.94,1960.51,3254.59,test
4s2rRnu2PZo_30.wav,22050,10.0,220500,0.089446,0.083941,1990.09,2298.17,4331.07,test
VE6Ku0-ucUM_30.wav,22050,10.0,220500,0.259603,0.080249,1560.9,1724.96,2899.56,test
63KW_EQ72yU_30.wav,22050,10.0,220500,0.677319,0.052532,1305.38,1545.28,2819.0,test
I4HpYGMMsz4_170.wav,22050,10.0,220500,0.110908,0.18102,2892.18,2267.49,5246.23,test
i6MQCm58zlY_100.wav,22050,10.0,220500,0.038298,0.150124,3122.93,2815.81,6478.82,test
MvHpNzDpC6Q_50.wav,22050,10.0,220500,0.186686,0.03838,986.2,1367.39,2039.48,test
lTJLvSvjUZk_80.wav,22050,10.0,220500,0.281656,0.106554,2048.17,1963.31,3818.85,test
ynHdcJ9Oqaw_20.wav,22050,10.0,220500,0.117301,0.259516,4131.17,2985.41,7770.89,test
fwhkCnOeyC0_350.wav,22050,10.0,220500,0.060419,0.121094,2072.83,1988.79,3643.06,test
vEWmHtiznF8_30.wav,22050,10.0,220500,0.143981,0.147035,2784.21,2568.71,5526.84,test
7D7xgd4WJ50_0.wav,22050,3.281,72336,0.172942,0.333108,3631.0,1316.43,5313.24,test
_w2pA1VeB40_70.wav,22050,10.0,220500,0.013599,0.083458,1344.7,1258.89,2105.43,test
FR7BDRhMATo_310.wav,22050,10.0,220500,0.177726,0.140559,3553.9,3057.8,7443.94,test
YqYCDis3EUA_30.wav,22050,10.0,220500,0.021917,0.197652,3331.94,3011.46,6897.94,test
CxaPpRJRkn0_0.wav,22050,10.0,220500,0.050735,0.172427,2859.33,2514.22,5687.84,test
qeSl7YZAfs4_80.wav,22050,10.0,220500,0.036627,0.329347,4511.67,2825.88,7764.94,test
-EaZ7EJJUl0_50.wav,22050,10.0,220500,0.090615,0.290359,3717.35,2395.72,6371.85,test
PO8Nu3F8mkA_30.wav,22050,10.0,220500,0.050183,0.21297,3099.98,2584.35,6095.42,test
bmEF-c-M174_180.wav,22050,10.0,220500,0.05887,0.175845,2577.27,2027.02,4466.99,test
orgwzt45ojE_30.wav,22050,10.0,220500,0.150364,0.115322,2238.13,2187.69,4423.67,test
gW7s3YAthpI_430.wav,22050,10.0,220500,0.011178,0.173032,2978.89,2697.35,6170.19,test
lX3k5p2I_g0_140.wav,22050,10.0,220500,0.111395,0.185626,2956.42,2509.42,5556.44,test
RdC8cviN6Bs_30.wav,22050,10.0,220500,0.038253,0.159929,3884.1,3567.97,8604.66,test
8DQfjqPCTI8_450.wav,22050,10.0,220500,0.075731,0.15072,2944.91,2901.22,6497.31,test
AFgGoY8Ihhg_30.wav,22050,10.0,220500,0.220869,0.062023,1287.96,1822.23,2412.24,test
B8rdur4aams_30.wav,22050,10.0,220500,0.16844,0.083751,1213.7,949.55,2273.75,test
rUq4w4EUSWA_0.wav,22050,10.0,220500,0.112682,0.309139,4043.23,2663.77,7201.46,test
sbW7XwwUtSU_23.wav,22050,9.073,200066,0.051202,0.315252,3301.87,2167.59,5161.22,test
ne2DpKCIr4Y_190.wav,22050,10.0,220500,0.055976,0.091892,1851.28,2162.83,3786.77,test
NwoBDrTlbTI_30.wav,22050,10.0,220500,0.019205,0.109214,1771.55,1534.74,3425.5,test
I_8KqxP5xOA_50.wav,22050,10.0,220500,0.009149,0.494011,5098.36,1716.66,6678.22,test
dkiwn2FdDVw_0.wav,22050,10.0,220500,0.063616,0.169615,2832.52,2468.34,5470.86,test
i2yhbckq3p0_110.wav,22050,10.0,220500,0.17744,0.111905,1525.07,1705.35,2616.81,test
cNARVD02-tw_530.wav,22050,10.0,220500,0.085257,0.257989,3543.79,2543.9,6318.07,test
fx4r_KuW6No_50.wav,22050,10.0,220500,0.109097,0.138014,2422.06,2133.7,4464.54,test
6Pywt0f_NFY_160.wav,22050,10.0,220500,0.109149,0.364855,4486.76,2795.02,7776.11,test
eNG6fEiAE8c_30.wav,22050,10.0,220500,0.034665,0.142128,2193.99,1873.17,3826.74,test
t3VFlDiEKgY_190.wav,22050,10.0,220500,0.012983,0.079579,1658.49,1829.74,3651.28,test
Ls2vrr9TamU_120.wav,22050,10.0,220500,0.112988,0.151406,3049.88,2800.4,6472.2,test
kHIe4CfaccQ_40.wav,22050,10.0,220500,0.030494,0.224447,3822.64,2876.31,7245.02,test
3Sml1wHcuxo_40.wav,22050,10.0,220500,0.102892,0.20903,3062.62,2134.46,5569.66,test
PRUfwpmYwJ8_30.wav,22050,10.0,220500,0.030189,0.303461,4041.75,2868.04,7389.34,test
e9MWXS34o48_40.wav,22050,10.0,220500,0.09348,0.0868,1366.95,1405.35,2995.09,test
6ZFU4PqXmoI_6.wav,22050,9.325,205620,0.179094,0.073613,1190.98,1238.45,2410.49,test
kEP-BwMarf8_90.wav,22050,10.0,220500,0.010642,0.250467,4043.11,2699.05,7159.77,test
SZ6CcXINiiE_0.wav,22050,8.213,181088,0.11621,0.134464,2553.67,2515.47,5075.54,test
C5kmOK_l4jc_0.wav,22050,10.0,220500,0.170484,0.149889,2565.7,2042.01,4556.95,test
QKHpSAAjakY_60.wav,22050,10.0,220500,0.297621,0.09399,1405.57,1154.81,2707.56,test
DlWd7Wmdi1E_150.wav,22050,10.0,220500,0.499966,0.076724,1471.94,1592.9,2722.83,test
3iLGu2Omgrw_30.wav,22050,10.0,220500,0.037235,0.062807,1062.74,1218.59,1747.24,test
MBP4RcnwGZw_40.wav,22050,10.0,220500,0.143165,0.064562,1456.62,1955.85,2749.26,test
5eSRL3PRHzo_340.wav,22050,10.0,220500,0.082124,0.175863,2551.93,1983.55,4355.83,test
eJCaRgf1M20_30.wav,22050,10.0,220500,0.007538,0.203783,3548.24,2841.14,7145.23,test
HqnSyliKTKA_30.wav,22050,10.0,220500,0.106803,0.069627,1731.7,2205.25,3811.8,test
27HIamF8pKo_110.wav,22050,10.0,220500,0.228159,0.068623,1697.27,1965.47,3442.39,test
4CAMv5nlr-0_30.wav,22050,10.0,220500,0.117675,0.118257,1904.0,1539.34,3323.93,test
eUecAF626A8_100.wav,22050,10.0,220500,0.162087,0.068848,1694.35,1922.41,3563.4,test
hV4bDCBDCy0_90.wav,22050,10.0,220500,0.235598,0.055444,917.87,869.75,1864.97,test
3ue0gJM0THk_30.wav,22050,10.0,220500,0.221838,0.199701,3643.52,2905.22,7273.13,test
E3D_z0aoUEg_30.wav,22050,10.0,220500,0.119462,0.069152,1880.06,1751.21,3513.13,test
wBs02amFGXs_30.wav,22050,10.0,220500,0.026048,0.076168,1626.49,1968.02,2979.88,test
pO8kbg9IJnc_120.wav,22050,10.0,220500,0.018911,0.171993,3004.72,2606.88,5885.63,test
IJ6pm5Kns8A_170.wav,22050,10.0,220500,0.174591,0.13272,1650.74,1029.28,2591.0,test
SNIaYhri76w_90.wav,22050,10.0,220500,0.076879,0.171279,2946.11,2651.1,5858.98,test
EQVWhHmT_cE_13.wav,22050,9.483,209110,0.028203,0.187327,2759.45,2257.24,5252.68,test
7XUt6sQS7nM_30.wav,22050,10.0,220500,0.143496,0.100564,1853.85,1994.82,3763.24,test
hqPBcvex1VU_18.wav,22050,9.603,211756,0.139493,0.153798,2913.34,2508.55,5840.52,test
gQMTOKsCIyk_0.wav,22050,10.0,220500,0.049582,0.152518,2486.4,2194.66,4679.82,test
S0SQyFXbqF8_30.wav,22050,10.0,220500,0.094128,0.235695,3567.93,2631.07,6683.76,test
jOYvIISk--4_110.wav,22050,10.0,220500,0.138847,0.234174,3173.8,2322.96,5560.41,test
KVbmN9ZRg5Q_220.wav,22050,10.0,220500,0.24708,0.061586,1374.39,1670.49,2437.75,test
xnVqvc7N7Po_320.wav,22050,10.0,220500,0.125487,0.125694,2612.28,2129.8,4809.4,test
Rk-ujWKzPuc_280.wav,22050,10.0,220500,0.032823,0.193656,3012.54,2595.32,6053.18,test
9MgGaTbmc6g_30.wav,22050,10.0,220500,0.256052,0.111667,1846.29,1641.29,3254.59,test
glAeihz0NAM_130.wav,22050,10.0,220500,0.036848,0.120293,1827.17,1646.4,3931.11,test
q46VXJ6JN9M_10.wav,22050,10.0,220500,0.038288,0.226932,3639.35,2917.66,7253.32,test
CO6-i8NLbeo_0.wav,22050,10.0,220500,0.273239,0.031334,852.97,1249.67,1712.89,test
SNy_axSCoyw_30.wav,22050,10.0,220500,0.002537,0.132462,2711.51,2801.58,6136.39,test
YflmW68gL4E_160.wav,22050,10.0,220500,0.120975,0.083842,2015.37,1727.06,3864.54,test
SoO1HhaEc9Q_30.wav,22050,10.0,220500,0.054188,0.221945,3190.67,2370.25,5863.9,test
jjfUaMQaG1A_310.wav,22050,10.0,220500,0.050719,0.123779,2204.82,1957.89,4101.03,test
4abZbau8tZo_14.wav,22050,9.29,204836,0.068947,0.077107,1865.33,2214.12,3785.9,test
qakN0JNbpcU_170.wav,22050,10.0,220500,0.012756,0.065316,1625.61,2029.87,3415.31,test
KvrcRMfFzOE_150.wav,22050,10.0,220500,0.22045,0.134015,2606.42,2693.95,6060.22,test
TSnq6n8tElo_0.wav,22050,10.0,220500,0.173421,0.074836,1180.2,1090.27,2292.71,test
rPkCYq4Zjwk_0.wav,22050,10.0,220500,0.107138,0.059321,1496.53,1794.75,3028.04,test
LB6CZ0x-kns_0.wav,22050,10.0,220500,0.157316,0.091813,1580.29,1533.22,3495.25,test
PvWI4p74UOs_30.wav,22050,10.0,220500,0.054095,0.097978,1690.3,1761.75,3102.88,test
o3mZR8OvPko_30.wav,22050,10.0,220500,0.114355,0.075511,1767.06,1850.13,3296.13,test
rgrmLLhxoCQ_70.wav,22050,10.0,220500,0.012577,0.179293,2769.59,2325.13,5218.03,test
1IoHRTUp86c_70.wav,22050,10.0,220500,0.128175,0.07265,1973.68,2471.26,4456.75,test
1wW0YJQ-Xa0_370.wav,22050,10.0,220500,0.025093,0.11458,2671.25,2661.58,5757.76,test
3wrdPAeqjVI_80.wav,22050,10.0,220500,0.01846,0.22403,3328.61,2620.29,6359.19,test
2ErfX6ZT5pM_0.wav,22050,10.0,220500,0.014034,0.161118,2616.34,2393.17,5177.74,test
HqndxoujCYI_30.wav,22050,10.0,220500,0.11813,0.057998,1775.37,2143.81,3724.44,test
MOxddxW5PXs_30.wav,22050,10.0,220500,0.039513,0.177882,2685.84,2169.55,4843.82,test
Ls1zyPjs3k8_280.wav,22050,10.0,220500,0.017918,0.257841,3903.25,2907.48,7485.09,test
ilspW7JRjAg_50.wav,22050,10.0,220500,0.209075,0.127294,3134.49,3066.06,7051.87,test
rtgVoZCcBw8_0.wav,22050,6.223,137216,0.113279,0.096093,1351.62,1018.97,2307.25,test
atmDP_fmK_8_0.wav,22050,7.634,168336,0.277134,0.015278,555.75,928.27,1066.68,test
z1ax0QPpd14_170.wav,22050,10.0,220500,0.040436,0.0006,972.88,1258.04,2520.21,test
Ni3dIj90Oa4_10.wav,22050,10.0,220500,0.20057,0.123835,2086.74,1967.21,3785.5,test
rINmxSXMR-s_30.wav,22050,10.0,220500,0.015699,0.056357,2321.98,2569.69,5241.46,test
IFRmbxWK8u0_30.wav,22050,10.0,220500,0.006175,0.078427,1219.7,1145.82,2533.8,test
hiJB_95IWiE_190.wav,22050,10.0,220500,0.118151,0.162649,2521.78,2028.58,4537.86,test
elztUCeNQvQ_10.wav,22050,10.0,220500,0.100092,0.094159,1778.42,1963.08,3647.11,test
f2fSxfvmkZQ_310.wav,22050,10.0,220500,0.06071,0.245465,2880.85,1634.83,4602.21,test
8ZH_PoK0clI_14.wav,22050,9.261,204212,0.160569,0.159488,2262.94,1834.81,3923.17,test
C9NC7wJ7C3w_30.wav,22050,10.0,220500,0.068698,0.069552,1427.9,1474.48,2877.11,test
WUpeplQr3A4_300.wav,22050,10.0,220500,0.06585,0.231897,3617.33,2837.4,6972.11,test
LvMA1Wcgu3w_30.wav,22050,10.0,220500,0.092392,0.17059,2853.78,2337.97,5171.92,test
RfGapDlAYoQ_30.wav,22050,10.0,220500,0.180425,0.136155,1511.4,944.93,2281.35,test
WOywdRmySs0_190.wav,22050,10.0,220500,0.080482,0.130224,2471.92,2330.59,4794.54,test
3ghVB-KaU_E_30.wav,22050,10.0,220500,0.045142,0.177044,3096.56,2773.81,6441.78,test
_duNX6Vyd6g_30.wav,22050,10.0,220500,0.490806,0.05461,1249.78,1475.93,2285.84,test
XrJcmftCY04_180.wav,22050,10.0,220500,0.115381,0.109162,1962.88,1830.09,3153.66,test
3IScngdQA4I_8.wav,22050,9.433,208000,0.082552,0.115065,1388.36,768.95,2064.83,test
frOqlk0Wm5Y_30.wav,22050,10.0,220500,0.089415,0.157159,2389.73,1951.65,4321.78,test
Z7yDwpdGelM_20.wav,22050,10.0,220500,0.076447,0.052473,2171.79,2423.24,4697.49,test
-DmjkgWa-rw_10.wav,22050,10.0,220500,0.299437,0.042341,1047.22,1547.18,1558.68,test
0_ogYGDGDco_60.wav,22050,10.0,220500,0.116294,0.067336,1255.71,1511.73,2198.54,test
XZTt1xdK8uQ_30.wav,22050,10.0,220500,0.208923,0.074535,1872.6,2231.7,4779.75,test
ZY4aGEniU_E_90.wav,22050,10.0,220500,0.039346,0.247985,3590.6,2653.55,6570.4,test
30D1tqNFHMc_30.wav,22050,10.0,220500,0.168916,0.21057,2936.89,2086.16,5345.31,test
4YMXgLFcR94_30.wav,22050,10.0,220500,0.023155,0.092771,2073.93,2272.13,4209.67,test
pgq2KPX5_SA_70.wav,22050,10.0,220500,0.006047,0.227579,2648.88,1576.2,4388.3,test
_z6pymOet7g_50.wav,22050,10.0,220500,0.035747,0.130133,2291.49,2278.34,4270.82,test
466ucPGoNSQ_29.wav,22050,9.754,215078,0.039747,0.068739,1464.97,1550.33,3105.31,test
g5l3Bz6lWnc_250.wav,22050,10.0,220500,0.003232,0.15112,2973.0,2982.9,6903.86,test
SE_3nszEw7o_22.wav,22050,9.811,216340,0.119112,0.450669,4717.64,2856.51,7714.56,test
K_Vre_-4KqU_60.wav,22050,10.0,220500,0.138618,0.112095,1823.29,1707.33,3882.25,test
6cyKp3EDm-0_30.wav,22050,10.0,220500,0.001808,0.141549,2599.38,2481.57,5328.87,test
KnsKf9KoNds_210.wav,22050,10.0,220500,0.369019,0.127916,2557.54,2552.5,5152.08,test
Lbken4JCr94_10.wav,22050,10.0,220500,0.052318,0.075108,1531.36,1736.55,3399.15,test
hFCmq9pCBbM_90.wav,22050,10.0,220500,0.029962,0.14834,2135.5,1665.05,4077.62,test
rbO727iF03I_30.wav,22050,10.0,220500,0.160412,0.123256,2540.72,2578.41,5392.14,test
9F3sutgYTvo_30.wav,22050,10.0,220500,0.23378,0.144246,1993.0,1444.13,3700.76,test
4SZ7JXDCNps_210.wav,22050,10.0,220500,0.188721,0.039863,875.96,1106.39,1651.19,test
2RjqBRzmxaM_30.wav,22050,10.0,220500,0.102212,0.114901,2577.85,2550.53,5259.62,test
paf0nyjg1Js_110.wav,22050,10.0,220500,0.091768,0.114244,1828.77,1458.84,3604.84,test
mGa2JgAiKV8_30.wav,22050,10.0,220500,0.045816,0.053669,1123.55,1338.97,2234.88,test
_9mgOkzm-xg_120.wav,22050,10.0,220500,0.16908,0.16588,2461.67,1939.79,4511.08,test
mWqH2xwjkYA_50.wav,22050,10.0,220500,0.146003,0.128362,2415.86,2317.45,4708.48,test
kXjzsroVTtw_20.wav,22050,10.0,220500,0.033926,0.156654,2657.58,2368.12,5078.91,test
0UJtGcoPYa0_0.wav,22050,4.342,95744,0.179732,0.057409,1968.7,2361.36,4116.28,test
6BJ455B1aAs_0.wav,22050,7.384,162816,0.185772,0.080566,1849.65,2239.66,3955.9,test
inSvboaSRwA_100.wav,22050,10.0,220500,0.049681,0.201061,3333.09,2785.94,6671.4,test
JHhEjsAkZoc_20.wav,22050,10.0,220500,0.168555,0.142637,2560.04,2358.65,4926.33,test
lJayhiVzl_E_60.wav,22050,10.0,220500,0.075732,0.041372,1195.31,1661.63,2473.37,test
tmLAXm1WlnE_50.wav,22050,10.0,220500,0.010379,0.007928,2660.31,3148.02,6604.17,test
4pf-PIymDhU_20.wav,22050,10.0,220500,0.112063,0.404371,5143.33,2523.23,8088.87,test
R4fXcbWFhJg_10.wav,22050,10.0,220500,0.080723,0.10431,2099.74,2265.18,4316.38,test
nLtNjMimLE0_480.wav,22050,10.0,220500,0.004976,0.151417,2752.21,2595.13,5652.57,test
Or7umk40TZA_6.wav,22050,8.954,197428,0.024708,0.218396,3282.46,2655.26,6599.34,test
n74IYuCe_ms_110.wav,22050,10.0,220500,0.073179,0.196637,2927.19,2427.35,5920.11,test
y3-M1sonh3M_0.wav,22050,10.0,220500,0.074058,0.078378,1818.47,2147.3,3692.05,test
ESjMIqrvRj4_30.wav,22050,10.0,220500,0.029145,0.190115,3312.91,3133.2,7360.86,test
BUAPM4D3-h8_290.wav,22050,10.0,220500,0.052327,0.141292,3050.26,2778.2,6307.73,test
3XcIVh40pTI_10.wav,22050,10.0,220500,0.026823,0.180043,2197.45,1571.86,3948.97,test
AtkD-3GjXMw_40.wav,22050,10.0,220500,0.179371,0.194623,3572.88,2870.19,7129.64,test
-FW109cbv0g_30.wav,22050,10.0,220500,0.126556,0.107201,1180.42,542.71,1618.01,test
OMGHnJV0l2U_350.wav,22050,10.0,220500,0.092132,0.088984,2311.57,2648.47,5286.28,test
-Sz4z0QwEuM_20.wav,22050,10.0,220500,0.455625,0.099818,1419.51,1263.56,2616.83,test
K-7Y8yhcUiw_60.wav,22050,10.0,220500,0.005414,0.015191,2136.83,2384.24,5415.38,test
-SkjbQVgJ0M_30.wav,22050,10.0,220500,0.141805,0.202463,3146.15,2418.72,6033.37,test
hxbmDeNSO6Q_230.wav,22050,10.0,220500,0.026882,0.124468,2478.73,2573.15,5306.09,test
0jGH7A_hpBM_30.wav,22050,10.0,220500,0.134864,0.132694,2121.39,1894.43,4124.83,test
4lv9aLXtud0_0.wav,22050,4.946,109056,0.13579,0.138966,2197.6,1778.93,3763.68,test
nuZEAuAl8hQ_440.wav,22050,10.0,220500,0.004121,0.086766,1476.45,1533.34,3242.85,test
L2dyilgQ8iM_20.wav,22050,9.954,219480,0.046433,0.108158,1471.44,1445.73,3129.89,test
vsy1IpYmrSY_416.wav,22050,9.529,210112,0.040489,0.082487,1551.68,1594.18,2794.13,test
zoctgurhvHE_70.wav,22050,10.0,220500,0.081021,0.085339,2264.88,2550.74,4978.97,test
NtQiduPRiRg_30.wav,22050,10.0,220500,0.228746,0.158295,3424.51,2717.75,6859.72,test
KOBkbROPv4c_0.wav,22050,10.0,220500,0.25942,0.107174,2407.95,2270.64,4819.59,test
AI1OweEW8C0_50.wav,22050,10.0,220500,0.015608,0.313824,4150.64,3155.59,7666.22,test
5OM3tJh51pE_30.wav,22050,10.0,220500,0.022964,0.154122,2683.56,2180.58,4618.75,test
3xDZ-kdGE3o_10.wav,22050,10.0,220500,0.065998,0.238142,3409.31,2620.73,6594.88,test
Z-SIyOChVh8_0.wav,22050,10.0,220500,0.048112,0.040813,1204.8,1710.5,2670.62,test
jXkLS_QzUrI_29.wav,22050,10.0,220500,0.016833,0.181814,2494.23,1915.07,4795.06,test
6dLkgq9EKPE_30.wav,22050,10.0,220500,0.078158,0.08779,1873.3,2074.77,3733.44,test
js4dr5JusdM_30.wav,22050,10.0,220500,0.079298,0.066444,1316.82,1500.5,2671.94,test
Vkbp8VmL3pM_40.wav,22050,10.0,220500,0.091042,0.259742,3923.8,2774.08,7301.78,test
txeXrpoMST4_500.wav,22050,10.0,220500,0.012064,0.216203,3105.97,2354.05,5680.24,test
ZsTZ7jqbd9M_170.wav,22050,10.0,220500,0.062352,0.108269,2092.35,2190.16,4042.35,test
MPLZUg89y5U_90.wav,22050,10.0,220500,0.233713,0.131269,1864.31,1518.16,3769.11,test
wrQDkX0NbTA_29.wav,22050,9.592,211494,0.263198,0.036668,715.37,751.23,1119.15,test
A0E_UiD-fR4_0.wav,22050,10.0,220500,0.068626,0.171046,3027.16,2764.94,6503.23,test
R8bHTHnF8j4_100.wav,22050,10.0,220500,0.263635,0.282913,3771.76,2928.34,7222.67,test
ztSjcZNUY7A_30.wav,22050,10.0,220500,0.119376,0.250574,4176.49,2655.34,7409.5,test
-R69Fa-mCaY_20.wav,22050,10.0,220500,0.328427,0.166028,2780.56,2451.23,5755.16,test
ZUmZgPL0ges_20.wav,22050,10.0,220500,0.24283,0.140991,1938.65,1514.72,3445.84,test
xbLW9Wt1Jsg_70.wav,22050,10.0,220500,0.135133,0.154009,2525.55,2281.37,4804.43,test
-aYumc8KoXg_60.wav,22050,10.0,220500,0.151679,0.16177,2672.17,2397.4,5412.08,test
1oOYqBroWoA_390.wav,22050,10.0,220500,0.03685,0.348311,4565.15,2926.83,8189.41,test
xIztYnMIWUA_30.wav,22050,10.0,220500,0.240217,0.495507,5365.45,2902.7,8409.84,test
HVz-FJBf_iM_10.wav,22050,10.0,220500,0.168064,0.169201,2747.96,2480.37,5380.0,test
qWYncqPSy9A_60.wav,22050,10.0,220500,0.064964,0.118898,2309.38,2231.69,4381.93,test
woadpeAGHUQ_70.wav,22050,10.0,220500,0.170654,0.180744,1884.18,1457.64,3457.53,test
dYZSKX7vuRI_300.wav,22050,10.0,220500,0.03801,0.085408,1987.2,2322.91,4260.55,test
Wq4OD3olO2w_90.wav,22050,10.0,220500,0.112687,0.153494,2471.79,1946.41,4393.3,test
LCwSUVuTyvg_330.wav,22050,10.0,220500,0.075783,0.128797,2544.87,2626.43,5638.35,test
jj2RyNDj7no_440.wav,22050,10.0,220500,0.004713,0.238093,2817.55,1592.75,4633.81,test
dmUOSyPXkUw_200.wav,22050,10.0,220500,0.103552,0.357508,4389.69,2829.45,7836.04,test
WU3qB7gf6ao_30.wav,22050,10.0,220500,0.043911,0.035497,1099.18,1736.62,2060.34,test
DrCm-HpX67k_180.wav,22050,10.0,220500,0.022064,0.328234,4389.01,3075.89,7991.14,test
r2djvq1vc68_20.wav,22050,10.0,220500,0.065204,0.596347,6357.53,2451.44,8859.61,test
3rna9zo5ZOs_30.wav,22050,10.0,220500,0.109456,0.137147,1602.89,971.2,2767.89,test
jlwe9jtu5Gw_50.wav,22050,10.0,220500,0.086045,0.178924,3400.11,2910.26,6731.35,test
uY4fe5DT1gI_30.wav,22050,10.0,220500,0.007791,0.306692,4190.43,2967.08,7969.96,test
D1Sy7kRoaR8_30.wav,22050,10.0,220500,0.104782,0.123451,2059.01,1827.84,4032.5,test
6ZwYgzcN6Is_60.wav,22050,10.0,220500,0.228364,0.115255,2032.86,1784.73,3782.82,test
rjUrB1WUpcI_14.wav,22050,9.853,217268,0.039485,0.160518,1828.89,988.66,2921.7,test
4YodC6RnplI_70.wav,22050,10.0,220500,0.010503,0.279152,4087.48,2910.5,7554.98,test
_iUX8CibElk_120.wav,22050,10.0,220500,0.20188,0.103282,1331.42,1067.73,2681.13,test
Jp64Whpr3BA_50.wav,22050,10.0,220500,0.04243,0.1074,1851.75,1740.49,3612.81,test
fPqj3nnwQOI_270.wav,22050,10.0,220500,0.014244,0.122108,1743.98,1374.46,2918.12,test
c0IggDOisOo_20.wav,22050,10.0,220500,0.039896,0.108844,1723.1,1769.46,3199.25,test
v59uHr-B1no_18.wav,22050,9.038,199292,0.069786,0.29505,3220.78,1713.08,4786.25,test
Fc9pG54DDJM_30.wav,22050,10.0,220500,0.076152,0.218457,3085.88,2329.57,5533.61,test
VjSEIRnLAh8_30.wav,22050,10.0,220500,0.044961,0.219869,3000.91,2013.03,5282.2,test
ZBtgrP4vU_w_50.wav,22050,10.0,220500,0.05587,0.328812,4022.97,2502.52,6975.16,test
xQDq3A4Zfbo_30.wav,22050,10.0,220500,0.067358,0.166478,2076.35,1570.85,4031.01,test
tIM-H2rdq8U_60.wav,22050,10.0,220500,0.137968,0.095897,2718.1,2624.57,5745.54,test
cK2kSVR1d2o_120.wav,22050,10.0,220500,0.136003,0.109784,2376.27,2638.73,5135.37,test
HZ9O6sc7cLA_180.wav,22050,10.0,220500,0.180192,0.134689,2373.94,2055.19,4252.28,test
Z0IrCa4MvOA_30.wav,22050,10.0,220500,0.104223,0.214793,3488.91,2938.55,7186.47,test
0G7rb74R-2A_30.wav,22050,10.0,220500,0.07642,0.195029,3033.18,2435.77,5672.55,test
YNDKuNINDOY_30.wav,22050,10.0,220500,0.204707,0.099877,2274.84,2399.53,5002.5,test
Af4a-9rcnP0_30.wav,22050,10.0,220500,0.113032,0.095684,1328.97,1159.26,2663.8,test
UAmDLPjNyMg_40.wav,22050,10.0,220500,0.120638,0.062795,1074.2,1157.8,1887.1,test
u8bQf0SnCVI_30.wav,22050,10.0,220500,0.008035,0.3274,4404.0,3119.86,8280.87,test
Jon_DEFqsfM_30.wav,22050,10.0,220500,0.052492,0.051061,1051.23,1475.88,2165.11,test
gwQMkQmBITE_80.wav,22050,10.0,220500,0.024991,0.151517,2268.13,2095.7,4811.07,test
fWvWhLJ5Fow_30.wav,22050,10.0,220500,0.001821,0.08561,2705.61,2650.46,6033.72,test
8F-ndyrEWJ8_470.wav,22050,10.0,220500,0.138373,0.12779,2136.35,2019.98,3688.1,test
6i5eQOpFk_U_170.wav,22050,10.0,220500,0.03694,0.274169,3803.31,2784.55,7090.79,test
H-vTZh81qAU_30.wav,22050,10.0,220500,0.079988,0.0,562.44,1399.46,815.46,test
lrKGCtSsAkA_50.wav,22050,10.0,220500,0.159545,0.425976,4427.34,2416.4,6794.08,test
UE3XnVFodMI_230.wav,22050,10.0,220500,0.168578,0.168036,2597.54,2063.13,4753.02,test
dlsiellSFf0_30.wav,22050,10.0,220500,0.007118,0.044764,2654.68,2738.54,5868.67,test
UmNrhFKpWIY_21.wav,22050,9.727,214470,0.264353,0.028509,1164.91,1859.17,2541.2,test
Fi4-IqJo2xQ_20.wav,22050,10.0,220500,0.201952,0.193694,3164.62,2779.88,6274.01,test
DzKjogSVOLM_21.wav,22050,9.181,202438,0.111594,0.117417,1795.17,1640.03,3244.47,test
KtinboYbmHQ_50.wav,22050,10.0,220500,0.313007,0.084367,1401.71,1249.57,2793.77,test
NX0gR9Eebp0_10.wav,22050,10.0,220500,0.055397,0.255625,3300.84,2033.47,5598.71,test
5G6b_QWL3nY_60.wav,22050,10.0,220500,0.050529,0.18122,2819.26,2129.5,5175.74,test
nU-AI3Cmc3M_30.wav,22050,10.0,220500,0.007493,0.094946,2090.09,2261.9,4367.09,test
j0KvrVE_Oww_12.wav,22050,10.0,220500,0.08027,0.164826,1910.65,1148.42,3147.77,test
--0w1YA1Hm4_30.wav,22050,10.0,220500,0.210646,0.039733,903.92,1277.93,1785.23,test
rBUCIK8JRLg_30.wav,22050,10.0,220500,0.128779,0.008249,951.33,1994.05,2015.48,test
A61Mry8zBwE_30.wav,22050,10.0,220500,0.154112,0.135744,1612.35,962.82,2573.52,test
A2mcp0N__7U_30.wav,22050,10.0,220500,0.049856,0.161614,2833.23,2603.47,5809.54,test
hpDltmawxIM_10.wav,22050,10.0,220500,0.009371,0.216789,3389.67,2715.5,6764.57,test
D9GHUPGWsV0_30.wav,22050,10.0,220500,0.087252,0.194875,3088.1,2512.34,5949.31,test
y1a8PntuXYw_0.wav,22050,10.0,220500,0.080517,0.14163,2512.66,2442.28,5126.93,test
EBCH7TPgiPc_0.wav,22050,10.0,220500,0.095512,0.27737,4357.12,3325.26,8569.52,test
Tdl9SmBbRnA_50.wav,22050,10.0,220500,0.074346,0.209972,2724.22,2008.17,5273.51,test
lmPMhs-9IYE_0.wav,22050,10.0,220500,0.225235,0.036133,1031.15,1517.93,1954.4,test
jf4iyQPJSvk_20.wav,22050,10.0,220500,0.011956,0.273172,3915.02,3020.62,7762.35,test
h5_1pnkl_SY_50.wav,22050,10.0,220500,0.007486,0.341334,4596.77,2873.68,7928.02,test
lVr-PxhZo8s_40.wav,22050,10.0,220500,0.168707,0.282581,4053.93,3161.19,8471.07,test
0yxEvdnimGg_30.wav,22050,10.0,220500,0.024428,0.091929,1961.67,2293.63,3996.23,test
1WTSW96XP6E_180.wav,22050,10.0,220500,0.096657,0.193193,3068.98,2531.11,5801.97,test
1a2XWJ8NA_Q_30.wav,22050,10.0,220500,0.168452,0.113946,1385.3,811.3,2294.39,test
paetCbEqp2w_60.wav,22050,10.0,220500,0.006336,0.225305,3551.19,2728.87,6699.65,test
4KObP7cREWw_40.wav,22050,10.0,220500,0.126978,0.205183,2700.35,1873.77,4841.3,test
-nQHwrRLfc0_30.wav,22050,10.0,220500,0.107937,0.302392,3992.02,2944.73,7998.54,test
OpiWMltpj44_30.wav,22050,10.0,220500,0.031298,0.107022,1994.94,2073.88,3997.91,test
5I8lmN8rwDM_140.wav,22050,10.0,220500,0.145945,0.449056,5020.49,3043.31,8729.82,test
HxZADVzNIqs_30.wav,22050,10.0,220500,0.06353,0.145013,2505.66,1923.35,4304.64,test
8ipe6b1LwHQ_30.wav,22050,10.0,220500,0.018587,0.23773,3446.72,2684.96,6554.56,test
KJKHDKKW3XU_5.wav,22050,9.745,214870,0.004596,0.245957,3889.15,2955.22,7518.14,test
7bO0AJI-ihs_30.wav,22050,10.0,220500,0.020074,0.136336,2447.52,2320.46,4977.64,test
kOYg4ZtKcAs_0.wav,22050,1.834,40448,0.008716,0.119153,2475.24,2404.77,5282.5,test
RrmBGjJqlEo_400.wav,22050,10.0,220500,0.061728,0.126559,2537.69,2412.34,5038.84,test
6NBPiArs2-w_80.wav,22050,10.0,220500,0.038348,0.1467,2412.5,2343.46,4974.64,test
ITlqMkR5alY_0.wav,22050,6.13,135168,0.080465,0.105612,1972.32,2048.75,3572.81,test
BOB65Nd0pXo_180.wav,22050,10.0,220500,0.292618,0.309911,4293.71,3041.26,7926.12,test
7XXSOzDQ2z0_70.wav,22050,10.0,220500,0.277668,0.12434,2918.1,2838.14,6509.57,test
XP1L5k-Zxro_30.wav,22050,10.0,220500,0.036752,0.064716,1552.09,1912.66,3198.43,test
c0V_HAul7rI_30.wav,22050,10.0,220500,0.078324,0.153729,2804.53,2501.21,5696.88,test
LP_DzNUkAKY_490.wav,22050,10.0,220500,0.055947,0.276312,3375.36,2247.27,5873.27,test
L8dA-2Lu2hY_20.wav,22050,10.0,220500,0.07196,0.161672,3684.5,2322.87,6309.7,test
bJMMp6PLKqM_10.wav,22050,10.0,220500,0.066544,0.121452,1479.57,999.7,2621.8,test
4_DjmCg8Ra8_30.wav,22050,10.0,220500,0.14031,0.056192,1337.0,1631.11,3058.49,test
ptIksg9KEac_30.wav,22050,10.0,220500,0.051236,0.130578,2332.52,2331.68,4813.15,test
a_Rjlu50TfA_0.wav,22050,10.0,220500,0.063918,0.155467,2804.74,2568.88,5634.13,test
kLYCjD6vWI4_30.wav,22050,10.0,220500,0.044905,0.284659,3514.01,2356.57,6073.56,test
kgjNIDmO8a8_30.wav,22050,10.0,220500,0.089218,0.164034,2468.41,2098.01,4396.15,test
HkbCUN4V3TU_20.wav,22050,10.0,220500,0.049006,0.110016,1989.38,1920.5,3649.98,test
XamQAY_WXRY_140.wav,22050,10.0,220500,0.056572,0.084512,1374.47,1244.51,2717.53,test
ITP7tMt1BDg_27.wav,22050,9.032,199162,0.020666,0.066951,1595.87,1717.3,3075.9,test
d6gu2w19YQo_70.wav,22050,10.0,220500,0.071363,0.197956,2605.41,1858.41,4668.38,test
S8k47ME-YT4_100.wav,22050,10.0,220500,0.117266,0.208975,3111.91,2570.83,6089.55,test
1nUOGZgSzZo_30.wav,22050,10.0,220500,0.025773,0.100185,1292.98,992.73,2386.04,test
7RMpCCkQks0_20.wav,22050,9.861,217432,0.036355,0.186371,3322.86,2953.51,6933.13,test
9HVgYs8OOLc_310.wav,22050,10.0,220500,0.059583,0.088206,1299.73,1048.79,2340.87,test
dJYO3RbBabE_0.wav,22050,10.0,220500,0.058776,0.090435,2255.0,2599.43,4686.57,test
z4MeV9IGVo0_30.wav,22050,10.0,220500,0.123181,0.115204,1679.59,1323.35,3315.64,test
PVvi2SDOjVc_0.wav,22050,5.457,120320,0.334514,0.070826,1417.8,1361.18,2547.76,test
qZEIs6tS5vk_0.wav,22050,10.0,220500,0.697954,0.033993,1322.16,1805.97,2476.79,test
szkiW0GXEOI_100.wav,22050,10.0,220500,0.037545,0.205984,2781.34,1968.64,4179.07,test
Axd__X2rixk_30.wav,22050,10.0,220500,0.003803,0.394091,4650.72,3083.12,8071.28,test
Gkb4f6yodPE_70.wav,22050,10.0,220500,0.108279,0.430798,5211.79,2859.87,8790.82,test
gf6H_MWCqjw_40.wav,22050,10.0,220500,0.071369,0.200383,2962.02,2435.05,5597.86,test
9z2OwpftxUE_10.wav,22050,10.0,220500,0.069851,0.043648,965.54,1208.99,1736.62,test
sCzRVvu9XeY_0.wav,22050,3.576,78848,0.020971,0.053141,839.09,781.59,1086.66,test
KtTLsveexOg_210.wav,22050,10.0,220500,0.105903,0.308887,3765.87,2364.24,6645.92,test
7JWHbs3gu1w_180.wav,22050,10.0,220500,0.074966,0.112048,2183.46,2339.53,4662.46,test
C8kR19NvynA_30.wav,22050,10.0,220500,0.185746,0.056718,1466.67,1807.46,2958.32,test
rE6BJ0Bo4w4_200.wav,22050,10.0,220500,0.033909,0.188222,2870.25,2218.45,4957.68,test
C_ga5m6nOhI_30.wav,22050,10.0,220500,0.19468,0.301287,4231.39,3150.45,8341.62,test
VZLZ08k3YeA_60.wav,22050,10.0,220500,0.00809,0.256671,3695.43,2732.3,6948.35,test
c3nlaAkv9bA_230.wav,22050,9.753,215044,0.020371,0.107943,2624.72,2888.77,6121.13,test
BrPFQDr99Gg_30.wav,22050,10.0,220500,0.027723,0.067369,1380.9,1535.19,2297.71,test
bQNX7vDalQw_0.wav,22050,10.0,220500,0.127271,0.39345,4563.94,2353.17,7293.91,test
_xylo5_IiaM_470.wav,22050,10.0,220500,0.107068,0.095392,2226.86,2457.12,4691.74,test
m_NCf-q4Gn0_150.wav,22050,10.0,220500,0.156167,0.083566,1313.87,1251.95,2949.3,test
tjCNwdOUiGc_120.wav,22050,10.0,220500,0.088804,0.138813,2582.92,2593.86,5996.05,test
TtRtURWVYBE_40.wav,22050,10.0,220500,0.113865,0.495471,5143.01,2790.98,8400.9,test
8GHLfJ6y6zA_570.wav,22050,10.0,220500,0.030826,0.07474,2386.68,2368.79,4882.22,test
59VP93Tzjmg_40.wav,22050,10.0,220500,0.086158,0.136169,2071.02,1727.65,3877.6,test
404cD3bVXDc_30.wav,22050,10.0,220500,0.10099,0.175225,2971.99,2354.2,5557.74,test
WHRnyGXcdy8_24.wav,22050,9.13,201312,0.089435,0.200835,3285.34,2285.85,5957.46,test
GuizRlAQ8qQ_50.wav,22050,10.0,220500,0.149002,0.320495,4136.25,2857.76,7908.11,test
WWkhzcmx3VE_320.wav,22050,10.0,220500,0.218915,0.15985,2358.79,1748.07,3824.92,test
UhCzD6EBJBU_180.wav,22050,10.0,220500,0.022882,0.220014,3257.81,2580.01,6285.15,test
4eyY1w2QyM0_6.wav,22050,9.901,218308,0.022522,0.214278,2749.28,1959.47,5156.12,test
MtK8L8gXRrI_20.wav,22050,10.0,220500,0.082879,0.168996,2852.91,2617.55,5588.94,test
ram-QPKSQYc_11.wav,22050,9.062,199818,0.086899,0.106926,2418.71,2720.62,5973.23,test
hVUmQfBIYe8_100.wav,22050,10.0,220500,0.018909,0.343989,4705.88,3211.07,8568.44,test
jPayI-MTnag_14.wav,22050,10.0,220500,0.248571,0.102879,1464.22,1064.09,2498.9,test
LVvS3s9dFKw_30.wav,22050,10.0,220500,0.118879,0.303892,3812.61,2484.95,6714.76,test
9ucb5HYO8ps_20.wav,22050,10.0,220500,0.030723,0.137257,2443.28,2197.35,4366.54,test
I_vN_BFUr0Y_10.wav,22050,10.0,220500,0.315847,0.08137,1462.09,1462.61,2483.21,test
54eRRbCtPn8_30.wav,22050,10.0,220500,0.008375,0.205229,3676.98,3081.55,7532.12,test
LBe33dw9ezg_30.wav,22050,10.0,220500,0.015386,0.46807,5305.13,2711.45,8274.52,test
XQxIXaX_7M0_30.wav,22050,10.0,220500,0.041513,0.150086,1705.59,1026.84,2856.35,test
hmd6pa2e_rs_30.wav,22050,10.0,220500,0.090539,0.046767,1178.99,1717.24,2051.47,test
BQ-r9mEHssU_17.wav,22050,9.315,205390,0.020752,0.200758,3390.95,2904.13,6888.56,test
a3GzZKxUTy8_50.wav,22050,10.0,220500,0.068657,0.169489,2786.06,2573.6,5728.58,test
W4GEwnXc9tQ_30.wav,22050,10.0,220500,0.109019,0.129095,2496.92,2403.23,4930.95,test
yL3gKa6YLoM_40.wav,22050,10.0,220500,0.10796,0.107594,1455.7,1014.29,2578.34,test
wnqUgK_-fo4_0.wav,22050,10.0,220500,0.253174,0.135615,2117.5,1742.5,4001.9,test
6eX6bJOFftA_11.wav,22050,9.968,219786,0.077467,0.074997,1581.95,1875.97,3002.88,test
9E8BmPZ9mWc_12.wav,22050,9.084,200296,0.158207,0.076585,1135.92,1001.38,1980.56,test
YEYeQ0lIkBQ_0.wav,22050,10.0,220500,0.109113,0.133748,1882.08,1286.69,3288.61,test
yVjivgsU2aA_10.wav,22050,10.0,220500,0.438973,0.07591,1560.99,1509.83,2865.29,test
6TO9PEGpZcQ_30.wav,22050,10.0,220500,0.127327,0.122391,1838.01,1518.15,3280.39,test
kx6Rj4MDIAw_30.wav,22050,10.0,220500,0.068308,0.150548,2548.86,2370.83,5184.63,test
52IxrdTxGs4_30.wav,22050,10.0,220500,0.268807,0.005606,413.02,977.92,721.96,test
yfYNPWs7mWY_380.wav,22050,10.0,220500,0.059161,0.172074,2776.53,2461.72,5376.11,test
8DLcBdC5UrE_13.wav,22050,9.245,203846,0.044178,0.029939,788.45,1109.38,1706.71,test
5t6tSW0yT40_410.wav,22050,10.0,220500,0.035473,0.435122,4969.02,2781.67,8056.29,test
86dNVnTwH6U_40.wav,22050,10.0,220500,0.055002,0.209005,2732.13,1818.01,4676.78,test
_AcJVyToQUQ_60.wav,22050,10.0,220500,0.154902,0.138229,2266.45,1756.36,4054.34,test
cr0GiZr0TNY_10.wav,22050,10.0,220500,0.074088,0.243036,3611.42,2539.59,6392.49,test
0ury8KHQdL4_480.wav,22050,10.0,220500,0.091678,0.143929,2563.09,2340.14,5211.41,test
WCYfCfW9NA0_230.wav,22050,10.0,220500,0.097066,0.288252,3963.09,3043.83,7567.55,test
4xrL4TSgHwU_30.wav,22050,10.0,220500,0.087272,0.246145,3632.09,2761.84,6962.89,test
4_Cak7gvly4_160.wav,22050,10.0,220500,0.087901,0.175907,2905.58,2434.19,5589.46,test
5ye0X5saadg_30.wav,22050,10.0,220500,0.246436,0.056498,1292.83,1695.95,2520.61,test
VMsbrcHPBfk_20.wav,22050,10.0,220500,0.070145,0.101877,1850.57,1671.26,3470.89,test
u84FiZ_omhA_22.wav,22050,9.028,199076,0.233142,0.143572,2667.49,2296.28,5082.58,test
bUTOsLXYyxg_220.wav,22050,10.0,220500,0.079977,0.144872,2481.88,2138.0,4625.82,test
YIqpIjjee00_30.wav,22050,10.0,220500,0.023594,0.196041,3456.03,2908.03,7190.24,test
9zstu_IfAm4_30.wav,22050,10.0,220500,0.199868,0.085292,1415.04,1230.47,2710.21,test
D96OO7nYYsg_30.wav,22050,10.0,220500,0.223103,0.029469,869.75,1212.81,1862.87,test
VQnmlf2OsUg_50.wav,22050,10.0,220500,0.187419,0.533386,5965.87,2359.77,8559.6,test
cFoXRmGgIME_20.wav,22050,10.0,220500,0.191023,0.102283,1882.45,2081.46,3986.94,test
QOmV7O9mFwg_30.wav,22050,10.0,220500,0.162956,0.070292,1562.4,1927.74,3227.76,test
ENTi8Sn4vdM_20.wav,22050,10.0,220500,0.3227,0.100276,1874.27,1761.33,3475.59,test
3kBlVLkN0zo_30.wav,22050,10.0,220500,0.060677,0.107523,2413.36,2668.84,5150.38,test
ZYWCwfCkBp4_30.wav,22050,10.0,220500,0.03957,0.23526,3452.47,2335.86,5902.17,test
SGaIvgwwWSE_30.wav,22050,10.0,220500,0.068335,0.099547,2390.41,2639.21,5660.36,test
0_K6OKtoBBU_30.wav,22050,10.0,220500,0.006405,0.068613,1467.46,1613.54,3245.44,test
31WGUPOYS5g_22.wav,22050,9.266,204308,0.201197,0.137939,2357.22,2006.67,4319.35,test
0a9wVat2PWk_230.wav,22050,10.0,220500,0.064192,0.048905,1192.22,1350.94,2419.89,test
32565FEuksc_30.wav,22050,10.0,220500,0.119352,0.162727,2620.64,2225.53,4914.72,test
3n05BjV7r7M_5.wav,22050,9.768,215382,0.06834,0.245266,3172.69,2183.27,5506.21,test
Jfaj4P3us9M_27.wav,22050,9.502,209514,0.0045,0.053377,993.24,931.5,2054.98,test
mVjub3o_IxE_40.wav,22050,10.0,220500,0.118641,0.32867,4175.44,2709.65,7314.14,test
GSHcgY6ATkQ_70.wav,22050,10.0,220500,0.047527,0.122584,2728.33,2563.77,5558.04,test
OVQMFBeCHq0_13.wav,22050,9.809,216278,0.175607,0.204107,4154.6,3154.33,8374.91,test
zwoqJY03yHE_60.wav,22050,10.0,220500,0.024233,0.098945,2025.85,2299.89,4839.45,test
g0l8ArPOTvA_90.wav,22050,10.0,220500,0.033997,0.081878,2265.11,2536.14,5097.8,test
2t82STv2GR8_110.wav,22050,10.0,220500,0.179239,0.095252,1288.89,865.43,2187.07,test
qPYwp1K4sZE_310.wav,22050,10.0,220500,0.032769,0.169726,2189.28,1495.37,3955.59,test
fBYDJWChe5c_20.wav,22050,10.0,220500,0.003726,0.220258,3518.87,2911.39,7339.75,test
6ukYSXzfEgQ_20.wav,22050,10.0,220500,0.038648,0.16599,2159.06,1576.15,4042.25,test
