filename,sample_rate,duration_sec,num_samples,rms_energy,zero_crossing_rate,spectral_centroid,spectral_bandwidth,spectral_rolloff,split
jc5R0Kz6xGk_30.wav,22050,10.0,220500,0.080884,0.096709,1737.36,1772.25,3289.23,train
w7NcfBuh-ZI_6.wav,22050,9.367,206532,0.103211,0.344302,4611.91,2696.05,7964.35,train
BCGOfRnKn_g_370.wav,22050,10.0,220500,0.013862,0.11971,2158.69,2077.62,4494.32,train
Y4CCD_dNBDQ_320.wav,22050,10.0,220500,0.114871,0.000417,381.46,1234.58,511.85,train
MPxchINgsHk_280.wav,22050,10.0,220500,0.058549,0.432146,4907.35,2576.34,7612.04,train
WWisyEmocbs_20.wav,22050,10.0,220500,0.344826,0.195789,3468.61,3052.21,7343.27,train
Awk5h3VwN9w_370.wav,22050,10.0,220500,0.043869,0.175225,2950.17,2435.01,5609.0,train
rAnfNGxpW04_470.wav,22050,10.0,220500,0.300023,0.121511,1588.26,984.28,2394.56,train
5LoYaKPyA88_30.wav,22050,10.0,220500,0.007452,0.1205,2140.03,2055.27,4126.63,train
Eb3i4yI55Mo_3.wav,22050,10.0,220500,0.08168,0.148905,2801.35,2652.28,5884.11,train
g23F-H8hUv8_30.wav,22050,10.0,220500,0.124326,0.240268,3114.93,1624.94,4669.93,train
ExjkmiWArck_380.wav,22050,10.0,220500,0.016058,0.360478,4467.99,2787.41,7948.25,train
l0WGXiZ3hkA_30.wav,22050,10.0,220500,0.01401,0.211064,3122.33,2591.34,5848.46,train
-CZvettHJgI_370.wav,22050,10.0,220500,0.077712,0.051015,1467.39,1456.26,2984.87,train
IfXhJaHM_Kg_20.wav,22050,10.0,220500,0.046883,0.150416,2587.98,2391.88,5178.54,train
OpVEVhrkd3I_220.wav,22050,10.0,220500,0.076922,0.210424,3474.48,2857.03,6962.77,train
7Wat_2UHu8o_0.wav,22050,10.0,220500,0.012528,0.077714,1665.13,1505.7,3489.33,train
vfOqaKKny58_10.wav,22050,10.0,220500,0.172356,0.072692,2104.25,2508.78,4901.88,train
Ai3VV2mlVyQ_30.wav,22050,10.0,220500,0.092371,0.1696,2568.29,1961.41,4703.58,train
83_e3HqFPZ8_30.wav,22050,10.0,220500,0.123727,0.070644,1513.14,1748.83,2967.88,train
gYjm9VZSZHY_560.wav,22050,10.0,220500,0.147279,0.159599,2479.77,2208.95,5103.47,train
0UPMwdrLpKw_30.wav,22050,10.0,220500,0.139409,0.080135,1478.6,1541.02,2910.45,train
tiTGKI-M8Hc_30.wav,22050,10.0,220500,0.065791,0.123451,2416.2,2510.73,5171.47,train
ZVM25otTJYs_13.wav,22050,9.333,205782,0.196607,0.167776,2523.32,1816.81,4309.02,train
cQR0EwBEWYE_150.wav,22050,10.0,220500,0.098433,0.178708,3138.18,2995.73,7152.35,train
Z0AgBRPAcOk_40.wav,22050,10.0,220500,0.259477,0.14034,1698.77,1127.94,2704.57,train
SuM-qEQHQhw_0.wav,22050,10.0,220500,0.085105,0.146561,2556.6,2414.35,5178.16,train
r3bKnjGgY9U_5.wav,22050,9.164,202070,0.065266,0.214276,3414.56,2411.67,5916.4,train
TzUA9gI2Pxg_90.wav,22050,10.0,220500,0.032519,0.467353,4720.39,2732.02,7518.04,train
8gii01YlaDQ_30.wav,22050,10.0,220500,0.234908,0.069578,2100.83,2560.28,5588.24,train
wAOP6pY3vsE_30.wav,22050,10.0,220500,0.088377,0.075545,1739.29,2286.03,3815.6,train
0v7SOVeMw0g_30.wav,22050,10.0,220500,0.040088,0.022512,673.62,1254.13,1089.92,train
vDp66_IXrvM_10.wav,22050,10.0,220500,0.064724,0.23277,2647.08,1603.37,4539.21,train
_JieEQVJW0w_13.wav,22050,9.402,207318,0.067272,0.232993,3880.04,3297.61,8334.07,train
cp6958XwS3w_120.wav,22050,10.0,220500,0.043969,0.132594,2496.73,2269.26,4700.88,train
2zohqWPmeQU_80.wav,22050,10.0,220500,0.126943,0.258573,2734.55,1320.05,4131.78,train
xWQAWcmOTqI_22.wav,22050,9.688,213620,0.008436,0.240007,3523.95,2903.25,7226.4,train
ZLN0DiI4mmE_140.wav,22050,10.0,220500,0.041853,0.138335,2477.25,2399.84,5081.51,train
t5Ud4BQ01Bo_10.wav,22050,10.0,220500,0.067541,0.194879,2743.92,1809.94,4129.55,train
KgTpYqqkM14_110.wav,22050,10.0,220500,0.005688,0.079472,1426.76,1550.21,3231.53,train
zNHshLBEdbU_30.wav,22050,10.0,220500,0.190213,0.177763,2588.89,1988.38,4504.29,train
TxnZxbGY4Y8_20.wav,22050,10.0,220500,0.013872,0.383539,4558.88,2853.86,8039.9,train
8AEg3aGab6Q_60.wav,22050,10.0,220500,0.00534,0.024516,1009.95,1143.78,2150.02,train
dZje-wshTSs_20.wav,22050,10.0,220500,0.072838,0.281879,3427.76,2174.0,6061.55,train
WLH87N00WoM_20.wav,22050,10.0,220500,0.062787,0.145261,2468.44,2256.96,4830.23,train
_e8BnmF1IfI_10.wav,22050,10.0,220500,0.041127,0.106693,2281.61,2375.17,4749.84,train
aiTS9wOmJfA_70.wav,22050,10.0,220500,0.024649,0.099634,1746.49,1808.68,2928.39,train
JTomOXy6jE0_20.wav,22050,10.0,220500,0.314695,0.104632,2389.81,2522.78,5106.94,train
4_TsbPKlmi4_30.wav,22050,10.0,220500,0.020138,0.085967,1604.36,1870.48,2744.31,train
SkkTmnYQpxw_0.wav,22050,10.0,220500,0.156242,0.203144,3105.64,2470.5,5630.76,train
LYfIHB8OAmM_350.wav,22050,10.0,220500,0.112233,0.414109,4545.28,2129.6,6540.22,train
VPDYd9bsNPo_30.wav,22050,10.0,220500,0.10442,0.148246,2538.55,2423.08,5020.66,train
Fa10DbOMA-Q_180.wav,22050,10.0,220500,0.018789,0.261675,3576.67,2695.6,6476.7,train
PLolx4eLwiI_20.wav,22050,10.0,220500,0.10285,0.224485,3832.1,3050.95,7671.42,train
A-Ia4d6Bu1k_30.wav,22050,10.0,220500,0.208004,0.094558,1826.74,2081.06,3538.76,train
8FkeGjySMCo_30.wav,22050,10.0,220500,0.034863,0.129586,1819.05,1620.65,2609.39,train
g6TlOWIaUEI_140.wav,22050,10.0,220500,0.013497,0.207162,3473.44,2753.73,6686.91,train
IvwQUQb0bAA_10.wav,22050,10.0,220500,0.055448,0.196286,3135.19,2604.84,6498.41,train
393iV1LxI0c_180.wav,22050,10.0,220500,0.130215,0.075252,1467.41,1468.74,3208.22,train
W2pjqvjnTiI_0.wav,22050,10.0,220500,0.017097,0.116444,2332.46,2318.95,4716.27,train
4JR2W673DiM_0.wav,22050,8.645,190625,0.041677,0.205204,2358.89,1421.25,4079.47,train
4Y66devJ-gg_30.wav,22050,10.0,220500,0.057085,0.349129,4401.36,2642.92,7635.49,train
lbVSXcMJPF8_570.wav,22050,10.0,220500,0.041755,0.146066,1973.0,1954.01,4015.94,train
dWkg8ZoZbBk_10.wav,22050,10.0,220500,0.182255,0.107226,1982.08,2010.74,3847.47,train
tyPPbGR2LFE_80.wav,22050,10.0,220500,0.362444,0.043703,1427.06,2310.56,3148.04,train
ZqlhNDsKdUw_150.wav,22050,10.0,220500,0.143598,0.133035,2285.0,2248.56,4302.89,train
VIJB9CQrJCg_8.wav,22050,9.299,205040,0.07563,0.073605,1372.21,1317.03,2761.78,train
Rg7wwH-XvD8_60.wav,22050,10.0,220500,0.008895,0.174373,3308.56,2956.93,6928.82,train
Kt1EcFxsbDw_30.wav,22050,10.0,220500,0.019003,0.090222,1347.58,1183.44,2370.83,train
gO83NhDU8J4_30.wav,22050,10.0,220500,0.025038,0.164396,2101.87,1524.5,3952.07,train
Dzdv_Y-iCLA_280.wav,22050,10.0,220500,0.112764,0.060094,1441.98,1784.32,2637.74,train
i5N4j_TiHVg_20.wav,22050,10.0,220500,0.10222,0.03036,709.74,1123.54,1161.27,train
D4oX4Bv7nIY_260.wav,22050,10.0,220500,0.543672,0.019579,705.25,1242.37,1312.5,train
ik72bC1qZLs_520.wav,22050,10.0,220500,0.085095,0.115419,2436.5,2364.79,4864.43,train
CfTtig2dqJs_550.wav,22050,10.0,220500,0.003699,0.171362,2473.85,1995.59,4368.19,train
-adioGLVvF8_30.wav,22050,10.0,220500,0.014097,0.105725,2472.1,2760.98,5037.92,train
z9i3ss4_Mjs_430.wav,22050,10.0,220500,0.04272,0.129143,2657.35,2716.34,6073.04,train
0H1243JIN4k_30.wav,22050,10.0,220500,0.047647,0.110924,2429.47,2653.02,5204.77,train
gpE63HdDba0_12.wav,22050,9.439,208120,0.178903,0.088903,1496.42,1337.21,2866.98,train
MsqpIpQlkpA_30.wav,22050,10.0,220500,0.228526,0.032704,737.16,959.65,1399.18,train
JpS8ihziwzE_10.wav,22050,10.0,220500,0.069228,0.276923,3994.97,3002.69,7743.38,train
aC02yqe_pPA_30.wav,22050,10.0,220500,0.251721,0.132029,1814.61,1258.77,3120.37,train
OaiL2UHSWjs_120.wav,22050,10.0,220500,0.050636,0.131538,2066.56,1810.21,3697.92,train
R3-AQbvgMQU_30.wav,22050,10.0,220500,0.086558,0.081171,2187.56,2686.85,5440.93,train
JPeZmP0-Idw_140.wav,22050,10.0,220500,0.116736,0.132315,2393.28,2357.17,5060.43,train
4__LDPAN6iQ_110.wav,22050,10.0,220500,0.084394,0.109995,2370.21,2583.92,5096.42,train
uyp--1YAqSI_7.wav,22050,9.342,205986,0.324733,0.30184,3476.74,2298.2,6246.95,train
8dKn475Q060_10.wav,22050,10.0,220500,0.093353,0.011924,1769.37,1895.39,3903.36,train
NOz91EgDeHo_120.wav,22050,10.0,220500,0.03334,0.32181,4540.39,2926.62,8034.41,train
Y9MBLxjdtMk_0.wav,22050,10.0,220500,0.028833,0.264761,3057.86,1827.4,5082.99,train
Sx4fV9beeSc_30.wav,22050,10.0,220500,0.003823,0.13916,3108.69,2980.65,6782.46,train
FMK4guHv1gU_30.wav,22050,10.0,220500,0.19785,0.131503,2400.12,2247.29,4718.02,train
9WXw9M9QKj8_23.wav,22050,9.015,198786,0.284802,0.152934,1803.78,1087.07,2922.7,train
9JHw0TvrgEo_30.wav,22050,10.0,220500,0.090092,0.05653,1035.83,1043.02,2082.48,train
OX3Thw3J_4c_370.wav,22050,10.0,220500,0.02063,0.190444,3354.95,2737.17,6644.09,train
Bqms6FrZC1Q_0.wav,22050,10.0,220500,0.140501,0.057029,1372.66,1690.26,2665.62,train
Ch6YdbMt1gk_14.wav,22050,9.041,199348,0.120643,0.182896,2371.27,1858.56,4492.76,train
AjwtVR-bJ_I_30.wav,22050,10.0,220500,0.13311,0.049185,1900.57,2393.74,4049.97,train
lrA2963vrQo_80.wav,22050,10.0,220500,0.104849,0.265541,3505.4,2499.27,6177.53,train
165obDPbUVw_5.wav,22050,9.025,198998,0.065901,0.242651,2320.7,1539.24,4117.38,train
EnCdknnzazU_20.wav,22050,9.814,216408,0.074758,0.037723,1591.19,2187.15,3594.54,train
6bRKE0uWx3w_9.wav,22050,9.019,198862,0.049704,0.130656,2313.47,2324.94,4741.93,train
32WFQlLaJxc_30.wav,22050,10.0,220500,0.235988,0.079694,1504.81,1503.12,2694.67,train
-72pUaj4jLE_10.wav,22050,10.0,220500,0.133162,0.099985,1556.59,1399.97,2662.35,train
8h2hoNk6ZWI_80.wav,22050,10.0,220500,0.128949,0.158538,1927.62,1102.28,2088.75,train
28OKxAF24Pk_6.wav,22050,9.494,209348,0.199891,0.119117,2312.36,2074.63,4296.14,train
FNhpsHkmewE_0.wav,22050,10.0,220500,0.047438,0.073442,1398.97,1255.88,2874.03,train
DnBZ6hQyy4g_30.wav,22050,10.0,220500,0.007986,0.080946,2328.54,2961.3,6161.47,train
o_gI6qy-NG0_190.wav,22050,10.0,220500,0.103458,0.111362,2145.36,2430.54,4377.59,train
qjgqs56SO9s_40.wav,22050,10.0,220500,0.015075,0.188632,3067.14,2633.03,5620.67,train
kONuYVnIFsA_230.wav,22050,10.0,220500,0.136467,0.133869,2511.03,2382.04,5059.35,train
66CmfucWx0M_30.wav,22050,10.0,220500,0.003782,0.147282,2322.3,2020.59,4548.55,train
-MwkklkmxRU_30.wav,22050,10.0,220500,0.036277,0.017909,1304.3,2165.49,3345.79,train
8zGhgP2Tqv0_80.wav,22050,10.0,220500,0.002535,0.12257,2055.96,2063.06,3922.29,train
9uc8YamBP7c_90.wav,22050,10.0,220500,0.240306,0.079499,2037.85,2522.66,4757.06,train
-dZk6HuNriU_30.wav,22050,10.0,220500,0.023302,0.097469,1874.99,1745.45,3472.04,train
T3QO2Tluiv8_110.wav,22050,10.0,220500,0.02157,0.351973,4315.16,2765.94,7130.71,train
gSZz1J4J8fg_30.wav,22050,10.0,220500,0.093728,0.115716,1682.17,1298.07,2683.66,train
UbX2YGXIFU0_60.wav,22050,10.0,220500,0.215026,0.129409,1887.98,1514.51,3749.0,train
080tLgt4NN4_30.wav,22050,10.0,220500,0.033741,0.052232,1122.43,1337.03,2171.06,train
N29kH8quCYk_30.wav,22050,10.0,220500,0.027005,0.219196,3428.21,2879.99,6601.78,train
mBfnQph14QY_340.wav,22050,10.0,220500,0.036563,0.014994,834.89,1520.69,1617.89,train
1vCYuQUbNxE_60.wav,22050,10.0,220500,0.06446,0.235524,3445.48,2493.0,6082.06,train
meqZwnTSsns_30.wav,22050,10.0,220500,0.075498,0.158827,1872.36,1107.78,3136.63,train
slonlwzewnI_250.wav,22050,10.0,220500,0.116644,0.168576,2710.59,2242.81,5005.67,train
GzKyIGhPTqo_30.wav,22050,10.0,220500,0.069509,0.10554,1547.33,1218.31,2613.71,train
cvfuwwtU-Tk_20.wav,22050,10.0,220500,0.275597,0.099603,1847.55,1772.86,3119.34,train
5Ect1bJFKYU_30.wav,22050,10.0,220500,0.028933,0.070362,1695.27,2150.97,3547.71,train
iKj7P-LZpJw_10.wav,22050,10.0,220500,0.054589,0.1592,2596.57,2263.99,4812.8,train
9vtUJW-ift8_50.wav,22050,10.0,220500,0.206869,0.066689,1889.28,2605.55,4197.68,train
98bXnHH85k4_30.wav,22050,10.0,220500,0.059796,0.094739,1481.49,1203.46,2318.39,train
0E_oFm9EzDE_380.wav,22050,10.0,220500,0.029398,0.038441,1520.27,2070.09,3334.5,train
98BZ9-9nEVI_160.wav,22050,10.0,220500,0.060648,0.170894,2682.2,2367.92,5288.03,train
WIOtetViWww_30.wav,22050,10.0,220500,0.060502,0.174216,3055.99,2833.11,6425.59,train
6O1IZkhnQdc_30.wav,22050,10.0,220500,0.101033,0.302885,3909.47,2696.18,6842.76,train
vQ9Qs3G7Bdk_130.wav,22050,10.0,220500,0.142692,0.099543,1823.24,2041.17,3418.86,train
js0XqM4kC8A_240.wav,22050,10.0,220500,0.306926,0.038382,1475.66,2071.97,3068.28,train
SqiGOBD7icM_20.wav,22050,10.0,220500,0.013877,0.126238,2305.67,2441.02,4660.01,train
uNzQBFFNa_k_30.wav,22050,10.0,220500,0.005197,0.133858,2483.9,2481.08,5074.17,train
y1yLls2dNUk_30.wav,22050,10.0,220500,0.004128,0.142633,2935.39,2988.97,6809.21,train
VY4Lu_JUz6o_12.wav,22050,9.107,200808,0.146873,0.375673,4614.04,3094.01,8359.92,train
7BU0rD0m2bk_20.wav,22050,10.0,220500,0.016129,0.14593,2288.85,2202.81,4353.5,train
WKsc-xUTnSY_0.wav,22050,10.0,220500,0.132731,0.054571,1262.1,1577.42,2758.87,train
VjElXYjoMzU_0.wav,22050,10.0,220500,0.230976,0.203945,3450.75,2581.58,6401.21,train
PkJqFDJDM0o_10.wav,22050,10.0,220500,0.066852,0.134975,2177.32,1654.18,3973.03,train
zlm5N6tavrk_17.wav,22050,9.494,209342,0.032692,0.119595,2470.6,2252.28,5254.02,train
9J1WaGyVSLw_30.wav,22050,10.0,220500,0.020925,0.090028,2256.51,2572.72,4683.1,train
6SnNgIK_PW4_30.wav,22050,10.0,220500,0.014596,0.1301,2309.97,2070.18,4225.48,train
NW0JLksWAek_40.wav,22050,10.0,220500,0.11626,0.32482,3311.92,1367.33,4808.3,train
fi8ukuUuwHs_220.wav,22050,10.0,220500,0.035608,0.173989,2858.32,2516.62,5572.15,train
RCf30NxV9Mk_90.wav,22050,10.0,220500,0.147581,0.241675,3334.74,2765.31,6503.23,train
T1S0lh0e-Qc_0.wav,22050,4.0,88200,0.127563,0.110442,1461.57,1087.95,2815.87,train
021r3luEmPk_430.wav,22050,10.0,220500,0.0111,0.210978,3244.23,2470.12,5991.88,train
m9AN5qiiFrk_30.wav,22050,10.0,220500,0.068253,0.114482,2242.56,2299.92,4398.57,train
b86pOvpCk9o_40.wav,22050,10.0,220500,0.168494,0.110292,1829.97,1586.5,3037.26,train
A6w50Tiw_YQ_590.wav,22050,10.0,220500,0.139034,0.081253,1343.77,1231.34,2453.91,train
wlBgYrHx4ds_30.wav,22050,10.0,220500,0.188834,0.112174,2277.6,2335.31,4899.13,train
XujBf40POcY_10.wav,22050,10.0,220500,0.07566,0.224703,2790.0,1807.72,4386.38,train
XLf9Xk2v_3Y_60.wav,22050,10.0,220500,0.070148,0.168471,3167.58,2793.03,6371.78,train
EVsJdyGhkRs_70.wav,22050,10.0,220500,0.129437,0.080938,1233.62,1084.54,2427.66,train
jMB2RJnExOE_160.wav,22050,10.0,220500,0.037032,0.321696,4418.46,3119.73,8201.95,train
1Y4HWY6DHnU_280.wav,22050,10.0,220500,0.051895,0.146151,2324.57,1932.07,3978.95,train
flXP8T4lKYE_30.wav,22050,10.0,220500,0.116702,0.098863,1598.36,1459.55,3484.33,train
H7lOMlND9dc_30.wav,22050,10.0,220500,0.387298,0.088517,1537.78,1922.99,2299.68,train
7ERyv4hJVzE_160.wav,22050,10.0,220500,0.091453,0.111882,2923.24,2804.68,6055.48,train
1aHUOIAag5I_30.wav,22050,10.0,220500,0.029761,0.133185,2645.09,2709.79,5764.18,train
CLyPudpzTKI_70.wav,22050,10.0,220500,0.008392,0.237464,3063.09,2144.23,4785.82,train
FucYmXzPI-8_22.wav,22050,9.052,199588,0.15607,0.120156,1972.83,1740.36,3925.56,train
7hWENAfcY0U_210.wav,22050,9.312,205340,0.173872,0.008328,337.41,643.99,684.7,train
PiRG35lMDgo_470.wav,22050,10.0,220500,0.16141,0.211079,3174.93,2437.3,6040.86,train
HzBNVQo9c4Q_30.wav,22050,10.0,220500,0.154912,0.165627,2500.9,2034.36,4905.92,train
BoD5V_ijxGA_30.wav,22050,10.0,220500,0.185327,0.123387,2142.29,1830.58,3677.33,train
vv3hA-eBDUs_30.wav,22050,10.0,220500,0.044981,0.046817,1328.57,1885.82,2529.88,train
xgGG_EOdkuk_30.wav,22050,10.0,220500,0.241582,0.398388,4803.68,2656.7,8170.13,train
EfdYbSXc8UU_30.wav,22050,10.0,220500,0.055435,0.067707,1838.49,2475.09,3589.08,train
WJbPb5NiPtE_9.wav,22050,9.204,202958,0.122935,0.154395,2442.86,2027.31,4065.25,train
6f-IhToL2eE_30.wav,22050,10.0,220500,0.070286,0.154391,1975.82,1463.07,3308.59,train
XtLS26fuX3U_490.wav,22050,10.0,220500,0.202801,0.085774,2065.23,2265.46,4375.29,train
uSk9GxPSVbw_30.wav,22050,10.0,220500,0.080489,0.068751,2241.58,2678.68,5360.32,train
mF5C93cDocA_30.wav,22050,10.0,220500,0.041334,0.125285,1971.25,1710.58,2903.29,train
__50RszhY3M_0.wav,22050,9.868,217600,0.096546,0.054542,1352.69,1762.61,2659.3,train
phSeC-he8lU_220.wav,22050,10.0,220500,0.059566,0.297258,3417.76,2451.01,5908.34,train
9qFY3IbiiiM_20.wav,22050,10.0,220500,0.190256,0.130129,1970.59,1647.27,3610.11,train
BLCtN8PLY9k_80.wav,22050,10.0,220500,0.130261,0.166642,2730.51,2192.96,5107.27,train
IwCWHG2dKeU_560.wav,22050,10.0,220500,0.098059,0.23154,3581.8,2943.53,7219.72,train
Y3FhfpXR-Cs_30.wav,22050,10.0,220500,0.189807,0.165859,2812.21,2430.77,5488.49,train
O3DqABWLNyQ_150.wav,22050,10.0,220500,0.037216,0.14488,1883.15,1452.02,2937.98,train
CfW9fhE4XBs_160.wav,22050,10.0,220500,0.049132,0.189169,3007.4,2621.03,5962.2,train
2kuDdm983uY_0.wav,22050,10.0,220500,0.033876,0.051616,1688.39,1928.95,3308.62,train
zkAe6bCsIEM_70.wav,22050,10.0,220500,0.170108,0.020835,931.7,1823.74,1688.51,train
2Ep4licRsKk_2.wav,22050,9.175,202316,0.228096,0.13017,2068.47,1724.06,3262.04,train
2FS8Twtl1ms_30.wav,22050,10.0,220500,0.137191,0.09098,1513.19,1540.73,2761.8,train
RP8PNWMKYyA_18.wav,22050,9.632,212380,0.05956,0.085226,1671.48,1804.31,2711.99,train
qitmTgpN8L4_30.wav,22050,10.0,220500,0.031968,0.101828,1661.13,1629.5,3058.84,train
7L1B7Rotorc_30.wav,22050,9.126,201220,0.089694,0.184089,2822.28,2526.37,5752.1,train
Z5fvIeJNjhQ_0.wav,22050,10.0,220500,0.208085,0.155157,2879.72,2254.68,5219.68,train
fHZLKS9Ik5E_560.wav,22050,10.0,220500,0.021889,0.134378,2162.83,1915.59,3678.21,train
Zk-lDpmcJYo_60.wav,22050,10.0,220500,0.004049,0.172679,3534.76,3264.18,8046.85,train
LJQxNkMslHs_40.wav,22050,10.0,220500,0.089905,0.210155,3444.62,2910.79,7142.63,train
be8MmMGEr0U_30.wav,22050,10.0,220500,0.146453,0.091858,1801.95,1888.68,3347.69,train
2bqC27BPZUE_120.wav,22050,10.0,220500,0.176558,0.10979,1959.77,1930.95,3567.54,train
zWeSlhpwA9w_70.wav,22050,10.0,220500,0.106888,0.274444,3573.43,2681.46,6729.15,train
0-qHY5xlbaM_30.wav,22050,10.0,220500,0.072968,0.076189,1584.97,1825.71,2834.34,train
fdcMp43ofyQ_30.wav,22050,10.0,220500,0.127075,0.118114,1742.45,1564.37,2785.18,train
9Sxy1AlWmB8_70.wav,22050,10.0,220500,0.150499,0.185779,2096.21,1105.14,3142.45,train
SlbN3b5ATQA_40.wav,22050,10.0,220500,0.107119,0.241613,3716.5,2673.85,6698.15,train
ZActhi7hlb8_0.wav,22050,10.0,220500,0.253813,0.074003,1894.41,2356.49,4288.98,train
7G0wiJdIoSY_40.wav,22050,10.0,220500,0.021323,0.164714,2529.46,2217.29,5072.17,train
aD09LLpaXfY_13.wav,22050,10.0,220500,0.136978,0.030747,962.55,1573.04,1758.35,train
ydLqjbN4FMg_0.wav,22050,10.0,220500,0.084844,0.092163,1630.6,1580.08,3531.65,train
VqVvojYt5jg_30.wav,22050,10.0,220500,0.149503,0.06418,1711.12,2294.0,3546.28,train
KbViq9fsi8E_130.wav,22050,10.0,220500,0.092125,0.477808,5394.59,2370.94,7973.56,train
ijid9IXLxXw_70.wav,22050,10.0,220500,0.040797,0.202527,3159.2,2484.66,5966.65,train
OVSVoHchNII_10.wav,22050,10.0,220500,0.277015,0.549724,6007.38,2660.22,9041.07,train
lMJHT1ySsMk_0.wav,22050,10.0,220500,0.286124,0.04862,968.52,1277.36,1822.83,train
LsWSOSy9ldI_30.wav,22050,10.0,220500,0.228676,0.009425,819.75,1836.08,1426.16,train
mo0EDiujpoM_100.wav,22050,10.0,220500,0.109715,0.057468,1369.62,1740.92,2525.28,train
cGWaXVpOL8M_30.wav,22050,10.0,220500,0.081119,0.155946,2722.82,2284.42,5047.79,train
GBsC6Vhyq3Y_30.wav,22050,10.0,220500,0.032446,0.098372,1634.92,1615.51,3019.82,train
n4f9w53125w_430.wav,22050,10.0,220500,0.159769,0.103829,2146.82,2355.3,4520.82,train
Z_-GdbLLbKA_30.wav,22050,10.0,220500,0.007711,0.149706,2218.01,1702.82,4207.09,train
d00DgW9vL8U_110.wav,22050,10.0,220500,0.122735,0.288079,3617.23,2639.57,6530.91,train
kslp7w9LjqU_25.wav,22050,8.977,197950,0.267602,0.091726,1519.65,1475.38,3295.58,train
6VUXazNX1Nw_60.wav,22050,10.0,220500,0.2422,0.187348,2806.2,2148.56,4746.97,train
tofi3KmLyno_0.wav,22050,7.0,154350,0.163651,0.14705,1895.52,1162.1,3190.62,train
051fzR7DDRA_30.wav,22050,10.0,220500,0.098737,0.021412,1074.03,1838.02,2220.32,train
FA8Hbf1BWb8_20.wav,22050,10.0,220500,0.099679,0.154798,2587.33,2278.29,4640.63,train
C5cWrTXOvNw_30.wav,22050,10.0,220500,0.041576,0.080104,1630.23,1892.61,3003.51,train
6VQeiOghkdE_30.wav,22050,10.0,220500,0.175867,0.083536,1466.12,1389.24,3111.3,train
rkgGPAmk-S4_10.wav,22050,10.0,220500,0.174188,0.070351,2046.88,2263.41,4350.51,train
TgAe6Bbep48_10.wav,22050,10.0,220500,0.182525,0.095693,2378.66,2258.65,4666.83,train
HFGixKjG1Ko_90.wav,22050,10.0,220500,0.092689,0.061255,1611.9,1911.76,3123.99,train
WqP0uNI6t5Y_30.wav,22050,10.0,220500,0.037808,0.270334,4056.06,3164.83,7966.99,train
p2aciw0GnZQ_90.wav,22050,10.0,220500,0.266438,0.087265,1401.31,1400.41,2562.88,train
fBKxMu6efmQ_0.wav,22050,10.0,220500,0.1949,0.080881,2026.1,1951.76,4051.74,train
p8kCJfj0Xn4_30.wav,22050,10.0,220500,0.183335,0.131339,2421.78,2131.1,4508.21,train
I6SiS3gxJ7o_30.wav,22050,10.0,220500,0.056999,0.07479,1705.36,2021.69,3566.69,train
Jskt1d0Vlhs_200.wav,22050,10.0,220500,0.075935,0.218229,3182.04,2521.78,6137.69,train
uLKXtweeED8_0.wav,22050,10.0,220500,0.077896,0.286645,3542.16,2623.24,6310.8,train
PHBkNjr6zng_20.wav,22050,10.0,220500,0.017248,0.397535,5111.3,2942.03,8688.25,train
PPuL8zWHWyE_7.wav,22050,10.0,220500,0.097886,0.134631,1929.25,1560.95,3851.77,train
neH6NGCJql8_17.wav,22050,9.053,199614,0.464912,0.093903,1489.1,1240.1,2546.03,train
GQq6G3x6eTw_140.wav,22050,10.0,220500,0.153748,0.301198,3568.17,2203.86,5642.15,train
gYui-MlyYxM_30.wav,22050,10.0,220500,0.099721,0.101393,2105.04,2131.74,4182.69,train
1_LYklNirE8_10.wav,22050,10.0,220500,0.030928,0.203052,3343.66,2805.39,6692.75,train
bmHo5nbDdQI_350.wav,22050,10.0,220500,0.192552,0.174586,2835.39,2386.6,5696.63,train
55cDQffhucw_410.wav,22050,10.0,220500,0.037711,0.13822,2431.06,2226.04,4685.42,train
3aIU4z_TQM0_30.wav,22050,10.0,220500,0.169039,0.118849,2690.16,2867.13,6398.33,train
7BrZjANUhx0_30.wav,22050,10.0,220500,0.089689,0.105769,2121.91,2036.79,3888.89,train
0095-_8T5ZY_220.wav,22050,10.0,220500,0.063606,0.189752,2582.44,2050.9,4472.71,train
X4VSve9T2ng_30.wav,22050,10.0,220500,0.041151,0.113712,2208.73,2217.86,4219.31,train
aoPAdosurbg_7.wav,22050,9.37,206610,0.206248,0.154798,2660.87,2284.64,4897.34,train
V5PJ3GL9zV4_120.wav,22050,10.0,220500,0.031176,0.035716,1655.51,2354.13,3978.55,train
2NA0rNmiPC0_30.wav,22050,10.0,220500,0.111046,0.251954,3202.32,2312.36,6119.4,train
C8RQinSjS6o_30.wav,22050,10.0,220500,0.025159,0.050963,1306.77,1943.57,2610.14,train
3BK4rRrgNP4_60.wav,22050,10.0,220500,0.008515,0.258623,3574.48,3063.17,7188.29,train
N-xuhcjGfXo_10.wav,22050,10.0,220500,0.772392,0.092982,2279.27,2068.02,4484.18,train
ODBsQr8oqM4_10.wav,22050,10.0,220500,0.031913,0.145813,1963.62,1393.16,2791.15,train
O0jgA7L43gc_330.wav,22050,10.0,220500,0.094751,0.349802,4335.4,2857.11,7707.86,train
8_Das6bmsik_30.wav,22050,10.0,220500,0.135123,0.091177,1635.24,1522.07,3018.7,train
LyNgrupbYhs_50.wav,22050,10.0,220500,0.247762,0.112708,1999.97,1875.26,3677.26,train
09ZlAaFw0cc_30.wav,22050,10.0,220500,0.055407,0.109332,1885.53,1764.86,3729.02,train
asBHuUH8GIs_80.wav,22050,10.0,220500,0.147145,0.273776,3908.6,3040.82,7561.8,train
7kpzx5j02tI_220.wav,22050,10.0,220500,0.086132,0.600946,6419.2,2263.37,8758.79,train
zp2LEnYX2GU_190.wav,22050,10.0,220500,0.161548,0.070914,1390.86,1861.76,2892.17,train
ImCotLD2Vs0_10.wav,22050,10.0,220500,0.082366,0.271687,3852.75,2688.71,7039.86,train
5wzSia_ARjk_30.wav,22050,10.0,220500,0.037995,0.253588,3524.47,2742.61,6846.63,train
i1Dx7-SF7JA_50.wav,22050,10.0,220500,0.120757,0.143003,2584.31,2429.28,5089.38,train
Uax28oOzUeY_30.wav,22050,10.0,220500,0.00105,0.28014,4194.74,3261.77,8348.86,train
5d_JgKsF6QI_30.wav,22050,10.0,220500,0.171257,0.176603,2847.37,2225.98,5097.65,train
6KSpMzw_SYs_9.wav,22050,10.0,220500,0.03097,0.093355,1529.89,1353.46,3014.15,train
35GnqnyAWCw_70.wav,22050,10.0,220500,0.027992,0.173225,2782.47,2261.81,4674.85,train
vlxgMGDZez0_40.wav,22050,10.0,220500,0.006404,0.340418,3339.72,2380.85,6208.41,train
FNB7YwtFqVc_30.wav,22050,10.0,220500,0.03622,0.045061,1577.12,2179.36,3701.69,train
gth6SmrBayM_20.wav,22050,10.0,220500,0.172543,0.132482,2553.37,2593.95,5300.44,train
-n2qmn-4i3E_140.wav,22050,10.0,220500,0.087488,0.115516,1825.35,1669.76,3144.37,train
0aR6VpV7ymk_30.wav,22050,10.0,220500,0.141811,0.08369,1279.82,1033.28,2452.49,train
1DdGJjLIDCc_30.wav,22050,10.0,220500,0.028605,0.097297,2091.63,2233.4,4162.0,train
30AhknaAwck_7.wav,22050,9.951,219410,0.00389,0.276621,4023.75,2896.24,7548.97,train
2WQDTzY-v3Q_0.wav,22050,10.0,220500,0.173263,0.130808,2450.55,2475.32,5213.58,train
52jU-FGtB9Q_30.wav,22050,10.0,220500,0.555018,0.079077,1307.88,997.19,2258.09,train
IttWgSsqPFc_22.wav,22050,9.765,215316,0.120405,0.063669,1234.11,1328.81,2755.07,train
JjMVj7zuNCU_380.wav,22050,10.0,220500,0.139004,0.115629,2001.56,1831.62,3606.76,train
6PNoePxDie4_30.wav,22050,10.0,220500,0.142444,0.164826,1825.6,1127.43,3098.31,train
SYFWvNmdG5s_30.wav,22050,10.0,220500,0.031377,0.225636,3256.92,2571.97,6198.59,train
T7mKE19TjQk_30.wav,22050,10.0,220500,0.015934,0.2514,3461.15,2494.81,6120.68,train
KawfCh0J29g_20.wav,22050,10.0,220500,0.081505,0.111004,2137.64,2058.28,4136.97,train
zM08Epg0XoE_2.wav,22050,9.447,208316,0.117284,0.099501,1904.47,1916.55,3780.64,train
p6RsBBXVqh4_30.wav,22050,10.0,220500,0.114245,0.08877,1942.04,2022.36,3917.49,train
KndupyNYIyA_17.wav,22050,10.0,220500,0.068394,0.095679,1294.49,882.45,2107.88,train
Q9TQTaIWmxw_10.wav,22050,10.0,220500,0.289632,0.078804,1978.46,2148.56,3876.08,train
ILuGeHSNvyg_26.wav,22050,9.434,208012,0.065616,0.041514,1393.15,2125.21,3366.98,train
3Yrd6J1-I6s_290.wav,22050,10.0,220500,0.036499,0.142902,2653.04,2510.85,5392.67,train
zQUnoLNt5FY_160.wav,22050,10.0,220500,0.210591,0.062131,1253.75,1161.77,2399.28,train
k-8d1INVb1U_4.wav,22050,9.468,208760,0.08503,0.113644,1601.9,1216.35,2931.63,train
eekzjpqtvqw_310.wav,22050,10.0,220500,0.105778,0.079829,1263.0,1079.37,2187.97,train
yiXL8FjHi2g_0.wav,22050,10.0,220500,0.06829,0.066105,1335.6,1820.09,2406.07,train
Y_raMz6QfG8_460.wav,22050,10.0,220500,0.052102,0.145422,2722.38,2500.11,5287.33,train
hWcQFsJ2i4Y_80.wav,22050,10.0,220500,0.054644,0.273697,3499.99,2285.89,6130.49,train
9zrAOn47kdg_30.wav,22050,10.0,220500,0.154744,0.039204,625.94,707.09,1047.73,train
R8pcOO_A2uE_0.wav,22050,10.0,220500,0.095912,0.10757,2381.28,2446.38,4998.1,train
9Sn8mlDZ0zs_17.wav,22050,9.175,202318,0.128141,0.039296,642.77,721.13,1098.85,train
G8fkVDLwd3k_30.wav,22050,9.213,203156,0.138941,0.204746,2847.06,2352.41,4827.32,train
ipgUJzx01Rk_30.wav,22050,10.0,220500,0.118378,0.052794,1108.12,1600.51,1832.82,train
mJ2RvWVt0Kc_20.wav,22050,10.0,220500,0.075999,0.22038,2527.87,1435.62,4269.59,train
IZofJTZB9jE_30.wav,22050,10.0,220500,0.081184,0.184031,1934.44,878.27,2672.47,train
tjCOggcJM4E_20.wav,22050,10.0,220500,0.00437,0.213209,3533.82,2917.26,7117.25,train
6O24cXr5kFw_30.wav,22050,10.0,220500,0.068161,0.419048,4996.52,2968.05,8541.01,train
8dy_1QhIANk_0.wav,22050,10.0,220500,0.029501,0.188832,3285.4,2899.34,6941.31,train
Fa2156o4crg_230.wav,22050,10.0,220500,0.074302,0.071008,1089.42,936.72,2013.7,train
YZIIHWH_mEY_30.wav,22050,10.0,220500,0.026444,0.145745,2197.97,1821.52,4067.23,train
x5buxZJtcIQ_30.wav,22050,10.0,220500,0.187045,0.195983,3012.11,2557.54,5965.72,train
Z3mmijHMPec_170.wav,22050,10.0,220500,0.238354,0.221774,3528.12,2801.17,6867.44,train
XnvuTF3PV7s_110.wav,22050,10.0,220500,0.036608,0.019051,509.77,955.8,742.27,train
QT8w1X7a9QM_50.wav,22050,10.0,220500,0.201171,0.092486,1707.85,2001.6,2998.39,train
FaC_YHVpn8M_8.wav,22050,9.027,199040,0.004525,0.394417,4446.35,2955.06,7758.82,train
8NAMpUl01ug_200.wav,22050,10.0,220500,0.035156,0.038083,1247.81,1913.74,2719.15,train
2-H5sa2FGwM_30.wav,22050,10.0,220500,0.069005,0.086945,1437.14,1308.45,2778.78,train
_nvBNi1pNFE_30.wav,22050,10.0,220500,0.161353,0.117454,1442.08,944.46,2445.84,train
jRL0npebr7s_20.wav,22050,10.0,220500,0.026769,0.037532,1985.79,1947.73,4245.99,train
9ffDRFLXQcI_30.wav,22050,10.0,220500,0.055983,0.155918,1774.23,974.11,2903.68,train
HGaThxGVvek_20.wav,22050,10.0,220500,0.025104,0.157804,2923.14,2787.05,6448.94,train
-aSDXtf3RLc_70.wav,22050,10.0,220500,0.096151,0.24854,3419.27,2291.15,5868.45,train
O0ZbgcM6XHk_100.wav,22050,10.0,220500,0.198601,0.18315,3110.46,2689.66,6142.21,train
Y30xGB1cseA_370.wav,22050,10.0,220500,0.08878,0.047572,1121.56,1032.32,2261.64,train
4ibh7OjGMmo_110.wav,22050,10.0,220500,0.0082,0.184735,3159.79,2732.14,6474.8,train
1QK5WA4dK4o_400.wav,22050,10.0,220500,0.011683,0.242106,3638.44,3091.65,7542.82,train
NmiI8PtyieE_10.wav,22050,10.0,220500,0.094281,0.098892,1499.67,1385.0,2469.17,train
w2CcUxpD2jk_10.wav,22050,10.0,220500,0.081176,0.281927,3614.53,2731.3,6663.83,train
CEeS448fSus_30.wav,22050,10.0,220500,0.183858,0.085689,2352.92,2750.94,5737.3,train
oyjNyUU-UJw_70.wav,22050,10.0,220500,0.080722,0.264182,3931.21,3390.31,8710.88,train
QrbKDdq4sBo_430.wav,22050,10.0,220500,0.045907,0.296003,4678.01,3445.32,8941.53,train
6jwQjR9xCMM_30.wav,22050,10.0,220500,0.020919,0.132655,2683.69,2629.55,5795.18,train
mFo4tuJ7hLM_10.wav,22050,10.0,220500,0.062165,0.295208,3961.04,2790.79,7190.87,train
Nkb-RhFR_t8_240.wav,22050,10.0,220500,0.351623,0.233242,3389.04,2451.81,6042.09,train
pILJ4If4ySs_40.wav,22050,10.0,220500,0.057777,0.102028,1339.36,1041.31,2328.86,train
VXYG5Ik3uUo_13.wav,22050,9.333,205782,0.081075,0.249196,3650.51,2655.76,6935.0,train
oh0bH2VNtok_370.wav,22050,10.0,220500,0.078064,0.180502,2871.56,2493.01,5923.53,train
Ykn2v0B5NF4_10.wav,22050,10.0,220500,0.153742,0.104536,1675.58,1678.75,2861.07,train
Jwklzk89Xbk_0.wav,22050,10.0,220500,0.14915,0.150094,1807.96,865.64,2490.83,train
77iSnyBr9oY_310.wav,22050,10.0,220500,0.16628,0.136385,2396.36,2345.63,4845.32,train
19C-VKpteNk_30.wav,22050,10.0,220500,0.212757,0.088078,2068.13,2299.59,4344.14,train
LICArZQkiDY_440.wav,22050,10.0,220500,0.00489,0.145367,2552.06,2382.27,5053.61,train
uwEs1TW8SBE_10.wav,22050,10.0,220500,0.068051,0.300041,4242.81,2934.02,7957.87,train
lJ0d8yCvp1I_210.wav,22050,10.0,220500,0.055422,0.159949,2736.05,2414.01,5110.84,train
dYaVx9-VFoA_40.wav,22050,10.0,220500,0.001923,0.131026,2859.04,3031.51,6828.52,train
C8T-uILPdWI_150.wav,22050,10.0,220500,0.07253,0.115053,2352.46,2273.4,4599.26,train
iDFGklEIEDY_10.wav,22050,10.0,220500,0.125946,0.159441,2886.54,2732.87,6340.13,train
c0YGMbLthdA_20.wav,22050,10.0,220500,0.08962,0.096956,2381.7,2654.15,5576.53,train
vkIoLVg6WwI_150.wav,22050,10.0,220500,0.032809,0.185623,2817.03,2333.06,5264.07,train
U5fU9YfS1Q4_0.wav,22050,10.0,220500,0.011786,0.213629,2742.43,1813.29,4588.37,train
gQKBz92N4Co_30.wav,22050,10.0,220500,0.005329,0.219357,3337.06,2723.28,6543.22,train
Q-4UAwwVE5c_310.wav,22050,10.0,220500,0.106293,0.166796,3177.65,2955.19,6915.93,train
46DhzA9MsEg_70.wav,22050,10.0,220500,0.148787,0.115212,2345.96,2005.93,4670.03,train
osqSgITIdxU_30.wav,22050,10.0,220500,0.037143,0.114615,1923.12,1613.39,4011.27,train
YEyMN2sAnkg_380.wav,22050,10.0,220500,0.085333,0.235974,3581.88,2773.09,7111.95,train
hbvRTqZJff4_30.wav,22050,10.0,220500,0.063732,0.148594,2478.14,2101.78,4511.76,train
8u9vro3n_Gs_14.wav,22050,9.515,209805,0.116396,0.092773,2193.42,2428.47,4756.05,train
3rZKZ2bDiHQ_30.wav,22050,10.0,220500,0.169893,0.080106,2184.06,2420.7,4697.96,train
FRgQXtYWHhY_30.wav,22050,10.0,220500,0.05558,0.088373,1350.42,1252.34,2572.04,train
4x38BmsSiVE_30.wav,22050,10.0,220500,0.010125,0.215936,3276.95,2786.94,6506.87,train
9EHLkqiOobo_1.wav,22050,9.618,212078,0.022526,0.108385,2300.06,2562.73,5173.03,train
win5lpuTk9g_130.wav,22050,10.0,220500,0.032034,0.357745,4444.35,2881.53,7706.29,train
cKBrpITY6Sw_30.wav,22050,10.0,220500,0.089522,0.107513,1827.64,1653.68,3286.91,train
5oKdmR1Rceo_180.wav,22050,10.0,220500,0.152755,0.168383,2675.88,2299.39,5088.58,train
-EG0W_BTyFE_30.wav,22050,10.0,220500,0.097743,0.129063,2456.54,1978.17,4562.44,train
EbU0HIsGzRg_12.wav,22050,9.682,213496,0.204942,0.16281,2866.27,2520.46,5726.7,train
7XWViwZTn3Q_180.wav,22050,10.0,220500,0.088766,0.060713,1650.3,2100.11,3396.53,train
ck55wqFkZ_k_60.wav,22050,10.0,220500,0.138486,0.163646,2433.6,1986.97,4483.2,train
sdI5105of4I_40.wav,22050,10.0,220500,0.079256,0.085253,1406.52,1605.74,2272.23,train
bvVRaAUIjYQ_80.wav,22050,10.0,220500,0.00531,0.186505,3140.09,2633.44,6494.93,train
LY-FtAtk-QY_320.wav,22050,10.0,220500,0.174276,0.17637,2683.95,2229.38,4983.09,train
SLCMhBjWNAU_30.wav,22050,10.0,220500,0.125465,0.053845,1067.79,1221.23,2332.03,train
Q2VlIhyT34g_30.wav,22050,10.0,220500,0.007991,0.259437,3775.02,2901.71,7302.15,train
S2PbY8VWz2U_9.wav,22050,10.0,220500,0.315338,0.051686,1699.97,1947.79,3997.33,train
BVTwRmNCuzo_320.wav,22050,10.0,220500,0.109201,0.253684,4046.85,3212.17,7899.36,train
20f9UqUuMTs_0.wav,22050,3.529,77824,0.052619,0.091743,2076.31,2051.92,4154.5,train
E4lcCyzLwg8_30.wav,22050,10.0,220500,0.116615,0.108317,1701.33,1494.63,3559.05,train
O8oc0bS5uQg_0.wav,22050,10.0,220500,0.010074,0.344119,4502.4,3040.25,7965.41,train
LfIWY6zN4ls_80.wav,22050,10.0,220500,0.014453,0.169702,3172.27,2978.78,6896.3,train
Xk8euVKVzAk_20.wav,22050,10.0,220500,0.231691,0.035226,1105.82,1734.91,2245.22,train
9K-398ZN4MY_10.wav,22050,10.0,220500,0.031363,0.429064,5034.37,2825.15,8263.4,train
vbUkHy41dL8_30.wav,22050,10.0,220500,0.052063,0.125295,2309.66,2217.18,4465.84,train
aEfQOT6PoO4_300.wav,22050,10.0,220500,0.109499,0.141557,2117.8,1728.98,3995.38,train
dN3SjXUMp08_100.wav,22050,10.0,220500,0.180574,0.222179,3239.67,2429.21,5687.36,train
Mskf3b3POS0_170.wav,22050,10.0,220500,0.167082,0.120765,2648.56,2748.02,6048.26,train
MaQUgV24QbY_130.wav,22050,10.0,220500,0.118315,0.165336,2444.05,1856.39,4211.96,train
StYsz-V6Ve0_0.wav,22050,10.0,220500,0.049552,0.138092,2356.56,2137.71,4624.69,train
tT_B3S6IxUs_30.wav,22050,10.0,220500,0.055224,0.176682,2181.55,1310.78,3696.02,train
kMTFnbkcANY_0.wav,22050,10.0,220500,0.026205,0.214141,3074.92,2436.34,5470.73,train
L1Kt-Gq7EaE_60.wav,22050,10.0,220500,0.130811,0.179148,2917.47,2366.39,5397.36,train
KRaU3mcQyrw_110.wav,22050,10.0,220500,0.019753,0.195071,2333.99,1473.13,4010.15,train
RvZ7tpcrsXA_80.wav,22050,10.0,220500,0.019294,0.215411,3421.08,2819.29,6832.4,train
bRH0Fu0kn5I_230.wav,22050,10.0,220500,0.152796,0.135701,2226.76,1967.86,4211.86,train
8Z3Z7VK0i04_0.wav,22050,10.0,220500,0.064542,0.295109,3906.54,2825.04,7310.95,train
BKHCyDzneGM_10.wav,22050,10.0,220500,0.232716,0.267917,3730.24,2750.86,6953.73,train
9f12-ViEhrA_30.wav,22050,10.0,220500,0.210085,0.028071,1099.04,1899.71,2246.27,train
sInn4mWSp2s_140.wav,22050,10.0,220500,0.052031,0.338786,4610.05,2884.83,7940.26,train
PMUH1nZzxCM_0.wav,22050,5.155,113664,0.045715,0.349614,4501.38,2752.32,7700.78,train
vplI_Rh0rw8_370.wav,22050,10.0,220500,0.099897,0.205994,3160.29,2531.22,5863.68,train
0HmELJ6RgG0_340.wav,22050,10.0,220500,0.06864,0.171015,2373.08,1922.17,4391.47,train
H2Dg37OOlV4_30.wav,22050,10.0,220500,0.011738,0.080877,2079.9,2245.04,4015.27,train
RuW8bTRrgIs_90.wav,22050,10.0,220500,0.12355,0.235734,3446.23,2586.95,6541.4,train
3JNjTAf04rc_30.wav,22050,10.0,220500,0.145548,0.120661,1892.51,1593.59,2978.53,train
kFofaIRZo_I_250.wav,22050,10.0,220500,0.074881,0.067314,1028.25,907.01,1845.94,train
RZ9PlKwEWSk_40.wav,22050,10.0,220500,0.013995,0.135396,2845.3,2938.53,6646.04,train
OX7U1elWKJs_500.wav,22050,10.0,220500,0.055579,0.023856,803.82,1293.1,1613.27,train
A5di-qFuAYU_40.wav,22050,10.0,220500,0.125833,0.16778,2315.57,1567.75,3399.15,train
H80FtTsS1Co_20.wav,22050,10.0,220500,0.044384,0.21633,3610.12,2820.66,6929.24,train
dwaQKBpuY8U_10.wav,22050,10.0,220500,0.073071,0.109744,2333.73,2511.63,5216.51,train
2cdBHXWbDhA_30.wav,22050,10.0,220500,0.182766,0.10428,2195.2,2058.29,4098.25,train
9pDXrw76iLM_4.wav,22050,10.0,220500,0.140553,0.619699,6409.61,2929.01,9733.93,train
4QbTi4xcuVY_30.wav,22050,10.0,220500,0.109642,0.109469,2576.23,2765.99,5909.24,train
7Obexu0ZUbA_30.wav,22050,10.0,220500,0.091596,0.161636,2813.01,2495.99,5675.97,train
lF5slpxET3k_28.wav,22050,9.013,198728,0.010682,0.166825,2946.27,2639.13,5999.05,train
MOoEBdpcPio_430.wav,22050,10.0,220500,0.136585,0.149798,2673.91,2457.03,5296.12,train
dZgqjoBqkFw_220.wav,22050,10.0,220500,0.006568,0.224654,3459.73,2947.71,7117.55,train
6F9yEqnd6cs_30.wav,22050,10.0,220500,0.033909,0.221271,3360.42,2924.89,6673.82,train
bckQn5FUHCg_130.wav,22050,10.0,220500,0.020299,0.160794,2660.0,2314.36,5416.35,train
0QJ9AzOyo0o_90.wav,22050,10.0,220500,0.121274,0.143281,2731.41,2862.15,6288.17,train
31Yl61CS8V8_50.wav,22050,10.0,220500,0.180852,0.157659,2117.77,1618.18,3477.09,train
NBxtp27jyw0_10.wav,22050,9.133,201388,0.062049,0.181762,2948.17,2577.89,5748.63,train
TsZ7X7YnuWI_260.wav,22050,10.0,220500,0.068922,0.217694,3255.37,2439.54,6102.09,train
YZ5sAGXeBkg_0.wav,22050,10.0,220500,0.075978,0.182176,3487.34,3278.72,7764.84,train
pnGQ03GaGcE_80.wav,22050,10.0,220500,0.074843,0.232213,2972.55,1379.19,4152.81,train
XBMYpKl-TYw_60.wav,22050,10.0,220500,0.030997,0.083799,1401.21,1358.72,2704.82,train
NqjZdIyrS-U_2.wav,22050,9.726,214460,0.065148,0.103673,2227.54,2517.27,5097.43,train
17TQLimIt_w_30.wav,22050,10.0,220500,0.014163,0.095947,2449.37,2722.36,5572.28,train
N2doGB8Alws_10.wav,22050,10.0,220500,0.155682,0.195325,3125.7,2894.74,7037.49,train
LndE06FhpLs_30.wav,22050,10.0,220500,0.100181,0.069923,1264.05,1440.05,2372.85,train
rtUVGkP7Voo_150.wav,22050,10.0,220500,0.034912,0.132059,2718.26,2772.82,5906.87,train
-fugGzQsEYU_30.wav,22050,10.0,220500,0.152319,0.015847,543.23,1050.59,740.55,train
71XzTgBBVy0_30.wav,22050,10.0,220500,0.009366,0.255674,3104.62,2173.34,5751.44,train
FzeILfCqj4Y_170.wav,22050,10.0,220500,0.159205,0.180951,3142.99,2647.98,6142.31,train
9dZyka5B3xo_30.wav,22050,10.0,220500,0.174709,0.067259,1392.41,1606.66,2634.27,train
K3djcxUCcvQ_8.wav,22050,9.276,204528,0.098051,0.072545,1673.6,2140.37,3225.46,train
2TWfCQWzTQo_30.wav,22050,10.0,220500,0.018071,0.239032,3176.93,2284.66,5589.69,train
NOkbl-UhsTM_20.wav,22050,10.0,220500,0.04523,0.066316,1651.03,2109.65,3214.39,train
gXBi4EynlMo_10.wav,22050,10.0,220500,0.013568,0.246962,3611.29,2778.51,7013.8,train
t4nWegXetPg_40.wav,22050,10.0,220500,0.004618,0.134685,2535.98,2450.25,5364.87,train
YQs-zhkjm1Y_22.wav,22050,9.586,211364,0.082015,0.095133,1464.11,1249.34,2530.88,train
JitvvE1thlE_110.wav,22050,10.0,220500,0.068135,0.123429,1458.89,922.5,2525.16,train
v3ohKFwbkec_260.wav,22050,10.0,220500,0.211746,0.131185,2409.04,2436.39,5078.31,train
ubWP8updrwE_60.wav,22050,10.0,220500,0.05292,0.221496,3428.17,2725.27,6771.54,train
QwXwXwmcUXU_30.wav,22050,10.0,220500,0.16361,0.171013,2257.1,1717.95,3604.26,train
l2HfdFIR3j0_210.wav,22050,10.0,220500,0.078572,0.206904,2985.45,2366.8,5936.49,train
4jRBhduwJIo_170.wav,22050,10.0,220500,0.049297,0.127955,2521.09,2389.65,4989.43,train
j60braEk5c8_280.wav,22050,10.0,220500,0.147169,0.211387,3174.88,2601.94,6221.85,train
AsV6UuZsO2A_20.wav,22050,10.0,220500,0.07282,0.087354,1849.84,1945.83,3512.21,train
SSp6S5yNcBU_0.wav,22050,10.0,220500,0.144566,0.186692,2928.36,2489.03,5785.56,train
kENkzcry_zI_30.wav,22050,10.0,220500,0.029536,0.085809,2258.16,2489.53,5062.73,train
nTNHWp7twsI_0.wav,22050,10.0,220500,0.019972,0.04313,1065.7,1530.27,2244.97,train
XFD0yfRsKyk_70.wav,22050,10.0,220500,0.096105,0.122032,1433.41,864.33,2455.43,train
MSAu49HSDGY_210.wav,22050,10.0,220500,0.119086,0.162402,2667.95,2255.16,5132.05,train
VU4UQh2XJTg_60.wav,22050,10.0,220500,0.00715,0.139398,2597.28,2523.07,5345.03,train
G0Pw2nI6ns0_10.wav,22050,9.458,208556,0.258448,0.089253,1327.89,1002.21,2454.05,train
8jdN1UPBpRk_20.wav,22050,9.008,198632,0.058128,0.179407,2863.48,2523.97,5639.51,train
CaQT_5YO4qg_90.wav,22050,10.0,220500,0.089988,0.479786,5287.92,2449.05,7954.55,train
YdPBeCzGADg_9.wav,22050,9.065,199886,0.260745,0.177622,2340.81,1657.37,4078.12,train
_BQSPYjmCKs_60.wav,22050,10.0,220500,0.168893,0.073801,1530.33,1905.59,2785.65,train
yksEdnFfTWw_40.wav,22050,10.0,220500,0.136458,0.167969,2863.22,2563.91,5796.2,train
0J5BQeVLraM_30.wav,22050,10.0,220500,0.084921,0.013877,745.94,1634.23,924.88,train
aPHn3tUVZGQ_18.wav,22050,9.469,208796,0.034773,0.312151,3658.75,2773.05,6766.28,train
ZTfBuX3K44Q_10.wav,22050,10.0,220500,0.03691,0.163913,2851.01,2528.09,5729.21,train
39ifgRrm-yY_9.wav,22050,9.374,206686,0.135169,0.157462,2498.6,2136.54,4746.18,train
MS4lKJqTmgs_0.wav,22050,10.0,220500,0.112531,0.103548,2122.94,2201.09,4075.57,train
IptIfSz263o_30.wav,22050,10.0,220500,0.080053,0.131752,2533.88,2458.12,5193.32,train
2uaBU4UKM9o_22.wav,22050,8.97,197796,0.027979,0.173036,2861.38,2525.7,5889.05,train
HFlZCoLZFN8_30.wav,22050,10.0,220500,0.046411,0.090261,1881.49,1890.55,4204.72,train
VOjW_uTWAKk_30.wav,22050,10.0,220500,0.111352,0.08976,1554.38,1410.59,3009.6,train
Q7wQ0JkqTJE_0.wav,22050,9.427,207872,0.251845,0.091549,1597.81,1826.25,3118.06,train
he5mZX1sRXk_0.wav,22050,10.0,220500,0.081759,0.086177,1311.57,1054.42,2420.64,train
V-1t-phsibM_30.wav,22050,10.0,220500,0.05455,0.046511,865.45,1072.34,1399.96,train
siszqIYAZ2g_100.wav,22050,10.0,220500,0.076197,0.190228,3366.0,2529.3,6220.65,train
nWI4IUTPfZE_410.wav,22050,10.0,220500,0.132403,0.06344,1580.57,1927.8,3228.23,train
NjH-eCdk9Rs_20.wav,22050,10.0,220500,0.011106,0.241581,3927.96,3035.68,7687.9,train
15dRllTBfEs_30.wav,22050,10.0,220500,0.017787,0.129305,2379.62,2293.92,4521.95,train
Ngm0ZuZXBPU_20.wav,22050,10.0,220500,0.015691,0.452151,5297.33,2767.94,8525.08,train
19vv-oL7w5c_0.wav,22050,10.0,220500,0.021452,0.204432,2793.65,2129.15,4612.85,train
rilPgSOhmIU_30.wav,22050,10.0,220500,0.161473,0.087996,1669.54,1607.79,3731.96,train
BoulT9ruFaA_30.wav,22050,10.0,220500,0.073767,0.090577,1840.31,1996.91,3541.99,train
7rzNto8VFtA_30.wav,22050,10.0,220500,0.112034,0.145158,2478.44,2078.86,4778.3,train
S_7mZpw9NrU_30.wav,22050,10.0,220500,0.023757,0.073989,1950.43,2339.56,4318.36,train
_kiUMCrwkfE_60.wav,22050,10.0,220500,0.01488,0.334334,5025.85,3296.53,9043.25,train
Dked9VwV5gw_30.wav,22050,10.0,220500,0.164935,0.068256,1430.77,1489.45,2896.69,train
SerXfjh8zUA_120.wav,22050,10.0,220500,0.153486,0.126687,2387.71,2565.69,5094.78,train
5eZ7Zb3ar5E_30.wav,22050,10.0,220500,0.11745,0.114901,2350.0,2302.56,4620.32,train
6N58_kQIpyI_30.wav,22050,10.0,220500,0.015003,0.245961,3661.12,2953.75,7252.27,train
FbbOgKy9M00_23.wav,22050,9.183,202482,0.00981,0.193819,3301.28,3000.63,7197.36,train
PzDNE9sMm8Y_0.wav,22050,10.0,220500,0.198182,0.07812,1262.21,1252.88,2062.07,train
R8tUbEE1FBQ_30.wav,22050,10.0,220500,0.045667,0.184641,2573.23,2058.24,4729.74,train
aIjQkQ36AVQ_80.wav,22050,10.0,220500,0.084087,0.1732,2101.2,1399.1,3372.89,train
hoCpGVqdeHA_10.wav,22050,10.0,220500,0.005178,0.181197,2707.97,2403.13,5388.47,train
r3FrVv1qr28_30.wav,22050,10.0,220500,0.142398,0.097682,1936.76,2098.06,4134.97,train
9ps1CZOYELk_0.wav,22050,10.0,220500,0.133569,0.121522,2359.81,2393.05,4657.09,train
6BpUKxf4c0Y_30.wav,22050,10.0,220500,0.073582,0.096365,1831.04,1947.21,3678.91,train
Ryt0mkC1Xqs_30.wav,22050,10.0,220500,0.092519,0.127188,2426.83,2454.59,4662.64,train
EQqj7llJrA0_30.wav,22050,10.0,220500,0.027301,0.125548,2391.21,2432.14,5095.25,train
Vdm1xSMfkWM_350.wav,22050,10.0,220500,0.049742,0.086446,1999.74,2089.24,4733.43,train
fuPxLtxu8BE_10.wav,22050,10.0,220500,0.135649,0.234227,3538.69,2860.82,7057.89,train
MFm80TMBVEc_80.wav,22050,10.0,220500,0.055699,0.032285,1366.78,2202.85,2940.63,train
0bcR0HTqlbs_30.wav,22050,10.0,220500,0.208457,0.086495,2331.6,2582.61,5036.65,train
lUArsdZO1mg_340.wav,22050,10.0,220500,0.07504,0.261324,3368.88,2591.7,5994.37,train
cJa0WSNRbT8_50.wav,22050,10.0,220500,0.194506,0.035864,860.63,1343.1,1411.25,train
1ogYmGy8oa8_30.wav,22050,10.0,220500,0.404397,0.046866,1022.11,1466.41,1861.75,train
48sv95kLSVI_530.wav,22050,10.0,220500,0.09262,0.060509,1789.09,2141.57,3903.73,train
vQShXHqZK-Y_30.wav,22050,10.0,220500,0.000921,0.189442,2372.29,1813.01,3724.1,train
7tf6y1IQLDw_20.wav,22050,10.0,220500,0.187013,0.338136,4277.15,2854.32,7816.83,train
C9u6EUTUauo_70.wav,22050,10.0,220500,0.157288,0.063695,1479.3,1775.86,2871.81,train
8dw0FBXrJGY_40.wav,22050,10.0,220500,0.129828,0.069402,1715.91,2441.55,3547.98,train
vqni32thdzY_10.wav,22050,10.0,220500,0.014588,0.193341,2223.31,1508.4,4064.13,train
rEltR7lE8R4_20.wav,22050,10.0,220500,0.006839,0.130464,2620.08,2779.57,5953.66,train
2rmfrPNTpyY_30.wav,22050,10.0,220500,0.207745,0.282794,3640.11,2516.19,6465.21,train
Capzf2Al8gE_20.wav,22050,10.0,220500,0.123062,0.122797,2231.37,2238.22,4439.31,train
pWrnlLZP9Os_90.wav,22050,10.0,220500,0.026806,0.220298,3201.93,2202.01,5457.67,train
CTtg95Zm5cQ_180.wav,22050,10.0,220500,0.018095,0.054281,1156.35,1670.4,1617.24,train
6n-H2ViiB38_22.wav,22050,9.377,206756,0.25691,0.295757,3567.41,1689.4,5206.0,train
KjiI2E3l3Mk_490.wav,22050,10.0,220500,0.048134,0.155266,2769.47,2577.19,5731.25,train
0Cd_Xy00L4o_30.wav,22050,10.0,220500,0.07878,0.09875,1351.03,963.91,2332.73,train
Ptt1apuquYU_0.wav,22050,6.409,141312,0.03608,0.113637,1950.12,1884.4,4194.27,train
ZLPfIkoZYaw_410.wav,22050,10.0,220500,0.101674,0.049449,1630.74,2145.96,3712.58,train
TjzltnNVLxs_410.wav,22050,10.0,220500,0.117516,0.105427,2654.33,2902.12,6028.65,train
OukWb59MwWY_40.wav,22050,10.0,220500,0.01466,0.343005,4475.62,2740.3,7770.21,train
EBji3wWSyiE_50.wav,22050,10.0,220500,0.199795,0.078406,1166.79,973.57,2145.98,train
velf9sToPRI_570.wav,22050,10.0,220500,0.12925,0.101974,1928.94,2061.42,3806.58,train
YLVhbTsWcGs_40.wav,22050,10.0,220500,0.03278,0.308454,4093.11,2938.96,7799.99,train
M2dnkhirRW0_290.wav,22050,10.0,220500,0.077976,0.104694,1791.9,1732.26,3294.36,train
L7MvMduNS6Y_20.wav,22050,10.0,220500,0.051843,0.119654,1947.62,1584.3,3585.45,train
-EovwXDEidU_210.wav,22050,10.0,220500,0.240331,0.075502,1866.22,2212.43,3824.49,train
3GHVkqqQZ_k_30.wav,22050,10.0,220500,0.11806,0.088428,1795.93,1761.59,3263.38,train
9rjQjEg-XV0_0.wav,22050,6.084,134144,0.188077,0.104191,2570.55,2531.5,5698.68,train
nRyMXRz-wD4_0.wav,22050,10.0,220500,0.062515,0.150116,2775.32,2634.82,5738.87,train
vGRwi3LAygE_60.wav,22050,10.0,220500,0.047297,0.349547,5455.1,3681.15,9943.52,train
_Av6uyAugVQ_30.wav,22050,10.0,220500,0.104327,0.159162,2036.11,1178.27,2398.33,train
TJJXHBxVSd8_0.wav,22050,10.0,220500,0.002802,0.0606,931.26,838.56,1678.39,train
-KtFZMN7_Bw_90.wav,22050,10.0,220500,0.045478,0.106999,2155.77,2366.07,4509.98,train
nTvJUn0WxUA_10.wav,22050,10.0,220500,0.093911,0.162941,2434.39,1636.45,4563.27,train
GcPvAbL3f5U_0.wav,22050,2.746,60560,0.056888,0.173529,2654.47,2511.55,5345.39,train
ajK-gJ1IQJw_20.wav,22050,10.0,220500,0.129568,0.158446,2929.09,2781.21,6514.57,train
cONZN93Rlpw_200.wav,22050,10.0,220500,0.071438,0.128373,1972.61,1536.29,3580.31,train
bvC1l2410fg_420.wav,22050,10.0,220500,0.047059,0.224822,3524.54,2777.97,6712.76,train
BaKFEJ6mHRI_40.wav,22050,10.0,220500,0.145216,0.11922,1936.21,1917.28,3628.19,train
vzb898XUPic_520.wav,22050,10.0,220500,0.044188,0.148074,2100.9,1715.3,3925.14,train
17OYFHLivQk_24.wav,22050,9.478,208992,0.073862,0.133807,1741.42,1046.7,2942.55,train
EMIe9w-s-CI_20.wav,22050,10.0,220500,0.133674,0.108313,2153.3,2168.89,4108.62,train
zpMwBUIuxgY_360.wav,22050,10.0,220500,0.017582,0.127106,3141.87,2878.78,6738.44,train
tVyfbgUMeAc_150.wav,22050,10.0,220500,0.026639,0.202322,2922.46,2023.23,4924.08,train
L6ttBdK8V5U_90.wav,22050,10.0,220500,0.037405,0.182257,2429.35,1689.84,3958.11,train
FPChmxlGg0s_20.wav,22050,10.0,220500,0.019608,0.130759,3188.58,3002.71,6914.13,train
W3LN_LMPy3A_270.wav,22050,10.0,220500,0.059806,0.150882,2722.99,2350.86,5371.11,train
X2XfPFuuL1g_0.wav,22050,10.0,220500,0.185327,0.018568,686.67,1467.84,996.85,train
oweB1v9uB2Y_0.wav,22050,10.0,220500,0.057541,0.068298,1705.22,1980.28,3513.56,train
15zkG9rNDx4_23.wav,22050,10.0,220500,0.030459,0.090539,2819.54,3058.66,6605.82,train
C05YDGwVW_o_460.wav,22050,10.0,220500,0.034074,0.128461,2903.29,2949.94,6595.26,train
wiTlF4QxhTs_260.wav,22050,10.0,220500,0.058911,0.230579,3428.12,2713.06,6310.6,train
5AsNPAIzEK0_13.wav,22050,9.722,214374,0.036081,0.29219,3939.04,2801.58,7094.06,train
0axKgORkskQ_30.wav,22050,10.0,220500,0.159237,0.069408,1651.08,2136.47,3521.65,train
qB5qRZKBjes_10.wav,22050,10.0,220500,0.182219,0.326729,4240.5,2764.18,7240.73,train
SwNceToyJpg_60.wav,22050,10.0,220500,0.135284,0.057423,1466.71,2041.25,2787.5,train
y7tgqIlk33k_10.wav,22050,10.0,220500,0.110052,0.105581,1918.47,1808.65,3866.81,train
mUdX9coHe0M_110.wav,22050,10.0,220500,0.194374,0.153613,2668.72,2344.6,5232.52,train
ziX4c9aKj8g_26.wav,22050,9.109,200844,0.112064,0.056079,1227.98,1362.83,2079.52,train
8Ho5BFYTPV0_90.wav,22050,10.0,220500,0.163945,0.164577,2579.52,2183.56,5002.4,train
--Lj4Y_96f0_120.wav,22050,10.0,220500,0.024625,0.146117,1869.67,1453.84,3687.95,train
jOvTDnO4IAU_180.wav,22050,10.0,220500,0.170511,0.173839,2571.9,2021.76,4340.89,train
0aEwZLLrWF8_30.wav,22050,10.0,220500,0.124761,0.148044,2654.7,2356.16,5277.93,train
BEKB0WKczpg_15.wav,22050,9.845,217090,0.078077,0.118205,1577.16,1122.7,2779.68,train
tDI1aPO6ieA_18.wav,22050,9.051,199580,0.372763,0.095056,1469.16,1177.93,2784.41,train
Yvsxr8ejN7s_30.wav,22050,10.0,220500,0.107785,0.087673,2430.89,2669.0,5333.21,train
E82jvP5WL6A_0.wav,22050,10.0,220500,0.251727,0.062691,1249.51,1734.38,1743.04,train
JXziYTKE5Xs_150.wav,22050,10.0,220500,0.057264,0.295527,4280.23,2882.22,7653.88,train
201es_EFkLc_30.wav,22050,10.0,220500,0.014105,0.199909,2980.4,2397.55,5803.22,train
8FFEw0-44s0_40.wav,22050,10.0,220500,0.111165,0.132123,2533.73,2408.81,5277.21,train
3iBBk9-qNJo_100.wav,22050,10.0,220500,0.097352,0.099267,1829.3,1929.51,3751.45,train
0Hnrufry54I_11.wav,22050,9.341,205962,0.02971,0.063226,1091.03,1034.87,2199.54,train
h72MZPY6ot0_30.wav,22050,10.0,220500,0.153197,0.689547,7079.5,2657.23,9781.3,train
vZFBLM6WvNM_110.wav,22050,10.0,220500,0.093259,0.306141,3931.96,2683.91,7008.66,train
XXRtIyooamo_20.wav,22050,10.0,220500,0.03213,0.401364,4927.47,2877.03,8361.23,train
PrTc5hvlZuQ_30.wav,22050,10.0,220500,0.159189,0.232533,2620.07,1538.1,4325.15,train
OVneiN7xKAA_150.wav,22050,10.0,220500,0.011253,0.080744,2541.05,2737.83,5661.43,train
kToYc5uLTdE_30.wav,22050,10.0,220500,0.042093,0.074238,1719.43,1856.1,3252.84,train
FXy8wDg5Ohk_14.wav,22050,9.452,208420,0.030274,0.094954,1372.24,1115.03,2015.47,train
EYF9E3Vg8EU_190.wav,22050,10.0,220500,0.041111,0.111929,1676.47,1272.18,2738.69,train
7-3WE3wSv5s_160.wav,22050,10.0,220500,0.087119,0.183772,2809.22,2266.9,5526.16,train
IeZg924Zsks_6.wav,22050,9.093,200500,0.096295,0.114131,2022.37,1874.65,3724.28,train
x8a3pLq4h6U_0.wav,22050,9.66,212992,0.121769,0.117518,2518.08,2581.27,5408.73,train
7eEaZYQrLMY_30.wav,22050,10.0,220500,0.067055,0.090344,1975.6,2183.44,4009.97,train
_rdrYxK4XIU_20.wav,22050,10.0,220500,0.017026,0.037201,1359.54,2157.26,3008.95,train
tbyzbQV0OhE_110.wav,22050,10.0,220500,0.133106,0.097144,1783.48,1963.82,3370.35,train
4zVGYlao7FM_29.wav,22050,9.772,215478,0.252923,0.052103,1273.97,1553.13,2154.68,train
LZ4I7weDJmA_30.wav,22050,10.0,220500,0.329596,0.036,959.11,1460.66,1554.09,train
U750RuHf_pc_10.wav,22050,10.0,220500,0.130146,0.11271,2262.96,2584.88,5301.26,train
LGLsLYoQpng_30.wav,22050,10.0,220500,0.10742,0.05348,1017.81,1379.26,1642.69,train
0DAv1iGmE8M_30.wav,22050,10.0,220500,0.184096,0.101702,1964.39,2316.18,4327.07,train
wmg0J6oL0-k_30.wav,22050,10.0,220500,0.108016,0.096267,1795.11,1360.21,3402.15,train
1flS37Vooq0_30.wav,22050,10.0,220500,0.116754,0.226626,3521.74,2804.27,6737.49,train
sOebyTDzgpY_30.wav,22050,10.0,220500,0.077217,0.129168,1780.89,1467.65,3501.57,train
74yDkl98qwo_530.wav,22050,10.0,220500,0.033476,0.118422,2345.27,2464.08,4866.75,train
y1sQSO4x9SE_8.wav,22050,9.833,216816,0.614693,0.159243,3532.5,3044.05,7295.54,train
aOLEpvMT-0Q_30.wav,22050,10.0,220500,0.117406,0.056707,1526.52,1917.83,3291.78,train
pelJQVAezqc_180.wav,22050,10.0,220500,0.106452,0.040854,1295.61,2392.33,2599.87,train
jE6fRkk3Idc_180.wav,22050,10.0,220500,0.085174,0.219972,2851.22,2034.9,5125.83,train
ufUDrPWrU6w_590.wav,22050,10.0,220500,0.025891,0.150728,2698.04,2550.16,5575.15,train
j1SI_yh0Khw_400.wav,22050,10.0,220500,0.051469,0.241946,3514.21,2549.23,6344.93,train
40bF0xLI0VA_30.wav,22050,10.0,220500,0.076126,0.135304,2271.57,2016.61,4057.26,train
XnS7juemOLc_510.wav,22050,10.0,220500,0.018889,0.20713,3231.23,2650.11,6188.77,train
6OL0Qe5VG8U_30.wav,22050,10.0,220500,0.029949,0.033792,826.96,896.53,1802.19,train
PBbDyDl0SQU_10.wav,22050,10.0,220500,0.088621,0.170962,2592.59,2065.78,4617.85,train
nY4urvxOYIk_21.wav,22050,9.645,212678,0.109014,0.145748,2535.88,2311.51,4966.9,train
iUH0q26rzW4_22.wav,22050,9.997,220436,0.23392,0.08496,1794.31,2065.42,3601.44,train
-hAfoiIUQn0_30.wav,22050,10.0,220500,0.208211,0.077204,3166.2,3333.67,7734.29,train
5UBLjDc5Ogk_27.wav,22050,9.392,207098,0.185552,0.044989,1059.02,1472.46,1933.52,train
rZOFs0GuHic_0.wav,22050,10.0,220500,0.156297,0.204898,2840.3,2189.4,4927.96,train
xtBmsxAUDCs_560.wav,22050,10.0,220500,0.098056,0.131859,2443.16,2271.61,4907.22,train
-H2caDzYXoI_20.wav,22050,9.582,211288,0.162361,0.055504,1552.87,1835.01,3234.86,train
t33F24oWXTQ_10.wav,22050,10.0,220500,0.103988,0.229686,3873.02,2857.88,7473.47,train
csz8nquY3Yw_0.wav,22050,10.0,220500,0.194044,0.167908,2058.92,1260.2,2242.1,train
Z0QxwCQfQ5A_20.wav,22050,10.0,220500,0.102774,0.356144,4242.7,2560.75,7093.32,train
n-l_oQgxHMY_40.wav,22050,10.0,220500,0.120072,0.092534,1470.08,1548.15,2382.67,train
TpEaFW02mIg_410.wav,22050,10.0,220500,0.029936,0.138655,3067.44,3084.88,6928.97,train
8Zn8z1Aphak_30.wav,22050,10.0,220500,0.025499,0.078516,1757.56,1917.16,3469.92,train
2Wu06rOI7s0_30.wav,22050,10.0,220500,0.072027,0.194765,2494.54,2142.46,4777.67,train
rayaBqKbWpk_160.wav,22050,10.0,220500,0.036617,0.168262,2232.86,1644.59,4128.1,train
7ua3QJ7YJbE_10.wav,22050,10.0,220500,0.052033,0.110813,2095.76,2270.64,4642.03,train
cTRzq4N0DS4_190.wav,22050,10.0,220500,0.137597,0.204863,3115.25,2475.16,5766.25,train
NgPI8pM1AMw_30.wav,22050,10.0,220500,0.01743,0.172221,2633.41,2254.85,4663.04,train
scuTe_W1T0M_20.wav,22050,10.0,220500,0.054202,0.205147,3165.53,2352.13,5861.65,train
VKkBy58if4E_420.wav,22050,10.0,220500,0.154792,0.088135,1954.32,2242.23,4086.99,train
w82RjW_5_w0_30.wav,22050,10.0,220500,0.041939,0.124239,2379.09,2352.84,4738.75,train
8sW11oczLM4_10.wav,22050,10.0,220500,0.07371,0.073268,1322.16,1432.07,2958.99,train
Ym_aettoxm8_80.wav,22050,10.0,220500,0.075232,0.07012,1623.17,1949.73,3347.14,train
jTEIPwrJ4Xw_100.wav,22050,10.0,220500,0.011098,0.208217,3135.8,2330.84,5575.8,train
RLFF-Tstiy0_230.wav,22050,10.0,220500,0.235551,0.072959,1781.05,2082.0,3699.46,train
l2TwEU3bIZM_0.wav,22050,9.353,206224,0.226702,0.12391,1564.59,888.28,2330.93,train
YoMPETadc0Q_30.wav,22050,10.0,220500,0.181115,0.151698,1811.81,995.41,2766.12,train
o5DnFmvJovs_90.wav,22050,10.0,220500,0.188403,0.029906,585.49,1005.03,801.72,train
USKMXGTNXkw_20.wav,22050,10.0,220500,0.104253,0.07269,1375.78,1484.72,2841.81,train
EgmMF_zNe6g_30.wav,22050,10.0,220500,0.142799,0.216309,3570.47,2621.34,6456.81,train
uAIvvgKOf4M_60.wav,22050,10.0,220500,0.144488,0.157969,2470.23,2105.77,4689.79,train
4yx7AdsRAOs_0.wav,22050,10.0,220500,0.0509,0.288247,4129.54,3075.72,7952.75,train
54bBNeZ-MS8_140.wav,22050,10.0,220500,0.059346,0.118131,2280.74,2185.57,4480.11,train
9AfY0C7z_Hg_30.wav,22050,10.0,220500,0.032061,0.100367,2513.69,2691.04,5365.71,train
hWSCUn9dziQ_11.wav,22050,9.596,211594,0.192666,0.11174,1982.1,1769.82,3482.29,train
vj5izbR-6Fk_80.wav,22050,10.0,220500,0.014574,0.129845,1838.39,1407.33,3515.16,train
JHVBljnXHS8_410.wav,22050,10.0,220500,0.017471,0.099979,2269.78,2550.21,5096.5,train
1aG3QX2o-RM_30.wav,22050,10.0,220500,0.111364,0.177631,2939.53,2493.51,5440.08,train
r3aWo_ECvG0_280.wav,22050,10.0,220500,0.119016,0.117728,2395.69,2366.51,4731.18,train
1JwL19MtSJc_170.wav,22050,10.0,220500,0.069305,0.135727,2840.66,2462.81,5482.12,train
3r-NOTQY3_I_30.wav,22050,10.0,220500,0.009693,0.161809,3253.05,3294.38,7571.64,train
JPSJDg6r19Y_20.wav,22050,10.0,220500,0.012952,0.120628,1594.03,1219.3,2707.06,train
r1FjBNropJ4_20.wav,22050,9.629,212312,0.072785,0.065181,1582.78,1846.7,3097.93,train
Ovw-IR3o2TI_50.wav,22050,10.0,220500,0.004282,0.183639,3174.77,2933.14,6846.51,train
B_7YU0jACu4_30.wav,22050,10.0,220500,0.205021,0.111132,2121.42,2094.23,4146.54,train
PEFt14G8qhg_460.wav,22050,10.0,220500,0.040151,0.060764,1744.41,2107.13,3604.89,train
DWQk9Fc8h6M_10.wav,22050,10.0,220500,0.22415,0.133968,2369.87,2054.08,4206.79,train
o_RAjqUbu-c_190.wav,22050,10.0,220500,0.028558,0.163127,2640.02,2389.64,5535.33,train
0roWwpgFQYI_30.wav,22050,10.0,220500,0.006616,0.075693,1689.95,1974.2,3559.87,train
9OMaC1xVxeI_13.wav,22050,9.825,216646,0.05928,0.040765,700.83,831.37,1106.52,train
rjdEKHh4F8M_360.wav,22050,10.0,220500,0.249147,0.120022,1940.75,1557.4,3462.0,train
dfSCeLTrN2w_130.wav,22050,10.0,220500,0.028635,0.119534,1723.29,1423.76,3397.52,train
HDJL7JzyFro_260.wav,22050,10.0,220500,0.067426,0.377987,4191.55,2039.16,6536.95,train
l1glnGAQMtI_0.wav,22050,6.0,132300,0.118467,0.073719,1188.37,1186.48,2335.56,train
4_5w0lYRUhY_30.wav,22050,10.0,220500,0.136439,0.047192,1214.15,1821.7,1909.96,train
L_c-eWvafXw_20.wav,22050,9.118,201048,0.097207,0.111132,2453.31,2550.11,5393.9,train
Vyf__UrP1k8_10.wav,22050,10.0,220500,0.018984,0.045461,1036.62,1419.37,2209.88,train
MmxRSlNyoxU_200.wav,22050,10.0,220500,0.063111,0.229344,3215.49,2402.01,5863.13,train
FolqiBQDcC8_30.wav,22050,10.0,220500,0.053507,0.142783,2510.16,2416.2,4986.66,train
UjaQDOZyGYA_220.wav,22050,10.0,220500,0.036112,0.07129,1673.55,1953.39,3407.74,train
mI5GW-_MYqE_30.wav,22050,10.0,220500,0.078081,0.133132,2761.2,2725.75,5906.44,train
ugSDwcpUMKc_200.wav,22050,10.0,220500,0.091354,0.14375,2666.19,2501.18,5371.88,train
6PA1dfX9kz0_8.wav,22050,9.756,215120,0.217947,0.175087,3254.75,2904.2,6786.21,train
ezVkyylWiiA_30.wav,22050,10.0,220500,0.030473,0.07893,1892.46,2064.4,4029.98,train
fTt2pjFNgQA_10.wav,22050,10.0,220500,0.033778,0.195424,3203.68,2710.78,6269.08,train
C6GvbgBKP9c_30.wav,22050,10.0,220500,0.201713,0.206639,3312.97,2564.61,6523.04,train
gnN6vwC0oas_290.wav,22050,10.0,220500,0.064804,0.193357,3008.1,2584.53,5967.17,train
52g_4bw1u-0_30.wav,22050,10.0,220500,0.077461,0.108904,1974.37,2060.01,3636.46,train
AjTt08BMRtQ_90.wav,22050,10.0,220500,0.149539,0.07752,1257.61,1251.61,2647.81,train
dgG1JohR36I_28.wav,22050,9.646,212696,0.072894,0.124676,2867.32,2751.49,6311.51,train
p3b7zSp5v_8_400.wav,22050,10.0,220500,0.090203,0.095185,2015.78,2296.25,4209.27,train
V-K8WoLzWm0_30.wav,22050,10.0,220500,0.025971,0.092142,1703.41,1536.93,3676.83,train
CZS_3_uKGms_0.wav,22050,10.0,220500,0.112282,0.071953,1601.42,1997.9,3111.37,train
0i0BskYCFys_30.wav,22050,10.0,220500,0.077292,0.150634,2493.14,2257.36,4565.79,train
z-9idgYLNIA_30.wav,22050,10.0,220500,0.010174,0.091655,1762.19,1779.42,3920.17,train
gPiWq_iyXo4_10.wav,22050,10.0,220500,0.054902,0.111395,1992.31,1971.59,3932.36,train
1jfwHuIRWK0_22.wav,22050,9.997,220436,0.191331,0.068943,1389.99,1650.25,2782.55,train
_Wd3YjLSbkY_30.wav,22050,10.0,220500,0.045216,0.101732,1594.34,1390.93,2969.91,train
Ao_LaYivCMA_30.wav,22050,10.0,220500,0.035722,0.219197,3123.58,2025.02,5586.22,train
4Y_vaxWMj-k_0.wav,22050,10.0,220500,0.086924,0.358778,3517.77,1997.79,5554.54,train
BpkARioXMc4_190.wav,22050,10.0,220500,0.068074,0.033901,2744.0,2694.92,5581.42,train
v-7q90qWYCk_30.wav,22050,10.0,220500,0.102868,0.072371,2005.62,2314.59,3864.29,train
lS3vgjsxZyE_30.wav,22050,10.0,220500,0.193391,0.06248,1404.24,1643.42,2542.77,train
mUoKIbN3MSM_40.wav,22050,10.0,220500,0.072239,0.223372,3677.07,2831.41,6974.88,train
GDZT41cYwlM_0.wav,22050,8.25,181904,0.15134,0.089394,1809.88,1718.94,3449.46,train
SZ8R8-_WJ-A_60.wav,22050,10.0,220500,0.099451,0.207593,2911.88,2231.39,5360.09,train
yk-sTqQLSKQ_0.wav,22050,8.517,187792,0.180543,0.098782,2026.95,1940.42,3866.44,train
tdr-iniinCU_40.wav,22050,10.0,220500,0.127938,0.073383,1769.11,2148.9,3866.86,train
2VDyWTKKKTs_60.wav,22050,10.0,220500,0.02835,0.253308,3773.1,2852.86,7226.64,train
28mzx3Qu0BU_18.wav,22050,9.121,201116,0.258684,0.244408,2692.06,1485.0,3718.29,train
eCokj2d1-1g_50.wav,22050,10.0,220500,0.012954,0.105709,1471.18,1273.6,2743.86,train
BRfR__4big8_140.wav,22050,10.0,220500,0.016773,0.070702,1311.68,1497.98,3034.18,train
F_N2CUiBH_U_30.wav,22050,10.0,220500,0.062201,0.109326,2149.0,2200.82,4495.92,train
viFb37-DCzY_10.wav,22050,10.0,220500,0.03569,0.187404,3112.07,2693.48,6397.36,train
57a_XxtXWMo_150.wav,22050,10.0,220500,0.02019,0.110728,2248.84,2440.78,4925.66,train
DwWAoPpbYMo_30.wav,22050,10.0,220500,0.078163,0.176433,3005.59,2320.21,5471.51,train
UX-jd1x21ao_0.wav,22050,6.014,132608,0.018936,0.223037,3522.46,2923.98,7602.79,train
IyW5qHePkzQ_70.wav,22050,10.0,220500,0.151961,0.235559,3500.82,2882.35,7033.69,train
_qxvEKISxYU_9.wav,22050,9.808,216270,0.059302,0.009434,165.2,171.79,324.25,train
MoBzp8Z8NGQ_60.wav,22050,10.0,220500,0.073923,0.291719,4044.95,2568.39,7074.66,train
htus1xdT-T0_30.wav,22050,10.0,220500,0.026821,0.212368,3644.05,2806.81,7015.23,train
DtrQNvCRwa4_430.wav,22050,10.0,220500,0.045417,0.246695,3586.14,2631.99,6696.05,train
F5Ndy38xwGU_550.wav,22050,10.0,220500,0.060831,0.079278,1412.12,1557.57,2501.6,train
HXOr6hp9w90_30.wav,22050,10.0,220500,0.101901,0.1143,1852.48,1429.18,3324.26,train
NLGRIEXYsX8_2.wav,22050,10.0,220500,0.131918,0.10933,1382.96,969.72,2480.47,train
hxRj9gMwMy4_290.wav,22050,10.0,220500,0.196454,0.097443,2120.84,2148.1,4338.04,train
i8p7ncKj9Ro_320.wav,22050,10.0,220500,0.207518,0.15372,3024.81,2702.75,6101.09,train
Jh0vqkIfyO0_30.wav,22050,10.0,220500,0.071855,0.182689,3311.54,3113.53,7544.54,train
NvX71TeDskw_30.wav,22050,10.0,220500,0.013828,0.245655,3597.97,2817.01,7059.99,train
u2wTwkAKWL8_80.wav,22050,10.0,220500,0.08787,0.487467,5624.62,3165.34,9664.96,train
sBBcmVuRw8o_13.wav,22050,9.988,220230,0.144763,0.14466,2106.6,1746.15,3464.42,train
3rsJ5HfGgIw_30.wav,22050,10.0,220500,0.276621,0.092499,1313.62,1102.03,2122.37,train
isFPH-6_eSY_30.wav,22050,10.0,220500,0.161561,0.101674,1290.68,936.93,2229.96,train
E_CK3r5wwPs_90.wav,22050,10.0,220500,0.049464,0.119307,2124.85,2284.73,4229.5,train
gchWtqXrm7c_50.wav,22050,10.0,220500,0.053414,0.098778,1473.64,1173.9,2563.03,train
8pqmLQBNCS4_30.wav,22050,10.0,220500,0.111208,0.144893,2436.95,2269.0,4670.18,train
c9DsC4YgopY_90.wav,22050,10.0,220500,0.050475,0.213664,3383.06,2792.95,6702.37,train
y0l6zyPoeuk_30.wav,22050,10.0,220500,0.180742,0.091544,2264.14,2655.36,5042.92,train
5iUCtCG0UkI_70.wav,22050,10.0,220500,0.037388,0.084596,1264.33,930.82,2336.0,train
-M6r14m8ctM_330.wav,22050,10.0,220500,0.103173,0.120019,2098.25,2504.91,4849.92,train
GhA3z1TCva8_10.wav,22050,10.0,220500,0.086852,0.379791,4793.44,2435.91,7222.49,train
MIbVADnP3AU_30.wav,22050,10.0,220500,0.158404,0.084783,1640.35,1682.51,3140.75,train
xa0lH1rx6zY_3.wav,22050,9.748,214938,0.208405,0.049155,915.12,978.31,1606.66,train
g5kGdvIsHbQ_20.wav,22050,9.954,219480,0.014123,0.111836,1484.41,1016.33,2541.24,train
5Xi_j-8fpnA_190.wav,22050,10.0,220500,0.08306,0.188557,3013.5,2498.7,5698.88,train
3I-d1xAHlSo_30.wav,22050,10.0,220500,0.015257,0.104178,2174.89,2292.05,4420.95,train
9w9K_SAdmUc_30.wav,22050,10.0,220500,0.005265,0.104752,2055.07,2223.32,4286.53,train
S4EEiMCVrwY_80.wav,22050,10.0,220500,0.144528,0.12858,2165.18,2111.81,4441.59,train
ERb3dIbtPzw_350.wav,22050,10.0,220500,0.071688,0.244226,3662.06,3062.48,7651.11,train
7lSk3KJYvDc_10.wav,22050,10.0,220500,0.282762,0.071314,1643.56,1901.94,3348.91,train
x1lKbKsT2nw_200.wav,22050,10.0,220500,0.042467,0.053722,2707.13,2736.86,6075.99,train
XiVErvmiO_M_50.wav,22050,10.0,220500,0.069967,0.119273,2246.98,1967.34,4847.69,train
8JsSjGn3mw8_70.wav,22050,10.0,220500,0.09546,0.260045,2406.87,1097.11,3427.95,train
o0CMD5nm-48_380.wav,22050,10.0,220500,0.172135,0.075219,1730.22,1921.86,3163.63,train
QKCTsRcU77A_30.wav,22050,10.0,220500,0.424352,0.058773,2151.82,2672.44,5010.89,train
nWVbQqUiQJM_20.wav,22050,10.0,220500,0.085152,0.181176,3063.06,2310.41,5597.11,train
9zR4o6GYVnw_30.wav,22050,10.0,220500,0.077475,0.07683,1737.29,2033.79,3483.71,train
0O9l7w_5tB0_30.wav,22050,10.0,220500,0.292293,0.156787,2552.28,2436.11,4737.25,train
SyrtPiz9r_A_30.wav,22050,10.0,220500,0.048814,0.10675,2067.67,2146.58,3979.82,train
kO_-JI9KLks_30.wav,22050,10.0,220500,0.223307,0.089564,1320.88,1075.97,2665.37,train
FpMaaXP1aN4_30.wav,22050,10.0,220500,0.154022,0.14419,2465.75,2022.9,4385.4,train
_0vZoh_8tDs_0.wav,22050,10.0,220500,0.05105,0.226704,2515.93,1446.87,4064.03,train
76tzxQKZqeU_30.wav,22050,10.0,220500,0.134404,0.106557,2585.79,2761.99,6179.38,train
4Z5CcRr0V7g_30.wav,22050,10.0,220500,0.026805,0.111506,1881.92,1899.64,3495.8,train
7qyemliK9xI_40.wav,22050,10.0,220500,0.142426,0.27646,3514.38,2413.45,6196.67,train
3xsRoCHRZL8_40.wav,22050,10.0,220500,0.02158,0.329472,3349.8,1355.55,4628.49,train
0lJYakRoK3I_360.wav,22050,10.0,220500,0.209154,0.027771,607.44,1081.85,779.57,train
lzHT-aoZFSk_16.wav,22050,9.426,207840,0.079062,0.094659,2295.59,2544.19,5166.7,train
K1pQzs5qtU8_40.wav,22050,10.0,220500,0.215158,0.203802,3482.27,2796.91,6950.55,train
Yzlo8aWIQDE_10.wav,22050,10.0,220500,0.020511,0.215034,3325.88,2834.41,6733.25,train
KuPEFCIriY0_30.wav,22050,10.0,220500,0.086752,0.176668,2959.13,2365.54,5583.04,train
8YIaAqLJImk_0.wav,22050,6.548,144384,0.143518,0.17049,2856.69,2595.27,5845.73,train
plCynEbndM4_20.wav,22050,10.0,220500,0.030242,0.034382,1107.45,1883.24,2041.33,train
Mp_BDiPo4Is_120.wav,22050,10.0,220500,0.046757,0.232176,3108.31,2295.6,5445.35,train
NhHtqdkrC7o_20.wav,22050,10.0,220500,0.015768,0.171819,2745.76,2626.12,5628.51,train
7ucJyX632KI_30.wav,22050,10.0,220500,0.129203,0.092539,1902.19,1959.04,3688.5,train
7k2WpX4UnwE_30.wav,22050,10.0,220500,0.117739,0.089913,1555.74,1650.5,2636.24,train
IYfSJXHiaMA_30.wav,22050,10.0,220500,0.063472,0.11044,1660.41,1327.69,2988.74,train
JABgQVE07AU_20.wav,22050,10.0,220500,0.111327,0.37219,3945.67,1708.46,5248.31,train
omCYzA_1NBg_0.wav,22050,10.0,220500,0.105439,0.190588,3201.76,2284.62,5713.52,train
NrGFbXPz-tg_60.wav,22050,10.0,220500,0.139006,0.307445,3912.92,2021.41,6062.3,train
gE8t3mjLMno_150.wav,22050,10.0,220500,0.113688,0.267626,4024.56,2830.65,7547.94,train
w8OrcOXW-FE_23.wav,22050,9.856,217330,0.008876,0.389671,4079.4,1883.27,6037.73,train
gsCTltYMc1s_70.wav,22050,10.0,220500,0.059743,0.120038,2249.12,2326.67,4697.19,train
41ZJlIynBlU_220.wav,22050,10.0,220500,0.028189,0.083591,1746.75,2073.32,3464.97,train
RKkJpwEPUNw_30.wav,22050,10.0,220500,0.006623,0.047248,1244.71,1502.01,2877.61,train
PO6d5FWeh1g_10.wav,22050,10.0,220500,0.06601,0.111061,2557.71,2631.49,5500.21,train
q1KGgIgJarg_540.wav,22050,10.0,220500,0.0659,0.137182,2876.88,2754.88,6156.82,train
8ctWrnlRQ54_10.wav,22050,10.0,220500,0.047345,0.090155,2065.06,2315.62,4320.03,train
-dvfWWc5bQ8_30.wav,22050,10.0,220500,0.033757,0.263576,3990.26,3167.67,7934.89,train
LWjORGFl7eA_110.wav,22050,10.0,220500,0.053099,0.129606,2720.76,2674.14,5858.61,train
vh92-lGC7Po_80.wav,22050,10.0,220500,0.04437,0.168838,3165.61,2781.75,6527.96,train
CZ34g62LDjk_30.wav,22050,10.0,220500,0.034206,0.200989,3512.04,3251.26,7688.23,train
P99AM_zf4zw_40.wav,22050,10.0,220500,0.05734,0.127443,2018.3,1821.31,3948.15,train
lMndmmp2bY4_0.wav,22050,10.0,220500,0.002959,0.287564,4030.63,3020.13,7794.35,train
BLVMdRvG-q0_30.wav,22050,10.0,220500,0.169447,0.032851,726.42,832.75,1448.82,train
UjdasmK1Bmw_0.wav,22050,10.0,220500,0.017455,0.173527,3004.85,2721.38,6144.83,train
TO_1DSfcJi8_10.wav,22050,10.0,220500,0.069867,0.105483,2225.29,1931.17,4125.31,train
KqbWPfGZJWs_60.wav,22050,10.0,220500,0.061742,0.286741,3223.71,2524.95,6238.06,train
be00qVDv7vM_20.wav,22050,10.0,220500,0.038826,0.338719,4184.43,2475.0,6703.57,train
Q4g3f6pKRhg_70.wav,22050,10.0,220500,0.069841,0.105448,1858.99,1776.51,3376.67,train
iCNMu-M5lV4_170.wav,22050,10.0,220500,0.040267,0.139284,2765.75,2764.35,5939.92,train
06KCjoPqGoY_30.wav,22050,10.0,220500,0.18731,0.136191,2400.6,2208.27,4615.97,train
9RzbzwPuheQ_130.wav,22050,10.0,220500,0.183413,0.588655,6535.26,2048.4,8742.48,train
8utr82ke-Rk_0.wav,22050,9.497,209408,0.063613,0.120357,2298.39,2190.53,4521.29,train
dE8Suq5NBYM_80.wav,22050,10.0,220500,0.048451,0.503247,5516.14,2743.91,8346.79,train
GrEQaN5ar-8_70.wav,22050,10.0,220500,0.058258,0.17841,2861.5,2463.2,5541.58,train
ZZvrcW6SfRo_40.wav,22050,10.0,220500,0.164246,0.221391,3672.58,2823.08,7787.6,train
3349We-YF7E_80.wav,22050,10.0,220500,0.271591,0.101266,1760.42,1840.69,3232.05,train
Tf61jT6_shM_190.wav,22050,10.0,220500,0.046945,0.362767,4762.63,3175.97,8516.56,train
hdL39wIvo9g_240.wav,22050,10.0,220500,0.202884,0.110587,2316.88,2228.76,5040.84,train
T0q8AcMBn-w_29.wav,22050,9.684,213542,0.13309,0.039581,1229.67,2189.24,1771.34,train
9coilwaqYFY_0.wav,22050,10.0,220500,0.127974,0.142608,2609.57,2308.13,4898.25,train
l8bryfoORHs_140.wav,22050,10.0,220500,0.097767,0.157931,2736.74,2609.94,5775.37,train
7pcP497TY7c_360.wav,22050,10.0,220500,0.067416,0.385687,4805.39,2805.61,8058.71,train
oWZM9M0rNpM_0.wav,22050,10.0,220500,0.073879,0.15435,1892.59,1414.62,2871.76,train
wNysOrehlzA_0.wav,22050,6.316,139264,0.043381,0.255253,3621.75,2730.4,6780.91,train
o3kJyezLjNo_0.wav,22050,10.0,220500,0.27531,0.044917,1380.83,1789.86,3192.91,train
4AZNz_lcdxE_30.wav,22050,10.0,220500,0.12678,0.14994,2983.13,2640.84,6164.02,train
XZkBiabTRks_300.wav,22050,10.0,220500,0.037465,0.37486,4721.38,3083.94,8688.82,train
DP9_o7QM6tw_330.wav,22050,10.0,220500,0.163956,0.202969,3063.16,2810.94,6537.98,train
iuhKycn3rOg_0.wav,22050,10.0,220500,0.119869,0.134966,2156.85,2040.09,4191.31,train
ioJr6iYIqyA_1.wav,22050,9.704,213982,0.062727,0.017349,961.78,1822.4,1982.83,train
Qsi_Dcq-xd4_160.wav,22050,10.0,220500,0.02712,0.074182,1236.05,1174.27,2789.3,train
u9ytD4lN6_k_30.wav,22050,10.0,220500,0.133378,0.002002,340.88,1133.93,369.59,train
U4k4ylSKyzw_30.wav,22050,10.0,220500,0.111255,0.096153,1932.01,1977.42,4508.23,train
w3gJ3VEWdh4_20.wav,22050,10.0,220500,0.12354,0.077937,1755.82,1965.93,3380.76,train
gCw4rzde2mg_30.wav,22050,10.0,220500,0.060945,0.30888,3404.64,2168.67,5029.18,train
gkIO2dV21lQ_30.wav,22050,10.0,220500,0.082896,0.093319,1622.9,1613.7,2761.72,train
54rzxDKWI4k_30.wav,22050,10.0,220500,0.003101,0.151136,2466.88,2314.27,5410.38,train
2KlCleOSBrk_30.wav,22050,10.0,220500,0.055609,0.19667,2990.86,2550.14,5870.02,train
hIET4TlnydQ_30.wav,22050,10.0,220500,0.062566,0.057517,1644.22,2288.1,3485.76,train
9vm8oYbVFg4_30.wav,22050,10.0,220500,0.039496,0.321268,3627.95,2438.3,6172.51,train
CR7PXz6D1vU_10.wav,22050,10.0,220500,0.009101,0.179445,3008.13,2774.93,6163.09,train
hc5jjaAv43g_100.wav,22050,10.0,220500,0.134461,0.116508,1940.12,1988.56,3653.85,train
7PBpJ4Uizfw_30.wav,22050,10.0,220500,0.162072,0.081407,1954.5,2574.66,4306.72,train
7sqHt3PnSBQ_210.wav,22050,10.0,220500,0.099108,0.153883,1850.19,1179.14,2913.23,train
mxvsBEpE4nk_30.wav,22050,10.0,220500,0.107656,0.080881,1768.85,2006.84,3400.3,train
kOdXHd7lLu4_90.wav,22050,10.0,220500,0.226394,0.077188,1871.94,2128.85,3935.48,train
j6eRjYFfH2Q_30.wav,22050,10.0,220500,0.008665,0.069073,1314.17,1672.88,2316.59,train
dx9ayV5yLlY_170.wav,22050,10.0,220500,0.012426,0.115128,2673.47,2729.97,5886.73,train
IC2e6feGcyI_16.wav,22050,9.572,211056,0.050302,0.129052,2327.64,2268.92,4854.07,train
cen5Bb_bclU_10.wav,22050,10.0,220500,0.050559,0.101009,2082.82,2314.74,4322.63,train
VolX2l0a5BQ_150.wav,22050,10.0,220500,0.048845,0.096692,2042.41,2230.77,4279.09,train
8tC9BD6s-So_440.wav,22050,10.0,220500,0.094164,0.133711,2200.11,1963.53,3952.62,train
MmfIQnR-jm8_350.wav,22050,10.0,220500,0.124157,0.137137,2954.77,2604.99,5878.64,train
YFBYVchVvzo_30.wav,22050,10.0,220500,0.06528,0.101586,2118.47,2163.02,4029.23,train
KGjo8J7LLps_200.wav,22050,10.0,220500,0.073728,0.189898,3096.91,2713.95,6175.28,train
lTOj2JdNozA_90.wav,22050,10.0,220500,0.04688,0.147874,2423.3,2198.35,4470.31,train
UzsxGUKrNZQ_80.wav,22050,10.0,220500,0.051679,0.023561,436.18,580.94,653.37,train
4lGsqjvpuEQ_30.wav,22050,10.0,220500,0.004091,0.069175,1659.25,2172.4,3305.27,train
22kZVMvDWik_230.wav,22050,10.0,220500,0.02552,0.223081,3309.7,2450.94,6097.79,train
X9C9w1bk8PE_190.wav,22050,10.0,220500,0.204797,0.101974,1818.77,1624.94,3352.66,train
DW1ci9r8LkA_10.wav,22050,10.0,220500,0.098825,0.25807,3539.81,2543.99,6250.55,train
-gTHRUvyivk_30.wav,22050,10.0,220500,0.014994,0.042486,1702.65,2542.04,4213.86,train
RetN8oBUlmY_8.wav,22050,10.0,220500,0.237372,0.056194,1059.35,1001.06,1917.55,train
bfG1u2wgAJs_560.wav,22050,10.0,220500,0.122635,0.190065,3231.79,2606.52,6219.62,train
2R7tvtNxze4_30.wav,22050,10.0,220500,0.085674,0.203635,3041.35,2233.01,5576.95,train
1IPtk-C8TmA_220.wav,22050,10.0,220500,0.06629,0.044733,1569.09,2251.87,3405.64,train
V4GhlDXZBj4_2.wav,22050,9.285,204732,0.145125,0.11746,2272.24,1793.96,3728.04,train
1ykSRMMvzCM_30.wav,22050,10.0,220500,0.010432,0.124711,1590.47,1140.96,3003.36,train
YdK3PBVeaIs_30.wav,22050,10.0,220500,0.126851,0.237981,3857.48,2680.21,7068.11,train
Gnp5jLTXS8E_28.wav,22050,9.082,200264,0.106819,0.232057,3500.4,2559.96,6439.75,train
GS_L0hvoAoo_30.wav,22050,10.0,220500,0.051574,0.285753,2797.66,1619.32,4510.21,train
-02sZMlMYIk_350.wav,22050,10.0,220500,0.073866,0.292559,2890.22,1631.21,4592.37,train
m0gkyOpPpUo_280.wav,22050,10.0,220500,0.117764,0.194433,2975.91,2571.98,5887.56,train
o9LThFGzqBg_30.wav,22050,10.0,220500,0.005391,0.270297,4008.43,3213.42,7913.35,train
UVWv3ApaxKg_100.wav,22050,10.0,220500,0.122009,0.155548,2239.41,1826.41,3875.58,train
YwwxKAuWw2o_10.wav,22050,10.0,220500,0.181613,0.106715,2318.61,2125.25,4242.59,train
BMmKr4g7oJY_30.wav,22050,10.0,220500,0.02825,0.094656,2609.41,2884.87,6172.21,train
XXDuYddJu1I_30.wav,22050,10.0,220500,0.113442,0.181874,2964.04,2508.03,5658.14,train
AsNYIMPeMXo_30.wav,22050,10.0,220500,0.09666,0.104185,1551.57,1211.66,2556.16,train
wULX3FFUQWQ_210.wav,22050,10.0,220500,0.00832,0.199801,2674.87,2166.92,4274.62,train
4F2LAxfXl1Q_30.wav,22050,10.0,220500,0.054083,0.254217,3642.4,2481.13,6734.2,train
W6c_0v38lck_80.wav,22050,10.0,220500,0.058733,0.311872,4232.7,3233.48,8397.67,train
CTjOxMr8S-g_26.wav,22050,9.852,217228,0.079575,0.463386,5406.69,2826.45,8783.93,train
FLTWUsc03mg_120.wav,22050,10.0,220500,0.093289,0.264377,2844.88,2524.12,5625.79,train
KTundMH6oKI_20.wav,22050,10.0,220500,0.121207,0.189862,2429.41,1612.55,4319.58,train
8esWnza3zjo_30.wav,22050,10.0,220500,0.29231,0.229798,2478.63,1713.8,4687.62,train
u3wh226Y484_27.wav,22050,9.067,199930,0.029477,0.251365,3144.86,1548.06,4174.03,train
4jM3o6M_Jn4_30.wav,22050,10.0,220500,0.072433,0.131459,2410.54,2257.57,4698.29,train
NpD3uEqV5Us_40.wav,22050,10.0,220500,0.145783,0.17307,2696.8,2177.92,4870.58,train
xn_Nh8CHpIM_40.wav,22050,10.0,220500,0.103767,0.111767,1409.21,832.16,2299.38,train
sredPxd48MI_0.wav,22050,8.057,177664,0.049223,0.049998,1047.04,1219.44,2086.43,train
3inX4FDcZQc_0.wav,22050,10.0,220500,0.02952,0.441871,4403.86,2905.51,7772.91,train
vESn3arYPfQ_30.wav,22050,10.0,220500,0.04549,0.187599,3234.78,2644.35,6181.03,train
tbB1ELI00K4_40.wav,22050,10.0,220500,0.026613,0.2207,2968.39,2127.02,5088.53,train
K-oe-8C-Bvw_290.wav,22050,10.0,220500,0.062739,0.161944,3113.39,2977.81,6985.85,train
TMwSHmPrxFA_30.wav,22050,10.0,220500,0.009819,0.267974,3837.87,2695.68,7124.47,train
3SY0x9DGB60_30.wav,22050,10.0,220500,0.008357,0.10145,1750.1,1768.58,3158.59,train
-HyoOgMoEXA_30.wav,22050,10.0,220500,0.067982,0.091228,1900.75,2066.34,3695.62,train
hbeTKIjzU1A_10.wav,22050,10.0,220500,0.138825,0.074985,1665.94,2020.43,3619.2,train
UkQ393BgTS4_300.wav,22050,10.0,220500,0.030579,0.171992,2759.92,2669.89,5416.25,train
r-HoLRU6Nng_230.wav,22050,10.0,220500,0.009316,0.134755,3159.02,2778.65,6337.88,train
8R7BdIF83WM_30.wav,22050,10.0,220500,0.01795,0.080892,1582.17,1925.21,2859.92,train
8L4nZgdA-CQ_110.wav,22050,10.0,220500,0.063385,0.180239,3016.81,2492.84,5721.49,train
7Ywt_HtlS2g_20.wav,22050,9.675,213336,0.193431,0.07939,2302.54,2788.28,5570.0,train
bkrYYaKgesg_30.wav,22050,10.0,220500,0.071167,0.096608,1996.1,2000.81,3821.02,train
4rIBKP0jBcM_80.wav,22050,10.0,220500,0.117874,0.149212,2410.65,2060.45,4391.4,train
MOvB-6IaS0w_30.wav,22050,10.0,220500,0.125063,0.077341,2022.69,2659.8,4624.47,train
-AkrCGMWDxg_240.wav,22050,10.0,220500,0.147157,0.097508,1805.48,1632.25,3261.88,train
Xjqhrkmdj1c_450.wav,22050,10.0,220500,0.058507,0.097739,1853.78,1973.33,3316.76,train
s6hR7qOUJt4_8.wav,22050,9.062,199808,0.161168,0.132686,2060.43,2045.02,3511.21,train
R6hlz51qHQo_270.wav,22050,10.0,220500,0.187395,0.126869,2343.03,2038.92,4362.15,train
LcB2PyLi1jU_0.wav,22050,10.0,220500,0.519777,0.243428,4065.47,2713.52,7230.78,train
L_5vx0NemuY_29.wav,22050,9.592,211494,0.040918,0.132205,2062.79,1677.65,3875.14,train
XoROmqUNjck_0.wav,22050,10.0,220500,0.010983,0.115931,2183.5,2035.35,4739.23,train
_EIcU1KrKxk_30.wav,22050,10.0,220500,0.046777,0.077131,1290.75,1199.22,2819.48,train
TqOIhQvDTjI_90.wav,22050,10.0,220500,0.04445,0.199925,3026.9,2595.17,5954.01,train
9tDZq-379-o_80.wav,22050,10.0,220500,0.000794,0.283511,3924.38,2928.63,7495.98,train
cKsBrnjC-ZE_10.wav,22050,10.0,220500,0.01812,0.355666,4537.86,3029.23,8355.33,train
6KPXNKlaAo8_60.wav,22050,10.0,220500,0.0629,0.198283,3275.07,2661.18,6407.25,train
2o__G_1d3zs_30.wav,22050,10.0,220500,0.02512,0.065848,2120.09,2613.61,4964.35,train
ZDecNuzbGwk_30.wav,22050,10.0,220500,0.060918,0.036331,1238.72,2043.35,2481.81,train
7fjn3FjfSec_210.wav,22050,10.0,220500,0.037216,0.120466,2107.64,2121.25,4311.74,train
szx7nMRZSIY_80.wav,22050,10.0,220500,0.019332,0.282812,3979.54,2537.94,6875.49,train
XbTazhNR5Cc_20.wav,22050,10.0,220500,0.071019,0.111467,2003.88,1986.45,3869.53,train
nYqrqf5YCww_90.wav,22050,10.0,220500,0.200617,0.072535,1924.74,2107.26,4057.09,train
4_xxXlSkwdU_20.wav,22050,10.0,220500,0.15416,0.298084,4119.53,2858.78,7719.88,train
BZksEQqQGgE_20.wav,22050,10.0,220500,0.047136,0.16011,3590.62,3042.87,7481.71,train
T_VwpVWMC1Q_28.wav,22050,9.089,200408,0.148942,0.180936,2416.35,1675.55,3367.25,train
PzwucLVlEOo_8.wav,22050,9.16,201968,0.171977,0.125253,1517.04,950.57,2548.03,train
CGnIrx8635o_30.wav,22050,10.0,220500,0.077921,0.091579,2061.37,2347.04,4237.29,train
HKgby13GaZM_60.wav,22050,10.0,220500,0.180221,0.123343,2582.42,2807.83,6069.39,train
5knBC5anEAo_30.wav,22050,10.0,220500,0.121931,0.113704,1860.52,2059.77,3789.27,train
-cU44hzuMJ4_140.wav,22050,10.0,220500,0.168697,0.123317,2590.97,2482.04,5360.09,train
oTm21XA-w90_19.wav,22050,9.416,207626,0.140208,0.158303,3099.46,2889.86,6881.37,train
zw3zPDIPZG4_0.wav,22050,10.0,220500,0.013696,0.206244,2776.0,1659.23,3704.56,train
sPy_cVjF1mA_310.wav,22050,10.0,220500,0.023496,0.204573,3158.83,2596.71,6160.44,train
aAGzibfPQd4_30.wav,22050,10.0,220500,0.007468,0.167033,3136.68,2466.61,5957.2,train
m_yjhvI3bw0_110.wav,22050,10.0,220500,0.008696,0.277259,3846.64,2639.29,7117.05,train
ZPkoBN-Kw7c_30.wav,22050,10.0,220500,0.043535,0.054833,1697.48,2147.81,3967.63,train
IQMVfKgbUqM_8.wav,22050,9.526,210048,0.060245,0.148342,2525.85,2424.31,5097.34,train
kp50Bn_QVnI_30.wav,22050,10.0,220500,0.014498,0.154972,2621.72,2565.37,5453.32,train
5hgyVp07TKs_30.wav,22050,10.0,220500,0.034514,0.063829,1603.63,1756.23,2834.86,train
JWuvTvsezyI_290.wav,22050,10.0,220500,0.136662,0.075709,1825.63,2102.43,3479.49,train
XPMTZb6hJx8_20.wav,22050,10.0,220500,0.034577,0.298955,3808.32,2554.32,6822.73,train
GQdbOb4bg0A_560.wav,22050,10.0,220500,0.019979,0.139076,2718.49,2677.82,5699.68,train
zdi_F9GaK4s_340.wav,22050,10.0,220500,0.050956,0.197149,3134.13,2590.65,6108.14,train
Sw0CAONrBSk_30.wav,22050,10.0,220500,0.283892,0.161491,2391.44,1906.62,4901.5,train
nSKW8QbXrZ4_10.wav,22050,10.0,220500,0.03612,0.09876,2456.7,2936.82,5961.67,train
lcyDkGrctLg_30.wav,22050,10.0,220500,0.053756,0.216025,2952.93,2161.72,5277.88,train
DbJow2Zyl90_140.wav,22050,10.0,220500,0.026554,0.169908,3079.67,2891.4,6429.04,train
68Wiv4EQcto_20.wav,22050,10.0,220500,0.241184,0.144092,2589.87,2540.46,5313.8,train
D-S2oNWSdPg_13.wav,22050,9.797,216022,0.125515,0.133249,1689.62,1121.1,2819.17,train
80J0eeEJZTo_30.wav,22050,10.0,220500,0.057049,0.132195,2606.5,2637.07,5721.36,train
l_etyEdu9fQ_170.wav,22050,10.0,220500,0.008629,0.214188,2344.2,1487.58,4057.41,train
GScLrxeTArY_320.wav,22050,10.0,220500,0.056016,0.241268,3682.78,2933.89,7141.9,train
Dmk7QEyh9U4_0.wav,22050,4.853,107008,0.627668,0.001304,654.14,1425.91,1333.21,train
L1u5hUhdSsA_18.wav,22050,9.585,211356,0.249041,0.038026,1325.18,2085.15,2836.39,train
RyrRQmo9S3c_70.wav,22050,10.0,220500,0.039442,0.148677,2572.56,2351.47,4948.27,train
NKjrapxGZOc_20.wav,22050,10.0,220500,0.073997,0.080487,1794.21,1667.83,4030.16,train
GcLZnNZjr4I_40.wav,22050,10.0,220500,0.119488,0.17187,2503.07,1973.47,4946.77,train
JRo9_z3ZBJs_30.wav,22050,10.0,220500,0.080928,0.041482,1455.54,2232.4,3141.37,train
R1MgJt8iRrk_10.wav,22050,10.0,220500,0.060222,0.144643,2439.53,2094.78,4501.31,train
gM-J_R1Cr-Y_10.wav,22050,10.0,220500,0.033691,0.133559,2388.06,2364.73,4860.61,train
1gD2alPAZfM_22.wav,22050,10.0,220500,0.096789,0.042576,1108.07,1383.01,2463.43,train
WV8sDPrzxlo_30.wav,22050,10.0,220500,0.018628,0.410991,4892.19,2946.89,8472.59,train
AwJBRKvN0Jk_30.wav,22050,10.0,220500,0.060748,0.12664,2337.92,2249.61,4624.22,train
aenAgdRwYdM_50.wav,22050,10.0,220500,0.035331,0.106667,3020.55,2709.62,6035.79,train
t4R_IMRxJKY_260.wav,22050,10.0,220500,0.064863,0.127194,2188.78,2063.87,4291.28,train
QYVj-mmxxug_330.wav,22050,10.0,220500,0.143559,0.160316,2554.72,2127.61,4714.5,train
4bzpXaskaSc_20.wav,22050,10.0,220500,0.027289,0.194931,3276.99,2857.22,6929.42,train
4hjW385XyHE_30.wav,22050,10.0,220500,0.069437,0.090888,1192.11,965.24,2206.43,train
-1ZRRD2wiqE_27.wav,22050,10.0,220500,0.062304,0.049184,1627.44,2171.73,3736.01,train
xWfCqxzgG7Y_0.wav,22050,10.0,220500,0.035676,0.118479,2241.59,2158.65,4201.9,train
n31kP38FhAI_420.wav,22050,10.0,220500,0.097315,0.097134,2897.41,2801.12,6323.62,train
-HJxeIFmUd0_30.wav,22050,10.0,220500,0.102373,0.074122,1245.08,1327.29,2704.22,train
02MRwKtQ_cs_0.wav,22050,10.0,220500,0.094702,0.062116,1464.35,1765.29,3311.42,train
FIADkSQX9vU_80.wav,22050,10.0,220500,0.001899,0.402524,5040.54,2967.29,8274.27,train
9a4x6qWdJ4w_120.wav,22050,10.0,220500,0.064756,0.1424,2611.16,2250.09,4890.09,train
A2fwPWv_2vE_30.wav,22050,10.0,220500,0.041054,0.126122,2285.42,2047.11,4412.01,train
-GzzlXCLgXs_0.wav,22050,10.0,220500,0.086781,0.153246,2658.22,2405.85,5153.65,train
4vQkFq2Cxhc_0.wav,22050,5.022,110736,0.010498,0.088674,1638.57,1936.57,2458.66,train
FkTWSXPTAiM_20.wav,22050,10.0,220500,0.054085,0.156353,1879.45,1472.32,3627.12,train
bPgQTgTy6Jc_60.wav,22050,10.0,220500,0.094498,0.407436,5115.52,2536.87,8417.31,train
h3vsmGl21t8_160.wav,22050,10.0,220500,0.063481,0.196041,2866.13,2221.98,4765.98,train
o3E-apIs5BM_10.wav,22050,10.0,220500,0.008981,0.133321,2117.29,1999.81,3898.66,train
ZCXoNVJzv-M_240.wav,22050,10.0,220500,0.288006,0.049286,2049.68,2298.68,4257.63,train
I0Vagp7FAtU_50.wav,22050,10.0,220500,0.06937,0.195345,3260.91,2830.63,6846.28,train
s95mL_Zy8ug_29.wav,22050,9.22,203302,0.141042,0.247,3341.7,2230.57,5843.02,train
1uM26ON_sH0_30.wav,22050,10.0,220500,0.106365,0.159933,2319.8,2212.24,4364.7,train
Y1q2XXI5IHw_11.wav,22050,9.271,204426,0.04536,0.036613,1215.56,1939.87,2441.87,train
fHIUZOd0wo4_0.wav,22050,5.991,132096,0.178875,0.093507,1699.56,1669.78,2971.87,train
NsCQP9WttDk_30.wav,22050,10.0,220500,0.149287,0.083446,1535.12,1721.74,2929.84,train
et7_6W-A_rY_40.wav,22050,10.0,220500,0.093903,0.131088,1944.63,1707.26,3165.66,train
rCpV-e8ico0_30.wav,22050,10.0,220500,0.136078,0.104204,2059.8,2395.09,4603.03,train
I-btJhP_ki8_20.wav,22050,10.0,220500,0.064158,0.12178,2468.99,2535.74,5243.28,train
vGmN8mHhd4Q_0.wav,22050,10.0,220500,0.081843,0.183128,2889.99,2402.59,5510.33,train
0RLxUBRsoz0_30.wav,22050,10.0,220500,0.200635,0.036499,915.85,1625.87,1213.08,train
bNvVJiftHbk_30.wav,22050,10.0,220500,0.035428,0.067868,1451.35,1825.84,2533.55,train
NDo7MKmUX90_20.wav,22050,10.0,220500,0.02444,0.175237,2583.04,2142.41,4640.78,train
XWk4pYmVTYU_30.wav,22050,10.0,220500,0.008642,0.336282,3092.87,1635.55,4906.17,train
F4sBQH0AADg_70.wav,22050,10.0,220500,0.036635,0.181552,2871.22,2440.14,5650.97,train
LqGP_dmkeZA_160.wav,22050,10.0,220500,0.028309,0.130462,2579.33,2550.21,5382.38,train
W-kc7aGMq0w_30.wav,22050,10.0,220500,0.010668,0.170697,2703.79,2327.04,5484.12,train
28du3XZqMjQ_30.wav,22050,10.0,220500,0.085818,0.062309,1223.41,1331.9,2667.34,train
9qx3m-dES40_30.wav,22050,10.0,220500,0.044666,0.155617,2682.07,2590.5,5438.66,train
rpdPHEew5yI_30.wav,22050,10.0,220500,0.157041,0.127605,2539.27,2529.75,5284.98,train
Jvd71pHOSnw_40.wav,22050,10.0,220500,0.063242,0.151001,2879.68,2399.87,5449.82,train
FZ8nokJ7Vls_30.wav,22050,10.0,220500,0.114328,0.074087,1276.6,1491.39,2093.82,train
4MpQ7_Xnc-0_70.wav,22050,10.0,220500,0.242879,0.025757,631.47,887.62,1241.06,train
4QOcAfsVxq4_30.wav,22050,10.0,220500,0.248726,0.214983,2839.54,2198.83,5653.89,train
JC8TDJnubFg_11.wav,22050,9.387,206986,0.009451,0.360734,4602.08,2884.66,7887.08,train
cuD0ucc0ZFM_18.wav,22050,9.632,212380,0.070282,0.199579,3243.33,2933.41,6735.12,train
netONYxvG5Y_13.wav,22050,9.059,199750,0.125249,0.068886,2076.2,2059.24,4608.71,train
lJ6fEVn7IlM_180.wav,22050,10.0,220500,0.025424,0.057039,1103.47,1341.42,1802.17,train
GmPWCf772rw_520.wav,22050,10.0,220500,0.059955,0.245817,3522.21,2640.97,6615.61,train
0k2sJx7E3Qk_30.wav,22050,10.0,220500,0.049477,0.077842,1589.66,1795.27,3387.18,train
QN_184AMOWE_540.wav,22050,10.0,220500,0.056286,0.078943,1915.82,1937.9,3988.36,train
CzJ5ikQAPHE_260.wav,22050,10.0,220500,0.163635,0.06869,1644.73,1809.29,3405.17,train
VPv39fqreL8_30.wav,22050,10.0,220500,0.006623,0.125689,2245.21,1923.15,4320.01,train
RiJCnOU3bCw_0.wav,22050,10.0,220500,0.015331,0.093623,1834.24,2050.54,3621.15,train
82_Fggnh14o_20.wav,22050,10.0,220500,0.075168,0.094193,1894.43,1920.11,4060.08,train
0T0MFoavHic_30.wav,22050,10.0,220500,0.042753,0.09532,1956.24,2104.05,3671.19,train
3jmOv2yFt-w_6.wav,22050,9.232,203572,0.093746,0.208782,3569.69,2986.51,7256.72,train
bwIgrNId-7o_0.wav,22050,10.0,220500,0.06335,0.106485,1554.76,1281.04,2877.61,train
iBCBETgawkc_90.wav,22050,10.0,220500,0.215305,0.064605,1782.81,2095.57,3884.92,train
y1xBCkiQYlE_6.wav,22050,9.1,200644,0.212331,0.087235,1179.99,761.79,1697.28,train
BgTDEhdIiew_30.wav,22050,10.0,220500,0.107626,0.172608,2704.19,2075.76,4818.74,train
BUbH73jR-zw_0.wav,22050,4.598,101376,0.063614,0.123543,2193.09,1458.93,3694.46,train
9_GkIqp37rw_260.wav,22050,10.0,220500,0.166333,0.142331,2426.85,2290.49,4973.37,train
JYF9ad3T9jc_110.wav,22050,10.0,220500,0.276572,0.104978,2249.46,2128.04,4434.54,train
3WOU1MkZU-g_0.wav,22050,3.669,80896,0.103533,0.169111,2751.56,2268.47,5062.94,train
BpeoQeX8S4Q_530.wav,22050,10.0,220500,0.136443,0.113827,2037.75,1834.14,3804.06,train
CSMRvrUnsdA_510.wav,22050,10.0,220500,0.084949,0.189756,3517.39,2835.11,6742.69,train
IGwIb6aBJyM_30.wav,22050,10.0,220500,0.232855,0.110617,1439.52,972.21,2529.25,train
9Fohz20ARUQ_3.wav,22050,10.0,220500,0.098233,0.147461,2436.57,2184.12,4752.69,train
3OwfNUnfq9g_18.wav,22050,9.492,209308,0.227155,0.114105,2046.28,1961.52,3799.45,train
7CrU_VpMADs_10.wav,22050,10.0,220500,0.033616,0.1003,2146.87,2251.68,4415.21,train
CROqUhmRysU_100.wav,22050,10.0,220500,0.069212,0.355395,4587.48,3041.17,8413.34,train
OF8M0Fl2CUY_110.wav,22050,10.0,220500,0.10617,0.182408,2946.34,2401.81,5377.86,train
ajetxjirSyw_350.wav,22050,10.0,220500,0.015033,0.147155,2203.51,2223.42,4021.89,train
mBSUWuiG0Hg_0.wav,22050,10.0,220500,0.166658,0.074329,1150.73,959.72,2150.27,train
pi-G2xO2N-g_0.wav,22050,10.0,220500,0.07513,0.085344,1491.73,1480.6,3014.87,train
EkJaPrZCRoM_18.wav,22050,10.0,220500,0.129464,0.07619,1662.49,2098.07,2682.36,train
u8wKmmI7HVM_160.wav,22050,10.0,220500,0.067132,0.188112,3201.16,2737.37,6533.53,train
K7jnZ3-IkXY_190.wav,22050,10.0,220500,0.188913,0.22599,3219.91,2528.21,5976.76,train
Mij5GuoZ65s_90.wav,22050,10.0,220500,0.023969,0.050432,1337.75,1838.04,2388.89,train
3Ueq-zgX17I_20.wav,22050,10.0,220500,0.33485,0.120496,1743.42,1076.07,2982.3,train
7_1fP7tA2W8_160.wav,22050,10.0,220500,0.020419,0.168895,1828.76,1246.89,3269.77,train
3VuF88rXuzM_25.wav,22050,9.412,207534,0.023372,0.079405,1803.79,1980.24,3577.91,train
t4_tU-zSF-c_0.wav,22050,10.0,220500,0.10438,0.052951,1155.64,1333.07,2116.75,train
Rkue0DauHWA_20.wav,22050,10.0,220500,0.172049,0.110465,1429.81,1115.37,2780.11,train
BNi6uWIYYbc_30.wav,22050,10.0,220500,0.117162,0.128992,2399.37,2361.79,4798.16,train
k_hKA8bfNAM_30.wav,22050,10.0,220500,0.045178,0.144313,2641.13,2472.3,5258.25,train
-uTWiuNdiIg_30.wav,22050,10.0,220500,0.033557,0.080765,1675.94,1850.92,3126.34,train
ib3gLv8yhlU_30.wav,22050,10.0,220500,0.028175,0.096988,1889.99,1933.64,3630.94,train
aaEfIElE_Io_440.wav,22050,10.0,220500,0.052506,0.499916,5670.58,2957.91,9215.04,train
Arr6a7wJ5Fo_0.wav,22050,10.0,220500,0.081706,0.161627,2866.44,2456.74,5511.15,train
16myZFWKlGU_60.wav,22050,10.0,220500,0.219508,0.134339,2968.67,2789.55,6403.98,train
fKBmVZIhOHk_400.wav,22050,10.0,220500,0.083364,0.119161,1790.43,1369.51,3305.6,train
V7GyCQegZGk_180.wav,22050,10.0,220500,0.128983,0.497167,5732.63,2228.99,7917.82,train
qYs2u-RNX8E_30.wav,22050,10.0,220500,0.043318,0.15602,2318.67,1933.87,4712.12,train
65xggirg8oc_190.wav,22050,10.0,220500,0.207733,0.144529,2365.12,1918.25,4197.18,train
F_3CsFs49Cc_340.wav,22050,10.0,220500,0.039308,0.120966,3223.19,3098.93,7151.87,train
S5XnbGnaP_w_30.wav,22050,10.0,220500,0.06571,0.100916,1606.7,1359.01,3096.51,train
zU4MJTBtaZo_250.wav,22050,10.0,220500,0.05021,0.078944,1851.28,2207.78,3776.9,train
5dTvDc9uDQc_330.wav,22050,10.0,220500,0.01509,0.222713,3502.15,2863.32,7174.83,train
m1RVhanZsbE_390.wav,22050,10.0,220500,0.088859,0.260337,4005.6,3012.68,7374.9,train
vw7Q_igBDZw_100.wav,22050,10.0,220500,0.106035,0.084945,1511.92,1515.42,3436.52,train
2vB-rJMFoPo_30.wav,22050,10.0,220500,0.019172,0.163818,2579.81,2171.32,4828.78,train
JBSvJus1GMI_140.wav,22050,10.0,220500,0.213392,0.071466,1721.81,1622.5,3252.89,train
hA-FOvei7f8_20.wav,22050,10.0,220500,0.307294,0.0981,1262.97,904.89,2039.76,train
6LmTXBwM7Ng_0.wav,22050,10.0,220500,0.15936,0.214864,2668.5,1598.34,3515.26,train
nSQbKFi4l_c_18.wav,22050,9.037,199266,0.221565,0.152676,1985.08,1418.88,3767.01,train
ZVInBcdg7kQ_23.wav,22050,9.531,210162,0.01297,0.196512,2325.95,1508.54,4088.66,train
25Poj_2wBlM_30.wav,22050,10.0,220500,0.055208,0.155233,2578.3,2317.92,4939.27,train
V7Lja6G3VsI_0.wav,22050,10.0,220500,0.032283,0.140995,2315.67,2081.94,4196.98,train
3KTfPhZ3UsI_30.wav,22050,10.0,220500,0.038028,0.076972,1861.13,2274.68,4119.91,train
X0ONwRaWi8A_220.wav,22050,10.0,220500,0.128691,0.173211,2911.13,2586.51,5992.58,train
yp5Oj2JX264_150.wav,22050,10.0,220500,0.040714,0.192949,3248.52,2837.54,6908.71,train
KsOOr4aDfAA_30.wav,22050,10.0,220500,0.045087,0.035435,1473.45,2394.13,3471.87,train
CeG3hX3Twyk_110.wav,22050,10.0,220500,0.006121,0.10149,2376.39,2239.59,4655.84,train
E2SZdKS7Yco_0.wav,22050,6.0,132300,0.025961,0.066795,1184.25,1177.14,2458.11,train
jPhDXknWomg_30.wav,22050,10.0,220500,0.047261,0.182061,3174.9,2947.44,6894.82,train
57SLBsqSK_g_20.wav,22050,10.0,220500,0.041885,0.148822,1937.02,1415.11,3628.04,train
pIPrw_6lY8M_11.wav,22050,9.939,219162,0.045429,0.202192,2675.62,1927.39,3992.1,train
COrIlqowSrY_20.wav,22050,10.0,220500,0.005984,0.136917,2268.74,2122.08,4723.92,train
iKL8BOQDseQ_20.wav,22050,10.0,220500,0.073734,0.157125,2980.11,2755.65,6460.39,train
EsGgEsFL1xQ_30.wav,22050,10.0,220500,0.029157,0.20615,2581.46,1471.06,4308.09,train
ZLQj1K8kJ24_40.wav,22050,10.0,220500,0.061658,0.119295,2374.27,2345.97,4696.41,train
bcUP5mnjP_A_30.wav,22050,10.0,220500,0.165212,0.134109,2564.68,2696.25,5776.87,train
BhTdyKglUjw_410.wav,22050,10.0,220500,0.066308,0.157496,1493.88,932.68,2569.12,train
y8it-Qw4DAM_40.wav,22050,10.0,220500,0.07016,0.16332,2682.72,2259.97,5168.82,train
5LRpwqvVScg_30.wav,22050,10.0,220500,0.155399,0.053641,1614.28,1944.73,3440.89,train
cXQ62T3Zr9c_60.wav,22050,10.0,220500,0.022251,0.160425,3023.65,2831.48,6405.38,train
-IHAaycWLLo_30.wav,22050,10.0,220500,0.085747,0.212999,2399.85,1214.24,2852.05,train
5s-eanGZ5Cs_30.wav,22050,10.0,220500,0.137387,0.10006,1759.04,1702.97,3176.85,train
YtEIlU7vNCU_10.wav,22050,10.0,220500,0.150465,0.13673,2128.32,1659.03,3344.57,train
m1scju6yZkQ_430.wav,22050,10.0,220500,0.090136,0.045131,968.07,1528.63,1229.97,train
9n-256gtzXE_350.wav,22050,10.0,220500,0.257171,0.021884,915.4,1617.29,1911.76,train
0Y0A5yQO9eY_30.wav,22050,10.0,220500,0.035547,0.181557,2952.15,2595.41,6039.04,train
Tj5kwkMndP0_30.wav,22050,10.0,220500,0.049505,0.115614,2479.51,2607.84,5356.25,train
W_leUwk0ues_30.wav,22050,10.0,220500,0.185836,0.174028,3001.37,2535.31,5607.28,train
x0NgGwV8e-s_220.wav,22050,10.0,220500,0.115129,0.231743,3307.69,2443.33,6135.76,train
NINuIWNg9iY_30.wav,22050,10.0,220500,0.093758,0.182652,1884.32,1038.11,3023.54,train
ijrTNxxF9kg_140.wav,22050,10.0,220500,0.125473,0.109672,2466.24,2611.98,5396.62,train
sIkYq2S2td8_260.wav,22050,10.0,220500,0.062177,0.091428,1965.41,2163.03,3771.91,train
Z43v54S_zPQ_120.wav,22050,10.0,220500,0.084891,0.124338,2413.2,2295.39,4563.54,train
WrViqbnOuFE_50.wav,22050,10.0,220500,0.087877,0.495754,5272.59,2656.79,8282.24,train
5r2HSaaJXoQ_30.wav,22050,10.0,220500,0.068826,0.182156,2663.68,2057.92,4774.2,train
hJbVnIV_wp0_30.wav,22050,10.0,220500,0.044333,0.104127,1839.64,1883.39,3412.84,train
3BBnKRKN3ZY_290.wav,22050,10.0,220500,0.035344,0.074631,1986.94,2438.11,4688.64,train
fBcxJG5uzVA_10.wav,22050,10.0,220500,0.158656,0.153822,2520.53,2224.4,4877.0,train
-l52vyDl7aw_10.wav,22050,10.0,220500,0.21863,0.070274,2182.86,2731.36,5476.4,train
iPrYvxj3AEI_50.wav,22050,10.0,220500,0.150543,0.107442,1895.19,1976.77,3522.05,train
j-q-smpH104_0.wav,22050,10.0,220500,0.084014,0.205164,3410.82,2166.02,5915.16,train
IKUBRpWF2S4_30.wav,22050,10.0,220500,0.072318,0.090298,2444.97,2823.05,5821.11,train
G4uM7gq3f48_550.wav,22050,10.0,220500,0.07037,0.087545,2018.16,2371.62,4353.65,train
3k5ozDCyWjs_30.wav,22050,10.0,220500,0.065248,0.202168,2706.8,2104.83,4638.01,train
_ZZOFocpPN8_100.wav,22050,10.0,220500,0.046803,0.17701,2987.33,2263.21,5145.29,train
ng2Fw4gBHi4_30.wav,22050,10.0,220500,0.110586,0.197543,2818.92,2193.69,4940.62,train
UiBFqRnnXZw_0.wav,22050,10.0,220500,0.05408,0.384153,4351.57,2407.38,7015.03,train
epTSs0EWVVM_30.wav,22050,10.0,220500,0.227059,0.146967,3017.92,2636.94,5984.08,train
3yxrcjvnQSQ_30.wav,22050,10.0,220500,0.055736,0.197897,3223.7,2755.43,6429.96,train
3r3q2udMLk8_30.wav,22050,10.0,220500,0.058485,0.082278,1971.8,2303.71,4327.87,train
6fZJkyo4_M0_110.wav,22050,10.0,220500,0.065554,0.576119,6126.75,2637.41,8759.29,train
0P0dPO91GP4_30.wav,22050,10.0,220500,0.182592,0.236947,2959.05,1971.22,4785.32,train
4a3koyan2SE_140.wav,22050,10.0,220500,0.02013,0.094551,1776.5,1918.4,3760.74,train
k4YscEJDfyo_300.wav,22050,10.0,220500,0.13083,0.205505,3130.74,2524.57,5890.18,train
NhkdJPUXVHY_510.wav,22050,10.0,220500,0.036605,0.152874,2828.08,2517.41,5766.35,train
TwDZYizpLi0_30.wav,22050,10.0,220500,0.036041,0.185188,3044.36,2724.81,6404.1,train
EJaYB8UmdDQ_170.wav,22050,10.0,220500,0.094081,0.367749,4566.0,2755.17,7802.79,train
Z54pSnNw2iM_30.wav,22050,10.0,220500,0.093781,0.12248,2507.39,2315.66,4891.53,train
aGuonxvHrro_10.wav,22050,10.0,220500,0.00535,0.170134,2379.08,2031.23,4795.63,train
Zg1a0dYoZSo_30.wav,22050,10.0,220500,0.095949,0.109446,2126.46,2112.97,4097.28,train
AuUPe9L7cNc_30.wav,22050,10.0,220500,0.005049,0.229513,3656.59,2943.75,7224.56,train
8-NdOdHi7Aw_20.wav,22050,10.0,220500,0.765069,0.089896,1774.78,1693.03,3383.94,train
VIXAX78f5DE_6.wav,22050,9.441,208180,0.151325,0.069614,1631.12,2089.45,3322.2,train
QBFokeiRRSM_30.wav,22050,10.0,220500,0.107771,0.098558,2244.0,2466.18,4745.4,train
h-i01XSr08Q_20.wav,22050,10.0,220500,0.217017,0.328164,4158.08,2024.73,6571.35,train
3JT0hwWyKu8_150.wav,22050,10.0,220500,0.004288,0.183817,2772.91,2524.69,5467.16,train
C-qfG-cGh-c_80.wav,22050,10.0,220500,0.165569,0.067356,1832.13,2393.39,4159.81,train
GpujkhHEAmQ_14.wav,22050,9.754,215076,0.041895,0.108407,1381.32,1017.23,2512.86,train
0CnWdS9AviY_30.wav,22050,10.0,220500,0.011187,0.045938,1977.44,2880.87,5553.89,train
6yCHz2e_6NY_430.wav,22050,10.0,220500,0.041828,0.125066,2405.36,2509.33,5079.36,train
7O-oxrTMYxA_5.wav,22050,9.774,215526,0.11673,0.133012,2328.87,1999.29,4301.88,train
qd18ETAHc7I_30.wav,22050,10.0,220500,0.130947,0.352613,4562.8,3274.3,8393.15,train
a39_RoOBkX0_2.wav,22050,9.384,206924,0.076824,0.187197,2833.89,2279.47,5047.44,train
JS-eym_BGDE_160.wav,22050,9.141,201552,0.119503,0.154361,2598.05,2228.02,5017.59,train
8HuEVK1fROY_350.wav,22050,10.0,220500,0.028324,0.136448,2571.57,2375.48,5082.09,train
xNONlFygQF8_0.wav,22050,9.887,218000,0.052867,0.148542,2800.4,2662.26,5854.33,train
Fhr_ugJ2IWk_30.wav,22050,10.0,220500,0.055291,0.334895,5294.31,3540.04,9647.3,train
5_uU_xd6mHs_40.wav,22050,10.0,220500,0.02839,0.2009,2444.19,1522.95,4252.03,train
FYXZ88H1LP4_110.wav,22050,10.0,220500,0.022213,0.178001,2979.28,2589.27,5722.99,train
0OR7_Zh9yBY_30.wav,22050,10.0,220500,0.077484,0.146867,2649.16,2385.97,5159.53,train
OGqPy7O6_Xo_0.wav,22050,10.0,220500,0.027408,0.141579,2234.54,2054.88,4068.0,train
XShsL92gCAs_70.wav,22050,10.0,220500,0.012009,0.21391,2772.49,1709.86,4739.53,train
bW6LgFJlVEM_30.wav,22050,10.0,220500,0.077482,0.377387,4231.56,2844.94,7844.38,train
rH5fuFuslMc_30.wav,22050,10.0,220500,0.202783,0.154292,2554.94,1958.24,4655.82,train
nvmaZvWU-tA_50.wav,22050,10.0,220500,0.108639,0.153195,2596.1,2178.7,4877.35,train
fCRo_inzb2A_30.wav,22050,10.0,220500,0.040293,0.059288,1222.78,1442.59,2317.92,train
2KAXiIYmv54_80.wav,22050,10.0,220500,0.002721,0.166055,3371.69,3158.78,7457.86,train
3T9paTGlu9U_11.wav,22050,9.434,208010,0.029493,0.076214,2611.69,2252.49,4561.34,train
lWZtx7Z6GFc_160.wav,22050,10.0,220500,0.00994,0.436658,4749.7,2585.61,7108.13,train
kxOgWqZdCKs_0.wav,22050,8.226,181392,0.066754,0.105246,1707.4,1594.52,3359.15,train
kFEPec0TJkY_30.wav,22050,10.0,220500,0.059542,0.043311,976.23,1398.02,1754.51,train
itnJw_i1iXI_30.wav,22050,10.0,220500,0.02705,0.087835,2286.97,2275.3,4057.44,train
qRt5Sr0xJ8Y_30.wav,22050,10.0,220500,0.043443,0.026194,1234.72,2200.57,2147.92,train
pbdrBttWSUM_120.wav,22050,10.0,220500,0.010932,0.210868,3318.55,2759.99,6481.77,train
00PhdNN3L74_30.wav,22050,10.0,220500,0.1287,0.057326,1361.88,1786.83,2885.87,train
luXi8uOO6Nc_30.wav,22050,10.0,220500,0.047731,0.091736,1825.67,1825.98,3481.08,train
_cc4VAjhwuU_9.wav,22050,9.785,215758,0.142005,0.065217,1728.84,2125.13,3602.98,train
vXq2QLnJAqw_120.wav,22050,10.0,220500,0.165553,0.477002,5517.01,2943.64,8918.87,train
BrZpXQXLc2Q_40.wav,22050,10.0,220500,0.073443,0.178479,1928.53,1001.11,3031.44,train
8PvFlZumvLY_1.wav,22050,9.618,212078,0.112013,0.073,1897.6,2065.99,4326.54,train
3KF0xSdYWeE_30.wav,22050,10.0,220500,0.015435,0.112271,2020.18,1949.76,3637.61,train
5S6J-aM-BAU_70.wav,22050,10.0,220500,0.061857,0.300977,4082.4,2561.17,6964.04,train
Ag44dRO8LEA_19.wav,22050,9.857,217354,0.019265,0.060455,1371.43,1685.03,2800.81,train
VUrsjuUpdz0_130.wav,22050,10.0,220500,0.097637,0.206108,3168.12,2610.41,6492.29,train
3rOW5pLcFm0_6.wav,22050,9.773,215492,0.091065,0.091972,1544.88,1366.51,2823.43,train
6PiYwUuaXhM_10.wav,22050,10.0,220500,0.204653,0.345158,5317.24,3332.95,9059.33,train
d3LdYnowr_c_30.wav,22050,10.0,220500,0.107215,0.177995,3081.48,2671.43,6187.82,train
c4agn64dP40_21.wav,22050,9.07,199990,0.086971,0.059952,1477.11,1899.75,2972.24,train
MzcxyQOOhZk_13.wav,22050,9.523,209990,0.008468,0.168617,3176.15,2940.79,6674.8,train
FCJcXN-uxhg_30.wav,22050,10.0,220500,0.020378,0.227733,3521.53,2843.79,7149.72,train
Of7hxzDncUo_260.wav,22050,10.0,220500,0.152648,0.185101,3400.61,3019.17,7380.72,train
OU2kgziXR0E_30.wav,22050,10.0,220500,0.039236,0.001015,818.48,1133.07,2136.38,train
sWK-AmyfbFo_400.wav,22050,10.0,220500,0.024764,0.250821,3713.47,2957.93,7553.26,train
BYGADuRTxYw_80.wav,22050,10.0,220500,0.243801,0.299012,4121.46,2693.66,7420.51,train
ho4cd_bcums_30.wav,22050,10.0,220500,0.353379,0.237527,3654.21,2304.96,6307.26,train
I9xOrk-vBqY_60.wav,22050,10.0,220500,0.220331,0.171247,3235.64,2562.95,6060.77,train
wpv1aah--QI_30.wav,22050,10.0,220500,0.068501,0.105196,2011.1,2129.36,4070.13,train
MRaYiK3K0Rc_40.wav,22050,10.0,220500,0.105691,0.107147,1669.15,1538.92,3445.14,train
HAljSOwE7zU_30.wav,22050,10.0,220500,0.059169,0.11308,1531.31,1219.78,2710.24,train
kFwUhb0B4ik_30.wav,22050,10.0,220500,0.002364,0.37477,4660.24,3115.48,8491.03,train
9bNzuZ1LKNU_1.wav,22050,9.913,218590,0.033626,0.143264,2660.38,2381.46,5044.47,train
046745JYODk_30.wav,22050,10.0,220500,0.068746,0.039875,972.69,999.35,2081.08,train
1TAdfd8_ogs_20.wav,22050,9.559,210776,0.312444,0.025457,1176.7,1772.71,2492.18,train
Fz2IQpDClBY_13.wav,22050,9.228,203478,0.045534,0.151535,2844.44,2367.27,5523.94,train
JyU-8vVmQek_60.wav,22050,10.0,220500,0.011331,0.252112,3886.79,3018.88,7560.13,train
MihslZambS0_410.wav,22050,10.0,220500,0.068776,0.224359,2859.06,1888.83,4903.03,train
9Hsd8zTWYL4_30.wav,22050,10.0,220500,0.003841,0.340816,4098.96,2954.33,7649.76,train
LCAuwRzSh5g_120.wav,22050,10.0,220500,0.052385,0.102385,2279.53,2613.81,5368.94,train
9o98nE6qm3I_15.wav,22050,9.62,212114,0.034811,0.26134,3107.42,1169.33,3414.8,train
U3DZDLgr0YY_20.wav,22050,10.0,220500,0.245599,0.102636,1355.23,1009.47,2587.76,train
B06c9rJ5UrM_140.wav,22050,10.0,220500,0.014673,0.1648,3057.89,2757.66,6365.21,train
6gC-UfM4t98_0.wav,22050,10.0,220500,0.230607,0.083069,1749.81,2119.49,3777.85,train
lByQ-8roLjE_30.wav,22050,10.0,220500,0.042573,0.150084,1659.39,917.9,2631.22,train
RLYc5lfS3eE_10.wav,22050,9.76,215212,0.092201,0.11965,1838.02,1768.04,3011.84,train
0Bo2wRu47kw_30.wav,22050,10.0,220500,0.252066,0.14585,2667.49,2518.58,5668.58,train
FdyrYaNE8qY_470.wav,22050,10.0,220500,0.033438,0.184712,2930.58,2486.49,5682.04,train
Iag6xsKP4_s_20.wav,22050,10.0,220500,0.076925,0.002,966.0,1458.13,2019.05,train
RVXBID2Qosc_30.wav,22050,10.0,220500,0.00535,0.162166,2859.62,2493.97,5876.34,train
8pKO5tTWFCs_0.wav,22050,10.0,220500,0.094675,0.057264,1736.23,2245.54,3694.87,train
CF_cw6igH9s_30.wav,22050,10.0,220500,0.106958,0.274454,4109.64,2865.18,7342.52,train
040h3rz_OQ8_90.wav,22050,10.0,220500,0.076542,0.28786,3964.79,2858.23,7713.61,train
IcBL-VicWj8_30.wav,22050,10.0,220500,0.066933,0.154538,3037.16,2613.53,5762.38,train
Pkvrsu5kSyw_30.wav,22050,10.0,220500,0.112267,0.221543,3539.08,2898.18,7124.92,train
QlxuQ1WxPZM_30.wav,22050,10.0,220500,0.029373,0.051548,1177.68,1643.54,2045.43,train
QKB-YRDGP8w_100.wav,22050,10.0,220500,0.170337,0.098339,2016.41,1971.43,3866.88,train
DLPQF4MdItA_30.wav,22050,10.0,220500,0.152856,0.111399,1446.02,1146.1,2561.23,train
yONTKY4SICs_290.wav,22050,10.0,220500,0.09893,0.114687,2116.63,2074.71,4109.04,train
95BBXTWKR4U_40.wav,22050,10.0,220500,0.166432,0.161724,2527.0,2114.03,4783.34,train
WdOj2KIAsYE_30.wav,22050,10.0,220500,0.053662,0.255423,3552.59,2784.36,7098.09,train
70zcv06HjpA_30.wav,22050,10.0,220500,0.049246,0.084032,1217.61,1316.94,2495.93,train
Xp226v89EuQ_160.wav,22050,10.0,220500,0.018326,0.149082,2562.11,2391.64,5052.28,train
Bf4tGd6di_Q_30.wav,22050,10.0,220500,0.149951,0.077634,1795.03,2040.23,3619.9,train
mdm2q-21Lag_150.wav,22050,10.0,220500,0.141451,0.042437,1275.02,2001.66,2005.34,train
HrOwOZZvQXA_390.wav,22050,10.0,220500,0.064364,0.123699,2454.94,2537.49,5290.67,train
2k_PMtUzetw_30.wav,22050,10.0,220500,0.063772,0.086382,1637.7,1689.73,3157.84,train
uwhUwn1fiYI_560.wav,22050,10.0,220500,0.034524,0.189471,3075.31,2286.57,5467.76,train
WqQaJlHvHSY_120.wav,22050,10.0,220500,0.055313,0.209269,3334.01,2729.63,6410.37,train
7oBKE6xvxFc_340.wav,22050,10.0,220500,0.045984,0.096178,2077.14,2365.41,4454.6,train
tXtZ0h5R9q8_0.wav,22050,10.0,220500,0.046791,0.138002,2336.92,2242.23,5126.43,train
8tMzockuB2g_230.wav,22050,10.0,220500,0.177566,0.130783,2533.45,2351.35,4973.87,train
PSIuxum1MmA_20.wav,22050,10.0,220500,0.308279,0.047576,752.52,754.45,1116.33,train
9NEdDamaQzk_160.wav,22050,10.0,220500,0.003453,0.172861,3044.07,2748.17,6422.42,train
cUhZldsMPKo_20.wav,22050,10.0,220500,0.189365,0.177202,2812.08,2584.8,5578.1,train
x4wN4xzFXJo_10.wav,22050,10.0,220500,0.134731,0.060115,1130.02,1144.91,2383.64,train
puCTnrkK7Ro_30.wav,22050,10.0,220500,0.002727,0.201426,3176.46,2642.84,6229.32,train
yRwYEeZodZQ_20.wav,22050,10.0,220500,0.053544,0.182505,2591.21,2022.18,4989.21,train
8gSRJCSFbHo_30.wav,22050,10.0,220500,0.094069,0.154629,3022.46,2708.53,6230.91,train
bMv0nXMH4vw_19.wav,22050,9.096,200570,0.253528,0.022448,1010.06,1643.5,2094.57,train
7XChPEYFWpA_40.wav,22050,10.0,220500,0.008701,0.119536,2789.97,2894.57,6352.17,train
Dgd2b6aQdg4_30.wav,22050,10.0,220500,0.009524,0.197428,2858.66,2239.98,5664.16,train
vnDp6r5QpQs_230.wav,22050,10.0,220500,0.100303,0.086178,2013.76,2234.73,4203.17,train
777FjZBto84_260.wav,22050,10.0,220500,0.237648,0.201636,3168.27,2114.87,5277.53,train
405JB_BKBm8_30.wav,22050,10.0,220500,0.347221,0.169101,3166.76,2684.86,6457.91,train
8Qn52i0WPdA_30.wav,22050,10.0,220500,0.036395,0.155562,3152.77,2864.36,7007.46,train
HfAVWEdtO40_170.wav,22050,10.0,220500,0.022894,0.125096,2465.34,2367.05,4983.09,train
jzAvQUdQ61M_10.wav,22050,10.0,220500,0.02879,0.202561,2557.0,1784.74,4581.28,train
nbwLAvKmoJM_30.wav,22050,9.822,216580,0.173079,0.14787,2465.25,2125.51,4949.72,train
GFdhzdjnwGY_400.wav,22050,10.0,220500,0.118804,0.034668,1152.49,1852.25,2179.05,train
7IF7rFA5hwo_17.wav,22050,9.384,206926,0.119604,0.09617,1920.38,1979.74,3710.68,train
5vgZPDEI0Xo_130.wav,22050,10.0,220500,0.062763,0.118784,2039.42,1864.07,4193.13,train
Za21JaWuYNo_0.wav,22050,10.0,220500,0.030345,0.19522,2214.08,1212.87,3186.84,train
-Rm5UxkHqXM_30.wav,22050,10.0,220500,0.013472,0.148317,2857.67,2681.33,5962.57,train
_FlXtBF1_8g_40.wav,22050,10.0,220500,0.045022,0.103868,2091.18,2445.85,4597.79,train
G-NgZ0zn1dE_30.wav,22050,10.0,220500,0.05919,0.013829,548.22,1179.48,737.13,train
E4NKeZqY8hw_140.wav,22050,10.0,220500,0.047197,0.153686,1679.77,962.01,2750.08,train
qV4fNpLxjsk_6.wav,22050,9.557,210740,0.070008,0.136637,1604.83,981.21,2544.5,train
9vMVPmdzORM_30.wav,22050,10.0,220500,0.050357,0.08509,1940.41,2265.01,4218.46,train
UmLsnW90J9U_150.wav,22050,10.0,220500,0.054584,0.115871,1564.68,1129.38,2903.81,train
OatfAX0C3lE_0.wav,22050,10.0,220500,0.067501,0.096202,2260.44,1867.01,4065.73,train
WpAgEmlUAbc_290.wav,22050,10.0,220500,0.032721,0.212619,3074.66,2417.96,5550.55,train
oNUEX1sQ_Ms_40.wav,22050,10.0,220500,0.014214,0.339691,4525.6,2741.07,7854.37,train
19sqB22PzH8_30.wav,22050,10.0,220500,0.116391,0.019417,557.44,1005.19,873.02,train
uclBzkNrV9w_20.wav,22050,10.0,220500,0.023466,0.344757,4389.67,2506.03,7355.19,train
SANcP33OveI_20.wav,22050,9.217,203240,0.011767,0.131163,1627.3,1101.37,2853.47,train
bm7k4BP_jTc_0.wav,22050,10.0,220500,0.010532,0.10257,2391.61,2591.48,5280.86,train
FvDPwTA4m_Y_420.wav,22050,10.0,220500,0.041886,0.250617,4174.29,2929.36,7795.02,train
deFDk7vvw38_30.wav,22050,10.0,220500,0.03389,0.241451,3128.94,2390.35,5586.79,train
ux830PbNV3g_30.wav,22050,10.0,220500,0.343471,0.058107,1236.06,1316.66,2461.33,train
RB5SoVqK8Aw_60.wav,22050,10.0,220500,0.126576,0.047454,1319.07,1786.4,2455.58,train
vH-5gqD4pjk_20.wav,22050,10.0,220500,0.208029,0.117169,2034.36,1938.36,3960.04,train
1sGbBTYBxDg_20.wav,22050,10.0,220500,0.074225,0.232068,3608.56,2580.92,6751.11,train
ftxxPQaZpQA_350.wav,22050,10.0,220500,0.076854,0.173803,2891.32,2660.43,5954.13,train
2JULbhgKzUE_20.wav,22050,9.095,200536,0.102479,0.106108,2400.9,2614.81,5346.41,train
QR0hBgNemSA_230.wav,22050,10.0,220500,0.105951,0.158463,2462.97,2073.92,4536.96,train
MdJPABvfzLQ_40.wav,22050,10.0,220500,0.084103,0.18766,3487.73,2849.25,7175.2,train
f-C4j-wxCsU_10.wav,22050,10.0,220500,0.073517,0.123987,1748.75,1428.09,2888.42,train
VQkgT9ltQ1c_20.wav,22050,10.0,220500,0.040085,0.15272,2152.24,1639.17,3672.84,train
_kUsYtNWM1A_40.wav,22050,10.0,220500,0.152644,0.179408,3144.01,2859.7,6728.55,train
pSHcZoET608_40.wav,22050,10.0,220500,0.177675,0.056962,918.2,842.86,1827.2,train
J9NMuIpoNMU_50.wav,22050,10.0,220500,0.128455,0.080851,1889.19,2156.28,3743.21,train
5F2KvK52qJk_30.wav,22050,10.0,220500,0.004191,0.095181,2149.36,2344.64,4321.95,train
eTaaBEx8Uz0_10.wav,22050,10.0,220500,0.054703,0.218344,3487.25,2952.93,7443.49,train
XSe4uQbl1Is_220.wav,22050,10.0,220500,0.050836,0.20333,3344.51,2828.05,6630.98,train
87GkqrDnMhg_30.wav,22050,10.0,220500,0.261364,0.212331,2688.25,1856.2,4957.41,train
BsGNb2_gf4M_260.wav,22050,10.0,220500,0.047165,0.112395,2279.75,2559.2,4877.67,train
_olMBq9ihZU_30.wav,22050,10.0,220500,0.041036,0.203806,3241.32,2734.88,6498.78,train
j4w0PR6YiQA_30.wav,22050,10.0,220500,0.052699,0.091732,2421.06,2830.09,5800.48,train
vAoGiEm2b0o_30.wav,22050,10.0,220500,0.060854,0.221445,3208.21,2440.46,6435.85,train
3S8bTR5VAp0_30.wav,22050,10.0,220500,0.027918,0.208326,3328.73,2892.92,7065.11,train
nPeZIuICRXM_240.wav,22050,10.0,220500,0.098071,0.16127,2477.21,2076.99,4845.62,train
gfQU1iIUVno_30.wav,22050,10.0,220500,0.017171,0.16748,2165.39,1739.2,3244.74,train
L8HGvn5FFRI_12.wav,22050,9.014,198760,0.004137,0.317683,4038.86,2704.63,7160.95,train
lsNnpNK-HGM_30.wav,22050,10.0,220500,0.016023,0.21353,2368.19,1696.98,4386.2,train
jXAoMOHxrDU_150.wav,22050,10.0,220500,0.166832,0.264465,3526.88,2557.36,6244.55,train
nJuPP-jH4Yw_0.wav,22050,2.531,55808,0.148902,0.072403,1800.47,2296.95,4104.33,train
o1mjz3v6w6I_24.wav,22050,9.321,205520,0.107598,0.190991,3086.23,2675.98,6226.18,train
GrumqLKV4rU_15.wav,22050,9.016,198802,0.060659,0.070852,982.23,1053.11,1716.54,train
cHLq209xTMQ_350.wav,22050,10.0,220500,0.013083,0.148819,2485.86,2283.31,4815.19,train
e4zsmAFf8n0_60.wav,22050,10.0,220500,0.125657,0.445157,4938.09,2571.02,7805.39,train
UZ1Lq3yVx5U_210.wav,22050,10.0,220500,0.007299,0.327199,4323.97,2548.06,7066.69,train
fWUgdqsRsyI_550.wav,22050,10.0,220500,0.054782,0.208783,2953.44,2410.5,5891.05,train
1KZJn_smiQc_30.wav,22050,10.0,220500,0.082618,0.055877,1301.95,1722.33,2586.18,train
xvYQAYH-7xA_21.wav,22050,9.929,218934,0.122292,0.118331,1988.28,2073.06,4033.95,train
zf6VQkHplzQ_100.wav,22050,10.0,220500,0.052016,0.248179,3338.24,2238.38,5776.94,train
Ee9p6GjwMdo_30.wav,22050,10.0,220500,0.229459,0.096182,1703.54,1573.46,3308.12,train
8IJgzb5cPls_320.wav,22050,10.0,220500,0.059219,0.255686,3697.85,2872.86,7303.28,train
hoaPSaNYl34_30.wav,22050,10.0,220500,0.098578,0.396881,4844.89,2901.42,8423.25,train
2sZpta8paCQ_30.wav,22050,10.0,220500,0.046684,0.080748,1617.49,1722.76,3295.23,train
5DJHZt6OW8Y_30.wav,22050,10.0,220500,0.002149,0.071945,1980.19,2480.53,4598.44,train
PpouP_SkEJQ_40.wav,22050,10.0,220500,0.110303,0.014383,590.79,821.0,1156.1,train
PP4UCeKSma0_30.wav,22050,10.0,220500,0.044308,0.098812,1881.1,1990.73,3497.6,train
4v9O60HOe50_30.wav,22050,10.0,220500,0.007149,0.104747,2425.96,2724.25,6019.4,train
9WpqNdzaVCU_10.wav,22050,10.0,220500,0.119136,0.265022,3669.0,2521.56,6616.39,train
V88K7vOAueA_30.wav,22050,10.0,220500,0.078351,0.124083,1476.9,897.67,2484.29,train
E7gVp3diPbI_30.wav,22050,10.0,220500,0.017699,0.13207,2255.59,1913.23,3884.89,train
LhVvxKcFOBQ_17.wav,22050,9.749,214974,0.036869,0.0566,1676.56,1810.03,3649.08,train
6KXMTpsvkrA_30.wav,22050,10.0,220500,0.019057,0.10996,2143.6,2170.31,4311.14,train
7YUXohAENq8_30.wav,22050,10.0,220500,0.220572,0.076725,1347.03,1251.57,2375.27,train
-nJOtEC0tks_30.wav,22050,10.0,220500,0.089775,0.047419,1324.63,1784.7,2738.66,train
nFBItiJ2Bto_110.wav,22050,10.0,220500,0.065572,0.223259,3146.76,2542.73,6173.36,train
FdMOMtu0dzU_0.wav,22050,3.344,73728,0.200764,0.121148,2296.32,2260.18,4836.43,train
t0l6tta_CY0_380.wav,22050,10.0,220500,0.127367,0.201371,2873.43,2225.55,5262.52,train
7ZeCyUZT8Dg_30.wav,22050,10.0,220500,0.154595,0.295551,3935.38,2803.87,7306.58,train
Otbwrm3MYWE_30.wav,22050,10.0,220500,0.025141,0.146831,3152.83,2933.82,6452.12,train
3su6_Zh-U3E_29.wav,22050,9.684,213542,0.009284,0.165962,2489.12,2712.82,5781.9,train
KjRE7MS5rzo_100.wav,22050,10.0,220500,0.049484,0.316666,4117.55,2793.23,7537.82,train
EXoryof5wx0_80.wav,22050,10.0,220500,0.155373,0.078459,1745.58,2034.2,3493.97,train
3S8VqP47I7o_1.wav,22050,9.937,219102,0.109051,0.14821,2580.59,2359.53,5057.89,train
fIFmHY0RjVI_160.wav,22050,10.0,220500,0.089453,0.211327,3361.47,2863.51,6837.42,train
YqINRsfucQE_120.wav,22050,10.0,220500,0.092902,0.064084,1418.05,1648.88,2818.4,train
9tlYW3js5kw_30.wav,22050,10.0,220500,0.140871,0.085013,1961.22,2226.32,4091.83,train
1uxEyVzNgZM_13.wav,22050,9.274,204502,0.212865,0.078601,2062.96,2458.81,4666.49,train
lWuZDGEW_k4_30.wav,22050,10.0,220500,0.212515,0.161031,2508.3,2152.75,4654.04,train
KP-sFwyyi2k_160.wav,22050,10.0,220500,0.088089,0.270662,3913.39,2758.12,7104.23,train
rAXrwRdCwXk_0.wav,22050,10.0,220500,0.08152,0.10003,1991.83,2357.69,4051.79,train
Z3ii_ypV84A_10.wav,22050,10.0,220500,0.016527,0.284154,4352.97,2930.31,7733.92,train
X4guHoRaozk_70.wav,22050,10.0,220500,0.069374,0.139502,2035.64,1750.05,4291.88,train
N4M4nFVftC4_0.wav,22050,10.0,220500,0.05699,0.177006,2434.84,1649.16,4437.86,train
CNZ1QCOg58s_0.wav,22050,9.961,219648,0.073254,0.317798,4124.59,2585.26,6919.07,train
w5IuwUg0bAM_70.wav,22050,10.0,220500,0.080307,0.21743,2740.32,2077.31,4860.08,train
471uM6Yq3ZA_510.wav,22050,10.0,220500,0.157379,0.038435,908.55,1350.97,1470.7,train
7gc7ko4Uj1c_60.wav,22050,10.0,220500,0.030821,0.669933,7040.73,2590.28,9466.79,train
YM8cou28PJc_10.wav,22050,10.0,220500,0.067964,0.121266,2290.39,2299.2,4860.98,train
IzHyQaLan-g_80.wav,22050,10.0,220500,0.323171,0.073828,1044.08,719.25,1578.32,train
v8CkC7C-Lfg_350.wav,22050,10.0,220500,0.080991,0.158605,2769.59,2408.16,5481.2,train
ksKbvXCm6bc_60.wav,22050,10.0,220500,0.163054,0.524809,5883.92,2817.27,8976.35,train
SDVPWC149hE_30.wav,22050,10.0,220500,0.039065,0.089493,1865.38,2245.89,4128.55,train
pEcl2pVEhkY_480.wav,22050,10.0,220500,0.027703,0.210727,3441.97,3340.15,7947.08,train
cBdL4P0VVAw_160.wav,22050,10.0,220500,0.018986,0.287476,3767.66,2662.09,6981.2,train
oBtFBe2n174_30.wav,22050,10.0,220500,0.030648,0.097055,2173.86,2328.96,4522.65,train
48cwyS3At84_20.wav,22050,10.0,220500,0.061641,0.169975,2591.54,1850.33,4524.95,train
XgxsdFVfK3c_330.wav,22050,10.0,220500,0.012916,0.224597,3385.12,2791.49,6944.23,train
RM--APOlVJo_190.wav,22050,10.0,220500,0.056128,0.45945,5247.0,3004.88,8902.16,train
F3hjF_nr6Zc_10.wav,22050,10.0,220500,0.045988,0.171099,2963.98,2498.06,5688.46,train
rYpjIZy-Jb8_20.wav,22050,9.055,199656,0.005723,0.283273,4002.29,2555.84,6723.74,train
Ag_zT74ZGNc_9.wav,22050,10.0,220500,0.252241,0.085172,1661.72,1899.52,2897.44,train
MK8982w30HY_30.wav,22050,10.0,220500,0.226383,0.091724,1667.66,1438.58,3314.91,train
Vb9krAYFfWE_30.wav,22050,10.0,220500,0.169284,0.078119,1474.61,1648.07,2735.14,train
_2bF3WA77Z0_40.wav,22050,10.0,220500,0.102161,0.082836,1260.66,936.5,1949.3,train
Wg9zt0Af5gs_6.wav,22050,9.813,216372,0.010819,0.525048,5758.34,2764.47,9002.33,train
XSAokzt83yI_30.wav,22050,10.0,220500,0.244629,0.112803,1770.95,1447.12,3153.24,train
Tpnb0vKpge8_11.wav,22050,9.225,203402,0.102278,0.134546,2127.82,1885.75,3805.1,train
eSv2t3N-c_E_40.wav,22050,10.0,220500,0.050467,0.152866,2046.21,1448.46,3063.36,train
xL91ZoNSuNw_30.wav,22050,10.0,220500,0.19834,0.122194,2333.33,2451.45,4951.31,train
sLtTAzAzBhY_23.wav,22050,10.0,220500,0.020885,0.10311,1396.74,1167.71,2821.52,train
rlkMjMk_7wA_30.wav,22050,10.0,220500,0.036091,0.084785,1424.45,1376.15,2979.4,train
L9IqCUMo8rs_30.wav,22050,10.0,220500,0.023019,0.137858,3221.23,2537.56,6082.28,train
f4miU0IjHGs_200.wav,22050,10.0,220500,0.06711,0.159099,2905.13,2808.12,6249.45,train
2EV5_-zxtF8_6.wav,22050,9.882,217908,0.444773,0.045364,858.58,897.48,1652.22,train
A6ijUo3OC9k_0.wav,22050,10.0,220500,0.167062,0.049213,1159.16,1079.73,2138.71,train
8GiCArNaqwo_30.wav,22050,10.0,220500,0.084609,0.137476,1880.31,1453.66,3684.7,train
NEDLvL5eK6E_30.wav,22050,10.0,220500,0.10482,0.084438,1769.37,1889.08,3467.99,train
-EcHYnFsGkw_28.wav,22050,9.878,217816,0.027301,0.104535,2027.45,2040.06,3488.45,train
TPxQbYFHTFw_70.wav,22050,10.0,220500,0.178678,0.068763,2247.19,2848.42,5804.55,train
VR-yCAiukNk_2.wav,22050,9.013,198732,0.399137,0.047708,1183.92,1283.99,2509.86,train
hZeuXax7w9k_230.wav,22050,10.0,220500,0.075311,0.212848,3675.14,3075.67,7584.53,train
asJ76cIXXO0_10.wav,22050,10.0,220500,0.228518,0.063657,1143.0,1243.48,2216.15,train
MtnpFApn4Xc_30.wav,22050,10.0,220500,0.309203,0.025506,887.22,1415.43,1603.47,train
P73UYWyVQik_30.wav,22050,10.0,220500,0.012635,0.316017,4518.46,2987.12,8161.93,train
Huvx_sw7DuI_30.wav,22050,10.0,220500,0.250128,0.13201,1678.41,968.92,2597.22,train
2MOf0CdgxKE_120.wav,22050,10.0,220500,0.043749,0.466661,5384.56,2873.71,8817.87,train
_ZmyJ1mljAc_30.wav,22050,10.0,220500,0.100503,0.086933,2153.0,2433.87,4730.63,train
enZnfdXRGTQ_30.wav,22050,10.0,220500,0.018103,0.144885,2425.24,2260.53,4602.38,train
QyQZtmMdTP0_40.wav,22050,10.0,220500,0.174058,0.139907,2866.51,2728.4,5814.84,train
DaMOnJRfXms_30.wav,22050,10.0,220500,0.020471,0.191955,3214.0,2668.38,5950.91,train
73_C9SuUYqw_0.wav,22050,10.0,220500,0.071915,0.154048,2543.08,2214.71,5319.48,train
7Bp_aLXAqCY_40.wav,22050,10.0,220500,0.019519,0.003103,1247.13,2258.99,3015.75,train
aVpcQkhlbZc_30.wav,22050,10.0,220500,0.113874,0.105815,1322.77,967.38,2425.83,train
Anr5lfcMdTY_30.wav,22050,10.0,220500,0.462174,0.041433,1126.93,1515.44,2303.08,train
BOvu1gFVFdY_22.wav,22050,9.679,213412,0.076962,0.05634,1555.89,1904.62,3166.08,train
1FmipvFuudw_30.wav,22050,10.0,220500,0.047651,0.107443,2543.43,2734.38,5404.78,train
U089D2Ble_I_3.wav,22050,9.476,208938,0.234302,0.031448,1208.12,1773.76,2767.91,train
JydUSHES6L4_30.wav,22050,10.0,220500,0.075925,0.47427,5339.59,2682.38,8252.09,train
m27VWjIQ8xE_0.wav,22050,4.598,101376,0.034045,0.045145,831.71,984.79,1602.49,train
PytM3pMnGjw_40.wav,22050,10.0,220500,0.013588,0.135381,2776.49,2721.91,6018.33,train
-6RFvEE_Vxw_30.wav,22050,10.0,220500,0.22346,0.194343,2720.14,1937.72,4958.18,train
dKPgrSWX2To_30.wav,22050,10.0,220500,0.128482,0.061414,1873.98,2583.76,4352.75,train
17egzsGF5pI_15.wav,22050,9.126,201218,0.019123,0.017253,400.61,924.37,646.87,train
4cppYFx8-cg_140.wav,22050,10.0,220500,0.265092,0.179175,3128.55,2601.99,6011.36,train
zEVCUr6k3FA_10.wav,22050,10.0,220500,0.014322,0.185223,2844.34,2365.2,5415.28,train
YfgDC6pYY8E_10.wav,22050,10.0,220500,0.192297,0.230011,3842.21,3337.66,7703.77,train
C1mRYp1rSBU_290.wav,22050,10.0,220500,0.080947,0.21119,3200.73,2520.96,6006.34,train
hBuOPIrHBh0_10.wav,22050,10.0,220500,0.12733,0.27097,3850.78,2504.61,7112.43,train
Wz75uU8fh7U_20.wav,22050,10.0,220500,0.430018,0.018406,826.78,1653.1,1429.26,train
d5Q5eZAraw8_30.wav,22050,10.0,220500,0.150259,0.166536,2361.56,1848.13,4074.87,train
NoJyl0x02LI_550.wav,22050,10.0,220500,0.040489,0.088516,2044.54,2254.61,4337.97,train
Vo55mUKgElM_30.wav,22050,10.0,220500,0.070715,0.155108,3086.48,2953.16,6788.43,train
J06SMhztCJw_0.wav,22050,10.0,220500,0.071065,0.127865,2335.84,2317.4,4503.81,train
z8dbtNEzFNE_30.wav,22050,10.0,220500,0.009129,0.089549,2178.94,2436.0,4792.91,train
PDPoqGoeuzo_23.wav,22050,9.898,218241,0.091776,0.331231,4211.11,3046.38,7610.9,train
iRvEnM2pRRE_560.wav,22050,10.0,220500,0.228881,0.073965,2049.35,2363.26,4359.27,train
n__WEqljYbI_40.wav,22050,10.0,220500,0.010173,0.136638,2515.11,2531.04,5303.64,train
RotXEYsDtdo_170.wav,22050,10.0,220500,0.067983,0.098455,2084.83,2249.28,4167.42,train
EMgt1yfibCY_370.wav,22050,10.0,220500,0.047954,0.496062,5301.99,2862.03,8603.74,train
C0KILgUkoVA_11.wav,22050,9.735,214666,0.249293,0.083441,1674.01,1918.76,3055.07,train
JI9L7TxTbT4_20.wav,22050,10.0,220500,0.122958,0.20345,2800.48,2254.68,5355.57,train
ZSNGRfd319U_18.wav,22050,9.562,210844,0.038744,0.146488,3093.74,2958.73,6745.15,train
_Ur4zhm2gFY_11.wav,22050,9.178,202378,0.028625,0.197803,2829.0,2003.38,4457.56,train
PGyu-1riVfA_0.wav,22050,4.319,95232,0.14821,0.058038,1089.6,1209.77,2299.27,train
pcpP7NLvH8U_30.wav,22050,10.0,220500,0.152868,0.133235,2401.85,2096.87,4465.07,train
O6BxxK59Yoc_30.wav,22050,10.0,220500,0.021316,0.208405,2898.13,2199.44,5036.02,train
5AKZOfluy5o_150.wav,22050,10.0,220500,0.027818,0.189102,2862.96,2279.75,5301.14,train
iE_kjPe72dE_280.wav,22050,10.0,220500,0.012968,0.111296,2385.82,2615.87,5246.13,train
IIYpLGzeSYw_220.wav,22050,10.0,220500,0.024729,0.11478,1488.88,1094.63,2681.08,train
Mxzx7himV54_30.wav,22050,10.0,220500,0.021859,0.097621,2384.17,2683.95,5745.54,train
C97s3YLf3KI_30.wav,22050,10.0,220500,0.129961,0.081911,1856.73,2101.43,3842.75,train
JRKod84qTW8_30.wav,22050,10.0,220500,0.240852,0.092889,1707.04,1698.89,3545.68,train
yqbb8dSxTeo_40.wav,22050,10.0,220500,0.049297,0.512716,5638.04,2834.92,8585.9,train
A7nDPhRQ42I_30.wav,22050,10.0,220500,0.126875,0.036055,655.23,734.57,1225.32,train
KvmbUvzKXpo_19.wav,22050,10.0,220500,0.038649,0.048418,910.71,1062.39,2107.71,train
5MuuYWrpUSg_30.wav,22050,10.0,220500,0.005647,0.140307,2314.47,1976.17,4461.87,train
geXDN2Gtz3I_0.wav,22050,10.0,220500,0.034802,0.096316,2085.5,2130.99,4067.33,train
41W2Ti9AaQA_30.wav,22050,9.149,201732,0.1525,0.088888,1792.16,1719.52,3273.18,train
30QcYP-ibP8_30.wav,22050,10.0,220500,0.072331,0.105182,1417.72,1048.56,2567.85,train
I0I6OoiGGwM_0.wav,22050,10.0,220500,0.013183,0.194965,3314.73,2947.41,7100.49,train
DFSc0ao-Mus_90.wav,22050,10.0,220500,0.104182,0.072436,2071.33,2662.56,4757.74,train
_8etU9zNJbI_80.wav,22050,10.0,220500,0.023774,0.130232,1909.83,1650.28,3559.05,train
5HTGcilP3p4_30.wav,22050,10.0,220500,0.257713,0.173638,2902.18,2297.52,4848.87,train
ZsaUe2EYDqg_0.wav,22050,4.412,97280,0.166476,0.087285,1766.07,1787.73,3301.34,train
CR10tl6DoUE_30.wav,22050,10.0,220500,0.058798,0.027593,968.71,1413.49,2064.11,train
w-UP77BjJzI_30.wav,22050,10.0,220500,0.275468,0.06609,1461.83,1566.48,3470.32,train
eXBoqmhnsok_50.wav,22050,10.0,220500,0.02064,0.183782,3291.86,2552.17,6425.29,train
qKePksvQHXE_0.wav,22050,10.0,220500,0.037919,0.378486,4174.12,2264.81,6921.48,train
GX4yLEKWlbg_1.wav,22050,9.107,200814,0.206409,0.094099,2421.77,2645.79,5324.26,train
2ImYZnl1Rrg_10.wav,22050,10.0,220500,0.138173,0.234985,3425.78,2466.37,6124.02,train
4ECjndZzbMU_30.wav,22050,10.0,220500,0.007647,0.139481,3207.61,2885.54,6753.03,train
Mq6JL8KsyPg_9.wav,22050,9.204,202958,0.201437,0.094285,1517.86,1419.56,3224.18,train
ObQxQE-U5Kk_40.wav,22050,10.0,220500,0.129459,0.186249,3341.12,2871.74,6924.87,train
wXLbBWxImPI_160.wav,22050,10.0,220500,0.079466,0.209391,2708.15,1818.6,4288.7,train
2RV4XhxDJAo_220.wav,22050,10.0,220500,0.104847,0.073461,1162.2,1090.18,2078.75,train
j2x270bUgiY_10.wav,22050,10.0,220500,0.018093,0.190856,3211.76,2835.3,6629.65,train
mjXnC0sf7Bc_30.wav,22050,10.0,220500,0.159213,0.099843,2559.9,2504.42,5459.72,train
3BHKFfJrBwg_130.wav,22050,10.0,220500,0.141743,0.144179,2403.74,2316.46,5215.81,train
JkUxrhrattc_1.wav,22050,9.217,203230,0.26906,0.361677,3485.22,2102.62,5389.0,train
QvVR_cpkfNM_300.wav,22050,10.0,220500,0.038267,0.459222,5260.72,2965.1,8707.58,train
706Lzd73Ib4_50.wav,22050,10.0,220500,0.33697,0.217815,3276.01,2461.97,5989.13,train
7UEU06-ahgU_30.wav,22050,10.0,220500,0.08686,0.144407,2001.28,1400.22,3649.95,train
78EnFgC1W1U_30.wav,22050,10.0,220500,0.082188,0.092056,1245.56,934.44,2297.43,train
SpsRAlcUPlY_30.wav,22050,10.0,220500,0.09014,0.104856,1642.53,1386.33,3254.49,train
Z_InKFMIslA_23.wav,22050,9.81,216306,0.222838,0.083645,1485.71,1547.79,2763.73,train
3rked3migog_10.wav,22050,10.0,220500,0.300782,0.063364,1637.33,2012.04,3407.34,train
fI6FxcotKHQ_30.wav,22050,10.0,220500,0.074755,0.059382,1385.17,1855.33,2745.81,train
Pv7H4t9TVus_0.wav,22050,10.0,220500,0.194413,0.096137,1298.85,836.81,2327.46,train
PN3tuhg6tDY_17.wav,22050,9.059,199758,0.148468,0.050199,1545.98,2260.03,3943.61,train
UWidHVZDJIg_310.wav,22050,10.0,220500,0.0922,0.253452,3424.03,2313.49,5810.97,train
XoFFiTpKbN0_380.wav,22050,10.0,220500,0.028837,0.082309,2428.44,2887.04,6081.88,train
pX4-KrYK4YQ_290.wav,22050,10.0,220500,0.183827,0.155575,2722.12,2345.37,5235.14,train
r1uMjDMepx4_260.wav,22050,10.0,220500,0.095937,0.106355,2096.73,2190.18,4265.95,train
dHJ0pK27t6k_240.wav,22050,10.0,220500,0.061737,0.304349,4252.87,3163.26,8087.34,train
oKECVf2tO0Q_3.wav,22050,9.469,208794,0.035517,0.204958,1969.13,1295.91,3419.72,train
A0uwcQ9l0Ng_200.wav,22050,10.0,220500,0.031504,0.241467,2671.36,1478.6,4350.98,train
3luTalGZ9sg_520.wav,22050,10.0,220500,0.086183,0.191591,3054.88,2637.44,5916.88,train
aj0yfCtKNMo_30.wav,22050,10.0,220500,0.003565,0.227303,3910.65,3282.91,8123.94,train
QPEbjXzg5RU_30.wav,22050,10.0,220500,0.430547,0.325928,4463.15,2588.66,7701.22,train
_npRlLXZcv0_590.wav,22050,10.0,220500,0.084549,0.025008,1565.14,2351.28,3518.36,train
B_eqRry1qeQ_30.wav,22050,10.0,220500,0.096735,0.036956,1040.21,1606.19,1880.56,train
8ENp5gAVuYk_0.wav,22050,10.0,220500,0.023362,0.057288,2154.83,2626.6,5189.8,train
wt1butMl9DU_160.wav,22050,10.0,220500,0.02765,0.181639,2466.23,1621.69,4413.71,train
Prbz4bgC9QA_30.wav,22050,10.0,220500,0.145004,0.066497,1151.12,1042.56,2332.98,train
adhEUS4O5ys_540.wav,22050,10.0,220500,0.026878,0.07416,1310.99,1162.31,2737.56,train
fXL4gacGwXM_0.wav,22050,10.0,220500,0.097763,0.076198,1296.63,1209.12,2477.44,train
EMizcmjvL6s_0.wav,22050,10.0,220500,0.07909,0.102607,1796.89,1763.69,3531.55,train
0qv8YGoGBZc_30.wav,22050,10.0,220500,0.015294,0.501635,5413.52,3375.09,8903.31,train
-mNmhJs1pYM_90.wav,22050,10.0,220500,0.024646,0.443885,5180.79,2621.87,8230.73,train
kutuEAmqjeU_10.wav,22050,10.0,220500,0.11991,0.093335,2289.33,2553.35,4704.41,train
5p9XLBtfesc_330.wav,22050,10.0,220500,0.067832,0.134707,2402.98,2267.9,4730.51,train
4gkalNm_rFY_30.wav,22050,10.0,220500,0.117708,0.205888,2981.79,2384.12,5442.7,train
QvVijZauG3E_30.wav,22050,10.0,220500,0.164007,0.059808,1537.12,1978.93,3071.35,train
VQ6Bn5n0ZzM_20.wav,22050,10.0,220500,0.239305,0.052415,1645.58,2427.76,3336.27,train
5fALVszxJ08_70.wav,22050,10.0,220500,0.165418,0.11447,2116.47,2154.5,4716.6,train
MZV9ivnqzlI_190.wav,22050,10.0,220500,0.378313,0.067824,1263.69,1262.51,2458.86,train
ldsZS2YLot4_10.wav,22050,10.0,220500,0.325237,0.186502,2159.68,543.66,2425.16,train
iEC6mDTu-Sg_190.wav,22050,10.0,220500,0.133715,0.160464,1770.88,1111.59,3123.06,train
aju8cXuA4MA_16.wav,22050,9.078,200160,0.019191,0.3097,3138.19,2442.22,6230.39,train
fChyDvFJ9Go_210.wav,22050,10.0,220500,0.014671,0.194709,3494.25,2923.61,6879.98,train
CVtYQgFOMs4_10.wav,22050,9.156,201900,0.039508,0.26506,3954.95,2898.62,7368.2,train
xBKLJ-m6jF4_20.wav,22050,10.0,220500,0.029307,0.151087,2288.32,1929.0,3727.77,train
qNfFJ8ALvs8_250.wav,22050,10.0,220500,0.037335,0.250035,3410.4,2535.62,6273.96,train
E3nHoJYXPG0_30.wav,22050,9.915,218628,0.011493,0.164234,2758.32,2682.05,6379.36,train
lqK4eJ_R5tk_230.wav,22050,10.0,220500,0.160168,0.095301,1720.81,1936.28,3451.33,train
ST_n_QzF9gw_540.wav,22050,10.0,220500,0.12268,0.284435,3642.13,2480.93,6579.14,train
lawza_mlQ8U_30.wav,22050,10.0,220500,0.029262,0.046682,1227.74,1767.83,2593.9,train
jNM9Ki84tC8_410.wav,22050,10.0,220500,0.01065,0.22576,3420.58,2781.67,6810.66,train
e0DfmbL1ZcY_180.wav,22050,10.0,220500,0.09182,0.465287,5183.28,2968.35,8458.2,train
jyMrAgWpjM8_30.wav,22050,10.0,220500,0.238183,0.053908,1465.87,2096.3,2819.78,train
DaU1U7muLm4_480.wav,22050,10.0,220500,0.143777,0.041081,1547.38,2375.52,3690.5,train
RL-cAw49IS4_20.wav,22050,10.0,220500,0.125102,0.195851,2902.72,2170.58,4969.55,train
8ANL4Z5COTo_170.wav,22050,10.0,220500,0.061177,0.100441,2118.91,2301.87,4227.88,train
3ha6yVNR8dc_30.wav,22050,10.0,220500,0.010496,0.272502,3791.47,2654.68,7074.71,train
LoBMQCGnXtA_300.wav,22050,10.0,220500,0.046487,0.578083,6342.03,2706.38,9106.85,train
2-3dCghyoSM_11.wav,22050,10.0,220500,0.101213,0.111441,1832.98,1690.76,4052.79,train
1rtQ_YOHDic_70.wav,22050,10.0,220500,0.082779,0.13646,1724.27,1207.99,3151.17,train
GlgLz8aJ0Bw_60.wav,22050,10.0,220500,0.011188,0.162497,2721.64,2420.69,5156.6,train
FmTzb2_TF6Q_30.wav,22050,10.0,220500,0.001109,0.307095,4140.21,2939.17,7673.01,train
1Z5TWRw77xg_340.wav,22050,10.0,220500,0.206902,0.099603,2055.28,2080.52,3939.58,train
xIvYFYbtR-I_30.wav,22050,10.0,220500,0.061776,0.149303,2357.1,1685.52,4236.1,train
_R8HWYfd8zs_100.wav,22050,10.0,220500,0.008959,0.277336,4145.85,3084.11,8001.21,train
4Mq9aEzwGso_50.wav,22050,10.0,220500,0.218593,0.14269,2367.46,1955.51,4051.04,train
-h-evWyIyHU_200.wav,22050,10.0,220500,0.071094,0.135241,2935.12,2686.73,6167.34,train
21A0Yp8hD94_0.wav,22050,5.062,111616,0.041564,0.159024,2257.95,2151.69,4514.79,train
q65ho6w-N78_30.wav,22050,10.0,220500,0.170865,0.140694,2855.64,2689.98,6019.1,train
NM6KA-jhNZ4_190.wav,22050,10.0,220500,0.064805,0.397566,4732.06,3037.52,8285.09,train
aoqeK3zNLak_0.wav,22050,10.0,220500,0.026023,0.19974,2771.14,2090.89,5025.78,train
KLnJvygoit4_40.wav,22050,10.0,220500,0.137348,0.381895,4429.41,1566.19,5732.5,train
BO85LJyZg08_30.wav,22050,10.0,220500,0.14853,0.061591,1672.51,2303.89,3440.54,train
YNni7-hGBeI_30.wav,22050,10.0,220500,0.031855,0.41274,4506.94,2203.3,6604.27,train
qAGxljRTJAg_0.wav,22050,10.0,220500,0.261364,0.26663,3540.72,2751.99,7072.06,train
1i4SEC_XKJA_50.wav,22050,10.0,220500,0.083629,0.186023,2839.12,2403.55,5325.57,train
cWy2g-szZj8_50.wav,22050,10.0,220500,0.010655,0.28914,3367.39,2253.05,6088.45,train
s7-RxyV0x14_30.wav,22050,10.0,220500,0.029732,0.303295,3859.16,2420.48,6521.44,train
vzsQrqgTmM0_10.wav,22050,10.0,220500,0.043267,0.215537,2575.21,1693.37,4457.27,train
qzO0POBh6yg_30.wav,22050,10.0,220500,0.125517,0.088586,2597.68,3060.88,6675.37,train
p7iGt_jBOmE_0.wav,22050,10.0,220500,0.060539,0.088729,1747.93,1926.05,3349.04,train
cSURZuti4dU_30.wav,22050,10.0,220500,0.062473,0.098881,1555.84,1436.14,3209.55,train
-LcxFpiPde0_220.wav,22050,10.0,220500,0.046351,0.223541,3506.01,2772.9,6862.87,train
LqQZtekLHmg_30.wav,22050,10.0,220500,0.197227,0.210473,3486.86,2905.67,6833.24,train
Rbe5IJvJBjo_0.wav,22050,10.0,220500,0.043648,0.178527,2911.89,2559.75,5796.15,train
-8oqBwlVXDM_30.wav,22050,10.0,220500,0.174086,0.112588,2329.13,2472.13,4721.29,train
HtMA6tn5K60_130.wav,22050,10.0,220500,0.082459,0.14256,2445.69,2240.97,4616.52,train
SpDN6XUSqr8_100.wav,22050,10.0,220500,0.014145,0.136345,2354.14,2162.98,4268.4,train
rJsfh3dWIMY_60.wav,22050,10.0,220500,0.0936,0.219454,3335.35,2721.66,6443.7,train
n-X68A8gUSk_150.wav,22050,10.0,220500,0.073793,0.234731,3834.96,3124.78,7773.86,train
31pxFKNdR4M_28.wav,22050,9.089,200408,0.037473,0.116431,2205.08,2227.97,4457.89,train
md2tKNeESCE_4.wav,22050,9.978,220024,0.013091,0.073428,1226.05,1572.92,3105.69,train
tjMvXr111pU_0.wav,22050,10.0,220500,0.008358,0.12138,2528.03,2607.33,5460.87,train
vVVuWa56l_g_140.wav,22050,10.0,220500,0.054013,0.189816,3291.7,3124.13,7214.2,train
pV-eMBejgw8_310.wav,22050,10.0,220500,0.058701,0.139634,2593.79,2526.28,5162.32,train
uJnYYXq2eVw_30.wav,22050,10.0,220500,0.183566,0.126779,2884.11,2532.2,5812.54,train
-de-a0MlWgA_110.wav,22050,10.0,220500,0.058173,0.059812,1448.36,1777.54,3022.57,train
mLJPOwsFzhM_60.wav,22050,10.0,220500,0.275513,0.153113,2570.9,2253.58,4796.16,train
-M9yyG_eFfo_30.wav,22050,10.0,220500,0.134322,0.130359,2131.74,1966.95,3696.02,train
pmuedEJLJQo_60.wav,22050,10.0,220500,0.037925,0.157489,2588.85,2369.18,5362.24,train
XFZr6aGgqEA_200.wav,22050,10.0,220500,0.042881,0.4244,5034.51,3012.16,8665.24,train
BI7gbKbxMe0_120.wav,22050,10.0,220500,0.280725,0.096511,1845.41,1714.0,3265.6,train
0r0HbdvJG_0_30.wav,22050,10.0,220500,0.048769,0.269622,3939.73,2927.09,7473.25,train
sS-ir32NCvQ_340.wav,22050,10.0,220500,0.094177,0.099242,1831.51,1916.57,3528.85,train
2H7YAgyNp6g_0.wav,22050,10.0,220500,0.160694,0.218356,3538.13,2491.68,6521.76,train
Gfx38rhn6x0_20.wav,22050,9.937,219112,0.019853,0.19595,3256.22,2688.14,6262.54,train
4qPB4_u_y0U_30.wav,22050,10.0,220500,0.095137,0.106102,1930.36,2033.82,3612.41,train
-wk61AToB0M_80.wav,22050,10.0,220500,0.080193,0.230401,3230.26,2548.49,6003.29,train
5vdhGxUPvCk_260.wav,22050,10.0,220500,0.079344,0.111486,1545.73,1423.38,3130.26,train
Mtzbc7YG-dI_7.wav,22050,9.528,210082,0.139921,0.097748,2162.01,2500.16,4543.48,train
8eeVQ5QjL_M_30.wav,22050,10.0,220500,0.190422,0.165735,2686.0,2192.71,4912.04,train
xZNaoJAjJzM_30.wav,22050,10.0,220500,0.030396,0.059062,1824.54,2480.47,3729.02,train
x59uKC-aij8_20.wav,22050,10.0,220500,0.016677,0.159895,2782.46,2340.75,5163.9,train
aRZCpRjB3Gc_360.wav,22050,10.0,220500,0.180243,0.161831,2066.15,1536.89,3883.05,train
LCcPzeH_Cn4_160.wav,22050,10.0,220500,0.091503,0.089891,1181.08,880.52,2200.56,train
6cL4EnBxGXw_30.wav,22050,10.0,220500,0.049645,0.186533,3442.36,3084.32,7369.3,train
bfIBWGlf6oI_80.wav,22050,10.0,220500,0.237468,0.33784,3998.51,2308.06,6489.26,train
KfdTjBNNX0k_260.wav,22050,10.0,220500,0.133527,0.064694,1370.76,1776.76,2603.39,train
w7HN-khjn2A_310.wav,22050,10.0,220500,0.008187,0.154377,3444.54,2814.61,6806.82,train
9mCt3UtfGLw_210.wav,22050,10.0,220500,0.025467,0.124986,2668.52,2460.63,5238.46,train
yNhN9LwbJWU_280.wav,22050,10.0,220500,0.043151,0.260137,3384.86,2459.02,6047.93,train
IkhHkudtezE_160.wav,22050,10.0,220500,0.324,0.169895,1966.55,1191.4,3399.75,train
D3x0mrlPPUs_30.wav,22050,10.0,220500,0.140244,0.045026,1319.22,1726.59,2645.81,train
6WCTBEEdIuA_10.wav,22050,10.0,220500,0.115334,0.175151,2528.81,2019.5,4594.39,train
c4MKXXC6m3U_10.wav,22050,10.0,220500,0.022227,0.416352,5384.87,2910.38,8763.06,train
4dL1xuJlSNE_70.wav,22050,10.0,220500,0.044955,0.214352,3389.66,2856.49,7010.01,train
DaIv-TsWL5U_0.wav,22050,10.0,220500,0.203337,0.28147,2814.43,1530.54,4385.0,train
K_XY9zRzbzk_15.wav,22050,9.358,206338,0.17886,0.128709,2204.81,1675.07,3839.44,train
Zky4Rj0mWPQ_30.wav,22050,10.0,220500,0.026224,0.059588,1554.15,2035.67,3267.6,train
-aVWxd6fwWo_30.wav,22050,10.0,220500,0.016195,0.048133,1382.7,1878.4,2897.24,train
Lg1ewRuJCZ8_30.wav,22050,10.0,220500,0.001958,0.260024,3941.24,3159.61,8010.6,train
nRp7I1Ll5Rs_190.wav,22050,10.0,220500,0.043907,0.120139,1621.15,1346.52,3201.6,train
MXg7Kswv8i0_0.wav,22050,10.0,220500,0.07784,0.199653,3266.06,2925.25,6920.35,train
uLmrI89xy58_30.wav,22050,10.0,220500,0.171315,0.149933,2703.0,2699.38,5938.19,train
G_Sm4SDL5Y0_100.wav,22050,10.0,220500,0.104922,0.145746,2367.12,2256.34,4699.33,train
11VfX0rbtvI_20.wav,22050,10.0,220500,0.079967,0.225549,2188.04,1335.55,3689.57,train
02yKekhQaC8_12.wav,22050,9.084,200296,0.090741,0.173474,3000.5,2782.72,6197.83,train
kYKqGXDu2ns_130.wav,22050,10.0,220500,0.063303,0.221471,3312.59,2715.72,6562.26,train
qo2k5li8di8_20.wav,22050,10.0,220500,0.352755,0.081737,2573.37,2798.39,5973.89,train
CgTAdBCLFJ4_26.wav,22050,9.15,201756,0.132681,0.227122,3039.17,2474.97,5679.53,train
7H1d6C1IkxQ_30.wav,22050,10.0,220500,0.250529,0.093919,2487.35,2770.85,5986.38,train
-dX5RtfumBA_220.wav,22050,10.0,220500,0.162279,0.230204,2580.01,1633.71,4595.91,train
Jphu05QgQ1I_340.wav,22050,10.0,220500,0.014142,0.413993,5015.94,3253.54,8832.51,train
BH2cZT_2Ols_30.wav,22050,10.0,220500,0.034236,0.039585,787.35,1259.33,1413.95,train
K-nCsaVwRlQ_110.wav,22050,10.0,220500,0.108598,0.318661,3908.37,2605.4,6911.86,train
nS8lhvFI7H0_440.wav,22050,10.0,220500,0.255507,0.022335,849.21,1538.45,1544.27,train
44P_EviAJPA_30.wav,22050,10.0,220500,0.045606,0.227149,3546.42,3012.69,7426.36,train
xVrWFQKg1DE_100.wav,22050,10.0,220500,0.020934,0.152056,2162.82,1452.05,3872.75,train
qoBTIyg7VhM_0.wav,22050,10.0,220500,0.029817,0.111936,1392.16,862.28,2339.65,train
iWJc77JHwuU_30.wav,22050,10.0,220500,0.014809,0.144067,2911.99,2878.68,6663.83,train
S9lEg21FRgE_240.wav,22050,10.0,220500,0.036759,0.127179,2247.06,2229.94,4396.6,train
opjH69p6TM0_130.wav,22050,10.0,220500,0.093055,0.270322,3383.73,1982.68,5738.35,train
eWyg3HzR_Qo_40.wav,22050,10.0,220500,0.119555,0.052764,1275.86,1830.26,2339.15,train
npmdgNwUiIw_210.wav,22050,10.0,220500,0.040957,0.059677,1488.77,2149.69,2870.86,train
03c6x9YEYNk_30.wav,22050,10.0,220500,0.090196,0.111671,1403.49,1091.56,2332.08,train
Bk2yTNvgfBA_7.wav,22050,9.894,218162,0.51463,0.243846,3139.01,2231.42,5679.8,train
jviaGVJm9w8_20.wav,22050,10.0,220500,0.083653,0.195945,2105.13,1041.96,3180.19,train
vgo5Sw_XJMc_120.wav,22050,10.0,220500,0.288984,0.062433,1040.38,939.77,2005.59,train
CwM_Pl9euJc_10.wav,22050,10.0,220500,0.229433,0.112964,2015.4,2016.79,3510.84,train
7_yuZ6D8_Gk_20.wav,22050,10.0,220500,0.491613,0.076219,1768.34,2115.4,3498.02,train
6R-21jU4JGI_30.wav,22050,10.0,220500,0.137696,0.086204,1258.49,1052.81,2199.91,train
b2PeFuXiCGE_30.wav,22050,10.0,220500,0.016697,0.256756,2628.81,1647.96,4598.44,train
XGPwdABoCLI_380.wav,22050,10.0,220500,0.057583,0.224673,3716.04,2985.5,7366.7,train
nqiJ0_jjoaw_300.wav,22050,10.0,220500,0.022697,0.25424,4008.82,2785.39,7537.47,train
yvlg0IFQjYo_240.wav,22050,10.0,220500,0.023482,0.072457,1548.31,1949.33,3081.97,train
1tvqO_d6mkE_150.wav,22050,10.0,220500,0.074122,0.417698,4750.05,2839.7,7878.95,train
sXDJvBEzqjs_0.wav,22050,10.0,220500,0.014476,0.072619,1187.26,1199.71,2096.74,train
v0tC1mp1nVU_70.wav,22050,10.0,220500,0.070062,0.122213,2835.32,2900.42,6659.16,train
OC2EXrGjdDg_30.wav,22050,10.0,220500,0.01869,0.270307,4492.18,3067.37,8142.55,train
8MqICD_6u0Q_210.wav,22050,10.0,220500,0.122579,0.485241,5342.84,2635.71,7908.78,train
7unzm1R4EGY_18.wav,22050,9.127,201260,0.116812,0.067668,981.51,1074.89,1663.88,train
7aQZRhzXMCc_110.wav,22050,10.0,220500,0.142858,0.101625,2023.34,2113.78,3910.17,train
77taEdKAR9Y_520.wav,22050,10.0,220500,0.034179,0.211226,3367.88,2523.18,6102.91,train
e2oExyOQcec_270.wav,22050,10.0,220500,0.073834,0.013206,898.38,1047.88,2032.66,train
a4WOLsLhTo4_5.wav,22050,10.0,220500,0.104332,0.122533,1714.58,1459.35,2875.93,train
vvC6hjW7Q1g_70.wav,22050,10.0,220500,0.012688,0.157145,2683.4,2511.19,5266.69,train
eWHSqk63cjg_30.wav,22050,10.0,220500,0.15865,0.391886,4824.62,3100.54,8717.95,train
JUZOqz-46W4_30.wav,22050,10.0,220500,0.012336,0.140091,2428.35,2339.44,4855.56,train
mB67Sp9PIZs_30.wav,22050,10.0,220500,0.01707,0.154803,2558.22,2426.77,5259.72,train
iAimvjAI8kY_100.wav,22050,10.0,220500,0.040595,0.150107,2585.3,2393.6,4801.4,train
7BqHXd9FS-o_30.wav,22050,10.0,220500,0.01353,0.118363,2289.29,2306.72,4851.74,train
TnVUeaz0UfY_60.wav,22050,10.0,220500,0.064285,0.186863,3065.3,2706.49,6227.02,train
V-0deAyiACs_320.wav,22050,10.0,220500,0.022807,0.199987,3518.37,3042.32,7345.89,train
gHDxo3A5ArI_30.wav,22050,10.0,220500,0.138605,0.155614,2616.68,2342.44,4821.51,train
AuMHuY66CaI_30.wav,22050,10.0,220500,0.412949,0.105897,2713.44,2626.47,5723.86,train
O3HGi-cfwQA_10.wav,22050,10.0,220500,0.177368,0.105393,1336.3,1146.42,1895.17,train
LM4QGoEKQAE_250.wav,22050,10.0,220500,0.099703,0.155945,2592.66,2224.57,4841.87,train
t4oYwLKGE_g_30.wav,22050,10.0,220500,0.0437,0.309705,3350.62,1837.61,5291.95,train
IBeaijwFWKk_30.wav,22050,10.0,220500,0.054464,0.139071,2577.23,2430.34,5026.68,train
4GsYUNe0bFM_29.wav,22050,9.238,203702,0.082469,0.173144,3176.37,2767.51,6214.79,train
Sap1E3QlInI_240.wav,22050,10.0,220500,0.094961,0.084859,1682.41,1780.76,3151.44,train
MYLWMJrNJqg_60.wav,22050,10.0,220500,0.018327,0.031189,914.37,1502.97,1769.14,train
E3sNwZlVRv4_340.wav,22050,10.0,220500,0.14644,0.071192,1458.66,1937.74,2695.5,train
mV-OeIWytuk_140.wav,22050,10.0,220500,0.106252,0.058161,1907.89,2531.04,3981.17,train
6M3dcy9Nzx8_30.wav,22050,10.0,220500,0.03615,0.132038,2437.47,2618.38,5426.54,train
HJucMxaSNCY_170.wav,22050,10.0,220500,0.061667,0.143973,2791.36,2831.39,5994.07,train
V-2RsFlGWyM_50.wav,22050,10.0,220500,0.09385,0.03805,1167.94,1634.12,2649.81,train
G-ZH4DvNXqE_310.wav,22050,10.0,220500,0.218564,0.101959,1480.33,1116.07,2504.7,train
lS-ze9KlSRE_0.wav,22050,10.0,220500,0.169802,0.120209,2028.9,1822.81,3612.71,train
n7GhYoj0fuQ_1.wav,22050,10.0,220500,0.053266,0.030118,1156.44,1814.05,2562.0,train
qIKVbSy0lxs_110.wav,22050,10.0,220500,0.047427,0.182141,2958.31,2534.82,5820.46,train
KF1eWXwP73U_30.wav,22050,10.0,220500,0.025028,0.076981,1005.81,980.7,1647.41,train
nDlf2ex3oG0_0.wav,22050,7.221,159232,0.06827,0.033745,724.99,958.63,1554.32,train
e3nanB6nrnQ_10.wav,22050,10.0,220500,0.103416,0.110541,1591.75,1522.0,2472.77,train
C6e2bZBbrQ0_30.wav,22050,10.0,220500,0.042604,0.059024,1144.51,1236.23,2456.71,train
1HMbuRU2jHs_250.wav,22050,10.0,220500,0.201378,0.223994,3382.71,2771.44,6906.06,train
uAJsdy7CLl0_130.wav,22050,10.0,220500,0.025115,0.120884,2083.96,1803.93,4015.04,train
ImhAp5hmcOI_27.wav,22050,9.502,209514,0.055671,0.10799,1397.89,909.27,2252.77,train
E9jVhYmQMPA_30.wav,22050,10.0,220500,0.009378,0.148077,1681.23,1013.42,2741.74,train
IJ8-cf4hNAg_280.wav,22050,10.0,220500,0.062569,0.155119,2541.87,2149.14,4754.79,train
DsWJ_pukkeA_30.wav,22050,10.0,220500,0.118414,0.109818,2172.09,2274.67,4264.77,train
fgoDlqnJPo8_100.wav,22050,10.0,220500,0.099574,0.107147,2063.61,1804.68,4030.01,train
1bFIcfSokOE_30.wav,22050,10.0,220500,0.062028,0.207857,2958.67,2242.32,5106.67,train
EP3eh3ED2-4_0.wav,22050,9.016,198800,0.030006,0.186674,2367.52,1589.07,4293.8,train
k3RelKGZhJA_30.wav,22050,10.0,220500,0.103697,0.080791,1408.91,1355.2,2419.54,train
EHYMaGkrn0M_100.wav,22050,10.0,220500,0.080032,0.248559,3139.69,2532.77,5410.83,train
S5IY073qqI4_30.wav,22050,10.0,220500,0.067599,0.032717,1482.45,1526.06,3374.32,train
ueiOEPxvdwk_10.wav,22050,10.0,220500,0.046028,0.094949,1419.68,1115.26,2479.94,train
1Sr4UnbWfUM_30.wav,22050,10.0,220500,0.017921,0.358252,4404.75,2939.65,7962.14,train
m8Yk37ikgw8_30.wav,22050,10.0,220500,0.168401,0.122291,2147.6,1718.96,4126.28,train
ikhBs__x9xk_330.wav,22050,10.0,220500,0.138137,0.089965,1571.97,1431.47,3101.81,train
NFufyPT26Lg_30.wav,22050,10.0,220500,0.133295,0.105297,2184.96,2407.98,4575.36,train
C7YTsHb8IME_17.wav,22050,10.0,220500,0.005951,0.090202,1983.77,2412.99,4344.99,train
J8xPXZk7J8g_30.wav,22050,10.0,220500,0.010832,0.206188,3092.81,2501.94,6082.58,train
Y511zwVd2lg_70.wav,22050,10.0,220500,0.044143,0.260731,3749.39,2813.62,7083.22,train
mqn9fEAqyxo_80.wav,22050,10.0,220500,0.023049,0.158146,2800.79,2494.36,5705.52,train
DvRkr3TRTAE_210.wav,22050,10.0,220500,0.059909,0.040064,1518.73,2068.93,3576.91,train
x62yNrxdMnw_20.wav,22050,10.0,220500,0.081159,0.139921,2718.07,2390.59,5391.99,train
8GOYY0P5-z0_0.wav,22050,10.0,220500,0.21084,0.007111,228.8,579.34,324.97,train
19UTZe1Gwj4_30.wav,22050,10.0,220500,0.022707,0.079402,1653.23,1890.32,2964.74,train
ERZAEDpbHVo_30.wav,22050,10.0,220500,0.180372,0.112623,2140.96,2034.23,3658.97,train
KQ52zC3ZQc4_10.wav,22050,10.0,220500,0.208217,0.024334,985.26,1618.44,1885.88,train
Fc-kFTnFxsw_10.wav,22050,10.0,220500,0.339218,0.069142,2026.0,2329.13,4797.81,train
9RHh2hsL-mc_140.wav,22050,10.0,220500,0.227176,0.06489,1894.55,2456.9,4423.97,train
sjkO1dO67iw_490.wav,22050,10.0,220500,0.140484,0.207186,3344.1,2854.69,6796.9,train
Ba2eo5ggW5o_30.wav,22050,10.0,220500,0.107629,0.143774,2551.19,2275.8,4976.07,train
10iLP1del7Q_22.wav,22050,9.446,208292,0.018858,0.214898,3171.97,2580.78,6338.64,train
cWhFobUPzPk_30.wav,22050,10.0,220500,0.051313,0.190321,2912.8,2234.7,5069.17,train
9wtKtjvZG-M_25.wav,22050,9.458,208558,0.035686,0.04401,784.0,850.36,1409.11,train
zqtc-3V-3YM_30.wav,22050,10.0,220500,0.056023,0.073749,1887.47,2342.95,3937.85,train
0O2Ua-7Ti3Q_160.wav,22050,10.0,220500,0.00713,0.274018,4139.05,3340.6,8529.77,train
Jd4MEzncWlE_160.wav,22050,10.0,220500,0.062117,0.287035,4069.17,2913.76,7523.51,train
FtNV_Gq62l8_19.wav,22050,9.05,199546,0.016886,0.285708,3130.87,2438.52,6304.34,train
t9zT4UwpWt4_150.wav,22050,10.0,220500,0.020101,0.221577,4040.35,3039.26,7672.54,train
tUdP1FrHkVU_30.wav,22050,10.0,220500,0.086066,0.09323,1574.4,1451.34,3284.31,train
D-denGAOyZ8_10.wav,22050,10.0,220500,0.113518,0.030032,900.67,1555.81,1514.72,train
0QhVfzoK7CQ_30.wav,22050,10.0,220500,0.032477,0.269599,3689.02,2735.24,6930.79,train
dlI2iVk7ssQ_30.wav,22050,10.0,220500,0.00164,0.14431,3015.8,2375.85,5495.51,train
QOoxd9EiiSI_30.wav,22050,10.0,220500,0.082456,0.124858,2046.65,1579.64,3833.98,train
REzRyvItebY_30.wav,22050,10.0,220500,0.156578,0.11875,2495.08,2420.44,5102.89,train
jRk0DYhsbHs_160.wav,22050,10.0,220500,0.081579,0.24389,3505.09,2388.25,6086.3,train
YwYqnCXdtaE_0.wav,22050,10.0,220500,0.154152,0.059639,1216.61,1204.95,2243.8,train
DYLO2QHFWx0_30.wav,22050,10.0,220500,0.064446,0.057088,1502.59,2233.26,2746.41,train
uVeRbLUG1sg_10.wav,22050,10.0,220500,0.105934,0.157092,2606.08,2273.63,4823.86,train
9nQRfADA6pk_40.wav,22050,10.0,220500,0.07193,0.321373,4032.58,2513.26,6995.22,train
P01Feewbqkg_17.wav,22050,9.977,219982,0.184305,0.115048,2204.95,2115.38,4055.38,train
yZJR80D-L6c_20.wav,22050,9.684,213540,0.051346,0.123949,2105.83,1702.05,4299.74,train
ulh-VpWf_RA_9.wav,22050,9.831,216782,0.288212,0.148234,3535.89,3066.18,7436.55,train
fquyCXZCy74_540.wav,22050,10.0,220500,0.023204,0.059642,1795.49,2598.84,4318.51,train
KR5xHWi2nKo_30.wav,22050,10.0,220500,0.080455,0.061975,1452.74,1716.87,2774.11,train
57NefYJLTE4_30.wav,22050,10.0,220500,0.124593,0.162904,2417.03,1958.3,4434.52,train
MDRJ8icmjgI_350.wav,22050,10.0,220500,0.002191,0.196603,3266.72,2896.24,7189.44,train
ddSJDyfFgnE_0.wav,22050,10.0,220500,0.171339,0.118121,1898.34,1718.6,3558.15,train
dv_hbOoXKkQ_30.wav,22050,10.0,220500,0.073072,0.168783,2520.01,2196.22,4768.01,train
Nwd7eVnNwZw_220.wav,22050,10.0,220500,0.044404,0.246981,3477.32,2256.96,5895.18,train
ZJCnDPp7ctE_20.wav,22050,10.0,220500,0.111144,0.148278,2635.35,2472.16,5328.94,train
CiTl5f9DZvc_30.wav,22050,10.0,220500,0.028272,0.034591,1583.81,2469.51,3897.93,train
T3_YGM7IyXU_410.wav,22050,10.0,220500,0.101621,0.072658,1486.93,1601.97,2978.83,train
-nKy0zN4KVQ_0.wav,22050,8.777,193536,0.101933,0.043925,1476.03,2115.23,3146.97,train
P2-3vmp1KWA_30.wav,22050,10.0,220500,0.105741,0.115779,1994.62,1740.4,3624.6,train
c257oj8370c_60.wav,22050,10.0,220500,0.102281,0.298454,4079.05,2929.77,7751.73,train
xz9IQEU1JDI_30.wav,22050,10.0,220500,0.087608,0.194918,3149.05,2598.21,6040.49,train
3uUCjXOapM4_11.wav,22050,9.805,216202,0.094389,0.206873,3107.12,2294.8,5823.31,train
j_lu9Jm82gA_280.wav,22050,10.0,220500,0.0168,0.137297,2532.26,2210.51,4741.05,train
oqdDpOZIogA_0.wav,22050,10.0,220500,0.024562,0.173157,1920.72,1081.52,3005.41,train
Gsl8qrtf3_g_20.wav,22050,10.0,220500,0.082777,0.120184,2042.52,1831.52,3580.86,train
qjlPexB2uVI_40.wav,22050,10.0,220500,0.130666,0.113709,2299.24,2351.91,4584.77,train
Fdnjhb_-R84_11.wav,22050,9.526,210058,0.087185,0.103706,1317.14,882.61,2213.34,train
CgpmwO3QyNs_50.wav,22050,10.0,220500,0.518182,0.064398,1247.89,1319.84,2362.08,train
o2bGnqO7oKU_40.wav,22050,10.0,220500,0.123571,0.178826,2260.83,1580.81,4271.64,train
hd7CQvbcteg_340.wav,22050,10.0,220500,0.033193,0.257779,4093.2,2931.48,7633.25,train
G9aqBRtauEo_7.wav,22050,9.045,199442,0.28974,0.065307,1656.56,1701.45,3074.5,train
PVTYWNDQSf8_30.wav,22050,10.0,220500,0.120369,0.060053,1095.44,1122.21,2009.08,train
kjdrRNDQkRw_40.wav,22050,10.0,220500,0.068481,0.102798,1795.26,1698.95,3194.01,train
E9VuzfWXiHo_160.wav,22050,10.0,220500,0.135162,0.153439,2730.15,2427.09,5311.18,train
kwD_uw-T0yo_12.wav,22050,9.706,214008,0.231397,0.073337,1685.31,2068.9,3382.8,train
UQoDsstR2yM_0.wav,22050,10.0,220500,0.023856,0.240353,2927.09,1759.31,3828.04,train
i5XPEeAXlks_30.wav,22050,10.0,220500,0.122274,0.054789,1569.54,2127.95,3367.72,train
vdZV2hbPAb8_110.wav,22050,10.0,220500,0.005134,0.125851,2343.2,2140.12,4855.84,train
LFHlEZ_OvFk_0.wav,22050,10.0,220500,0.099517,0.062403,1647.42,1976.92,3338.45,train
0m78zSsubVY_30.wav,22050,9.59,211460,0.091901,0.224205,2680.55,1558.8,4607.01,train
tTmvQdMfLuI_30.wav,22050,10.0,220500,0.240047,0.020883,896.33,1652.13,1843.29,train
WKY-QgdWR1Y_40.wav,22050,10.0,220500,0.007323,0.169606,4010.9,3771.65,8958.91,train
g_HnsdmJF2I_0.wav,22050,10.0,220500,0.041233,0.050668,1308.9,1212.49,2431.0,train
8VUxzR-cpsc_26.wav,22050,9.666,213132,0.011361,0.161828,3335.31,2955.35,6969.27,train
3Hq7p0ZINfw_30.wav,22050,10.0,220500,0.123357,0.21587,2685.41,2087.36,4775.65,train
Tpox7rZrSEU_50.wav,22050,10.0,220500,0.020947,0.415461,4756.65,2680.55,7599.12,train
ZXnTC7OXp2k_100.wav,22050,10.0,220500,0.038137,0.197312,3504.41,2860.61,6819.03,train
7rCwLoWOTjI_250.wav,22050,10.0,220500,0.136764,0.146817,3587.79,2985.64,7496.6,train
8blyXTo3jA0_20.wav,22050,9.164,202072,0.010763,0.18426,3185.08,2657.92,6153.89,train
Djbduqlmc-g_30.wav,22050,10.0,220500,0.012465,0.130842,2539.27,2388.04,4958.88,train
-0W_OcvA9tc_0.wav,22050,10.0,220500,0.022406,0.135413,3155.61,2986.78,6817.63,train
kIx_JH4gPQ4_5.wav,22050,9.559,210774,0.062154,0.255695,3072.34,2178.34,4965.02,train
ZEEjiB1GbDY_30.wav,22050,10.0,220500,0.036443,0.072877,1988.64,2530.6,4350.46,train
Pa3t3Fp_7mY_30.wav,22050,10.0,220500,0.147752,0.11991,2333.12,2284.21,4558.69,train
3F_hT8L-zT8_30.wav,22050,10.0,220500,0.05295,0.133969,2144.72,1938.29,3972.73,train
J2h-92FiFYU_70.wav,22050,10.0,220500,0.018807,0.258686,3535.89,2534.02,6360.64,train
Rb2L0PmwcvA_420.wav,22050,10.0,220500,0.165024,0.198292,2916.04,2223.26,5284.53,train
egvlLQVyasw_0.wav,22050,10.0,220500,0.047268,0.211847,3281.77,2746.82,6564.05,train
QbqHylj8VJ8_30.wav,22050,10.0,220500,0.004307,0.077591,1872.35,2084.15,3765.89,train
-WhaH08Lydk_30.wav,22050,10.0,220500,0.007785,0.27369,3899.29,3173.68,8302.0,train
ce9Fvf-2o7w_40.wav,22050,10.0,220500,0.006838,0.134098,2619.09,2531.71,5659.74,train
BxU73eU3dEg_0.wav,22050,10.0,220500,0.508806,0.133159,2191.51,1903.64,4468.61,train
-FxLatDz5fg_30.wav,22050,10.0,220500,0.163542,0.105881,1930.01,1877.52,3573.81,train
8a08Kj0C8c8_30.wav,22050,10.0,220500,0.107266,0.112094,2589.7,3025.67,6487.84,train
1Z1NKHQfJAc_30.wav,22050,10.0,220500,0.016831,0.152552,3034.41,2849.9,6839.59,train
0qonGBlwhHQ_30.wav,22050,10.0,220500,0.095535,0.27308,3972.42,2975.94,7671.09,train
zW46UonugXU_220.wav,22050,10.0,220500,0.20898,0.106599,1839.49,1817.68,3904.08,train
jUlLS6A9HVU_60.wav,22050,10.0,220500,0.054689,0.060921,1909.72,1844.4,3054.42,train
vdiyVDgC1XY_100.wav,22050,10.0,220500,0.02538,0.266048,3751.67,2689.36,6832.27,train
SvrIjYEUoH4_290.wav,22050,10.0,220500,0.052611,0.251859,3528.59,2585.02,6426.11,train
Lxx4707faL4_320.wav,22050,10.0,220500,0.117254,0.084299,2105.41,2640.88,4302.47,train
5zLYxr2BM4Y_30.wav,22050,10.0,220500,0.075765,0.251263,3752.4,2750.93,7115.55,train
xJfo1ShqcGM_20.wav,22050,10.0,220500,0.2281,0.095605,1898.23,1869.3,3637.11,train
8j5gWsCQ3_4_19.wav,22050,9.045,199434,0.252383,0.095684,1318.13,951.98,2233.19,train
8AEjmj6x3ow_30.wav,22050,10.0,220500,0.182256,0.136259,2825.96,2807.7,6244.75,train
xA2WP1UrYBk_170.wav,22050,10.0,220500,0.255379,0.036345,810.44,1199.11,1182.53,train
J90TZy7yE2U_0.wav,22050,10.0,220500,0.018134,0.121024,2588.49,2322.05,4709.28,train
KCpIUmYcEOk_20.wav,22050,10.0,220500,0.013529,0.127542,2551.81,2578.81,5441.38,train
SLxUpQRHZFY_40.wav,22050,10.0,220500,0.083451,0.11748,1795.63,1502.91,3181.74,train
D93pWh5x1Cg_70.wav,22050,10.0,220500,0.13314,0.069184,1830.64,2451.89,4131.33,train
9cinCSy7TtU_30.wav,22050,10.0,220500,0.081896,0.117642,1537.14,1053.69,2674.26,train
-rTQMwxke0o_30.wav,22050,10.0,220500,0.05465,0.192641,3010.58,2490.86,5618.74,train
35z8gd7xff8_30.wav,22050,10.0,220500,0.022082,0.160078,2825.02,2577.41,5627.56,train
LTBGc7B6bmg_330.wav,22050,10.0,220500,0.01097,0.108158,2726.61,3276.52,7229.89,train
egk_qpI9xoE_300.wav,22050,10.0,220500,0.036084,0.13305,2580.8,2233.05,5196.8,train
Mhxj2fL8ZhE_10.wav,22050,10.0,220500,0.297067,0.022867,829.33,1549.19,1302.68,train
fb97m6nEsEc_230.wav,22050,10.0,220500,0.060373,0.165722,2928.74,2509.05,5774.67,train
fwOrSmG2hlY_90.wav,22050,10.0,220500,0.04014,0.119127,2334.91,2315.75,4886.21,train
2x686SgZc60_30.wav,22050,10.0,220500,0.105792,0.097216,2148.73,2322.51,4425.07,train
YOpvbtv05Z0_20.wav,22050,10.0,220500,0.002986,0.18198,3378.25,2985.66,7240.83,train
6rqCEURSIOQ_30.wav,22050,10.0,220500,0.033032,0.115422,2519.4,2595.02,5467.34,train
3_mgBrtOAPk_30.wav,22050,10.0,220500,0.127551,0.163452,2739.9,2551.02,5500.11,train
4VyefUQKBpo_12.wav,22050,9.578,211192,0.249156,0.089943,1550.4,1192.16,2747.96,train
AsL0r676QjQ_210.wav,22050,10.0,220500,0.094296,0.10671,2040.98,2105.78,4011.52,train
_d55cSiY4P0_470.wav,22050,10.0,220500,0.045451,0.092332,2142.52,2515.54,4714.67,train
CaMUH-Vi6SI_40.wav,22050,10.0,220500,0.174039,0.157911,2559.18,2394.68,4953.89,train
jwHVoR2ylnQ_10.wav,22050,10.0,220500,0.008482,0.209183,2656.51,1981.52,4804.7,train
QMtHNkHNVRA_110.wav,22050,10.0,220500,0.078691,0.100879,2001.99,2253.1,4123.46,train
HlV-Q9HSAwU_30.wav,22050,10.0,220500,0.036414,0.182431,2177.49,1694.33,4264.02,train
K4Hcb00hTTY_30.wav,22050,10.0,220500,0.241439,0.533245,5559.82,2882.33,8369.52,train
DS8H6e6IkiI_70.wav,22050,10.0,220500,0.087799,0.470746,5268.53,3204.17,8899.08,train
Wb--l2MPyUE_14.wav,22050,10.0,220500,0.102258,0.066438,1293.22,1484.22,2436.7,train
A4BJTuQMbFU_30.wav,22050,10.0,220500,0.066756,0.132162,2033.27,1668.94,4151.66,train
I38Lc8GK4iA_160.wav,22050,10.0,220500,0.094382,0.372567,4693.2,3078.29,8477.84,train
SHDWuSkWDH4_30.wav,22050,10.0,220500,0.134596,0.095132,1999.94,1994.02,3777.75,train
bQruZwytOps_460.wav,22050,10.0,220500,0.005723,0.273248,4192.28,3054.23,7961.19,train
P6_GjwycXSg_40.wav,22050,10.0,220500,0.020655,0.114134,1493.82,1370.2,1823.43,train
x4k0M5yd4-I_23.wav,22050,9.213,203138,0.150066,0.073129,1764.49,2158.06,3485.88,train
G_UeLVN0zXM_50.wav,22050,10.0,220500,0.017293,0.195655,3142.06,2544.92,5858.9,train
umsrsCG6ptw_20.wav,22050,10.0,220500,0.004516,0.205735,2800.34,2162.71,4702.83,train
opDjivQ2SJE_220.wav,22050,10.0,220500,0.115048,0.174628,3012.6,2818.24,6488.69,train
8E4XbiqUn3A_30.wav,22050,10.0,220500,0.141758,0.107825,1346.59,916.92,2294.49,train
B2-OTq3hKG0_30.wav,22050,10.0,220500,0.268391,0.141235,1695.39,1045.2,2767.42,train
4hbD4KeaO_I_90.wav,22050,10.0,220500,0.161906,0.109067,1913.88,1828.2,3357.13,train
-7aNPr1x2aQ_18.wav,22050,9.615,212012,0.011981,0.055842,1054.71,1391.73,2092.09,train
0gvSPOyaa54_170.wav,22050,10.0,220500,0.005611,0.098265,2073.92,2221.73,4223.23,train
J73HXiihn84_240.wav,22050,10.0,220500,0.036682,0.268853,3972.61,3345.12,8450.83,train
hO71Lk2CFd4_0.wav,22050,7.483,165008,0.114972,0.020914,819.63,1118.42,1764.39,train
d3rE6DGESQc_240.wav,22050,10.0,220500,0.096153,0.353491,4384.06,2985.33,7737.54,train
7I9ppq40LQk_2.wav,22050,9.013,198732,0.282371,0.102257,1426.6,937.9,2432.95,train
A5cZo65zx3A_16.wav,22050,9.014,198768,0.039646,0.133443,2048.32,1636.26,4063.46,train
5XSZ28t3Er4_40.wav,22050,10.0,220500,0.218409,0.298821,3776.19,2392.67,6535.78,train
u9tjkcda1mo_110.wav,22050,10.0,220500,0.074595,0.217505,3270.85,2381.76,5743.62,train
O1gKOn6a4es_40.wav,22050,10.0,220500,0.056604,0.168375,2740.88,2389.37,5077.36,train
sXntmY7B_f4_30.wav,22050,10.0,220500,0.011642,0.174336,2497.69,2080.36,4530.09,train
irf6e0MVlRk_30.wav,22050,10.0,220500,0.043685,0.231108,2360.98,959.17,3254.84,train
Yh2hrWhKejk_550.wav,22050,10.0,220500,0.077302,0.058416,1534.42,1886.16,2994.49,train
U1LhjOV30A4_10.wav,22050,10.0,220500,0.063972,0.092261,1926.25,2041.72,4012.72,train
SvECvMOY-cY_180.wav,22050,10.0,220500,0.080969,0.062619,1992.52,2648.06,5332.09,train
bFOpFU_ThOE_10.wav,22050,10.0,220500,0.012152,0.193691,3311.93,2781.12,7009.08,train
im8oVvmudG8_230.wav,22050,10.0,220500,0.031847,0.107517,2425.26,2634.86,5201.84,train
Mkkxkc_GDbM_14.wav,22050,9.598,211636,0.064373,0.139288,1648.92,975.54,2512.91,train
FItH_tUbY8E_440.wav,22050,10.0,220500,0.266991,0.084257,1655.47,1686.53,3086.97,train
1wvr7q2xaZQ_30.wav,22050,10.0,220500,0.107514,0.088994,1850.2,1993.03,3357.93,train
BQBTl5U0hwI_90.wav,22050,10.0,220500,0.219751,0.141425,1788.64,1241.16,3203.55,train
l99yVyFNAfA_30.wav,22050,10.0,220500,0.218963,0.063498,1446.07,1949.82,2688.3,train
4Pow0o7e_08_110.wav,22050,10.0,220500,0.005231,0.234715,3591.93,2637.91,6649.74,train
808nSGmCtcM_26.wav,22050,9.619,212108,0.104254,0.039499,1075.66,1227.43,2160.87,train
YG-7ao4GRpY_30.wav,22050,10.0,220500,0.036322,0.052997,1891.46,2588.68,4523.72,train
BE8Zu24qnAA_38.wav,22050,9.933,219012,0.105707,0.127519,2090.73,1767.46,3968.93,train
an7_uRghQhk_430.wav,22050,10.0,220500,0.234802,0.124639,2033.12,1800.91,3512.88,train
snzE0VSZnSY_30.wav,22050,10.0,220500,0.013412,0.236823,2200.84,1416.51,3736.74,train
hcU3b2CNKkg_0.wav,22050,10.0,220500,0.169388,0.094017,2274.2,2639.21,5460.82,train
-iY-_JwXe-M_210.wav,22050,10.0,220500,0.125709,0.027832,1032.13,1816.12,2059.67,train
d0-iUOthFcU_21.wav,22050,9.557,210742,0.047017,0.127664,2439.33,2341.01,4765.08,train
TdVYtf5Gclw_110.wav,22050,10.0,220500,0.114282,0.299629,4233.21,3197.62,7773.91,train
mx7H6Ge6DSM_30.wav,22050,10.0,220500,0.0088,0.105158,2820.17,2664.01,5736.28,train
GBNMm5TqKX4_30.wav,22050,10.0,220500,0.001298,0.252636,3914.61,2990.03,7532.55,train
YHmBiJ34TaY_30.wav,22050,10.0,220500,0.040789,0.329377,4225.38,2613.59,7136.91,train
djBGc_ijwH0_140.wav,22050,10.0,220500,0.090174,0.346633,4324.73,2643.04,7497.95,train
w0-AB9BbQUM_240.wav,22050,10.0,220500,0.152086,0.025729,392.21,417.67,354.97,train
HTuwNUZnz6U_30.wav,22050,10.0,220500,0.126736,0.042724,920.87,1314.72,1465.61,train
-_YEMHrl2QI_2.wav,22050,9.675,213324,0.123924,0.138564,2358.24,2093.48,4405.63,train
xa20oP8oQHo_80.wav,22050,10.0,220500,0.103751,0.170813,2832.21,2674.32,6024.9,train
hh4v5krLWdE_0.wav,22050,10.0,220500,0.133216,0.012182,578.86,1350.07,936.34,train
10OItSnDWd0_20.wav,22050,10.0,220500,0.084009,0.050285,1119.77,1401.3,2083.05,train
P91FJWTNkQ8_0.wav,22050,6.153,135680,0.017031,0.284673,3364.89,2630.57,6038.2,train
oBgYjqQ-emo_28.wav,22050,9.941,219208,0.068693,0.200369,2852.64,2433.98,5341.36,train
scn_uwjLNEs_250.wav,22050,10.0,220500,0.214384,0.172801,2388.22,1987.56,3995.83,train
JYRTqasFscw_30.wav,22050,10.0,220500,0.075195,0.091519,2341.23,2598.24,5130.17,train
3tgleZplcMg_250.wav,22050,10.0,220500,0.12028,0.176429,2845.93,2268.42,5319.03,train
-cTrX0OnFIw_70.wav,22050,10.0,220500,0.084881,0.614164,6448.2,2866.97,9568.16,train
sYdlHiinFnk_10.wav,22050,10.0,220500,0.145648,0.218493,2509.11,991.46,3421.13,train
xxyaha69tPM_30.wav,22050,10.0,220500,0.229318,0.087144,1437.38,1338.23,2894.72,train
kV5k9LDhlc8_80.wav,22050,10.0,220500,0.072386,0.150857,2077.64,1352.23,3067.63,train
216BEuZAots_30.wav,22050,10.0,220500,0.011077,0.149194,2917.09,2830.55,6440.18,train
RN0FGbXoLDk_150.wav,22050,10.0,220500,0.123545,0.236518,3221.35,2377.96,5743.07,train
0AlN7HWNKPg_30.wav,22050,10.0,220500,0.87711,0.08149,3251.01,2655.7,6428.06,train
FlXigjBOGiE_30.wav,22050,10.0,220500,0.03254,0.123092,2034.01,1985.18,4313.59,train
Udfxb0mOh4w_30.wav,22050,10.0,220500,0.142113,0.20207,3092.83,2633.83,6213.93,train
9ES80j9LgHk_30.wav,22050,10.0,220500,0.090082,0.105223,2359.03,2602.05,5171.39,train
A-BK9K-DD6c_110.wav,22050,10.0,220500,0.094289,0.10935,2255.19,2399.52,4621.02,train
w41od_SN7wY_30.wav,22050,10.0,220500,0.106409,0.157454,2461.56,2130.38,4588.55,train
xVnJ-vb3zNI_8.wav,22050,9.74,214768,0.147884,0.046187,1254.06,1890.0,2514.64,train
4OY6nFcE8FQ_30.wav,22050,10.0,220500,0.151899,0.102379,1550.82,1277.37,2382.54,train
13_cC6FwNTM_10.wav,22050,9.714,214188,0.031412,0.109415,2088.49,2093.75,3933.18,train
yl8h8HAeOPE_240.wav,22050,10.0,220500,0.05035,0.086172,2313.1,2612.15,5114.79,train
982reLfbJV8_30.wav,22050,10.0,220500,0.17872,0.05485,1297.29,1528.84,2328.73,train
2Myju-xXB4U_30.wav,22050,10.0,220500,0.094605,0.110306,2080.72,2160.02,4059.53,train
JW5eGqtQFAU_30.wav,22050,10.0,220500,0.011997,0.086956,1570.91,1428.83,3095.79,train
5NxVd57z8bA_30.wav,22050,10.0,220500,0.09874,0.093179,1644.05,1663.34,3021.27,train
kIay-pCtv8I_30.wav,22050,10.0,220500,0.178639,0.12941,1547.39,883.91,2482.59,train
9awNKURc6I8_60.wav,22050,10.0,220500,0.133405,0.11341,2020.72,2021.11,3788.84,train
rR6erBMFHYE_390.wav,22050,10.0,220500,0.068117,0.315117,4209.5,2919.36,7804.96,train
2mEQmUzXyB0_50.wav,22050,10.0,220500,0.039623,0.099294,2452.93,2686.54,5266.17,train
O5YgHcNWfzA_40.wav,22050,10.0,220500,0.021587,0.16289,2140.18,1701.04,3398.7,train
yf9i1eHYjp0_80.wav,22050,10.0,220500,0.091602,0.273115,4085.65,2612.63,7159.19,train
qfUSfyPiewk_240.wav,22050,10.0,220500,0.221043,0.061774,1728.1,2075.58,3828.21,train
N_GTPokq-Jg_30.wav,22050,10.0,220500,0.031478,0.124017,2275.47,2091.84,4765.28,train
dcq87tEO_HE_100.wav,22050,10.0,220500,0.092952,0.181943,2935.59,2462.88,5539.05,train
JwkCsCzDU1Y_220.wav,22050,10.0,220500,0.047022,0.277647,3838.59,2413.22,6604.85,train
RSv3hKANgLI_30.wav,22050,10.0,220500,0.022645,0.080266,1588.47,1770.44,3081.22,train
thH8BN4MyBs_30.wav,22050,10.0,220500,0.045555,0.240572,3480.18,2762.01,6929.72,train
1JfnWSwbxCw_210.wav,22050,10.0,220500,0.1735,0.056168,1358.16,1768.81,2412.59,train
hJriGQ0yUoc_10.wav,22050,10.0,220500,0.153899,0.090807,2275.53,2376.53,4557.32,train
NoWWYT3uUhA_380.wav,22050,10.0,220500,0.044459,0.083599,2048.27,2403.29,4402.34,train
5jHJIX6efp8_30.wav,22050,10.0,220500,0.175823,0.038298,1249.92,2033.79,2535.45,train
-MY6rcWY_S0_130.wav,22050,10.0,220500,0.060149,0.136584,2119.63,1854.68,4277.14,train
TJChvTdGpco_150.wav,22050,10.0,220500,0.014273,0.188907,3074.65,2639.25,6269.11,train
CBDUN1M2Dp4_0.wav,22050,8.591,189440,0.044662,0.229725,3345.3,2592.48,6211.34,train
xZ7gQKBuNrg_20.wav,22050,10.0,220500,0.116905,0.131347,2307.75,2302.64,4773.75,train
1Lnlaifz2DI_0.wav,22050,6.845,150928,0.493839,0.112526,1679.67,1246.27,2638.47,train
Rof6ND4z8fw_30.wav,22050,10.0,220500,0.509256,0.038777,990.01,1308.93,1826.55,train
ZSkmvXsQayc_30.wav,22050,10.0,220500,0.028091,0.182766,2985.03,2216.96,6062.55,train
k8tjmpaEqQA_50.wav,22050,10.0,220500,0.131172,0.059787,1093.98,1375.36,1935.12,train
6_lVGJDr8bE_23.wav,22050,9.461,208626,0.217217,0.127297,2149.9,2006.02,4100.99,train
SOA0xqrz65I_370.wav,22050,10.0,220500,0.016504,0.160536,2974.34,2918.34,6648.39,train
TEQLF3WsSfc_470.wav,22050,10.0,220500,0.082883,0.143154,2249.35,1918.24,4123.38,train
-95ROVLw52A_290.wav,22050,10.0,220500,0.023175,0.113677,2226.56,2297.78,4471.01,train
v63BEuX6oAU_13.wav,22050,9.936,219094,0.248123,0.125502,2049.32,1684.13,3564.15,train
94EgORRgiuE_30.wav,22050,10.0,220500,0.030178,0.177501,2384.84,1763.73,4423.87,train
MQerKmakH2E_30.wav,22050,10.0,220500,0.059015,0.082537,1637.24,1878.86,3102.06,train
Wq1TYRugshU_30.wav,22050,10.0,220500,0.013072,0.084227,2378.68,2946.91,5954.01,train
LogxFMyj3Us_10.wav,22050,9.046,199458,0.031866,0.077286,1556.05,1462.54,3313.82,train
w6laLfyivuI_0.wav,22050,10.0,220500,0.132568,0.051692,1081.77,1064.03,2370.6,train
q4ZkKEcbncM_20.wav,22050,10.0,220500,0.095063,0.133926,1646.42,966.65,2714.06,train
e_0B6gytpvA_14.wav,22050,9.238,203700,0.045064,0.051262,728.58,480.9,1037.73,train
-lDM-CE9gRk_100.wav,22050,10.0,220500,0.046774,0.466834,5006.87,2650.03,7840.58,train
yX3zwEX74Qw_30.wav,22050,10.0,220500,0.143216,0.093073,2019.39,2209.2,4117.56,train
1KFmsOurgJc_0.wav,22050,10.0,220500,0.042669,0.189426,2977.12,2666.45,6243.4,train
OE6yZVT1Jkw_90.wav,22050,10.0,220500,0.013435,0.289356,3573.84,2325.45,5942.96,train
FweTnpBiBa8_0.wav,22050,10.0,220500,0.018708,0.118948,2081.68,2054.2,3866.51,train
o1yjuorXEEY_60.wav,22050,10.0,220500,0.120061,0.099248,1929.59,2033.77,3635.49,train
zGU9jg3y_mg_10.wav,22050,10.0,220500,0.068515,0.19821,3128.39,2683.39,6205.33,train
0kk33ypSebs_30.wav,22050,10.0,220500,0.142921,0.112859,2307.33,2132.65,4489.32,train
-IQmTDu29j0_30.wav,22050,10.0,220500,0.050772,0.175808,2861.89,2630.26,5474.45,train
hmgF6rS3XvA_70.wav,22050,10.0,220500,0.235648,0.438581,5074.7,2680.06,8361.75,train
Zt-6MHgeEtE_110.wav,22050,10.0,220500,0.071036,0.178318,3358.04,3108.95,7364.56,train
bQ2EG5R4aCg_24.wav,22050,9.715,214224,0.104156,0.28803,4046.02,2701.24,7313.25,train
ptNC_-q2V-c_0.wav,22050,10.0,220500,0.03008,0.268884,3632.3,2602.66,6826.95,train
YkJr_osUrbk_0.wav,22050,3.669,80896,0.295147,0.042213,1383.15,1822.28,3090.35,train
eM1HhTzolnY_80.wav,22050,10.0,220500,0.054793,0.149923,2457.98,1972.36,4525.97,train
TFCnz89BOpI_110.wav,22050,10.0,220500,0.005294,0.153955,2587.85,2362.88,5437.38,train
0B-ToWxL3t8_30.wav,22050,10.0,220500,0.178657,0.057257,1480.22,2030.36,2792.37,train
hQdjxS8EEV4_10.wav,22050,10.0,220500,0.184865,0.148896,2654.45,2403.92,5352.13,train
1ABBvjsWWEA_20.wav,22050,10.0,220500,0.069598,0.496309,5481.66,2923.69,8789.74,train
3-LgQpl4Tbc_30.wav,22050,10.0,220500,0.345472,0.055593,1794.09,2405.87,2926.79,train
uMm3BVcgCA8_60.wav,22050,10.0,220500,0.027171,0.080176,2150.21,2798.4,5340.56,train
_l4bUgLzCq8_60.wav,22050,10.0,220500,0.093767,0.143473,2549.06,2349.08,5028.83,train
X4GVaDr0BBo_30.wav,22050,10.0,220500,0.12693,0.044046,1925.86,2578.2,4664.54,train
8Rfn_cZbAOU_30.wav,22050,10.0,220500,0.04043,0.175678,2870.2,2460.46,5548.7,train
CSYHoXs_vpM_160.wav,22050,10.0,220500,0.121229,0.167541,2670.11,2351.07,5083.98,train
B__BjYdeXuE_90.wav,22050,10.0,220500,0.007283,0.125639,2370.72,2370.14,4859.91,train
GfzkP_9NbtM_210.wav,22050,10.0,220500,0.230431,0.098397,2212.12,2342.55,4542.43,train
_mBFr_5_Exc_30.wav,22050,10.0,220500,0.070259,0.255091,3625.58,2646.19,6583.91,train
7U-JdMhM2JA_10.wav,22050,10.0,220500,0.089442,0.152508,2611.2,2018.04,4632.19,train
WKltonpNcR8_560.wav,22050,10.0,220500,0.012438,0.208197,3205.41,2601.06,6208.83,train
5TqxfqRNb2U_30.wav,22050,10.0,220500,0.005072,0.086155,1704.24,1759.27,3472.37,train
Anrgx2Cap3E_30.wav,22050,10.0,220500,0.007117,0.130216,2679.66,2623.49,5990.1,train
XdrxMRAFLqA_30.wav,22050,10.0,220500,0.140127,0.08662,1353.35,1303.65,2687.55,train
c81SaYV9hxA_30.wav,22050,10.0,220500,0.124372,0.056016,1191.6,1199.77,2277.15,train
BWPVRzJDRzw_520.wav,22050,10.0,220500,0.089151,0.397033,4764.39,2819.12,7853.8,train
Giq0vFuOaxc_20.wav,22050,10.0,220500,0.048888,0.127583,2421.71,2419.73,4902.25,train
pHzfEcXFii4_30.wav,22050,10.0,220500,0.052699,0.081035,1702.14,2205.3,3306.05,train
G3pODIg2fBo_60.wav,22050,10.0,220500,0.03212,0.14827,2693.84,2544.1,5248.51,train
-8ju6V8B5Oc_40.wav,22050,10.0,220500,0.160858,0.137622,1669.7,1054.59,2942.33,train
L_0rlJ6YlYo_30.wav,22050,10.0,220500,0.014583,0.139349,2704.64,2547.6,5385.97,train
HpydS4ag4Z0_30.wav,22050,10.0,220500,0.029697,0.133813,2368.75,2242.42,4650.22,train
u0c36HKQhCM_400.wav,22050,10.0,220500,0.113463,0.219756,3288.33,2566.24,6171.09,train
7mpYh0htqDY_30.wav,22050,10.0,220500,0.071091,0.123763,1751.75,1387.7,3387.18,train
IfFgZsW3Es0_13.wav,22050,9.547,210502,0.023966,0.075553,1233.31,1610.61,2208.15,train
MZpMZA-7hsM_170.wav,22050,10.0,220500,0.109868,0.275126,3698.38,2527.16,6594.61,train
DyYfUfRaGbM_30.wav,22050,10.0,220500,0.144854,0.135479,2442.55,2140.12,4639.18,train
6uXUy9BOOus_12.wav,22050,9.386,206952,0.00319,0.041958,1820.36,2510.86,4271.68,train
NKk5B2CUsuQ_14.wav,22050,9.87,217636,0.015472,0.112393,2223.83,2375.23,4312.83,train
mEe6Y3EuV7g_60.wav,22050,10.0,220500,0.035188,0.045968,1057.6,1187.7,2197.71,train
3aKogOD04v8_30.wav,22050,10.0,220500,0.058935,0.306633,3745.66,3134.91,7682.13,train
8Q3Lazeug88_180.wav,22050,10.0,220500,0.07849,0.130771,2860.23,2844.32,6374.78,train
kjO5pZEeCSg_230.wav,22050,10.0,220500,0.131885,0.098047,1812.29,1827.94,3382.11,train
ONeUBWyzeBw_10.wav,22050,10.0,220500,0.061531,0.209746,2991.8,1901.36,5289.72,train
jnDaxQifHD0_530.wav,22050,10.0,220500,0.133265,0.04126,1467.82,2274.99,3307.35,train
DFAN7Uvbt14_30.wav,22050,10.0,220500,0.069531,0.099255,1592.37,1335.88,3070.53,train
IEkmG5Y9_eg_30.wav,22050,10.0,220500,0.050738,0.22001,3124.5,2426.51,5803.55,train
N2L7UEsrIWQ_30.wav,22050,10.0,220500,0.117562,0.09288,1353.92,1008.93,2309.27,train
Iioy4HHYOJM_60.wav,22050,10.0,220500,0.056659,0.060338,1443.53,1906.26,2820.8,train
MJjZ07Ksz1k_30.wav,22050,10.0,220500,0.082015,0.118868,1602.53,1277.75,3173.52,train
oL7AVQmF9ts_30.wav,22050,10.0,220500,0.013358,0.068876,1595.37,2027.93,3231.65,train
F3YTsXbLxm8_30.wav,22050,10.0,220500,0.056943,0.109693,2226.23,2278.27,4298.57,train
41ftpr01mKQ_260.wav,22050,10.0,220500,0.051353,0.185184,2974.72,2407.7,5581.6,train
GK0zQvVb8O0_0.wav,22050,10.0,220500,0.029742,0.103198,2476.95,2691.83,5445.2,train
cIJ42KavE7M_230.wav,22050,10.0,220500,0.259397,0.104911,2447.97,2522.74,5266.92,train
E4xuCRho7T4_30.wav,22050,10.0,220500,0.108823,0.074151,1080.67,886.91,2024.8,train
ZSS-c_V7vBA_160.wav,22050,10.0,220500,0.079411,0.18608,2677.85,2133.87,5103.32,train
_vc90gyHxqk_30.wav,22050,10.0,220500,0.453284,0.200162,3592.02,2998.01,7457.53,train
tSIaoJmUrOY_30.wav,22050,10.0,220500,0.443987,0.087362,1474.15,1134.04,2598.77,train
lK6BVybHzm0_50.wav,22050,10.0,220500,0.13748,0.039478,1150.12,1802.91,2123.69,train
WElU-yll0Pk_1.wav,22050,9.96,219614,0.215209,0.143929,2817.5,2581.78,4902.87,train
oXRwmHnExy8_40.wav,22050,10.0,220500,0.002092,0.306096,4274.09,3104.93,8069.28,train
QOmKKj4TCIg_70.wav,22050,10.0,220500,0.208106,0.241895,3799.45,2954.16,7464.33,train
BQBY8mwuPRU_350.wav,22050,10.0,220500,0.136072,0.118376,2041.83,1741.61,3855.84,train
GBPwN9NOMVo_280.wav,22050,10.0,220500,0.028716,0.236823,3509.62,2739.35,6668.05,train
Xa0bt_cW9WY_30.wav,22050,10.0,220500,0.394226,0.10674,2590.97,2815.47,6715.61,train
Qftpy1oNubA_7.wav,22050,9.579,211218,0.026536,0.217757,3412.11,2673.84,6201.82,train
aKQX_tqZKl8_30.wav,22050,10.0,220500,0.007239,0.006109,2723.62,3227.65,7044.36,train
2rM5rZ4wTn8_40.wav,22050,10.0,220500,0.029265,0.219991,3461.92,3020.07,7035.36,train
L_BB4LEq2cc_330.wav,22050,10.0,220500,0.041621,0.229318,2800.63,1497.1,4554.2,train
XkyozWsoGY4_120.wav,22050,10.0,220500,0.049822,0.202734,3353.71,2756.84,6596.88,train
VbUOm9WzUPk_7.wav,22050,9.007,198594,0.15327,0.165571,1928.15,1206.18,3334.73,train
MYyTaYoBRjI_10.wav,22050,10.0,220500,0.070956,0.150061,3114.21,2748.24,6321.57,train
4PsfFC62PWc_90.wav,22050,10.0,220500,0.149437,0.136533,2152.93,2021.94,3933.06,train
bo1cntXK4Tw_0.wav,22050,10.0,220500,0.023037,0.262272,3778.05,2883.69,7347.09,train
IfGvUApoocM_580.wav,22050,10.0,220500,0.050062,0.051498,1401.52,2004.35,3094.86,train
c0ztrgUW-LM_0.wav,22050,10.0,220500,0.061199,0.07334,1483.72,1598.54,2955.09,train
R4uy7hfHZkg_10.wav,22050,10.0,220500,0.120592,0.142772,2152.28,1848.84,3766.01,train
CseD7zNaJM4_30.wav,22050,10.0,220500,0.019069,0.012164,803.69,1706.19,1496.71,train
jHasF0bCDMw_70.wav,22050,10.0,220500,0.046502,0.087703,1947.81,2257.34,4092.23,train
5lL5md3LTx8_30.wav,22050,10.0,220500,0.151588,0.117635,1562.41,1037.27,2773.21,train
VnFa2IvNs9g_4.wav,22050,9.886,217976,0.126593,0.284544,3967.68,2895.24,7597.88,train
hiXX9qloD3o_450.wav,22050,10.0,220500,0.25134,0.074397,1972.72,2236.55,4166.5,train
othRfG-Y6bI_500.wav,22050,10.0,220500,0.055428,0.048994,1071.56,1260.17,2277.32,train
h_butsBRscU_30.wav,22050,10.0,220500,0.239041,0.280037,2680.3,1268.22,3800.74,train
I1X_Nmn83L8_90.wav,22050,10.0,220500,0.325791,0.106706,1765.12,1581.91,2767.47,train
0QeVvKpRRoQ_190.wav,22050,10.0,220500,0.047974,0.162598,2315.9,1788.86,4412.23,train
dNCVe3Alye8_130.wav,22050,10.0,220500,0.066774,0.284247,4121.88,2834.7,7520.11,train
7gwtNGgNbjM_30.wav,22050,10.0,220500,0.280604,0.058943,975.73,872.29,1820.13,train
RM4_oshI7eM_30.wav,22050,10.0,220500,0.371281,0.083206,1682.17,1628.3,2854.97,train
S5wiN0S_gUY_60.wav,22050,10.0,220500,0.110519,0.141505,2476.59,2197.74,4535.71,train
iG2mBu3pxVo_30.wav,22050,10.0,220500,0.082836,0.159145,2900.7,2743.37,6247.03,train
-Va9NGHQzcE_30.wav,22050,10.0,220500,0.108135,0.20583,2843.83,2089.4,4971.85,train
7Oo8CPx8vjA_28.wav,22050,10.0,220500,0.33903,0.100865,2336.97,2445.19,5017.91,train
NizFdGBMCfA_0.wav,22050,10.0,220500,0.02242,0.247667,2985.82,1508.67,4399.54,train
CA3Kpvy4nr8_15.wav,22050,9.056,199682,0.009692,0.025565,635.15,923.64,1091.61,train
6VtoLXnEzLU_2.wav,22050,8.943,197196,0.106455,0.189424,3313.3,2845.73,6834.03,train
qHP3wLDG-HI_190.wav,22050,10.0,220500,0.051619,0.345054,4674.12,2851.68,8115.92,train
v-ObRia_StQ_70.wav,22050,10.0,220500,0.065167,0.084341,2137.0,2328.04,4390.92,train
2AlqgFgI2PE_8.wav,22050,9.468,208768,0.0504,0.047114,1088.81,1435.98,2128.3,train
FncZN3UBRb4_30.wav,22050,10.0,220500,0.085645,0.173529,2852.14,2546.35,5624.16,train
450DA4AZG6U_30.wav,22050,10.0,220500,0.078572,0.210933,3071.28,2349.73,5557.41,train
XK1L1SSM4YE_430.wav,22050,10.0,220500,0.059816,0.20039,2912.13,2321.99,5359.82,train
iSCc3s_91pE_0.wav,22050,10.0,220500,0.088771,0.01388,669.88,785.52,1582.62,train
tmWy6HkdxzM_90.wav,22050,10.0,220500,0.144991,0.378386,4504.98,2411.74,7222.72,train
glc1y4ttDTY_180.wav,22050,10.0,220500,0.347309,0.055876,1193.13,1604.36,2014.53,train
dV9d3zQsjyg_160.wav,22050,10.0,220500,0.051416,0.077731,1941.74,2211.5,4269.02,train
Vh9K8TbXxSc_29.wav,22050,9.645,212662,0.072824,0.109183,1763.05,1559.02,2761.04,train
GnEYM6cjtEI_50.wav,22050,10.0,220500,0.29182,0.133653,2457.92,2246.42,5017.59,train
gka6LPy3Fhw_20.wav,22050,10.0,220500,0.166634,0.111146,2257.91,2291.44,4668.43,train
bSRqgFVWRvA_20.wav,22050,10.0,220500,0.02221,0.150383,2811.14,2806.68,6137.29,train
5KJTz6qhOeI_40.wav,22050,10.0,220500,0.034415,0.176949,2211.42,1477.11,4009.17,train
19SRDBUeFOA_0.wav,22050,10.0,220500,0.010535,0.201055,2342.24,1509.76,3905.05,train
A8Cvm3ORJbE_30.wav,22050,10.0,220500,0.046511,0.125996,2277.83,2167.94,4339.27,train
0_RiXhTYRp4_30.wav,22050,10.0,220500,0.073427,0.14751,3003.14,2988.01,6755.48,train
cpK0clXjqeo_130.wav,22050,10.0,220500,0.043853,0.115981,2158.53,2264.41,4087.16,train
YZuydr_tCfk_10.wav,22050,10.0,220500,0.095162,0.223348,3159.52,2524.65,6040.44,train
ENMabeSiN94_30.wav,22050,10.0,220500,0.189761,0.080079,1608.76,1735.53,3114.37,train
YvmEYVJbZzM_30.wav,22050,10.0,220500,0.317575,0.444788,4489.59,2005.53,6109.31,train
A7xz2cV1RAA_180.wav,22050,10.0,220500,0.091069,0.14093,1849.81,1423.73,3522.53,train
R9fgM0p4MTg_0.wav,22050,10.0,220500,0.313819,0.153324,1970.41,1354.86,3348.14,train
6iZ6M_pP39Y_30.wav,22050,10.0,220500,0.12728,0.014859,1012.95,1958.84,2286.42,train
9lkBdLgjFoE_10.wav,22050,10.0,220500,0.097377,0.199491,3371.0,2923.07,7120.55,train
3DfM7lFy8b8_30.wav,22050,10.0,220500,0.04026,0.232098,3913.53,3042.68,7651.93,train
-vWpVrlwnvI_70.wav,22050,10.0,220500,0.464357,0.077511,1794.24,2133.26,3708.53,train
nKOvv1hyl_g_0.wav,22050,9.515,209808,0.049743,0.16184,2635.86,2163.03,5193.7,train
ib4ZkGCz_Ro_200.wav,22050,10.0,220500,0.056797,0.433612,5015.52,2460.42,7584.73,train
p6vbu28-IfQ_0.wav,22050,10.0,220500,0.053711,0.312517,3984.17,2589.98,7518.93,train
Dgy3We6mv3s_30.wav,22050,10.0,220500,0.123016,0.161094,1837.27,996.76,2934.64,train
h1DjzdfpncA_30.wav,22050,10.0,220500,0.043287,0.286694,3487.58,2186.76,5673.47,train
kCoucYFKTFY_20.wav,22050,10.0,220500,0.033774,0.073237,2084.7,2593.84,4941.07,train
8ZcAYJtFjvk_30.wav,22050,10.0,220500,0.002516,0.106528,1910.39,1772.13,3955.01,train
MIZT0x4Wjos_110.wav,22050,10.0,220500,0.007985,0.213858,3491.2,2939.99,7379.57,train
SRQpdKxSCls_20.wav,22050,9.844,217064,0.063076,0.300453,4373.98,2876.56,7810.23,train
-7SUlcf3g_c_8.wav,22050,9.369,206576,0.202465,0.17345,2558.99,2009.86,4911.06,train
MGwPo4QBUQI_70.wav,22050,10.0,220500,0.147551,0.170796,2661.88,2264.4,4940.27,train
1HolygBIQJo_30.wav,22050,10.0,220500,0.438022,0.021401,756.83,1110.31,1588.24,train
eOH_mo56r1s_110.wav,22050,10.0,220500,0.011741,0.128157,2151.96,2053.98,4030.76,train
l35yMUSj378_360.wav,22050,9.499,209456,0.021583,0.26648,3674.54,2591.63,6847.09,train
kZ6h5EYl6fs_150.wav,22050,10.0,220500,0.189396,0.021335,1386.22,2342.96,2851.95,train
7EIVHF7u2qo_30.wav,22050,10.0,220500,0.116623,0.285702,4067.04,2748.06,7279.65,train
9Os3-pPZHpA_30.wav,22050,10.0,220500,0.134666,0.052817,1207.24,1507.81,2449.54,train
Coy5GLNpihM_0.wav,22050,10.0,220500,0.031853,0.129945,2790.47,2977.49,6300.06,train
axMNdNteSeM_30.wav,22050,10.0,220500,0.300687,0.113404,1608.13,1109.61,2589.41,train
GpPNfb6dnjQ_30.wav,22050,10.0,220500,0.174985,0.156965,3268.48,3249.39,7899.06,train
7T10HmEHhYM_30.wav,22050,10.0,220500,0.03207,0.238107,3738.42,3000.2,7496.63,train
TXCXQb_RQew_0.wav,22050,10.0,220500,0.091251,0.099311,1721.25,1624.92,3123.29,train
dczkx4fRRNc_160.wav,22050,10.0,220500,0.005809,0.209365,3283.04,2881.53,6421.99,train
qgHxppKtA6E_0.wav,22050,10.0,220500,0.058496,0.245159,4200.96,3378.68,8655.17,train
5lbuEq794J0_30.wav,22050,10.0,220500,0.153288,0.081855,1642.71,1710.34,2975.4,train
YG8a0E4On18_80.wav,22050,10.0,220500,0.044751,0.059535,967.07,843.87,1887.63,train
phuc8ZzdjA4_100.wav,22050,10.0,220500,0.008806,0.535097,4197.5,3047.49,7806.44,train
s2njqYe1d6Q_10.wav,22050,9.737,214700,0.195193,0.128976,2548.88,2536.96,4823.62,train
DM4jk63uDR4_190.wav,22050,10.0,220500,0.042678,0.192826,2681.34,2155.43,4675.85,train
yB9BX4dvLv4_590.wav,22050,10.0,220500,0.014511,0.314018,4251.34,3017.92,7695.85,train
5ePyilKpXhk_16.wav,22050,9.2,202864,0.045097,0.074199,1038.64,815.42,1931.7,train
hDLsOvjr-h0_10.wav,22050,10.0,220500,0.165681,0.638238,6898.21,2809.59,9290.75,train
e-Gw1WHc9pM_2.wav,22050,9.326,205644,0.213399,0.129475,2365.22,2077.02,4351.21,train
1b1L9aplxZM_60.wav,22050,10.0,220500,0.086075,0.284019,3213.07,1753.28,5153.31,train
Mw8VYohD8Bw_410.wav,22050,10.0,220500,0.11673,0.112812,2352.62,2502.8,4937.9,train
JPJ_dr4AXFM_30.wav,22050,10.0,220500,0.220328,0.09422,2138.84,2232.66,4279.31,train
NPidnizJsy4_40.wav,22050,10.0,220500,0.05928,0.035016,1050.84,1067.96,2280.92,train
N-TImZQm6X0_30.wav,22050,10.0,220500,0.180192,0.20732,3209.16,2548.44,5968.07,train
0IkFN07tnbU_60.wav,22050,10.0,220500,0.060628,0.389805,4316.7,2203.99,6458.76,train
4GQxxf6dmOg_30.wav,22050,10.0,220500,0.06683,0.101927,1972.09,2142.57,3891.09,train
Pe7ZBJmeoZA_30.wav,22050,10.0,220500,0.104487,0.177384,2844.91,2306.95,5084.03,train
Njhkt7FnPl4_430.wav,22050,10.0,220500,0.092237,0.065958,1053.7,1213.3,1709.14,train
Ex_dTWwfGW8_50.wav,22050,10.0,220500,0.037866,0.195635,2849.29,2376.02,5084.76,train
9iAkLG-oA6E_30.wav,22050,10.0,220500,0.185963,0.063995,1318.81,1632.29,2504.57,train
zRNizxJeF9M_10.wav,22050,10.0,220500,0.148709,0.191718,3134.49,2745.48,6290.79,train
WSzuTEm-D58_30.wav,22050,10.0,220500,0.049421,0.176388,2741.31,2303.13,5202.89,train
i0lJhaj34LQ_170.wav,22050,10.0,220500,0.106631,0.248621,3751.65,2916.64,7282.72,train
to2RF7hOTFw_40.wav,22050,10.0,220500,0.093429,0.299796,3656.44,2306.92,6563.33,train
OtS7wGRKUWI_30.wav,22050,10.0,220500,0.065717,0.056656,1481.75,2044.49,3071.23,train
_9X0sxE6JnU_160.wav,22050,10.0,220500,0.019067,0.102961,4458.23,3406.83,8647.75,train
Us4gyoutgf0_40.wav,22050,10.0,220500,0.229074,0.092181,2029.29,2224.09,4263.4,train
aBtGyXMP-HE_170.wav,22050,10.0,220500,0.005969,0.32425,4375.09,2943.83,8004.33,train
zqZsShGQM_0_140.wav,22050,10.0,220500,0.150869,0.093195,2024.52,2238.97,4231.57,train
E9k4rOBYnDU_7.wav,22050,9.226,203426,0.018637,0.038432,832.54,975.23,1656.27,train
rnCjLCv0oXI_160.wav,22050,10.0,220500,0.099326,0.035633,964.48,1495.15,1708.44,train
PXhxq8xo94M_30.wav,22050,10.0,220500,0.064395,0.145728,1819.01,1103.71,3076.25,train
11mLt06A-mA_90.wav,22050,10.0,220500,0.129324,0.511298,5527.6,3054.13,8821.67,train
BAhARGaOGOw_30.wav,22050,10.0,220500,0.134874,0.351833,4307.22,2740.01,7164.39,train
x-o4BqmEdMw_30.wav,22050,10.0,220500,0.061295,0.186506,3086.66,2755.9,6426.69,train
-JlJFW2q_Q8_30.wav,22050,10.0,220500,0.034555,0.10885,2178.36,2322.27,4384.18,train
4VJRyGdM3yI_30.wav,22050,10.0,220500,0.034479,0.091684,1772.47,2194.77,3524.3,train
bVVBLxcQa9k_30.wav,22050,10.0,220500,0.103717,0.08129,1595.22,1699.08,2929.96,train
kZqPKHp1ieI_30.wav,22050,10.0,220500,0.084331,0.272374,4109.23,2886.98,7640.79,train
XOB2-vN6ZK8_70.wav,22050,10.0,220500,0.107153,0.12585,2727.72,3123.9,6936.04,train
0r6Zs30X0rY_3.wav,22050,9.167,202138,0.316083,0.108547,1554.68,1221.72,2689.69,train
LvxOmUG7i1M_70.wav,22050,10.0,220500,0.025737,0.294641,3650.1,2535.79,6761.4,train
EU_bJ3eYkpE_290.wav,22050,10.0,220500,0.028782,0.085678,1266.07,1003.25,2349.89,train
ME00hTuGNtE_30.wav,22050,10.0,220500,0.04739,0.050622,1268.54,1911.18,2184.35,train
yCuXb8IS_n0_10.wav,22050,10.0,220500,0.011299,0.152165,2599.32,2436.86,5370.74,train
C4EfHwvlUeE_6.wav,22050,9.186,202548,0.363473,0.089898,1422.42,1207.5,2575.28,train
cXq70Z77xzw_9.wav,22050,10.0,220500,0.050002,0.091692,1901.26,2163.99,3746.53,train
MM8KLZaS1pQ_90.wav,22050,10.0,220500,0.020156,0.236274,3393.92,2611.11,6404.25,train
7uQnjhJj9Pc_590.wav,22050,10.0,220500,0.189471,0.142357,2544.66,2292.35,4998.28,train
zlpyeqC8yL4_10.wav,22050,10.0,220500,0.10727,0.088405,2071.52,2091.65,4202.6,train
swSsnPz9-vg_10.wav,22050,10.0,220500,0.076557,0.169123,2178.37,1391.73,3859.21,train
Gx_Tfbrmfvs_80.wav,22050,10.0,220500,0.037571,0.096009,2719.05,2639.98,5728.71,train
OoCW0434lEs_30.wav,22050,10.0,220500,0.050471,0.194653,3261.83,2470.0,6532.58,train
YU1qqotv0Ic_30.wav,22050,10.0,220500,0.072141,0.168584,3045.45,2962.0,6512.92,train
5mXB-nMxe7M_50.wav,22050,10.0,220500,0.23891,0.060883,1767.65,2292.11,3971.6,train
qqe1M447e8I_250.wav,22050,10.0,220500,0.148259,0.102838,2119.51,2352.07,4249.71,train
KbKG2QHr6cA_6.wav,22050,9.813,216372,0.039608,0.203783,2643.16,1747.97,4803.58,train
CgUznSicu5E_30.wav,22050,10.0,220500,0.172239,0.034549,968.03,1529.34,1750.48,train
dl-awY-PZUo_7.wav,22050,9.115,200978,0.072233,0.087855,1809.74,1923.64,3565.64,train
mCZWRhvwZjE_130.wav,22050,10.0,220500,0.158079,0.117891,1878.73,1835.07,3524.93,train
dJO7gJhXYN8_40.wav,22050,10.0,220500,0.0787,0.134939,2446.82,2377.41,5131.3,train
7eA1-V_YvPs_17.wav,22050,10.0,220500,0.19686,0.035327,1649.92,2398.02,3758.67,train
o4aSeNEHMkI_4.wav,22050,9.195,202760,0.341619,0.020168,846.67,1431.0,1414.22,train
03eeF98zi0M_140.wav,22050,10.0,220500,0.080695,0.416092,4725.93,2587.3,7695.42,train
TjV_fXZbbb0_210.wav,22050,10.0,220500,0.002302,0.179373,2679.62,2247.13,5568.78,train
5GFlN-v7D9Q_30.wav,22050,10.0,220500,0.033533,0.190001,3045.43,2513.08,5823.66,train
rzzWRtfPSEQ_70.wav,22050,10.0,220500,0.02181,0.107144,2580.97,2760.05,5907.94,train
Rf_3pFokIFQ_40.wav,22050,10.0,220500,0.155126,0.146155,2801.37,2603.88,5767.98,train
Pu44gdC8Ffs_200.wav,22050,10.0,220500,0.013943,0.129472,2762.48,2721.27,5940.04,train
-7x3M4faMEs_0.wav,22050,4.644,102400,0.195941,0.141793,2826.48,2336.25,5765.27,train
-Fk75FfKbaI_30.wav,22050,10.0,220500,0.12645,0.076843,1128.11,951.68,2048.9,train
0u7IX9x5k24_8.wav,22050,9.09,200432,0.059553,0.22408,3617.06,2961.83,7416.51,train
a78Fx50gjVk_20.wav,22050,10.0,220500,0.176254,0.405576,4297.93,2267.68,6321.49,train
BvgR5KA5XBQ_25.wav,22050,9.221,203326,0.285986,0.03965,1379.5,1955.86,2630.65,train
5lTa_i1NCDw_10.wav,22050,10.0,220500,0.144733,0.188903,3279.86,2692.7,6423.79,train
s8JS2jSL2Lk_10.wav,22050,9.389,207020,0.105338,0.168953,2894.91,2574.39,5829.57,train
MghLgvdQRi8_7.wav,22050,9.022,198930,0.089272,0.083593,1527.41,1709.31,2806.87,train
T-5g4013ks8_9.wav,22050,9.065,199886,0.023472,0.095822,2070.39,2166.97,4115.29,train
-wy9JsWLIKw_30.wav,22050,10.0,220500,0.179243,0.031264,820.67,1291.82,1499.23,train
7VPaXJ9_1To_30.wav,22050,10.0,220500,0.148968,0.080466,2113.79,2157.51,4518.9,train
VgLlgs0Kx8k_230.wav,22050,10.0,220500,0.079304,0.027095,731.54,1082.61,1388.07,train
HcjZicDt-Gg_330.wav,22050,10.0,220500,0.027562,0.232992,3457.56,2918.7,6900.97,train
sTUjF_Xp03Q_10.wav,22050,10.0,220500,0.007593,0.268499,3094.5,2044.43,5450.07,train
YwKFhEAdE8w_140.wav,22050,10.0,220500,0.151572,0.075633,1434.69,1449.21,2465.9,train
DA-xxPLVtbU_30.wav,22050,10.0,220500,0.157398,0.026164,814.03,1257.82,1712.61,train
dAXMq_-3peo_14.wav,22050,9.429,207908,0.0215,0.217583,3381.11,2878.06,7021.7,train
ki-x8KFo3gc_30.wav,22050,10.0,220500,0.012883,0.192954,3018.32,2555.22,5966.7,train
dRu7Pv7-XOY_270.wav,22050,10.0,220500,0.092463,0.067992,1952.16,2347.61,4180.69,train
s-tz_tCHzWo_10.wav,22050,10.0,220500,0.647414,0.101478,2452.64,2486.71,5332.32,train
0rKDe5UNSlk_30.wav,22050,10.0,220500,0.099172,0.100112,1492.77,1087.47,2482.46,train
7Z3IZnJrevg_30.wav,22050,10.0,220500,0.031627,0.230359,3081.52,2116.61,5599.63,train
YaJpaUT6BPM_140.wav,22050,10.0,220500,0.037432,0.142717,2660.16,2554.35,5414.53,train
6zwSfh9rFM8_30.wav,22050,10.0,220500,0.046736,0.177837,3044.58,2643.5,6184.2,train
hYIMLCufZiI_130.wav,22050,10.0,220500,0.00088,0.3323,4387.71,2863.42,7793.82,train
zBrIRQTUwy0_0.wav,22050,10.0,220500,0.028062,0.335634,4755.95,2903.94,8294.6,train
lAHjtt2XwKs_24.wav,22050,9.165,202080,0.110713,0.024604,1075.0,2035.53,2005.67,train
z87_LQBHFEc_90.wav,22050,10.0,220500,0.084002,0.119224,2362.71,2521.51,5093.18,train
dhLK6PIySQU_220.wav,22050,10.0,220500,0.433017,0.131743,1869.76,1612.43,3713.25,train
1Ieo_0asUeI_30.wav,22050,10.0,220500,0.098179,0.232445,3385.23,2752.51,6551.31,train
mH-H7nlnyFw_20.wav,22050,10.0,220500,0.145024,0.125844,2252.14,2131.4,4343.46,train
3D-RJ0ivv4k_50.wav,22050,10.0,220500,0.064929,0.356142,4640.41,2859.14,7899.94,train
2K1atKHRJss_70.wav,22050,10.0,220500,0.056448,0.190407,3101.06,2657.65,6322.39,train
4xG4Nlh9w20_25.wav,22050,9.535,210238,0.091494,0.132766,2411.9,2423.89,5051.4,train
8d197hdZAdo_120.wav,22050,10.0,220500,0.091745,0.149757,2143.27,1431.42,3778.58,train
b6DPoA5NeEU_40.wav,22050,10.0,220500,0.050798,0.066979,1300.23,1515.96,2511.87,train
pSCiSmYPnVs_30.wav,22050,10.0,220500,0.089067,0.095695,1820.93,1883.0,3422.46,train
H7-9H6mHkfE_28.wav,22050,9.756,215112,0.062908,0.022761,665.56,1140.49,1106.66,train
HC-utKUX3a4_50.wav,22050,10.0,220500,0.224168,0.048434,827.64,887.11,1329.61,train
gK7UTcPH1ko_10.wav,22050,10.0,220500,0.467709,0.082083,2473.76,2317.55,4965.93,train
_7dCuROuGYA_80.wav,22050,10.0,220500,0.021488,0.191264,3011.05,2439.22,5688.49,train
p59EfUoH5s4_0.wav,22050,10.0,220500,0.02432,0.148091,2519.85,2133.02,4471.81,train
yUckNYIDWxM_0.wav,22050,10.0,220500,0.007743,0.109554,2127.67,2361.52,4550.55,train
CdDS9dQufpk_310.wav,22050,10.0,220500,0.148085,0.163958,2511.08,2003.85,4501.19,train
YicHhj_QUAk_20.wav,22050,10.0,220500,0.056464,0.200134,3386.07,3093.02,7380.64,train
fp8HNrMS_r4_2.wav,22050,9.953,219468,0.026647,0.104636,2039.74,1615.28,4074.62,train
GZRTpDq8QQs_30.wav,22050,10.0,220500,0.076379,0.066921,1154.94,1213.47,2059.99,train
09Q230vOXWg_8.wav,22050,9.549,210560,0.058366,0.135158,2237.18,1950.18,4037.11,train
6h2bfg0YDAk_70.wav,22050,10.0,220500,0.008657,0.153136,2184.33,1726.37,4155.68,train
ufyOiqr4b6w_10.wav,22050,10.0,220500,0.044597,0.202487,3214.83,2755.58,6401.76,train
XhSfRaKK6HI_40.wav,22050,10.0,220500,0.116984,0.179319,2945.14,2627.29,6001.14,train
m6F6lG-fBm0_10.wav,22050,10.0,220500,0.150773,0.045118,991.36,1450.46,1754.86,train
EXyXKc-tKj8_30.wav,22050,10.0,220500,0.052831,0.102683,2055.04,2033.19,3772.86,train
0hH-P2xQvMI_0.wav,22050,9.689,213648,0.035706,0.184351,2875.68,2515.55,5604.2,train
JO6PjVBupV8_30.wav,22050,10.0,220500,0.31876,0.090335,2272.45,2215.63,5031.23,train
QxJGNpRPZSY_14.wav,22050,9.824,216612,0.056942,0.095909,1477.69,1324.25,3061.24,train
XL8I9JOUioM_0.wav,22050,10.0,220500,0.069519,0.074443,1203.92,920.57,2206.43,train
FxL7j2-F7RA_30.wav,22050,10.0,220500,0.011599,0.062938,1138.04,1135.16,2535.12,train
Dlc-9KO-jmA_25.wav,22050,9.18,202414,0.066216,0.063897,1180.31,1234.8,2741.51,train
a91ZUqT0LHE_40.wav,22050,10.0,220500,0.028739,0.267602,3879.3,3001.61,7474.72,train
9dMQJcZcD5I_0.wav,22050,10.0,220500,0.004863,0.240973,3019.36,2115.2,5341.96,train
6Xl0s2Thin4_230.wav,22050,10.0,220500,0.062163,0.023758,343.22,339.34,564.71,train
8YCaG7rmdsk_30.wav,22050,10.0,220500,0.265653,0.033054,736.56,1118.45,971.39,train
rJTwLhMsqHM_30.wav,22050,10.0,220500,0.048877,0.272486,3957.33,2811.68,7238.08,train
WQb_Am8y_lQ_90.wav,22050,10.0,220500,0.067473,0.186684,2019.2,567.11,2197.11,train
j1UutMkX8pY_160.wav,22050,10.0,220500,0.119494,0.220483,3369.21,2542.03,6082.23,train
l9c9gGqUsco_0.wav,22050,10.0,220500,0.077354,0.132921,2356.65,2124.5,4463.29,train
j8g2rJh4Jss_10.wav,22050,10.0,220500,0.038858,0.351885,4174.7,2739.03,7489.58,train
7Swiqp7yEWg_230.wav,22050,10.0,220500,0.148817,0.115906,2202.34,2177.8,4240.44,train
kpRvsPlww-4_30.wav,22050,10.0,220500,0.244996,0.283442,4035.79,2878.48,7472.0,train
YtrPXGja2Kc_30.wav,22050,10.0,220500,0.112199,0.248228,4425.13,2964.58,7960.32,train
tTnKm3YSBbc_20.wav,22050,10.0,220500,0.147187,0.307288,3414.59,1942.04,5252.93,train
uzGqzvyMmUM_280.wav,22050,10.0,220500,0.020298,0.366558,4358.88,2699.99,7470.0,train
VRTRS9XgVp0_410.wav,22050,10.0,220500,0.353892,0.023382,1086.71,1668.72,2323.11,train
zfuCne6A47s_21.wav,22050,9.186,202550,0.019547,0.220987,2044.69,1507.31,3890.9,train
ZrBu4DXqw-A_20.wav,22050,9.559,210776,0.642696,0.000209,686.3,1040.63,1618.81,train
4qOc1doUwwQ_0.wav,22050,10.0,220500,0.030083,0.053476,942.19,859.49,2028.59,train
HUDJA1el92M_30.wav,22050,10.0,220500,0.040957,0.083262,1785.75,1989.17,3437.44,train
3ZhxLnF7Xj8_130.wav,22050,10.0,220500,0.004572,0.182663,2774.14,2174.73,5099.42,train
OmOLrMZAnRw_30.wav,22050,10.0,220500,0.039013,0.117198,1706.16,1264.25,3170.93,train
B3SF9OfdNhY_30.wav,22050,10.0,220500,0.09615,0.210485,3236.89,2577.79,5998.8,train
v3TsTfW4zFY_20.wav,22050,10.0,220500,0.218064,0.078672,2086.23,2448.63,4628.01,train
_ZaeHTNnX74_0.wav,22050,9.706,214016,0.009854,0.106364,1375.17,951.19,2227.89,train
nnYFxKeBKDQ_80.wav,22050,10.0,220500,0.067215,0.102683,1398.34,958.46,2453.21,train
UodaylsIZxE_290.wav,22050,10.0,220500,0.212343,0.213927,3880.37,3327.32,8192.83,train
BhjUPdA6Ho4_170.wav,22050,10.0,220500,0.010583,0.216302,2737.94,2010.89,4904.95,train
2g0RRuh2LFs_30.wav,22050,10.0,220500,0.098829,0.067008,1577.87,1513.96,3403.22,train
VN7JTYb-jbc_410.wav,22050,10.0,220500,0.115143,0.046977,1159.87,1705.1,1826.55,train
-Qkeiyhg2zE_30.wav,22050,10.0,220500,0.107071,0.036052,836.22,873.16,1628.98,train
non81HXqfks_180.wav,22050,10.0,220500,0.018943,0.228525,3566.15,2520.52,6175.11,train
xk57B6zi6hA_130.wav,22050,10.0,220500,0.052177,0.11712,2682.36,2807.69,5960.5,train
SsG2EriUrDo_30.wav,22050,10.0,220500,0.171305,0.103717,1697.64,1943.18,2917.35,train
z4OlvCd5buM_30.wav,22050,10.0,220500,0.014307,0.163281,1774.55,863.95,2613.69,train
8WU_8xIHggo_190.wav,22050,10.0,220500,0.174948,0.154391,2741.47,2219.14,5060.63,train
YswfgXQyNeM_30.wav,22050,10.0,220500,0.111767,0.071765,1635.06,1978.59,3115.05,train
EjMfOi32HF4_420.wav,22050,10.0,220500,0.266645,0.042516,1045.04,1532.25,1891.85,train
GUQYUwtWWvo_30.wav,22050,10.0,220500,0.013215,0.272009,3968.85,3074.69,7808.61,train
WEurs0IDYok_40.wav,22050,10.0,220500,0.157806,0.345335,4426.79,2954.28,8079.05,train
aFH51uLrhrk_180.wav,22050,10.0,220500,0.077752,0.153311,2776.03,2512.79,5669.03,train
M8TlhXA64Oc_20.wav,22050,10.0,220500,0.352303,0.159513,2769.41,2254.2,5206.14,train
SBBf8XztA9I_60.wav,22050,10.0,220500,0.116667,0.15237,2510.96,2105.84,4480.31,train
ca96X6DGkrM_30.wav,22050,10.0,220500,0.154129,0.097998,1378.26,970.49,2436.85,train
HVAJbY2o2yU_90.wav,22050,10.0,220500,0.115197,0.227069,3855.38,2978.23,7542.14,train
Vh27Q1X4jn4_6.wav,22050,9.541,210372,0.086037,0.132474,2383.42,2279.6,4863.1,train
DJH7n1HMlrA_120.wav,22050,10.0,220500,0.127135,0.040799,767.15,665.64,1514.84,train
JC2yWA-VZqs_30.wav,22050,10.0,220500,0.00846,0.197782,3735.29,3251.8,8128.21,train
kkpFHIJq0Lk_28.wav,22050,9.105,200776,0.121215,0.102969,1473.88,1221.78,2810.17,train
HF6MDyh2quo_8.wav,22050,10.0,220500,0.047767,0.080992,1443.9,1342.48,2871.54,train
m25lxe_aBLM_140.wav,22050,10.0,220500,0.016274,0.288554,3863.83,2645.47,6722.83,train
UYNmzsCoN4M_30.wav,22050,10.0,220500,0.008074,0.113167,2842.86,2823.83,6171.99,train
ugQgMxfRtt4_20.wav,22050,10.0,220500,0.069014,0.088357,1917.89,2124.44,3914.52,train
B7EllQwoe2E_210.wav,22050,10.0,220500,0.022125,0.09933,2155.05,2344.65,4424.6,train
XF0eSilF-gY_30.wav,22050,10.0,220500,0.240239,0.094268,2367.9,2762.28,6034.29,train
64hkbU76XAk_30.wav,22050,10.0,220500,0.076342,0.109211,2584.06,2630.82,5538.38,train
CQt4KxUmnzw_30.wav,22050,10.0,220500,0.10436,0.150235,2842.47,2707.08,5627.21,train
2n3G19mFbdg_150.wav,22050,10.0,220500,0.128198,0.140854,2425.16,2113.54,4341.39,train
HBgFODWGn2E_290.wav,22050,10.0,220500,0.06744,0.048284,1472.78,2077.71,3003.36,train
aJ91lmVpbpY_140.wav,22050,10.0,220500,0.025004,0.22423,3972.58,2844.53,7335.15,train
MVLJDZpqFo4_30.wav,22050,10.0,220500,0.030557,0.094767,2085.37,2375.99,4476.26,train
5QBkk61D3lA_30.wav,22050,10.0,220500,0.00948,0.116114,2681.22,2816.96,5937.79,train
E1bpNxDSoWg_30.wav,22050,10.0,220500,0.118006,0.085542,1238.22,1029.27,2505.15,train
0fE0ZMBCmbk_30.wav,22050,10.0,220500,0.29213,0.113601,1619.24,1145.0,2844.21,train
aucdbFPQtLs_30.wav,22050,10.0,220500,0.030574,0.09167,1780.21,2018.37,3510.99,train
-toLI6dtjWY_20.wav,22050,10.0,220500,0.001089,0.159535,3684.43,3426.48,8271.3,train
TTstWFDMmqc_30.wav,22050,10.0,220500,0.14011,0.190273,2601.34,1846.13,3389.63,train
aA04XYNOH6I_270.wav,22050,10.0,220500,0.122506,0.13838,2576.66,2366.51,5021.81,train
Rla0EGGWr7A_210.wav,22050,9.359,206364,0.049895,0.104987,2456.05,2564.47,5375.6,train
IQq4e7VCKeo_350.wav,22050,10.0,220500,0.109206,0.557639,6814.21,3253.86,10292.55,train
EFbPrbbvhO8_90.wav,22050,10.0,220500,0.06634,0.102744,2339.89,2383.62,4760.74,train
4Ol-HLrRhqg_10.wav,22050,10.0,220500,0.287124,0.085872,1228.05,919.91,2113.9,train
02pGcYBBG-Y_9.wav,22050,9.344,206030,0.020643,0.038362,919.73,1401.47,1590.81,train
ORn8WJXj_jo_0.wav,22050,10.0,220500,0.140121,0.113357,1892.99,1814.31,3628.24,train
OYIb-pUGlOI_90.wav,22050,10.0,220500,0.163935,0.063265,1231.93,1319.92,2188.89,train
RpwVp5yhvVU_100.wav,22050,10.0,220500,0.058475,0.090854,1790.69,1964.22,3618.35,train
ovA3hp1dcDA_23.wav,22050,9.647,212722,0.068461,0.091739,1778.75,1796.45,3143.95,train
5lXMNmV9KVo_30.wav,22050,10.0,220500,0.033846,0.119025,2518.71,2768.62,4955.38,train
la5msu39mvI_30.wav,22050,10.0,220500,0.045919,0.145567,1888.23,1162.54,3181.79,train
cm7Egw0oIw4_190.wav,22050,10.0,220500,0.070367,0.186007,2949.1,2649.1,6020.73,train
l-WegQUrfzc_290.wav,22050,10.0,220500,0.023507,0.146322,2838.86,2815.88,6274.66,train
kSToUmaUJPo_70.wav,22050,10.0,220500,0.009407,0.168218,2661.82,2099.82,4854.99,train
6_U7zAX1RVc_130.wav,22050,10.0,220500,0.055818,0.100636,1375.0,959.16,2438.57,train
72XppJFX0KM_30.wav,22050,10.0,220500,0.125639,0.329563,4139.58,2944.55,7854.25,train
MN1RF6vPc6E_200.wav,22050,10.0,220500,0.038496,0.006967,1737.46,2081.76,4402.72,train
268gpaMz0XE_150.wav,22050,10.0,220500,0.01396,0.188855,3635.53,2852.12,7261.51,train
OjKuLVcFIqo_30.wav,22050,10.0,220500,0.020293,0.050592,882.42,958.95,1636.62,train
RqLMPZtMB6w_170.wav,22050,10.0,220500,0.002296,0.280769,4142.36,3154.96,8258.51,train
2c3gzj2jIfk_10.wav,22050,10.0,220500,0.138366,0.213622,2721.66,1625.89,4377.19,train
xhlK8Rgfp54_60.wav,22050,10.0,220500,0.066957,0.222592,3876.16,3273.3,8341.57,train
Tt2Pd-2GbPU_0.wav,22050,8.057,177664,0.003725,0.021821,553.22,848.98,968.68,train
NHkeycLjuAs_0.wav,22050,6.711,147968,0.339795,0.021902,902.96,1337.27,2010.5,train
K8hvtDv4Pu0_360.wav,22050,10.0,220500,0.171321,0.239371,3347.82,2548.43,6131.32,train
yXIIq11-fSg_40.wav,22050,10.0,220500,0.017051,0.330285,4118.29,2572.59,6972.99,train
jPkwphjSGVQ_180.wav,22050,10.0,220500,0.05477,0.078478,1071.52,1034.88,2266.63,train
GkebeFLN1ek_30.wav,22050,10.0,220500,0.045459,0.087519,1642.27,1581.0,2935.06,train
YJeTSN7la4I_220.wav,22050,10.0,220500,0.030775,0.130277,2704.46,2854.29,6213.85,train
wWJ2kkXk50Q_10.wav,22050,10.0,220500,0.19282,0.129828,2371.94,2007.4,4295.55,train
SSSU871z498_0.wav,22050,6.478,142848,0.148548,0.262495,3345.45,2211.5,5777.82,train
ZztV2GfZuqk_80.wav,22050,10.0,220500,0.008775,0.281992,4176.57,3021.55,7787.73,train
XzCtNXkJkyI_30.wav,22050,10.0,220500,0.110745,0.112702,2349.31,2433.75,4891.66,train
U0S9HBJn-6s_30.wav,22050,10.0,220500,0.019,0.135999,1633.15,937.01,2598.15,train
DfaODW6UMmc_70.wav,22050,10.0,220500,0.020922,0.107513,1859.18,1885.26,3309.14,train
8XS7ENBwv3Y_30.wav,22050,10.0,220500,0.077625,0.094766,2066.83,2173.22,3903.61,train
f8VdE56dm7M_0.wav,22050,10.0,220500,0.06244,0.143412,1629.74,1112.06,3045.47,train
KRWDXqfJYW4_40.wav,22050,10.0,220500,0.142356,0.120544,2407.77,2402.47,4871.03,train
pK0UiFHP0iw_240.wav,22050,10.0,220500,0.014695,0.279634,4112.18,2622.85,6946.61,train
6L_HclNjdWg_30.wav,22050,10.0,220500,0.002635,0.154659,2588.65,2343.14,5060.68,train
N3pJCWLfGr4_50.wav,22050,10.0,220500,0.052416,0.031546,774.88,1091.11,1591.86,train
ni9H-RxYmeg_30.wav,22050,10.0,220500,0.009988,0.093007,1441.2,1421.33,2560.75,train
5SSn1qmWOio_0.wav,22050,10.0,220500,0.009363,0.219964,3384.57,2616.63,6494.83,train
P1wG8fX6acc_0.wav,22050,6.641,146432,0.108857,0.348202,4679.11,3387.08,8963.78,train
zxZFrw-zjV4_60.wav,22050,10.0,220500,0.091116,0.151712,2635.19,2329.3,5116.33,train
70SWnps2JAY_30.wav,22050,10.0,220500,0.409203,0.140968,1727.28,1102.13,2546.16,train
fXgsAG7Q2-Y_30.wav,22050,10.0,220500,0.003295,0.077893,1932.57,2435.13,4318.78,train
kfie9VSlh74_30.wav,22050,10.0,220500,0.058118,0.215884,3629.88,2891.69,7047.95,train
1DPkiks2QV0_30.wav,22050,10.0,220500,0.120713,0.161793,3113.15,2661.93,6035.42,train
z3Xt_67s8zQ_60.wav,22050,10.0,220500,0.10752,0.044375,1067.71,1281.64,2379.52,train
Y-RdP3nR0iw_80.wav,22050,10.0,220500,0.020786,0.061816,1005.09,888.93,1993.94,train
LbCDe-HcyuQ_20.wav,22050,10.0,220500,0.219556,0.02324,1665.11,2141.27,3460.25,train
7pDPvcxpzbQ_10.wav,22050,10.0,220500,0.013063,0.083118,2512.12,2826.95,6004.29,train
8VZs-wTEuCE_20.wav,22050,10.0,220500,0.099866,0.114311,2146.08,1964.02,3819.5,train
vEBhJqqFNSU_20.wav,22050,10.0,220500,0.035945,0.207856,2230.51,784.17,3008.73,train
4nw9oZ8kcks_310.wav,22050,10.0,220500,0.059776,0.162155,2110.37,1527.43,3853.59,train
Yvwbyt_lfwY_300.wav,22050,10.0,220500,0.046319,0.25499,3920.09,3189.34,8009.6,train
__VD5eSLxNs_0.wav,22050,10.0,220500,0.012832,0.119978,2091.82,1971.44,4605.96,train
6ZVIgKqUhAM_30.wav,22050,10.0,220500,0.024617,0.096717,2230.6,2474.77,4843.5,train
1-jv-736aIo_10.wav,22050,10.0,220500,0.049668,0.466076,4639.94,1346.53,5550.72,train
0OCQUxaJWsY_30.wav,22050,10.0,220500,0.142787,0.231449,3512.52,2523.59,6383.67,train
k-_Sk5ponfw_100.wav,22050,10.0,220500,0.245977,0.045266,1101.45,1626.94,1948.78,train
wEOUKOgEyR0_290.wav,22050,10.0,220500,0.086071,0.180065,3148.91,2832.14,6592.03,train
o9XtUsDZ6W4_30.wav,22050,10.0,220500,0.338729,0.15435,1917.31,1277.52,3159.89,train
Mkb2mBHviD0_170.wav,22050,10.0,220500,0.026668,0.167176,2924.15,2418.08,5724.16,train
bP8jZed1FiM_400.wav,22050,10.0,220500,0.153563,0.097143,1586.27,1629.18,2893.14,train
qWiLQ1807IU_80.wav,22050,10.0,220500,0.091551,0.271802,3739.8,2637.48,6718.53,train
hnUXfcrMA_M_460.wav,22050,10.0,220500,0.134028,0.209836,3515.32,2776.79,6772.04,train
BMDKkCbuzhg_260.wav,22050,10.0,220500,0.055955,0.182772,3191.52,2672.18,6367.86,train
rhMmkNc6cTk_20.wav,22050,10.0,220500,0.099639,0.441904,5269.94,2572.92,8537.42,train
3oLvoYMm6Hw_30.wav,22050,10.0,220500,0.110224,0.273265,3382.99,2071.98,5604.05,train
7_pQ_8VTYrQ_40.wav,22050,10.0,220500,0.006873,0.10593,2899.16,2853.44,6021.05,train
Zo7Mt7oYCDI_100.wav,22050,10.0,220500,0.058785,0.199398,3401.4,2933.31,6985.15,train
rEfIJIOYPoQ_90.wav,22050,10.0,220500,0.149086,0.339149,4099.18,2824.87,7700.99,train
GDUP2Q48jNM_300.wav,22050,10.0,220500,0.100579,0.598318,6400.26,2713.08,8986.62,train
vfu4-qlRrJY_10.wav,22050,10.0,220500,0.109561,0.220692,3099.49,2496.76,5820.91,train
2DFN3mhhJaY_190.wav,22050,10.0,220500,0.011413,0.097671,2409.18,2811.06,5899.37,train
0no_rY6nRQA_22.wav,22050,9.33,205732,0.082162,0.07679,2015.81,2244.85,4220.48,train
o1LDb3kjAH4_110.wav,22050,10.0,220500,0.076282,0.127795,2837.32,2857.84,6274.31,train
BXLFp1wvONU_10.wav,22050,9.76,215212,0.037641,0.138163,2567.23,2330.96,4779.73,train
DanK-ZvjgN4_0.wav,22050,3.855,84992,0.064014,0.367109,4597.15,2660.03,7523.28,train
ev9SotWdq10_30.wav,22050,10.0,220500,0.010625,0.15259,3355.39,2692.14,6589.09,train
RZSM2FLqRfg_50.wav,22050,10.0,220500,0.203287,0.192373,3228.43,2738.18,7377.99,train
2DvhMDU3m-8_110.wav,22050,10.0,220500,0.101217,0.23546,3077.34,2189.77,5264.67,train
zYQgCV1mU1g_70.wav,22050,10.0,220500,0.110336,0.271883,3486.61,2667.05,6120.2,train
1ci9EhneRNs_30.wav,22050,10.0,220500,0.036888,0.246976,3316.76,2748.86,6160.07,train
OGv7WXys6Dg_30.wav,22050,10.0,220500,0.043928,0.216959,3364.51,2751.42,6684.91,train
JybtViplPro_20.wav,22050,10.0,220500,0.105099,0.271436,3589.02,2484.74,6534.63,train
RR46q_jvw8A_30.wav,22050,10.0,220500,0.131822,0.142834,2061.97,1790.6,3541.19,train
-e43FHMqVes_30.wav,22050,10.0,220500,0.105358,0.099843,1923.56,1946.42,3734.29,train
OYNQaNF0NY4_10.wav,22050,10.0,220500,0.211788,0.067475,1229.54,1245.08,2363.56,train
PlMrHCx1fHg_0.wav,22050,10.0,220500,0.046304,0.209268,3258.02,2664.92,6598.38,train
34In3a1ihmA_0.wav,22050,10.0,220500,0.056443,0.116095,2366.56,2351.31,4843.0,train
bGwTFF1FJI0_230.wav,22050,10.0,220500,0.06421,0.07615,1775.84,2356.99,3899.98,train
1MlCFr4LJB8_240.wav,22050,10.0,220500,0.110878,0.099661,1631.56,1526.04,2843.03,train
CAc7H5H5AdU_27.wav,22050,9.035,199212,0.162008,0.157582,1919.52,942.34,2968.16,train
_gmPkls6ujw_130.wav,22050,10.0,220500,0.0402,0.061844,1087.84,1297.07,2442.62,train
zQAjryH3nUU_100.wav,22050,10.0,220500,0.032129,0.141363,2493.7,2442.18,5226.37,train
qRhXW0D4HXs_20.wav,22050,10.0,220500,0.12336,0.070079,1390.65,1592.69,2783.18,train
qUVH7FfhZYE_2.wav,22050,9.815,216412,0.061777,0.592822,6359.34,2415.24,8770.78,train
ELuJZG2u7qo_30.wav,22050,10.0,220500,0.112942,0.116093,2263.68,2040.22,4254.13,train
1ag_IA2r_Ig_10.wav,22050,10.0,220500,0.120165,0.201192,2965.06,2484.76,5696.13,train
f9hOWozpWZQ_30.wav,22050,10.0,220500,0.115765,0.101634,2134.19,2229.25,4217.29,train
B80W95e55NM_30.wav,22050,10.0,220500,0.022121,0.103568,2374.35,2541.31,5102.97,train
Z-gZIwjZfR0_30.wav,22050,10.0,220500,0.0181,0.100624,2166.47,2344.58,4385.88,train
Zz634Becn8Y_20.wav,22050,10.0,220500,0.066355,0.326184,4465.8,2739.05,7877.8,train
9KM_zjIIYfE_18.wav,22050,9.035,199212,0.037443,0.085973,1862.82,2247.1,3705.42,train
mIqTJ8imykI_30.wav,22050,10.0,220500,0.010761,0.270936,2584.75,1719.45,4684.02,train
6MhMjDXaLVg_70.wav,22050,10.0,220500,0.062947,0.058889,1565.52,1777.53,3122.19,train
Dmo82XbDFJs_590.wav,22050,10.0,220500,0.035709,0.156601,2717.43,2573.95,5618.04,train
Me5sQ9UuS40_130.wav,22050,10.0,220500,0.052061,0.196568,2937.47,2391.7,5330.79,train
RxoGgokyfyg_10.wav,22050,10.0,220500,0.226227,0.042949,1104.1,946.24,2019.03,train
Z9IiOXCVSeo_560.wav,22050,10.0,220500,0.016525,0.040124,2398.56,2531.06,5159.6,train
0879GtGgcXE_170.wav,22050,10.0,220500,0.011105,0.249867,3696.25,2912.08,7366.05,train
rQyJjHGdF2A_30.wav,22050,10.0,220500,0.013861,0.100072,2143.16,2371.82,4716.12,train
Y5-4iCrmE8o_210.wav,22050,10.0,220500,0.215238,0.141044,2496.33,2425.14,5331.42,train
PpQ80TdtG7E_40.wav,22050,10.0,220500,0.004184,0.122843,2049.16,1977.64,4519.67,train
or6OwYyqrwk_120.wav,22050,10.0,220500,0.020987,0.149593,2463.84,2050.03,4446.71,train
u_DERuUNwSY_30.wav,22050,10.0,220500,0.158146,0.06868,2254.01,2645.62,5337.04,train
2ZzzWu7Lejk_30.wav,22050,10.0,220500,0.013474,0.090554,1231.17,939.82,2165.29,train
BHi8GS6N33g_410.wav,22050,10.0,220500,0.025972,0.153846,2269.96,1877.83,4154.16,train
k2mxgh1qy7k_250.wav,22050,10.0,220500,0.152447,0.044088,1592.68,2294.25,3588.45,train
1VSLSGXlG1s_440.wav,22050,10.0,220500,0.034588,0.105225,2229.41,2303.12,4648.02,train
H8VxbOvsdi0_80.wav,22050,10.0,220500,0.029794,0.153188,2504.8,2029.34,4801.35,train
5eqUv5I088A_3.wav,22050,9.789,215850,0.133079,0.10552,2212.97,2262.19,4401.01,train
pPUS4ZD2Erk_50.wav,22050,10.0,220500,0.035137,0.142933,2484.1,2416.59,4950.34,train
2QvrbIKl0i0_30.wav,22050,10.0,220500,0.148663,0.350617,4482.11,2736.69,7688.85,train
PnqOyR2C6SM_80.wav,22050,10.0,220500,0.085481,0.306531,3232.09,1497.54,4499.74,train
3Q-dpOJQVN0_180.wav,22050,10.0,220500,0.084673,0.077944,1223.94,1159.65,2495.2,train
YRNHQ0weFEo_20.wav,22050,10.0,220500,0.132385,0.210725,3307.19,2887.64,6495.56,train
0F1zmrJb1tI_30.wav,22050,10.0,220500,0.078489,0.210941,3040.34,2518.09,5674.77,train
u2MsUppeePU_0.wav,22050,10.0,220500,0.056953,0.321789,4061.57,2583.67,7336.18,train
2rr_VLCtSYc_30.wav,22050,10.0,220500,0.103679,0.091726,1504.98,1481.7,2780.21,train
FvA_mv-wsjo_40.wav,22050,10.0,220500,0.056763,0.081503,1726.25,1771.88,3375.39,train
D3TNkqY3ZXk_10.wav,22050,10.0,220500,0.007167,0.169312,3000.47,2737.88,6248.05,train
0uMeywhlq7w_30.wav,22050,10.0,220500,0.06796,0.152844,2636.52,2134.81,4830.28,train
7dP4ahOgV10_140.wav,22050,10.0,220500,0.109792,0.181023,2826.74,2580.41,5445.0,train
c8IYWlj4JSI_150.wav,22050,10.0,220500,0.051666,0.188952,2916.69,2374.46,5472.51,train
FbcZx5syfXE_0.wav,22050,10.0,220500,0.037327,0.082037,1755.71,1797.56,3932.08,train
CkXkPpaI7XM_90.wav,22050,10.0,220500,0.029236,0.044043,1450.64,2057.97,4139.85,train
1rGD8_kBhUk_15.wav,22050,9.062,199826,0.018325,0.19183,3179.62,2672.94,6348.61,train
BQz3ogaoUyg_30.wav,22050,10.0,220500,0.733162,0.092835,2041.0,1956.96,3845.15,train
271i97zDeJU_23.wav,22050,9.851,217218,0.07913,0.13114,2644.5,2715.91,5795.47,train
9q5TSV43Qtk_30.wav,22050,10.0,220500,0.007922,0.179655,1993.05,1632.66,3926.84,train
6E0LhMYZg4o_30.wav,22050,10.0,220500,0.052589,0.03889,1004.83,1384.12,2434.05,train
N-Y_xeVY0Q8_0.wav,22050,5.433,119808,0.01435,0.04867,1166.22,1133.53,2600.34,train
jGQ3ETVay3g_280.wav,22050,10.0,220500,0.010112,0.210615,3253.8,2565.2,6294.71,train
wqJw8MMMlEw_110.wav,22050,10.0,220500,0.023115,0.300393,4235.73,2745.78,7196.34,train
iF2Tc_3KfWk_0.wav,22050,10.0,220500,0.25353,0.194438,3044.38,2450.4,5666.26,train
iVjTt0hiUvE_230.wav,22050,10.0,220500,0.089651,0.314471,3978.55,2334.04,6437.3,train
CW-3whfFTqU_30.wav,22050,10.0,220500,0.042595,0.100018,1737.72,1709.46,3059.89,train
5Zt294jg-hI_30.wav,22050,10.0,220500,0.222212,0.273639,3169.67,2303.81,6110.03,train
iBfvpfWj6-I_30.wav,22050,10.0,220500,0.042384,0.188549,2981.73,2761.01,6163.07,train
F3EpVThqwnA_30.wav,22050,10.0,220500,0.010366,0.1076,2351.51,2516.55,5321.55,train
HLzYhQ8Gbmk_10.wav,22050,10.0,220500,0.175667,0.064835,1742.71,2191.37,3769.06,train
RCdc5hYtsv0_370.wav,22050,10.0,220500,0.05645,0.15401,2485.53,2020.91,4515.88,train
4a06BtCAcdc_120.wav,22050,10.0,220500,0.091856,0.050721,804.04,771.71,1421.34,train
StvZkXLld64_50.wav,22050,10.0,220500,0.083606,0.224578,3324.24,2509.48,6188.02,train
6b5BkFujqMo_25.wav,22050,9.9,218286,0.141988,0.148895,2811.43,2634.57,6100.3,train
wm5Z-8ufeEU_70.wav,22050,10.0,220500,0.084818,0.125184,2115.36,1969.82,4503.54,train
4GvxsqssztA_250.wav,22050,10.0,220500,0.269325,0.053403,1129.08,1336.68,1922.08,train
q4_OdUkQAo4_220.wav,22050,10.0,220500,0.010156,0.161729,2851.44,2757.32,6289.44,train
fewRQrIFMtc_140.wav,22050,10.0,220500,0.097975,0.172205,1818.85,1154.43,3169.18,train
j6H8c2hWik8_0.wav,22050,10.0,220500,0.022153,0.117762,2303.86,2294.9,4637.01,train
2m1meXSmk4s_30.wav,22050,10.0,220500,0.343238,0.084134,1685.77,1760.94,3367.47,train
VO_bVbMrh-8_10.wav,22050,9.594,211555,0.010653,0.140702,2369.05,1899.94,4758.71,train
3pG8P6m0E4I_30.wav,22050,10.0,220500,0.126844,0.15706,1847.89,1177.94,3144.65,train
u054XEDSDmU_30.wav,22050,10.0,220500,0.030537,0.282168,3612.31,2386.77,6063.07,train
Jmt8xmsOUP4_30.wav,22050,10.0,220500,0.069841,0.153052,2522.31,2271.9,4861.38,train
uYSVrOVOnF8_210.wav,22050,10.0,220500,0.104688,0.545795,5912.06,2995.75,9217.76,train
bkcG26Wac_U_60.wav,22050,10.0,220500,0.16494,0.396376,4668.63,2934.92,8322.46,train
9GaJOkgwsxY_0.wav,22050,10.0,220500,0.06666,0.187548,3155.03,2547.41,6052.48,train
3t9xU090Ajg_30.wav,22050,10.0,220500,0.231415,0.088453,1943.25,2062.39,3766.24,train
o_jVQzOcz3M_320.wav,22050,10.0,220500,0.144999,0.14388,2531.99,2225.45,4743.05,train
mY6c0ZLFMZY_90.wav,22050,10.0,220500,0.084309,0.207577,3591.44,2940.76,7071.13,train
3rkDZU1fu4c_30.wav,22050,10.0,220500,0.108856,0.094925,1356.56,1127.06,2373.07,train
qiU5Fer7n3g_3.wav,22050,9.794,215962,0.315569,0.21445,3276.41,2341.55,5832.54,train
6yLl3Pq3f8g_90.wav,22050,10.0,220500,0.079076,0.141442,1738.76,1025.58,2701.84,train
Y_VKQ-tP2lI_50.wav,22050,10.0,220500,0.038964,0.130508,2366.19,2299.85,4734.53,train
UeE-g8g-b6w_300.wav,22050,10.0,220500,0.086458,0.421209,4053.87,2297.36,6592.06,train
T0QzdEyRLxU_120.wav,22050,10.0,220500,0.056426,0.251548,2965.6,1319.57,3860.41,train
CUNDckjfPR0_30.wav,22050,10.0,220500,0.053342,0.203621,2253.03,1480.46,3982.99,train
tvT9mmwsxqk_20.wav,22050,10.0,220500,0.099305,0.131899,2628.64,2542.47,5419.67,train
Y_Jdz6j76vA_0.wav,22050,8.568,188928,0.005942,0.200776,3282.42,2525.9,6028.37,train
3q-jPClCFOg_30.wav,22050,10.0,220500,0.165346,0.162981,2853.63,2272.96,5055.71,train
QluC2wZFbFI_30.wav,22050,10.0,220500,0.048895,0.067758,2192.33,2763.43,5185.31,train
bjqGMU22UOo_470.wav,22050,10.0,220500,0.119776,0.097708,1922.49,2009.72,3418.68,train
9Mq159hKbBM_10.wav,22050,10.0,220500,0.072211,0.157616,2136.78,1570.1,4045.09,train
GP2KBVBfhmE_30.wav,22050,10.0,220500,0.075097,0.225296,3649.35,2874.07,7228.06,train
Wetyw4t87fY_50.wav,22050,10.0,220500,0.399807,0.062499,1387.47,1596.48,2352.81,train
DvmmIsyi_gY_100.wav,22050,10.0,220500,0.075951,0.157511,2576.57,2309.03,4987.98,train
38trBpaXabk_30.wav,22050,10.0,220500,0.11444,0.073531,1519.1,1706.54,2919.77,train
YAsY_5DfwMc_10.wav,22050,10.0,220500,0.081652,0.128438,1715.27,1163.99,3027.79,train
9sSjROYsgpQ_150.wav,22050,10.0,220500,0.070001,0.110123,2000.62,2038.58,3686.17,train
WH5VoHQIcFg_30.wav,22050,10.0,220500,0.015324,0.11806,2844.41,3014.2,6778.09,train
H_PjX15qsNc_30.wav,22050,10.0,220500,0.163996,0.071056,1387.6,1435.38,3089.66,train
BCI3OdpWUTc_70.wav,22050,10.0,220500,0.168034,0.147958,1694.84,870.62,2629.62,train
luyMU0zLuaI_80.wav,22050,10.0,220500,0.019637,0.191419,3097.87,2553.41,5738.57,train
joLxIhoLU70_510.wav,22050,10.0,220500,0.056756,0.471565,5547.38,2808.93,8894.86,train
EiOmFlrVgV0_20.wav,22050,10.0,220500,0.07597,0.154846,2304.84,1628.63,3308.82,train
-abVemAm9HM_310.wav,22050,10.0,220500,0.088558,0.233017,3425.08,2778.61,6762.35,train
C4V-g_OV9d4_20.wav,22050,9.35,206168,0.020826,0.125018,2047.92,1766.44,3420.17,train
iqCMzPSEMm0_30.wav,22050,10.0,220500,0.002702,0.120283,2288.64,2353.29,4702.16,train
9a9wO2zHK_0_20.wav,22050,10.0,220500,0.165381,0.338577,3456.35,1834.57,5238.86,train
394fDtny5_I_30.wav,22050,10.0,220500,0.065338,0.138543,2306.85,2006.73,4692.19,train
h_2ro9jZJbU_400.wav,22050,10.0,220500,0.175255,0.069619,2181.98,2629.57,5341.41,train
HgZpnvthnxQ_30.wav,22050,10.0,220500,0.075068,0.239512,3658.12,3016.13,7458.18,train
0xjrw60KFh0_140.wav,22050,10.0,220500,0.203746,0.043818,1529.6,2197.79,3629.72,train
VbTzU1HUQjw_20.wav,22050,10.0,220500,0.129252,0.236308,3423.84,2682.39,6383.8,train
0-PupaGPZoQ_0.wav,22050,10.0,220500,0.103493,0.086454,2117.6,2611.97,5099.75,train
hdRbK0latc0_210.wav,22050,10.0,220500,0.105375,0.102631,1668.28,1396.15,2413.17,train
qFM9eAIl-MM_480.wav,22050,10.0,220500,0.155765,0.033175,824.65,1248.38,1499.81,train
yeH99vklBv8_290.wav,22050,10.0,220500,0.026053,0.379066,4942.38,3060.61,8669.36,train
HD_7BsKYGyQ_25.wav,22050,9.528,210094,0.082464,0.030424,798.68,849.83,1613.6,train
jLk4IgRaXhc_30.wav,22050,10.0,220500,0.034407,0.066665,1555.91,1986.94,3210.87,train
-Xrm60vu-0Y_30.wav,22050,10.0,220500,0.108812,0.095412,1858.21,2232.47,3647.28,train
2GkkKiI6Tbk_18.wav,22050,9.353,206236,0.123771,0.088006,1310.89,960.57,2256.74,train
hq5C_ZLJThA_9.wav,22050,9.251,203982,0.219401,0.204447,2980.36,2356.91,5431.12,train
lHDewf34qMg_30.wav,22050,10.0,220500,0.020543,0.16056,3157.95,3008.3,6822.53,train
zG0dfs6IAl0_20.wav,22050,10.0,220500,0.145857,0.129649,2091.92,1883.12,3772.98,train
LEi8J-Fu0pk_10.wav,22050,10.0,220500,0.202855,0.119916,2686.45,2873.82,6351.7,train
ZOrQiz2C19U_30.wav,22050,10.0,220500,0.122754,0.137229,2378.18,2256.83,4785.84,train
m1J422HlOs8_0.wav,22050,10.0,220500,0.002154,0.21834,3540.18,2742.31,6671.6,train
8F5XEhvohvA_23.wav,22050,9.74,214770,0.044696,0.137161,1770.32,1529.02,3666.34,train
JhKxkAeJgME_30.wav,22050,10.0,220500,0.071247,0.244773,3569.96,2677.42,6826.35,train
VCs7JRgyavc_10.wav,22050,10.0,220500,0.072699,0.210748,3232.01,2537.51,6038.44,train
21OCo0DFrIY_30.wav,22050,10.0,220500,0.104308,0.077979,1443.32,1517.17,2705.89,train
kj_MLsYqvFo_10.wav,22050,9.273,204460,0.267545,0.079607,1856.42,1952.18,3718.95,train
qPmsySghE_s_27.wav,22050,9.293,204906,0.001441,0.114477,2542.72,2685.02,5650.94,train
S4DTmMRzXCY_110.wav,22050,10.0,220500,0.141803,0.202001,3131.84,2590.12,5955.68,train
8nW-Y9grC8s_0.wav,22050,10.0,220500,0.005922,0.17659,3078.22,2633.92,6126.85,train
czXVYdqPdMY_150.wav,22050,10.0,220500,0.044891,0.404949,4649.87,2477.24,7096.36,train
gF4B-IV8bqI_0.wav,22050,10.0,220500,0.099147,0.102914,2571.64,2777.63,5827.2,train
yEpfIpJI0c4_30.wav,22050,10.0,220500,0.202238,0.118127,3363.41,2989.25,6842.51,train
MHborrzHy_Y_20.wav,22050,10.0,220500,0.110572,0.215469,3329.95,2570.43,6524.06,train
SvkPqsOwfDg_0.wav,22050,10.0,220500,0.079859,0.198829,3225.16,2574.92,6137.49,train
xpSkkPTtQw4_80.wav,22050,10.0,220500,0.182537,0.330113,3518.44,2455.66,6104.26,train
2tZq5LvCCB8_24.wav,22050,9.908,218464,0.070052,0.144041,2496.64,2367.57,4955.91,train
-_dzN2AG1t4_30.wav,22050,10.0,220500,0.085899,0.151714,2593.72,2337.83,5174.51,train
B5TL7Qh3rns_60.wav,22050,10.0,220500,0.221224,0.042635,527.56,460.56,735.35,train
GwbefiBhjDE_25.wav,22050,9.133,201390,0.017975,0.088094,1201.77,954.58,2204.17,train
pE08cbEBKTs_0.wav,22050,8.359,184320,0.093439,0.120258,1508.44,998.49,2676.56,train
1pu8iORiLlQ_14.wav,22050,9.661,213028,0.174955,0.095129,2015.69,2132.8,4085.91,train
n-D-6b8SNIY_250.wav,22050,10.0,220500,0.191565,0.162592,2671.06,2229.79,4770.45,train
qMbGa6Tfuk0_340.wav,22050,10.0,220500,0.134153,0.098537,2298.34,2262.2,4827.08,train
YZDo4ic-m9c_0.wav,22050,10.0,220500,0.019266,0.341609,4395.89,2609.43,7655.85,train
VGEC-cu2Ejg_90.wav,22050,10.0,220500,0.114814,0.148496,2984.05,2777.06,6418.82,train
duH6mYb6_hI_30.wav,22050,10.0,220500,0.045233,0.204669,3336.36,2735.48,6577.47,train
LUavNxmgxD4_120.wav,22050,10.0,220500,0.090687,0.195949,2311.96,1505.39,3868.58,train
1yym4MiYTrs_30.wav,22050,10.0,220500,0.129888,0.041954,1014.28,1213.4,2141.13,train
HVwcWOvlETU_210.wav,22050,10.0,220500,0.067528,0.162018,2741.46,2332.16,5221.48,train
jJ9DgTT1WXI_30.wav,22050,10.0,220500,0.050508,0.180644,3053.09,2759.28,6277.3,train
1lfw93gLMJw_70.wav,22050,10.0,220500,0.011497,0.190212,3352.72,2991.81,6836.19,train
5OfFTzQMlZ4_30.wav,22050,10.0,220500,0.147739,0.148015,2234.81,1761.54,3876.55,train
3AnX4S2U_z8_30.wav,22050,10.0,220500,0.131012,0.113379,2240.45,2111.74,4402.74,train
q1Nbh0LcKs0_340.wav,22050,10.0,220500,0.073218,0.246471,3342.12,2502.18,5948.06,train
c2CLsBkFVt8_30.wav,22050,10.0,220500,0.147983,0.146735,1898.29,1093.7,2234.76,train
c87bvwLx_LM_300.wav,22050,10.0,220500,0.002679,0.213155,3428.83,2739.62,6879.78,train
NQgFU8NSeTM_70.wav,22050,10.0,220500,0.052324,0.35528,5032.0,2931.19,8484.98,train
Sahpala5T1Q_280.wav,22050,10.0,220500,0.101277,0.210388,3108.48,2441.97,5802.7,train
LIenDd5La_U_0.wav,22050,6.85,151040,0.176083,0.079164,2093.72,2374.79,4585.74,train
avNk7U0I8L8_30.wav,22050,10.0,220500,0.130633,0.129424,2582.58,2403.27,5051.16,train
3SiIgfc9RyA_10.wav,22050,10.0,220500,0.064467,0.09467,2164.04,2073.64,4197.95,train
1p7W5O8DUEc_18.wav,22050,9.98,220060,0.076223,0.08592,1850.12,2304.82,3844.2,train
-AfJKhf6P3U_30.wav,22050,10.0,220500,0.104783,0.171417,3003.35,3020.79,6715.11,train
6uCq9iyudI4_110.wav,22050,10.0,220500,0.114526,0.202194,3191.54,2725.18,6443.05,train
ZQ47NeMYUy4_50.wav,22050,10.0,220500,0.011897,0.258501,3681.34,2626.36,6927.62,train
kKWOVwPJqNY_30.wav,22050,10.0,220500,0.105095,0.077408,1652.26,1929.2,3225.41,train
9EHiauPduxg_28.wav,22050,10.0,220500,0.166991,0.107721,1411.48,1088.44,2719.38,train
r5smfrf6dko_30.wav,22050,10.0,220500,0.209926,0.066444,1451.5,1331.82,2982.67,train
3UADuyz8E6g_0.wav,22050,10.0,220500,0.015062,0.287798,4438.9,3132.18,8332.4,train
nGuom5E4k94_300.wav,22050,10.0,220500,0.152458,0.075412,1319.86,1258.91,2733.67,train
c4XbGB6k2z8_140.wav,22050,10.0,220500,0.144369,0.088194,2183.5,2590.5,4871.55,train
eNvGT5zOr8U_10.wav,22050,10.0,220500,0.018909,0.26327,3316.04,2269.65,5839.77,train
nKq4GnlKDaA_30.wav,22050,10.0,220500,0.040194,0.135032,2249.39,2478.29,4448.11,train
SFsqgz8mYns_130.wav,22050,10.0,220500,0.348673,0.009341,308.54,743.71,423.12,train
C_ovBBWEXR0_20.wav,22050,10.0,220500,0.009224,0.146215,2645.7,2476.22,5630.41,train
45FInCxJplU_10.wav,22050,10.0,220500,0.092708,0.049889,2267.63,2725.62,5498.31,train
zujOaxRNxKs_320.wav,22050,10.0,220500,0.087805,0.158691,2631.74,2283.66,5005.17,train
aS4m6u0m8bM_30.wav,22050,10.0,220500,0.1316,0.208137,3104.65,2754.45,6646.09,train
DQEEXNTK_6M_20.wav,22050,10.0,220500,0.007582,0.358858,4785.44,3182.46,8285.46,train
LkNOOWFKHD8_30.wav,22050,10.0,220500,0.055948,0.258487,4111.32,2974.65,7828.84,train
--es9aNNlo4_22.wav,22050,10.0,220500,0.02445,0.263776,3531.97,2433.14,6114.88,train
AjuQEDOZ8WY_380.wav,22050,10.0,220500,0.064495,0.111601,2136.78,2099.27,4003.75,train
bKpqB3j_XBk_140.wav,22050,10.0,220500,0.080471,0.213961,2240.26,1125.4,3576.86,train
lwv1fynLKEI_90.wav,22050,10.0,220500,0.206949,0.094115,2206.7,2686.37,5052.41,train
27xqGrtSwfc_30.wav,22050,10.0,220500,0.11547,0.116749,2264.0,2272.36,4458.77,train
ZhVk1IqfI7w_0.wav,22050,10.0,220500,0.064005,0.208507,2984.98,2357.1,5485.27,train
eelnmc5mF5c_230.wav,22050,10.0,220500,0.034654,0.105121,2090.53,2239.45,4204.22,train
GCOijVjYWQE_5.wav,22050,9.42,207702,0.04152,0.079726,1962.81,2491.38,4072.75,train
arqF3ou4E3w_270.wav,22050,10.0,220500,0.09392,0.178952,2935.61,2410.71,5791.48,train
33z6bXR6pe0_120.wav,22050,10.0,220500,0.057743,0.114184,2143.86,2036.99,4195.58,train
H29vx1bm0TQ_40.wav,22050,10.0,220500,0.122586,0.055481,1678.7,2251.42,3305.57,train
aGmFyko0sPg_30.wav,22050,10.0,220500,0.041906,0.228212,3827.12,2486.67,6848.33,train
hDjJX6YPrK4_320.wav,22050,10.0,220500,0.048803,0.120211,2266.54,2073.69,4303.57,train
3AhSGcoMkG4_30.wav,22050,10.0,220500,0.249917,0.104831,1359.46,840.18,2070.86,train
L5sjhvq99Tc_30.wav,22050,10.0,220500,0.193408,0.142003,1682.72,1177.27,2947.15,train
8fjXi8Z48-k_30.wav,22050,10.0,220500,0.304046,0.009416,393.4,968.14,527.56,train
3lCA_wyaLpM_130.wav,22050,10.0,220500,0.021987,0.174583,2766.5,2416.85,5326.94,train
9cYUo4d1BZA_60.wav,22050,10.0,220500,0.215434,0.010727,579.44,1132.91,1175.56,train
TQ_1vck4rnw_330.wav,22050,10.0,220500,0.038165,0.362219,4898.71,3098.83,8232.4,train
wVvQRfZ6TgQ_590.wav,22050,10.0,220500,0.105058,0.262052,4023.62,3167.05,8118.54,train
XgJfj0xS_94_380.wav,22050,10.0,220500,0.018938,0.207592,3329.15,2782.51,6655.06,train
TpgzBZwKvaA_30.wav,22050,10.0,220500,0.055326,0.140525,2421.44,2216.0,4362.8,train
1Qk3s4VX7vM_3.wav,22050,9.476,208938,0.097877,0.067174,1355.87,1472.53,2415.83,train
kS7GYTiMoY4_30.wav,22050,10.0,220500,0.018747,0.231008,3514.32,2900.97,7079.68,train
EkBUAZR_CRg_20.wav,22050,10.0,220500,0.166258,0.034321,1131.27,1918.56,2227.26,train
LFKk-IugcTc_40.wav,22050,10.0,220500,0.173009,0.147173,2242.51,1957.94,4036.03,train
87U2eowXbRM_12.wav,22050,10.0,220500,0.17133,0.117691,1476.25,914.42,2422.01,train
21-zh38ibVI_30.wav,22050,10.0,220500,0.020627,0.067837,1768.99,2220.45,3856.12,train
E9dQy_KWkP0_50.wav,22050,10.0,220500,0.326841,0.103593,1421.15,1068.15,2376.75,train
ZOOWU9sunvI_30.wav,22050,10.0,220500,0.007455,0.222404,3570.24,2877.14,7349.84,train
w1jlU8iLc-k_150.wav,22050,10.0,220500,0.240043,0.142969,2097.99,1633.31,3262.93,train
vr1CsPu7vzA_0.wav,22050,8.22,181248,0.046227,0.082976,1282.17,1079.22,2455.15,train
A0eJfHroH7A_12.wav,22050,9.113,200952,0.032613,0.472856,5460.99,2579.96,8464.19,train
Im4aPFR-noM_30.wav,22050,10.0,220500,0.210516,0.149715,2005.73,1522.48,3838.63,train
pmN3grHfuBA_80.wav,22050,10.0,220500,0.099438,0.075586,1715.36,1987.2,3409.44,train
qTBxVg5w8zQ_0.wav,22050,10.0,220500,0.106015,0.326421,4220.14,2384.72,6761.93,train
6UKOAl0wWyI_10.wav,22050,9.598,211628,0.004584,0.157427,2923.53,2736.98,6179.25,train
9DAtUoQA5Z0_1.wav,22050,9.734,214638,0.28978,0.242801,3768.53,2741.52,6846.48,train
7pqZZaH9mkw_110.wav,22050,10.0,220500,0.127638,0.175154,3229.46,3003.24,7082.83,train
mHlmXdQj7BY_170.wav,22050,10.0,220500,0.135683,0.086746,1130.23,946.76,1878.31,train
-_vn-EEFmjw_21.wav,22050,9.836,216886,0.473516,0.164551,2373.33,1897.96,4584.87,train
EvuFZcqlL94_30.wav,22050,10.0,220500,0.016908,0.094924,1284.02,1068.54,2513.79,train
j7FboZJx5tw_30.wav,22050,10.0,220500,0.021681,0.203932,2694.24,1536.95,4368.22,train
kOeJapxrT2I_10.wav,22050,10.0,220500,0.211529,0.164212,2368.08,1624.34,3815.75,train
T_Psn9lzyEU_80.wav,22050,10.0,220500,0.052938,0.141358,2448.89,2314.08,4812.0,train
w47MwrBMFI0_30.wav,22050,10.0,220500,0.01982,0.076137,1252.39,1452.28,2882.95,train
rjDXp9BCx4Y_40.wav,22050,10.0,220500,0.011332,0.157561,2356.84,2009.62,4698.91,train
EkGA7FGof7Q_60.wav,22050,10.0,220500,0.05163,0.220547,3503.81,2890.98,6986.05,train
ujI0u8Tfg_c_50.wav,22050,10.0,220500,0.097566,0.077934,1267.02,1564.56,2102.41,train
lDOb20Jttdw_20.wav,22050,10.0,220500,0.042822,0.154509,2796.1,2709.16,5812.94,train
3DiaKBcq8eo_18.wav,22050,9.348,206124,0.175706,0.099051,1950.65,2043.47,3863.58,train
-oYwcDcDYt4_30.wav,22050,10.0,220500,0.038626,0.111192,1712.42,1435.36,3263.23,train
-IE95oNhxu4_160.wav,22050,10.0,220500,0.073264,0.047453,1181.27,1640.23,2182.55,train
EnNE9_mGgc8_15.wav,22050,9.699,213858,0.03031,0.214127,3353.88,2856.25,6513.2,train
mq61rFzFzy0_160.wav,22050,10.0,220500,0.191049,0.261488,3565.62,2305.48,5966.05,train
CEtBfZ3x0sQ_110.wav,22050,10.0,220500,0.073413,0.150099,2644.26,2598.48,5925.55,train
CzvU5U7XDDo_430.wav,22050,10.0,220500,0.057661,0.166004,2737.2,2446.0,5355.52,train
TFydYI3enJM_30.wav,22050,10.0,220500,0.134829,0.110805,2087.82,2169.68,4015.14,train
U49hd8-cyhU_180.wav,22050,10.0,220500,0.121821,0.084602,1303.75,1172.29,2270.6,train
90ysqz1zb0Q_30.wav,22050,10.0,220500,0.044487,0.023566,585.36,867.13,1054.0,train
F3zOnohscGI_19.wav,22050,10.0,220500,0.104688,0.1162,2331.61,2339.63,5220.18,train
lEoC5Di043k_11.wav,22050,9.341,205962,0.049323,0.143489,1634.35,784.79,2268.49,train
cOlELID0elw_8.wav,22050,9.647,212720,0.00245,0.148909,2987.31,2576.62,6094.85,train
_b_dv4jK9vI_30.wav,22050,10.0,220500,0.274297,0.210604,2727.56,2180.58,5679.42,train
NKC9lppanqk_30.wav,22050,10.0,220500,0.083427,0.132755,1928.25,1464.24,3635.31,train
8PWyhiM9_gI_16.wav,22050,9.217,203232,0.013639,0.095804,1920.41,2091.37,4013.45,train
EgS23e5ZmhA_200.wav,22050,10.0,220500,0.010927,0.149012,2727.51,2535.54,5336.19,train
5dgiX5cAwd0_30.wav,22050,10.0,220500,0.129815,0.036482,1007.13,1357.55,2616.23,train
BpC0UfbmqfM_30.wav,22050,10.0,220500,0.081515,0.140328,1944.13,1343.18,3494.45,train
yPy96Ezt6EM_30.wav,22050,10.0,220500,0.115408,0.186897,3137.97,2896.71,6963.64,train
N9POv40jEJ0_60.wav,22050,10.0,220500,0.10205,0.182579,2561.11,1611.73,4365.1,train
1B_cfWzh47w_18.wav,22050,10.0,220500,0.334431,0.044687,765.68,744.86,1360.64,train
Y-1CGOJNK9g_0.wav,22050,5.828,128512,0.043469,0.111165,2047.55,2242.58,4067.21,train
-usagJ-DP4Y_40.wav,22050,10.0,220500,0.041023,0.2671,3922.34,2958.48,7745.23,train
HjQkLCHui-c_90.wav,22050,10.0,220500,0.140427,0.04694,1906.74,2860.01,5052.46,train
fE56d5CCyZE_350.wav,22050,10.0,220500,0.15841,0.120707,2373.02,2332.93,4815.52,train
COKbFafzCog_27.wav,22050,9.362,206442,0.170316,0.14208,2452.68,2115.89,4660.71,train
4WcyXv1kuVA_30.wav,22050,10.0,220500,0.055475,0.271677,3307.37,2113.28,5562.94,train
WXfka93ivP8_40.wav,22050,10.0,220500,0.077259,0.097032,2216.39,2604.22,4706.3,train
Reqzj_73fvs_210.wav,22050,10.0,220500,0.025852,0.260338,3573.71,2632.95,6666.9,train
4boFOKUdA-I_430.wav,22050,10.0,220500,0.190437,0.122735,2193.74,2076.35,3929.83,train
actd2ZPsrMM_0.wav,22050,6.107,134656,0.059372,0.069645,1628.65,2121.22,3390.95,train
aTskznt9sXs_30.wav,22050,10.0,220500,0.153223,0.117175,2170.88,2072.29,4057.61,train
kGFREZCdmO0_120.wav,22050,10.0,220500,0.421399,0.055564,1537.42,1918.03,3052.74,train
eK7FAdsGMSE_0.wav,22050,7.361,162304,0.002353,0.116484,2041.4,1833.16,4088.94,train
Mr3Ybi2eHlQ_590.wav,22050,10.0,220500,0.195544,0.071274,1210.59,1325.5,2287.19,train
vuEkg0rEO9A_10.wav,22050,10.0,220500,0.025716,0.118306,1492.26,949.61,2594.35,train
-QaQy_hPA_g_0.wav,22050,10.0,220500,0.318277,0.067468,1395.24,1764.34,2960.72,train
ZRiXz7Rk09s_30.wav,22050,10.0,220500,0.004619,0.261874,1914.99,1500.82,3763.51,train
qfyBsrJkXR8_80.wav,22050,10.0,220500,0.043725,0.090436,1326.32,1088.85,2354.44,train
Q2BgYiThUXM_0.wav,22050,10.0,220500,0.021477,0.181248,2202.53,1245.77,3136.83,train
UDnBjC3Mqng_70.wav,22050,10.0,220500,0.120225,0.034216,633.85,604.21,1283.0,train
-FXgPsF8hqk_120.wav,22050,10.0,220500,0.110841,0.068525,1217.07,1453.88,2148.2,train
y7ZYVtyVBk8_30.wav,22050,10.0,220500,0.116934,0.069331,1152.36,1115.22,2214.45,train
kACD3IEjBbA_0.wav,22050,10.0,220500,0.097731,0.087485,2073.87,2477.5,4992.93,train
Quobfjm3w_U_60.wav,22050,10.0,220500,0.003284,0.180226,2887.23,2652.44,6102.84,train
GFYTKbOyg44_30.wav,22050,10.0,220500,0.050652,0.161245,2616.97,2204.74,4816.79,train
OqsZaq0aqu8_5.wav,22050,9.42,207702,0.325038,0.270377,4136.28,2925.49,7675.92,train
YqXxy5oMDnI_180.wav,22050,10.0,220500,0.123456,0.216943,2952.65,2182.02,5059.55,train
Bhgr0dEUzuk_40.wav,22050,10.0,220500,0.029452,0.183985,3242.1,2729.36,6451.89,train
nTy7tA-PjvQ_60.wav,22050,10.0,220500,0.097437,0.10074,2710.07,2828.39,6046.11,train
4dTXKJ-Pg28_30.wav,22050,10.0,220500,0.1226,0.26688,3676.73,2711.75,6996.54,train
LkXbjrI0jZY_30.wav,22050,10.0,220500,0.265162,0.054332,1439.01,1480.81,3157.01,train
cAs1clg4L_c_10.wav,22050,9.79,215868,0.053785,0.22224,3687.3,3211.06,7703.5,train
-t9fkovq89Y_90.wav,22050,10.0,220500,0.026466,0.065821,1440.94,1846.6,2868.56,train
QnYODpW5Ciw_80.wav,22050,10.0,220500,0.004418,0.091951,1394.38,1275.24,2473.82,train
69g6LUHmMuE_20.wav,22050,9.187,202584,0.153184,0.133229,1986.58,1726.14,3377.12,train
RHFOBkGEvk8_110.wav,22050,10.0,220500,0.065481,0.152322,2689.78,2415.06,5064.77,train
ejJ0aD3Q0QY_10.wav,22050,10.0,220500,0.153999,0.111441,2087.76,2121.35,4256.95,train
E_5mtk9Gvog_30.wav,22050,10.0,220500,0.449293,0.108317,2515.08,2726.88,5687.31,train
YLNZMO8Mzmo_260.wav,22050,10.0,220500,0.054139,0.066265,1086.89,1186.53,2023.87,train
fylR1npbxSM_10.wav,22050,10.0,220500,0.105793,0.162799,2201.95,1582.44,4141.22,train
ghbDqytWjgM_30.wav,22050,10.0,220500,0.199387,0.067402,1509.44,1799.54,3350.36,train
3mvE_CeH9q0_30.wav,22050,10.0,220500,0.032616,0.290621,2760.53,1453.5,4263.32,train
D-2Dri0CAUE_30.wav,22050,10.0,220500,0.0107,0.110412,2326.13,2390.43,4671.76,train
QaMSrAAmUPs_30.wav,22050,10.0,220500,0.146514,0.171776,2772.58,2332.74,5150.38,train
jatK6Cg9zYk_440.wav,22050,10.0,220500,0.001954,0.062339,1420.15,1783.79,2938.38,train
HiZkZYMfPeI_60.wav,22050,10.0,220500,0.074879,0.136371,2519.1,2345.88,4864.48,train
9bZvym3suj0_310.wav,22050,10.0,220500,0.207207,0.08389,1753.26,1692.42,3318.04,train
DiEpr3JKK-o_1.wav,22050,9.711,214125,0.102345,0.109847,1811.72,1679.99,3432.75,train
G9WXJA33X10_50.wav,22050,10.0,220500,0.054757,0.127207,2443.07,2375.11,4642.95,train
DN3aiNdqLJY_280.wav,22050,10.0,220500,0.01279,0.33977,4527.59,3151.51,8162.98,train
xbDADDaNw1c_190.wav,22050,10.0,220500,0.115423,0.13024,1982.0,1763.05,3833.88,train
gXFcZ1QL8NY_70.wav,22050,10.0,220500,0.126725,0.101623,1788.15,1524.9,3637.84,train
xdIxHQYH4ME_30.wav,22050,10.0,220500,0.111774,0.163819,2679.98,2323.89,5600.53,train
3VtUIHO4-DQ_380.wav,22050,10.0,220500,0.069115,0.10178,2482.24,2560.01,5267.32,train
npDe4fMIjKM_11.wav,22050,9.568,210970,0.111596,0.171715,2860.14,2350.42,5178.08,train
966jA2-z0mQ_340.wav,22050,10.0,220500,0.125577,0.263709,3521.2,2289.14,5900.4,train
Sb4pXlw0Owk_60.wav,22050,10.0,220500,0.002592,0.259405,3687.62,2879.67,7247.82,train
12knBBpYz1Q_30.wav,22050,10.0,220500,0.363817,0.118528,1515.96,1010.74,2400.0,train
S0ejZZH28H4_20.wav,22050,10.0,220500,0.032235,0.273295,3785.31,2807.97,7058.57,train
ofE3CTWnfaU_30.wav,22050,10.0,220500,0.044472,0.141668,3290.12,3328.52,7578.49,train
Rbub44h9iVo_30.wav,22050,10.0,220500,0.013969,0.135757,1967.86,1661.23,3496.67,train
iHdVzWo5Cq0_22.wav,22050,9.533,210196,0.060602,0.05071,911.42,1315.76,2113.79,train
ISaoxThUDCA_30.wav,22050,10.0,220500,0.066689,0.07026,1735.71,1998.55,3635.36,train
dAR8eVZkwWI_23.wav,22050,9.05,199554,0.068453,0.200505,3023.82,2206.37,5298.22,train
WLT4MIOAlS8_30.wav,22050,10.0,220500,0.155102,0.100082,1861.51,1958.94,3703.46,train
_IJVIuSltns_10.wav,22050,10.0,220500,0.134696,0.18663,3051.13,2752.09,6360.36,train
Y3wPVm9T6K8_30.wav,22050,9.713,214164,0.02044,0.218572,3549.14,2890.03,6985.42,train
O4P3wIQPqxs_30.wav,22050,10.0,220500,0.083835,0.108526,1518.63,1328.04,2308.17,train
4iPavyBp_J4_19.wav,22050,9.834,216842,0.099323,0.115142,2189.97,2219.47,4248.87,train
hAKThtcd9V0_150.wav,22050,10.0,220500,0.147913,0.197909,3184.84,2504.56,5994.22,train
DvJAnh2ywLI_30.wav,22050,10.0,220500,0.025058,0.128191,2558.93,2580.72,5334.14,train
rA_-MTnB8yw_0.wav,22050,10.0,220500,0.041542,0.222733,3223.77,2516.18,6177.43,train
M7kJxHlAf-Q_140.wav,22050,10.0,220500,0.055392,0.108333,2555.84,2683.44,5745.52,train
4H3hUtOXoHo_40.wav,22050,10.0,220500,0.054918,0.134719,2947.6,2937.02,6695.18,train
R9kKInzXHlU_320.wav,22050,10.0,220500,0.0332,0.115267,1711.36,1573.48,2958.04,train
gdbLnmVMqig_210.wav,22050,10.0,220500,0.065905,0.102453,1996.01,2150.78,3755.1,train
7hslTemSoC0_29.wav,22050,9.319,205494,0.088215,0.126665,2242.96,2216.6,4292.74,train
6wrf7UQYF8c_12.wav,22050,9.12,201096,0.449123,0.168687,2971.51,2417.65,5491.73,train
mhnMJBek174_30.wav,22050,10.0,220500,0.018249,0.32654,4102.54,1705.55,5332.64,train
qnU-NgXn-ZU_30.wav,22050,10.0,220500,0.104293,0.454955,5312.22,2537.92,8350.79,train
eY3kyBoVsSQ_150.wav,22050,10.0,220500,0.012949,0.167193,2938.83,2674.43,6088.88,train
fGHWs5wMxnU_150.wav,22050,10.0,220500,0.245754,0.055507,1612.85,2158.61,3460.45,train
TW7h8J9xRUA_330.wav,22050,10.0,220500,0.033233,0.123517,2501.32,2581.62,5335.81,train
8HsrU__EAhg_18.wav,22050,10.0,220500,0.203395,0.063307,1712.1,2263.31,3645.98,train
LZ3Ym8BDXtY_40.wav,22050,10.0,220500,0.166856,0.210327,3538.17,3528.69,8698.96,train
KgY186f2O-4_10.wav,22050,10.0,220500,0.100585,0.138257,2716.09,2708.17,5651.84,train
pFPO6UphhT8_60.wav,22050,10.0,220500,0.108224,0.424717,4986.6,3089.55,8513.78,train
4oNMRGGEGfM_27.wav,22050,8.997,198394,0.059088,0.347218,3771.43,1996.33,6081.55,train
PI7V4sCSUZo_80.wav,22050,10.0,220500,0.07076,0.073212,1700.3,2101.14,3521.28,train
_SyZ-OAMHKg_10.wav,22050,10.0,220500,0.10398,0.162037,2749.95,2366.53,5694.61,train
MaUqVT7tNf0_2.wav,22050,9.094,200524,0.146786,0.069723,2180.85,2623.81,5214.33,train
6mbE_TRXcHI_270.wav,22050,10.0,220500,0.068523,0.170333,3047.25,2827.83,6453.77,train
eWbOdaGDiAo_30.wav,22050,10.0,220500,0.123477,0.119385,1946.88,1690.75,3671.79,train
n3JqoSaTuCM_30.wav,22050,10.0,220500,0.033433,0.143368,2616.02,2541.63,5230.87,train
u-wl1-CBIu0_10.wav,22050,10.0,220500,0.153662,0.110595,2187.56,2142.35,4131.03,train
By-W6A6fzNc_34.wav,22050,10.0,220500,0.1411,0.018607,767.62,1060.55,1646.12,train
2_yhEtiqqBw_30.wav,22050,9.66,212996,0.046647,0.278483,3861.61,3101.18,8263.28,train
FYBgDwXwerg_190.wav,22050,10.0,220500,0.029852,0.107645,2510.32,2623.97,5667.2,train
C-T_bgjjRkA_16.wav,22050,9.31,205280,0.033093,0.08172,1493.78,1703.32,3524.87,train
-SlE2_GHtEc_130.wav,22050,10.0,220500,0.054406,0.242345,3781.12,2794.9,7170.56,train
PjwJuWbIAYg_30.wav,22050,10.0,220500,0.183952,0.135341,2106.65,1866.19,3933.76,train
V1ex4XKHlWw_10.wav,22050,10.0,220500,0.025309,0.187995,3344.61,3114.65,7633.82,train
9JdMY5j0YZY_30.wav,22050,10.0,220500,0.040204,0.191307,2948.91,2556.07,5774.05,train
FL11NgxL7Kc_30.wav,22050,10.0,220500,0.024235,0.16751,2641.79,2390.74,5215.88,train
fSX0sQH7cDI_90.wav,22050,10.0,220500,0.243909,0.033662,1436.77,2148.34,3204.2,train
W2pDPueCzeQ_30.wav,22050,10.0,220500,0.178508,0.196616,3107.9,2216.99,5659.26,train
feH9up3dShc_10.wav,22050,10.0,220500,0.066191,0.07128,1837.05,2512.33,3986.42,train
6ddsaamXhps_30.wav,22050,10.0,220500,0.008826,0.089946,2515.84,2425.96,5111.04,train
YY5Q_7Y94Z0_560.wav,22050,10.0,220500,0.068913,0.294017,3730.22,2470.33,6451.62,train
_GhUokwh9bw_30.wav,22050,10.0,220500,0.132881,0.10652,2450.37,2641.36,5672.82,train
5MRDu6qgla0_55.wav,22050,10.0,220500,0.29635,0.10986,1908.48,1687.75,3367.8,train
LluM_iAimX4_9.wav,22050,10.0,220500,0.089636,0.077334,1311.16,1127.9,2483.09,train
O3-aBl11POg_130.wav,22050,10.0,220500,0.066413,0.166762,2073.3,1466.68,3770.88,train
F6tNUMFvxME_30.wav,22050,10.0,220500,0.079844,0.086566,1679.72,1582.47,3567.77,train
UKNp9trdNlE_190.wav,22050,10.0,220500,0.068918,0.137408,2029.0,1488.38,3729.27,train
f4S8_GKs3Yo_70.wav,22050,10.0,220500,0.097664,0.102507,2373.98,2576.47,5316.78,train
A4jzTkW50Zg_80.wav,22050,10.0,220500,0.14135,0.088411,1338.49,1334.13,2211.9,train
VlHj2xsV1I8_40.wav,22050,10.0,220500,0.043478,0.258393,3994.11,3413.5,8298.18,train
9Op73YcA2oU_450.wav,22050,10.0,220500,0.052174,0.116501,1643.96,1153.05,2945.63,train
OP4mg83ynII_240.wav,22050,10.0,220500,0.196299,0.122528,2255.75,1808.96,3812.7,train
XFLKHz4R62I_80.wav,22050,10.0,220500,0.109511,0.180773,3213.53,2741.12,6496.66,train
Rcv1zwzzJLU_0.wav,22050,10.0,220500,0.036408,0.073572,1590.72,1749.4,3299.15,train
7aC0752bu7c_3.wav,22050,9.581,211258,0.20807,0.066412,1833.26,2485.07,4145.25,train
K1OCa5XQ9xg_40.wav,22050,10.0,220500,0.031081,0.167614,2399.67,1985.75,4696.91,train
it7MtxHyX5U_30.wav,22050,10.0,220500,0.139901,0.232203,3382.06,2667.37,5974.51,train
0IeLcTUog0E_27.wav,22050,9.037,199274,0.084611,0.022259,855.63,1382.74,1729.17,train
jHmtssAUKIQ_90.wav,22050,10.0,220500,0.046087,0.050865,994.18,1070.42,2008.03,train
4kLtbrBU19c_170.wav,22050,10.0,220500,0.019983,0.14353,2768.57,2674.7,6009.56,train
yoOWvb2hkL4_210.wav,22050,10.0,220500,0.179483,0.135345,1813.2,1259.6,3097.46,train
0VMbX4GO8ys_90.wav,22050,10.0,220500,0.012114,0.058024,1986.24,2678.87,4861.86,train
Ik__B_iqaek_30.wav,22050,10.0,220500,0.370459,0.120902,1902.21,1628.75,3036.01,train
OsLzz_uuY5c_180.wav,22050,10.0,220500,0.059085,0.068843,1409.54,1497.16,2810.96,train
JxZ3NItLHpE_540.wav,22050,10.0,220500,0.105593,0.280242,3739.51,2692.39,6993.44,train
5OowZH6JXAI_440.wav,22050,10.0,220500,0.072741,0.378672,4537.13,3039.3,8011.7,train
FweEsmx9uXw_10.wav,22050,10.0,220500,0.283147,0.083588,1745.01,1837.47,3000.61,train
sQ9847E5QYg_40.wav,22050,10.0,220500,0.076656,0.110555,2202.05,2342.76,4653.5,train
Up8AA7cD6B8_80.wav,22050,10.0,220500,0.044683,0.278711,4227.22,2981.78,7883.75,train
6f0if6z3dHM_110.wav,22050,10.0,220500,0.101092,0.271599,3592.85,2667.28,6942.96,train
uGGas-L9GDY_20.wav,22050,10.0,220500,0.057194,0.196981,3296.63,2755.09,6641.52,train
-QjCmZlHXE4_30.wav,22050,10.0,220500,0.04561,0.11004,1491.13,945.31,2428.13,train
VjdMG6HIM2M_30.wav,22050,10.0,220500,0.064195,0.123081,1749.87,1349.99,3291.96,train
RZTYhaB8NME_30.wav,22050,10.0,220500,0.053784,0.148302,1597.49,860.01,2185.35,train
4GpYhHH7V7g_7.wav,22050,10.0,220500,0.062403,0.326511,4358.68,2743.36,7760.17,train
bVFcVZGzre4_160.wav,22050,10.0,220500,0.020428,0.248608,3708.58,2747.23,6793.18,train
NieXMkIZcf8_30.wav,22050,10.0,220500,0.037098,0.045958,862.84,979.72,1565.48,train
KqWEDSObVQ4_30.wav,22050,10.0,220500,0.053271,0.249226,2835.76,1831.6,4746.92,train
6OEMopgLSBs_30.wav,22050,10.0,220500,0.043851,0.166357,2325.45,1929.67,4036.88,train
4tmHOZoVa3o_10.wav,22050,10.0,220500,0.257439,0.170048,2428.34,1625.16,3854.44,train
McN5c6gNHPg_100.wav,22050,10.0,220500,0.189188,0.089005,1787.71,2075.36,3508.01,train
putmuBlvyIM_30.wav,22050,10.0,220500,0.103608,0.091689,1336.49,1115.18,2611.09,train
uSOqca1Q7dg_30.wav,22050,10.0,220500,0.07188,0.124055,2058.34,1997.73,3874.3,train
3RtT-gstOp0_20.wav,22050,10.0,220500,0.041319,0.113663,2489.44,2712.04,5486.7,train
NONRaFIehcA_30.wav,22050,10.0,220500,0.031065,0.220206,2799.46,1915.63,4266.05,train
1vyqNR7y2LU_30.wav,22050,10.0,220500,0.085338,0.114341,1536.79,1183.21,2942.06,train
3ogY3JndwAc_30.wav,22050,10.0,220500,0.062631,0.09503,2050.46,2248.57,4190.93,train
n44W0-93Cn8_30.wav,22050,10.0,220500,0.225179,0.081424,1844.22,1961.8,3842.0,train
GgQkxo99VeQ_30.wav,22050,10.0,220500,0.051744,0.07065,1276.43,1295.27,2623.05,train
1s0rVqQPkS4_30.wav,22050,10.0,220500,0.075067,0.164261,3329.02,3236.12,7054.6,train
8WYoQPlWq-E_0.wav,22050,10.0,220500,0.0908,0.113396,1762.94,1524.16,3683.58,train
quTai2fzlyM_40.wav,22050,10.0,220500,0.010393,0.082769,1423.19,1549.85,3121.14,train
0noPRxXszFA_230.wav,22050,10.0,220500,0.101947,0.123854,2398.18,2427.04,4729.04,train
7XQZvjD_Ww0_30.wav,22050,10.0,220500,0.105012,0.266586,4004.02,3075.05,7500.12,train
q_a3iPuY4fk_180.wav,22050,10.0,220500,0.166795,0.077825,1804.37,2119.35,3768.06,train
Qf1kOQUosik_2.wav,22050,9.285,204732,0.224987,0.06902,1416.67,1486.59,3305.29,train
u5qd3iEYclg_30.wav,22050,10.0,220500,0.128453,0.06537,1317.86,1443.38,3029.24,train
_uCqGCcKaAM_30.wav,22050,10.0,220500,0.101792,0.131606,1851.08,1411.84,2886.32,train
0GJCbGp_v1g_30.wav,22050,10.0,220500,0.045359,0.119808,1789.97,1555.54,3521.08,train
GD4fETZRtSc_30.wav,22050,10.0,220500,0.021453,0.166634,4150.65,2928.29,7646.39,train
-K4YNOAqf9E_30.wav,22050,10.0,220500,0.038876,0.095109,1539.45,1462.98,2767.99,train
KB4v21O27tg_30.wav,22050,10.0,220500,0.04756,0.098643,1893.91,1928.7,3660.94,train
-IK4okM-Xxw_30.wav,22050,10.0,220500,0.010141,0.099685,1758.09,1730.78,3139.7,train
-kMTaMG81XI_30.wav,22050,10.0,220500,0.199723,0.05786,1401.68,1737.56,2647.14,train
-40ekxiTghU_30.wav,22050,10.0,220500,0.020269,0.068802,1697.56,2176.29,3826.14,train
ORg1iNnt6AI_30.wav,22050,10.0,220500,0.134689,0.083937,1680.85,1833.82,3276.52,train
-fUoCppX7W4_29.wav,22050,9.877,217782,0.026869,0.231867,2658.92,1442.78,4268.05,train
s5dic_sbcLs_80.wav,22050,10.0,220500,0.125815,0.185462,2846.63,2340.33,5346.0,train
BhdSwKLYdhc_40.wav,22050,10.0,220500,0.027169,0.357642,4237.01,2714.07,7530.5,train
QHPsGz9mWD4_50.wav,22050,10.0,220500,0.171697,0.097827,2578.37,2650.68,5531.56,train
nubS7sB3deQ_210.wav,22050,10.0,220500,0.20672,0.083809,1991.47,2311.74,4165.7,train
wxqGlk32UmM_30.wav,22050,10.0,220500,0.089907,0.142231,2567.44,2325.65,4979.57,train
HHrMwGyKhPs_50.wav,22050,10.0,220500,0.146994,0.390726,4514.37,2689.7,7732.42,train
DH7vbsiT4_4_310.wav,22050,10.0,220500,0.019116,0.187881,3282.9,2781.17,6630.28,train
6cbRuwD7v4g_40.wav,22050,10.0,220500,0.241134,0.138676,2454.04,2160.82,4343.39,train
uobd4K-YM28_60.wav,22050,10.0,220500,0.21037,0.114523,1885.54,1734.46,3219.14,train
YFZEH0SYrCU_120.wav,22050,10.0,220500,0.110828,0.200414,3078.7,2560.85,5823.56,train
57ylzniXSCc_30.wav,22050,10.0,220500,0.229935,0.124628,1809.87,1395.61,2983.25,train
clyapmqR6NQ_2.wav,22050,9.447,208316,0.001853,0.224596,3731.2,3331.18,8277.51,train
-9k2Z_hxYpU_130.wav,22050,10.0,220500,0.069547,0.509851,5178.72,2906.45,7746.73,train
o9s-Xb-FclA_21.wav,22050,9.65,212790,0.03726,0.000667,999.77,1164.45,2448.81,train
0gFSuvRi6TI_4.wav,22050,9.398,207224,0.130257,0.07866,1865.93,1752.66,3794.34,train
hq_gvfEywqI_90.wav,22050,10.0,220500,0.298534,0.111375,2283.32,2370.44,4775.5,train
yfeNZV-4a6s_30.wav,22050,10.0,220500,0.013562,0.250909,3551.64,2558.31,6244.95,train
LzIyRPXRRR4_0.wav,22050,10.0,220500,0.100923,0.244603,4050.28,2952.05,7825.42,train
FBX1zz8lPa0_10.wav,22050,10.0,220500,0.044639,0.159633,2834.58,2492.71,5601.46,train
qAvuv5MGg6M_390.wav,22050,10.0,220500,0.057684,0.308281,4469.46,2848.45,7944.95,train
2sFHlq2JgE8_30.wav,22050,10.0,220500,0.168112,0.143993,2725.91,2446.4,5281.21,train
B7xBHWWfTak_30.wav,22050,10.0,220500,0.152382,0.181695,2494.47,1874.79,4437.64,train
6xLmc6ZaCik_30.wav,22050,10.0,220500,0.023167,0.111738,1436.25,983.16,2489.43,train
HBOt0sVe-0Q_10.wav,22050,10.0,220500,0.197186,0.054936,1487.72,1752.56,3007.1,train
zdAWx5F1joQ_310.wav,22050,10.0,220500,0.025195,0.182436,2906.41,2406.55,5833.72,train
PP-aAgGYQP4_30.wav,22050,10.0,220500,0.011909,0.090082,1492.99,1598.53,2961.49,train
jUqlMsBFo34_30.wav,22050,10.0,220500,0.020789,0.100967,2313.28,2754.45,6044.98,train
IpKHNUq_i10_50.wav,22050,10.0,220500,0.123271,0.188692,3431.5,2481.61,6437.2,train
GlpiVAWdE0s_30.wav,22050,10.0,220500,0.049511,0.060347,1784.04,2072.91,4078.94,train
2SCXssSqKQI_27.wav,22050,9.943,219242,0.225631,0.010639,447.2,1001.38,786.19,train
1ei8-Csl37M_21.wav,22050,9.134,201414,0.176344,0.069818,1600.41,1929.82,3302.67,train
BaG4cQ-bnKc_0.wav,22050,10.0,220500,0.139967,0.147235,1728.71,1025.58,2702.27,train
3FF6Gb1BchU_30.wav,22050,10.0,220500,0.123926,0.042454,873.41,1100.75,1786.53,train
Ob5hl2zrekU_80.wav,22050,10.0,220500,0.055823,0.160503,1880.99,1370.01,2962.04,train
0uuajla5HQ4_26.wav,22050,9.881,217884,0.014304,0.313771,3778.69,2440.36,6331.55,train
PVRKoqygXXI_20.wav,22050,10.0,220500,0.096336,0.11907,2521.34,2566.34,5435.44,train
aB1h86JTerY_30.wav,22050,10.0,220500,0.063382,0.109834,1390.4,965.41,2510.09,train
-KEGVoUcwak_30.wav,22050,10.0,220500,0.132693,0.31578,4365.02,3350.47,9039.07,train
OS-AaqMyzBU_160.wav,22050,10.0,220500,0.069416,0.308811,4051.26,2655.1,7067.46,train
OuQ8C5rPMPU_1.wav,22050,9.054,199646,0.030565,0.057898,1048.17,1128.2,2067.93,train
1jUZbxcxDww_10.wav,22050,10.0,220500,0.02314,0.139315,2729.88,2652.09,5614.7,train
ysrbMk0v9rk_30.wav,22050,10.0,220500,0.022687,0.157689,2461.88,1626.01,4452.83,train
C5vCohia0Bk_40.wav,22050,10.0,220500,0.193908,0.136426,2594.74,2355.06,5112.74,train
36XWnRAV9Q8_30.wav,22050,10.0,220500,0.084575,0.068206,1593.15,1875.84,3111.62,train
eYVAm4osy4k_90.wav,22050,10.0,220500,0.042265,0.264639,3613.03,2091.37,5917.73,train
7KsRG0VL49c_0.wav,22050,8.568,188928,0.048814,0.049726,1126.79,1365.47,2238.41,train
FUxbyMk_2SQ_80.wav,22050,10.0,220500,0.039309,0.306445,4172.23,2827.03,7816.38,train
ZMSp3KdCdGc_30.wav,22050,10.0,220500,0.086841,0.164628,2988.35,2666.32,5947.64,train
hJ1_sNDSmTU_30.wav,22050,10.0,220500,0.317554,0.100067,1435.21,1087.98,2670.92,train
aYHE2GyWqy4_0.wav,22050,10.0,220500,0.12167,0.151021,2705.84,2328.56,5280.31,train
6OFBnZYyt30_0.wav,22050,8.336,183808,0.102282,0.067071,1620.45,2141.0,3139.3,train
sQ4on5A9umQ_160.wav,22050,10.0,220500,0.136058,0.293399,3854.7,2695.21,7261.79,train
WD0yG5Fenu8_0.wav,22050,3.443,75920,0.264153,0.135503,1700.61,720.96,1924.55,train
462mYhjswJo_30.wav,22050,10.0,220500,0.024178,0.344643,3635.21,2227.38,6285.97,train
PUJnrQkgMKA_340.wav,22050,10.0,220500,0.012571,0.273734,3771.83,2784.29,7048.45,train
jcJ8Hcd8zjU_30.wav,22050,10.0,220500,0.01642,0.043994,821.98,976.45,1530.48,train
1GXukV9A2Lk_380.wav,22050,10.0,220500,0.035301,0.185285,2953.72,2548.34,5781.89,train
1FHhaervfhg_30.wav,22050,10.0,220500,0.051646,0.313475,3499.23,2257.46,5942.64,train
LyoUY-7rfpo_50.wav,22050,10.0,220500,0.010041,0.08566,1551.21,1678.26,3701.96,train
nplWsKSfEy4_170.wav,22050,10.0,220500,0.033659,0.076377,1446.06,1788.04,2764.97,train
bdGFgXjGm7o_30.wav,22050,10.0,220500,0.154605,0.162186,1781.54,984.06,2826.25,train
GilJAJTcmo8_13.wav,22050,9.013,198726,0.256998,0.166302,2907.89,2368.41,5994.64,train
rKKnnBTfcM8_580.wav,22050,10.0,220500,0.235046,0.090938,1554.6,1596.43,3008.23,train
B-N2wFVc3JU_320.wav,22050,10.0,220500,0.130316,0.206671,3532.23,2986.48,7355.39,train
yDZEBlDPxyo_80.wav,22050,10.0,220500,0.085718,0.109762,2289.36,2331.97,4733.78,train
ZpmMNV7Vt3U_480.wav,22050,10.0,220500,0.015291,0.198348,3107.38,2683.5,6180.28,train
Tuw1I6vzcmo_20.wav,22050,10.0,220500,0.030384,0.093744,1631.22,1526.0,3388.38,train
8itRcDYjTiw_30.wav,22050,10.0,220500,0.109945,0.133683,2989.4,2780.18,6560.16,train
7dK7_x9tYFs_60.wav,22050,10.0,220500,0.033253,0.123793,2343.46,2254.23,4474.61,train
o3nm96lDMCI_40.wav,22050,10.0,220500,0.162786,0.195172,1957.92,1219.28,3399.67,train
SN4HSrHJAuM_30.wav,22050,10.0,220500,0.154786,0.140609,1788.16,1148.91,3120.69,train
4Ro5OJFtkLs_8.wav,22050,9.02,198896,0.03433,0.142594,2270.34,1911.85,3740.55,train
1gtIT4yJI08_30.wav,22050,10.0,220500,0.176619,0.097368,2579.92,2690.13,5545.67,train
E6dsSyvek1g_270.wav,22050,10.0,220500,0.101748,0.140684,2583.37,2482.56,5353.15,train
BDpqy0Ml0kY_160.wav,22050,10.0,220500,0.099892,0.285168,3701.75,2648.34,6994.64,train
0mPGogIwkhk_30.wav,22050,10.0,220500,0.076326,0.118943,1498.82,1016.71,2657.25,train
D2o_L9zAeyM_30.wav,22050,10.0,220500,0.019682,0.084521,2443.2,2876.19,5720.89,train
Zq6KPhlankI_110.wav,22050,10.0,220500,0.085166,0.236597,2874.95,1654.57,4321.28,train
JIGWmZYIyP4_70.wav,22050,10.0,220500,0.127152,0.141999,2158.92,1876.17,4013.64,train
6IXXkNvT7o0_60.wav,22050,10.0,220500,0.139174,0.153164,3117.13,2879.4,6432.56,train
3kBBQTU1Qss_0.wav,22050,4.0,88200,0.033533,0.0297,1389.83,2102.21,3320.78,train
BFHv0gCLF3w_30.wav,22050,10.0,220500,0.142916,0.145458,2626.74,2568.98,5661.48,train
XQPn5AJSSNw_30.wav,22050,10.0,220500,0.139984,0.101161,1826.47,1974.72,3764.31,train
p4yf4CHyFyo_30.wav,22050,10.0,220500,0.076174,0.105506,1767.96,1636.04,3406.67,train
UYyzJOS2HxU_0.wav,22050,10.0,220500,0.009291,0.060357,2424.13,2992.94,6057.0,train
O_mgHaxjHkk_30.wav,22050,10.0,220500,0.127879,0.244766,3443.04,2530.27,6261.74,train
na1mAfEKgt4_30.wav,22050,10.0,220500,0.043109,0.132178,2448.58,2451.32,5092.68,train
pVWr0S4THbM_20.wav,22050,9.24,203752,0.028098,0.155272,2691.58,2423.23,5218.1,train
9nC_lvZJHlg_30.wav,22050,10.0,220500,0.139267,0.211708,3013.52,2244.97,5283.83,train
lAEq7FO_X3A_280.wav,22050,10.0,220500,0.102698,0.152515,2443.97,2104.3,4446.43,train
8qtd1J83Lfk_100.wav,22050,10.0,220500,0.052827,0.155608,2482.06,1968.54,4459.22,train
a15cUlqyr4E_160.wav,22050,10.0,220500,0.072271,0.289128,4052.59,2827.57,7454.88,train
2dosHfzpkm0_30.wav,22050,10.0,220500,0.166901,0.095985,1761.19,1786.6,3134.41,train
pUQg7Hok_38_80.wav,22050,10.0,220500,0.097739,0.14977,2442.6,2158.32,4629.66,train
TFytrl5vCTk_150.wav,22050,10.0,220500,0.041263,0.18394,2873.21,2311.26,5271.29,train
RzeMxKhJ2aw_50.wav,22050,10.0,220500,0.406638,0.091766,2011.43,2181.54,3994.76,train
CjYYPF1H9Jw_30.wav,22050,10.0,220500,0.040896,0.072174,1094.51,1048.13,1868.32,train
aaHoaSVTevI_300.wav,22050,10.0,220500,0.108252,0.081415,2194.42,2560.8,4968.35,train
nTv0gp6eAlY_30.wav,22050,10.0,220500,0.040983,0.067898,2178.28,2836.47,5527.59,train
zhLdgGJHD-k_70.wav,22050,10.0,220500,0.166993,0.089008,2014.84,2058.88,3888.74,train
PXnfEUcXqRo_30.wav,22050,10.0,220500,0.01902,0.278918,3900.28,2614.98,6613.94,train
9S0ArSeOKQg_0.wav,22050,7.059,155648,0.074918,0.186234,2340.9,1703.02,4438.45,train
28KJXzUzE9Q_60.wav,22050,10.0,220500,0.133059,0.175575,2194.56,1599.83,4184.34,train
DAZrpMslLYw_560.wav,22050,10.0,220500,0.077889,0.076934,1848.14,2463.03,4035.1,train
cKAEU0L0bjY_30.wav,22050,10.0,220500,0.194335,0.175861,2362.5,1462.97,3306.47,train
C5EYewE8kNI_30.wav,22050,10.0,220500,0.016904,0.150179,2759.24,2661.04,5882.64,train
AlRx_optnOg_30.wav,22050,10.0,220500,0.16705,0.061228,2563.25,2653.5,5635.85,train
kcs7y0DVT6Q_50.wav,22050,10.0,220500,0.095787,0.206524,3174.42,2574.99,6030.7,train
0LSCCSe9jrE_30.wav,22050,10.0,220500,0.018431,0.070096,2017.62,2459.52,4676.53,train
H0kQVDnObBM_90.wav,22050,10.0,220500,0.156571,0.196239,3528.65,2953.43,7194.54,train
gkBnJ9-5lPk_30.wav,22050,10.0,220500,0.022907,0.392407,5932.15,3445.53,9638.61,train
hC-QKCklsWM_40.wav,22050,10.0,220500,0.011181,0.149406,2760.09,2547.54,5740.8,train
5mIHonRMBE4_30.wav,22050,10.0,220500,0.058956,0.038975,768.55,755.79,1655.81,train
NS32drgoPEE_90.wav,22050,10.0,220500,0.238597,0.057822,1664.45,2043.81,3044.87,train
QFU-uMVIi74_30.wav,22050,10.0,220500,0.150754,0.0641,1718.31,2146.22,3466.35,train
RUVniF9MxeU_30.wav,22050,10.0,220500,0.009387,0.103055,2008.72,2014.97,3700.66,train
m8sYN4ghI-c_260.wav,22050,10.0,220500,0.049179,0.148032,2458.4,2213.85,4835.6,train
HzuAI4NpLRs_30.wav,22050,10.0,220500,0.053854,0.082993,2006.75,2254.08,4301.22,train
_6_upHx2dSQ_10.wav,22050,10.0,220500,0.119975,0.139605,2622.51,2578.3,5270.29,train
IYLJmvPJp3c_80.wav,22050,10.0,220500,0.037501,0.159885,2776.26,2465.26,5684.32,train
5xwrQXxjb3E_30.wav,22050,10.0,220500,0.117962,0.15331,2448.0,2088.29,4639.01,train
d0yiXYoXRv0_30.wav,22050,10.0,220500,0.019188,0.134712,2458.63,2477.96,5183.68,train
DeptyEGBwS4_30.wav,22050,10.0,220500,0.146041,0.088545,1935.06,2069.74,3764.66,train
qVbslwwNsoc_30.wav,22050,10.0,220500,0.059084,0.030013,1003.27,1856.29,1538.7,train
11Q4HVS0T_Y_26.wav,22050,9.812,216348,0.199648,0.061708,1219.59,1300.78,2649.45,train
hp6FRBLfd50_30.wav,22050,10.0,220500,0.004069,0.170902,3064.74,2919.3,6822.05,train
CvdoakxbS0g_30.wav,22050,10.0,220500,0.124088,0.259402,3118.78,2042.27,5497.41,train
C5RRNZ8aclI_30.wav,22050,10.0,220500,0.040173,0.095234,2161.81,2429.85,4854.91,train
maqF4bua31Y_110.wav,22050,10.0,220500,0.12115,0.122683,2010.06,1960.2,4079.42,train
dgRsNQdpPoU_80.wav,22050,10.0,220500,0.025611,0.149553,2639.78,2477.03,5597.46,train
_rq_dX_kPow_0.wav,22050,8.986,198144,0.038138,0.257841,3707.81,2719.33,6983.94,train
nApS8a4Zz6g_30.wav,22050,10.0,220500,0.20567,0.077568,2365.2,2607.37,5268.57,train
ZvH2BI_xbxs_110.wav,22050,10.0,220500,0.321334,0.132064,2910.83,2736.19,6013.73,train
K7FtAn1bv5M_27.wav,22050,9.508,209658,0.105456,0.133308,1837.33,1486.6,3683.23,train
5HEE17zuumc_30.wav,22050,10.0,220500,0.096953,0.129197,2169.0,2029.4,4087.54,train
Bh7vnBprRoo_30.wav,22050,10.0,220500,0.088171,0.058176,1217.27,1488.79,2121.47,train
8dIwX7BcAXo_50.wav,22050,10.0,220500,0.164031,0.108253,1422.99,806.57,2247.2,train
O0HBMpkmTts_2.wav,22050,9.796,215996,0.017736,0.191316,3200.87,2858.19,6816.08,train
gvrV4Q4k_hI_30.wav,22050,10.0,220500,0.048842,0.145677,2857.95,2689.51,5900.7,train
DlbdHPqwNr0_30.wav,22050,10.0,220500,0.07537,0.034205,976.75,1562.12,1814.98,train
-OYH48ShvI8_30.wav,22050,10.0,220500,0.207206,0.098009,1605.65,1610.69,2811.28,train
yIDiDcr7otQ_110.wav,22050,10.0,220500,0.151368,0.125327,1538.99,1005.64,2683.11,train
UAJuAuSPm1Y_30.wav,22050,10.0,220500,0.072165,0.148724,2829.89,2638.28,5802.52,train
RxmwayAmSSA_280.wav,22050,10.0,220500,0.005303,0.025522,1920.63,2607.15,4746.27,train
Y-8dPmQ-XeA_30.wav,22050,10.0,220500,0.179002,0.288416,4105.56,2756.32,7563.15,train
VYZRvkN0SDs_30.wav,22050,10.0,220500,0.02274,0.134522,1611.24,886.44,2624.05,train
-I1oyppakM0_21.wav,22050,9.1,200646,0.044859,0.12159,2426.93,2511.14,4862.55,train
WCRd2yRgMnE_400.wav,22050,10.0,220500,0.212545,0.127005,2467.2,2212.9,4806.43,train
gkKa3D1dm9A_40.wav,22050,10.0,220500,0.122198,0.10772,1972.4,2031.61,3750.27,train
1p-tevWNb8M_30.wav,22050,10.0,220500,0.086665,0.11384,2238.24,2440.32,4901.83,train
4sEoZ1eWA9Y_30.wav,22050,10.0,220500,0.099693,0.173418,3017.85,2715.05,6163.99,train
0V6m2l_E5rw_30.wav,22050,10.0,220500,0.027477,0.133404,2723.29,2627.69,5608.35,train
nTIZkrOJHDI_30.wav,22050,10.0,220500,0.146643,0.175036,2982.22,2586.87,5759.03,train
GJnue_2COrU_30.wav,22050,10.0,220500,0.148646,0.161825,2756.24,2550.58,5638.35,train
BO07zDVrt1c_40.wav,22050,10.0,220500,0.082349,0.190826,2920.78,1969.48,5048.79,train
1IGiiRSIFBk_20.wav,22050,10.0,220500,0.024242,0.092309,1696.97,1624.33,3752.17,train
_M3reZr5U0A_7.wav,22050,9.927,218898,0.063046,0.299996,4251.93,3064.68,8290.64,train
8gl0YAANcLQ_60.wav,22050,10.0,220500,0.053324,0.421639,5031.76,2945.29,8346.39,train
805a9tAihaA_30.wav,22050,10.0,220500,0.103962,0.181629,2616.47,1948.81,4394.3,train
J4VeWujsLJg_30.wav,22050,10.0,220500,0.025518,0.086743,2710.11,2758.15,5978.64,train
DE1mc74X15s_360.wav,22050,10.0,220500,0.061516,0.274565,3915.22,2672.66,7063.91,train
K_B8QRiWvKc_13.wav,22050,9.286,204758,0.011405,0.200527,2673.24,2231.15,4915.14,train
fGCI22aTLT4_30.wav,22050,10.0,220500,0.045099,0.037412,1293.32,2086.31,2519.11,train
4w3ro_ysajU_30.wav,22050,10.0,220500,0.236644,0.070124,1647.24,1587.17,3275.77,train
LhicdC_0z18_30.wav,22050,10.0,220500,0.007119,0.147352,2721.12,2661.0,5900.7,train
f3W6lbBnPAg_30.wav,22050,10.0,220500,0.203183,0.067112,1437.18,1720.26,2119.52,train
wjrfLXFn5lg_10.wav,22050,10.0,220500,0.002975,0.381356,4850.87,3245.55,8753.2,train
PauYIHOLjJY_20.wav,22050,10.0,220500,0.030612,0.149754,2870.12,2747.54,6020.55,train
2aeFSOkTnj8_20.wav,22050,10.0,220500,0.050188,0.382763,5005.24,2979.38,8677.08,train
6e1b9Y86Kyw_30.wav,22050,10.0,220500,0.051222,0.022608,1298.37,1961.86,2777.01,train
Kqv31VAwPH0_40.wav,22050,10.0,220500,0.023865,0.244658,3677.15,2868.19,7079.18,train
2GDjgMezY54_30.wav,22050,10.0,220500,0.291182,0.076164,1196.1,1098.02,2415.02,train
CpKmvzqO8jU_0.wav,22050,10.0,220500,0.0423,0.288349,4015.11,2974.91,7743.71,train
pQeXabEEVcM_0.wav,22050,10.0,220500,0.043497,0.108798,1589.89,1421.82,3249.27,train
NYFlOljmhMM_30.wav,22050,10.0,220500,0.120228,0.248198,3624.23,2769.04,6841.56,train
ltzMYjdcBgc_80.wav,22050,10.0,220500,0.016277,0.11213,2638.23,2704.83,5669.55,train
T0TWhYw-XVk_120.wav,22050,10.0,220500,0.141436,0.095049,1839.28,1931.52,3248.84,train
gcPoILeDoQU_30.wav,22050,10.0,220500,0.062078,0.139054,2525.16,2346.0,4982.01,train
IMcXGgxPjl4_0.wav,22050,10.0,220500,0.118056,0.204373,3211.37,2638.63,6200.36,train
OpoXGvbnZIc_0.wav,22050,9.776,215552,0.017969,0.269114,4389.36,2689.69,7613.49,train
2X5ODyJ88-I_3.wav,22050,10.0,220500,0.014883,0.061781,1250.74,1935.8,2135.08,train
zukG6ovblLw_350.wav,22050,10.0,220500,0.025522,0.294812,3855.96,2727.02,7030.44,train
Gggpk7vrcqk_16.wav,22050,9.449,208352,0.148853,0.109332,2349.92,2586.03,5248.44,train
ZKSAs-Xk5no_230.wav,22050,10.0,220500,0.081356,0.054254,1294.1,1684.21,2550.64,train
MqcKvgPcZxI_26.wav,22050,10.0,220500,0.123545,0.060281,1840.54,2535.35,3807.36,train
bz_ahJ1VgkY_0.wav,22050,10.0,220500,0.055387,0.163624,3121.9,2604.4,5935.42,train
Lai6W01lU2c_60.wav,22050,10.0,220500,0.005746,0.167928,3011.56,2865.27,6569.33,train
XA-bTybOWDY_150.wav,22050,10.0,220500,0.077783,0.448024,5825.29,2888.25,8743.83,train
TM0l278pJ8A_40.wav,22050,10.0,220500,0.126348,0.098712,1726.2,1643.91,3445.56,train
bbfzRl6TGww_10.wav,22050,10.0,220500,0.019573,0.166039,2319.31,1920.0,4312.59,train
U8HW1uPfHIU_320.wav,22050,10.0,220500,0.115937,0.070902,1201.44,1141.97,2479.77,train
04IUHjj3lpA_30.wav,22050,10.0,220500,0.002152,0.175146,2814.55,2444.97,5269.46,train
14X33o5EqwI_25.wav,22050,9.759,215176,0.10014,0.174815,2523.41,2035.1,5106.98,train
-wLAP7X5iIQ_14.wav,22050,10.0,220500,0.076444,0.147169,2913.62,2550.86,6091.82,train
0hhEoz2mPUE_4.wav,22050,9.839,216952,0.087347,0.063437,1014.16,972.0,1988.04,train
EECjyJLXMuA_10.wav,22050,10.0,220500,0.622145,0.043277,1244.13,1303.54,2646.29,train
AvssYjc9p1w_30.wav,22050,10.0,220500,0.100918,0.416133,4448.07,2063.99,6662.53,train
vUDGs1ujbr0_30.wav,22050,10.0,220500,0.044737,0.157329,3025.16,2777.09,6421.97,train
pOQCAPJwD-g_310.wav,22050,10.0,220500,0.033897,0.121188,2276.22,2226.57,4307.04,train
vtOzORRPF8U_20.wav,22050,10.0,220500,0.051367,0.240426,3669.74,2577.56,6619.44,train
gSlkLNn-C80_10.wav,22050,10.0,220500,0.100529,0.144121,1682.83,1153.65,2937.58,train
6gtQ1amk3sk_10.wav,22050,10.0,220500,0.080534,0.096082,2091.88,2322.72,4368.52,train
A55V5P7Ka2E_30.wav,22050,10.0,220500,0.009728,0.069346,3318.6,3351.08,7853.25,train
gty1Ll_Ai38_30.wav,22050,10.0,220500,0.021434,0.190461,2961.63,2577.47,5814.79,train
Bp844R512hc_30.wav,22050,10.0,220500,0.025793,0.065321,1503.24,1858.75,2801.07,train
2GQ7fHIa-dw_280.wav,22050,10.0,220500,0.069589,0.220342,3265.35,2574.19,6219.37,train
MsRv8yTXY6Y_30.wav,22050,10.0,220500,0.009562,0.119755,2685.81,2580.17,5614.55,train
q0Ktogpi6hE_0.wav,22050,4.551,100352,0.095005,0.097964,1305.39,816.98,2120.91,train
1lloTlcm0Ws_30.wav,22050,10.0,220500,0.205999,0.085062,2535.1,3049.59,6473.93,train
9JbcP3y9hYU_560.wav,22050,10.0,220500,0.040177,0.410522,4924.84,3001.63,8430.97,train
nt3WH-IyTtU_30.wav,22050,10.0,220500,0.05246,0.095708,1468.63,1176.07,2499.9,train
83-NKbJzSas_25.wav,22050,9.621,212142,0.002921,0.147794,2869.87,2868.51,6455.81,train
uH1xfL3o894_50.wav,22050,10.0,220500,0.120432,0.390206,4488.53,2413.13,7271.28,train
iEcmytIZEwg_100.wav,22050,10.0,220500,0.060704,0.10607,2353.87,2647.21,5252.53,train
ELzD1NjP9q8_30.wav,22050,10.0,220500,0.091017,0.108932,1449.01,1093.88,2767.77,train
6EMNA1S6AdA_70.wav,22050,10.0,220500,0.080434,0.071548,1816.03,2021.7,3689.17,train
HOvtLCqpZCs_360.wav,22050,10.0,220500,0.016811,0.158286,3243.14,2856.15,6620.44,train
1gNnlFgQgAU_40.wav,22050,10.0,220500,0.018703,0.217793,3156.25,2400.95,5749.29,train
A6dWpHa2LtI_90.wav,22050,10.0,220500,0.043051,0.108264,1796.65,1667.39,3694.92,train
quukALt1UTc_30.wav,22050,10.0,220500,0.020886,0.099929,2096.4,2180.26,4106.82,train
SiMZItBigAg_0.wav,22050,10.0,220500,0.107242,0.224222,3242.95,2489.89,6186.75,train
TgrMnNFWHDc_120.wav,22050,10.0,220500,0.250465,0.024137,793.53,1579.65,1104.21,train
wRphW91UZUA_0.wav,22050,10.0,220500,0.094744,0.117644,1776.41,1486.28,3522.73,train
HXhp4sumtqg_30.wav,22050,10.0,220500,0.083344,0.136485,2245.69,1999.51,4143.52,train
H53UBSQQqNg_30.wav,22050,10.0,220500,0.021955,0.106101,1632.96,1675.61,2413.77,train
_ztzCjQqd9g_50.wav,22050,10.0,220500,0.184998,0.057511,889.63,850.48,1768.42,train
UiEE_-kw8Q0_120.wav,22050,10.0,220500,0.014053,0.200428,3343.17,2971.29,7002.44,train
0kr6fVbXLVk_30.wav,22050,10.0,220500,0.16525,0.147682,2414.93,1923.38,4451.85,train
O4uiKJvt07s_4.wav,22050,9.189,202616,0.139747,0.054798,1467.4,1842.42,3005.43,train
5CHHwzh9ujE_30.wav,22050,10.0,220500,0.099981,0.059506,1472.61,1959.16,2954.85,train
3xeItn3zOzU_190.wav,22050,10.0,220500,0.021295,0.042635,2145.11,2791.6,5332.39,train
JVj33SOOxBo_50.wav,22050,10.0,220500,0.004145,0.271121,3952.78,2801.77,7331.28,train
k2rhD7txnw8_10.wav,22050,10.0,220500,0.048175,0.242991,3903.33,3046.34,7574.17,train
EbjdUji-Qs4_10.wav,22050,10.0,220500,0.103543,0.300474,3859.72,2647.04,6915.13,train
T-gcfJ5u3S0_330.wav,22050,10.0,220500,0.036531,0.102069,2029.29,2087.42,4194.13,train
E4yQkntUWfM_120.wav,22050,10.0,220500,0.104926,0.078461,1372.67,1282.39,2699.97,train
Ue4B-v3DoTo_20.wav,22050,10.0,220500,0.056449,0.190833,3470.74,2326.94,5884.19,train
WlbndUVBy_g_130.wav,22050,10.0,220500,0.106743,0.13139,2204.98,2114.07,4455.92,train
iINBJLYvc_g_0.wav,22050,10.0,220500,0.167735,0.130083,2538.6,2355.28,5171.04,train
yEjaVbGsltw_23.wav,22050,9.642,212610,0.002153,0.312931,4382.87,3094.64,8208.01,train
SZwZ9B4INI0_10.wav,22050,10.0,220500,0.14751,0.106733,2058.88,2064.33,4297.17,train
HQQcYFWOsnU_10.wav,22050,10.0,220500,0.038111,0.065177,1313.91,1525.26,2329.28,train
82ks29m-VFs_30.wav,22050,10.0,220500,0.191324,0.115765,1495.39,987.69,2722.9,train
iKARrpllvuE_100.wav,22050,10.0,220500,0.010599,0.085261,1313.57,1290.11,2198.56,train
_0OTlXMOt0g_110.wav,22050,10.0,220500,0.080668,0.19156,3109.87,3010.79,7030.89,train
513XUULny6c_30.wav,22050,10.0,220500,0.021686,0.139017,3139.82,2797.28,6607.4,train
H6Oa_VPIhhk_0.wav,22050,10.0,220500,0.162815,0.091742,1490.63,1302.49,2617.53,train
7wJ0BUosrNI_160.wav,22050,10.0,220500,0.100397,0.18049,2874.39,2416.42,5801.72,train
RD5UX2MKGqo_210.wav,22050,10.0,220500,0.086316,0.175147,2994.96,2584.46,5869.2,train
JVchU-tKF7M_90.wav,22050,10.0,220500,0.150726,0.150028,2605.22,2377.28,5094.13,train
Zeu6sMQN4XA_0.wav,22050,2.05,45200,0.40474,0.013255,752.96,1519.34,1110.05,train
Ml3c5BkAhlY_6.wav,22050,9.418,207668,0.06087,0.039797,1905.83,2589.24,4671.11,train
e5dxDQOrEvg_25.wav,22050,9.458,208558,0.018737,0.147469,1547.61,1428.27,3198.29,train
3SNWqn6g2RY_190.wav,22050,10.0,220500,0.102992,0.173883,3007.97,2651.31,6149.75,train
mzg-oGf3r0M_30.wav,22050,10.0,220500,0.083381,0.166565,2645.71,2159.49,4810.17,train
Vm6HoOOous4_30.wav,22050,10.0,220500,0.503985,0.100161,2554.72,2695.1,5610.37,train
W3EashnZQok_20.wav,22050,10.0,220500,0.585246,0.043779,1086.01,1288.16,2203.51,train
hD7YkG-wUo0_110.wav,22050,10.0,220500,0.151327,0.077155,1327.7,1237.45,2557.01,train
6FLE4Bbltj8_180.wav,22050,10.0,220500,0.081935,0.112662,1901.25,1843.41,3445.11,train
xYWG2W3YzVE_30.wav,22050,10.0,220500,0.088952,0.108384,2185.91,2226.02,4290.58,train
Nv99NwakL-4_80.wav,22050,10.0,220500,0.133776,0.446532,5309.82,2753.94,8617.28,train
rYuKiV_lsvg_350.wav,22050,10.0,220500,0.099777,0.262342,3902.86,2527.89,6936.89,train
2WIkjrIb5_U_2.wav,22050,9.315,205388,0.030029,0.110065,2241.36,2047.61,4627.66,train
PMpHNOQMwrU_17.wav,22050,8.983,198078,0.12253,0.292296,4023.6,2965.36,7815.02,train
AixAnGM6bl4_20.wav,22050,9.722,214360,0.056092,0.194124,2846.69,2253.82,5365.96,train
f-DBiwuhr6k_290.wav,22050,10.0,220500,0.090637,0.065554,1250.56,1275.37,2597.12,train
MSyGDygq35c_200.wav,22050,10.0,220500,0.100364,0.118396,1424.31,886.76,2136.08,train
Dgeo3gtJTCQ_20.wav,22050,10.0,220500,0.106558,0.122997,2029.1,1818.73,4141.49,train
M0vUFy-pHD4_2.wav,22050,9.127,201260,0.390127,0.012322,618.39,1320.38,1005.69,train
LpkQXYGZgaY_10.wav,22050,10.0,220500,0.015781,0.174451,3312.69,2640.15,6335.11,train
aJdkWenciyM_0.wav,22050,10.0,220500,0.07728,0.145978,2614.4,2283.51,5156.65,train
c7SzGoECMDs_130.wav,22050,10.0,220500,0.17634,0.165856,2417.88,1810.04,4012.3,train
zMuG-Jwt9WY_30.wav,22050,10.0,220500,0.093229,0.177486,3777.72,3019.16,7304.88,train
lGgMxzzvOOw_0.wav,22050,10.0,220500,0.00866,0.189386,3075.15,2366.99,5653.69,train
3BDYVasyc7w_90.wav,22050,10.0,220500,0.047964,0.254334,4280.28,3234.51,8041.38,train
pg01PumsqTE_60.wav,22050,10.0,220500,0.089406,0.284557,3243.67,1963.12,5607.78,train
LsLRGH2iAxA_10.wav,22050,10.0,220500,0.084368,0.13704,2792.88,2936.88,6384.92,train
hfLSI8JefI4_80.wav,22050,10.0,220500,0.221319,0.140694,1986.3,1409.78,3490.53,train
g1qKC7tqBwc_0.wav,22050,3.576,78848,0.05152,0.059177,1103.86,1000.08,2166.93,train
dbLnfSEpujo_0.wav,22050,10.0,220500,0.058265,0.097481,1919.57,2028.69,3637.41,train
5ggxfJ6koMI_460.wav,22050,10.0,220500,0.104852,0.079213,1730.3,2018.78,3392.35,train
bKlE8LZxDe4_20.wav,22050,10.0,220500,0.227111,0.101569,2034.42,2165.36,3974.08,train
6sPcBG2_tV4_30.wav,22050,10.0,220500,0.059436,0.183257,2939.42,2418.71,5544.0,train
pUYfKFMXJYE_100.wav,22050,10.0,220500,0.106097,0.055716,1294.46,1676.69,2315.09,train
CLm9FYDRxsA_30.wav,22050,10.0,220500,0.259762,0.078885,1454.75,1457.75,2691.18,train
-2Ha-_EgvO4_30.wav,22050,10.0,220500,0.007018,0.153759,2896.66,2688.63,5820.61,train
kJboalA4oi4_130.wav,22050,10.0,220500,0.092645,0.146771,2561.34,2280.88,4935.55,train
2XehZhV2ESQ_30.wav,22050,10.0,220500,0.152475,0.106571,2146.22,2365.89,4548.6,train
G6IqEGCdS9k_20.wav,22050,10.0,220500,0.116741,0.113127,2380.03,2333.65,4672.36,train
7jAhBgbdZH8_30.wav,22050,10.0,220500,0.23858,0.412492,4805.95,2581.07,7543.09,train
_63YcAh0wc0_50.wav,22050,10.0,220500,0.053101,0.320145,3849.55,2209.5,6030.02,train
1MOQYFGA-_U_30.wav,22050,10.0,220500,0.125413,0.050626,1322.38,1503.95,2721.15,train
_4QDDn169ho_30.wav,22050,10.0,220500,0.00682,0.169571,2845.41,2459.51,5547.87,train
VRSiW3u8v70_60.wav,22050,10.0,220500,0.052677,0.071483,1700.19,2019.81,3398.87,train
tjSpjKgiVNw_10.wav,22050,10.0,220500,0.091635,0.20235,2287.67,1448.2,3935.58,train
5fSDr_pIAL0_460.wav,22050,10.0,220500,0.012829,0.151263,2030.73,1569.42,3633.42,train
Te-OKrA4kyU_130.wav,22050,10.0,220500,0.027667,0.100692,2115.72,2440.67,4335.17,train
pQdkDp32yq8_560.wav,22050,10.0,220500,0.009223,0.125003,2516.25,2683.02,5488.49,train
_cwMHpvFLNM_24.wav,22050,10.0,220500,0.162877,0.040049,1116.1,1467.01,2320.74,train
k9r3UjjyUjw_0.wav,22050,10.0,220500,0.039487,0.135982,2684.34,2617.78,5519.47,train
mXz5HYyXfyA_50.wav,22050,10.0,220500,0.017295,0.145995,2655.61,2510.27,5184.01,train
43fCx3S9bHU_30.wav,22050,10.0,220500,0.051767,0.117976,1832.41,1671.22,3180.42,train
KNHIbIBLpv0_40.wav,22050,10.0,220500,0.007024,0.119056,2427.73,2700.38,5615.42,train
VGmIPdoBdB0_140.wav,22050,10.0,220500,0.122196,0.121182,2396.19,2423.76,4765.31,train
0qcN2YZVZ2Y_340.wav,22050,10.0,220500,0.011133,0.112831,2587.75,2468.99,5833.07,train
f1wTZCL9d-w_290.wav,22050,10.0,220500,0.068497,0.207019,3298.22,2579.88,6187.07,train
bV16mRMI_M0_220.wav,22050,10.0,220500,0.045392,0.053603,1412.42,1906.34,2837.69,train
HxRq-ck_duQ_60.wav,22050,10.0,220500,0.065295,0.047336,933.8,1177.94,1932.89,train
id-fB1tPfVM_220.wav,22050,10.0,220500,0.185892,0.112995,2379.2,2442.83,4857.84,train
R3Lo6NEXMPY_170.wav,22050,10.0,220500,0.147597,0.193706,2715.02,2161.27,4950.84,train
YBZS-uVR6dM_70.wav,22050,10.0,220500,0.11055,0.100623,1679.42,1822.77,3281.96,train
TDjI3RgwUPI_30.wav,22050,10.0,220500,0.187654,0.058047,1348.12,1819.95,2912.85,train
KZb3ytYujHM_10.wav,22050,10.0,220500,0.102322,0.069488,1775.4,2424.33,3993.41,train
wh9JTfWww1E_260.wav,22050,10.0,220500,0.030991,0.361454,4429.57,2967.9,8492.35,train
nCaKpqzpz0c_580.wav,22050,10.0,220500,0.052721,0.28474,4056.74,2953.29,7681.43,train
eHUSMAg8wpE_30.wav,22050,10.0,220500,0.012011,0.19893,3451.61,2754.28,6637.82,train
ku0fY5AiWOA_170.wav,22050,10.0,220500,0.011884,0.206767,3357.7,2738.43,6746.59,train
OVwAzOyvG0U_30.wav,22050,10.0,220500,0.189301,0.074838,1920.78,2246.98,4258.53,train
DQ_eoOsFjZM_30.wav,22050,10.0,220500,0.065977,0.121904,2435.78,2513.72,5238.24,train
PER8x3Xp8Tw_160.wav,22050,10.0,220500,0.009329,0.152997,2087.22,1628.96,4060.26,train
XzwDgxX0Fz0_30.wav,22050,10.0,220500,0.117151,0.054507,1378.86,1598.39,2773.16,train
99n1vRT16a4_30.wav,22050,10.0,220500,0.582545,0.174242,2450.42,1818.62,4250.26,train
ErD9jwulaAM_30.wav,22050,10.0,220500,0.319851,0.063031,1510.74,1864.41,3160.46,train
9lqiGC4IVHI_30.wav,22050,10.0,220500,0.179385,0.097034,1248.46,694.92,1362.59,train
-6X4xd4ggsM_30.wav,22050,10.0,220500,0.062499,0.05905,1652.79,2110.82,3324.86,train
1FmSxmpitBA_30.wav,22050,10.0,220500,0.058495,0.151405,2709.15,2361.43,5074.12,train
pk8TeYzd0T4_10.wav,22050,10.0,220500,0.108952,0.322826,3693.26,1648.4,5044.34,train
t_2rmS_ZWbA_10.wav,22050,10.0,220500,0.095048,0.168489,3504.64,3713.33,8965.01,train
KiG0yD4-qlk_30.wav,22050,10.0,220500,0.234492,0.080403,1399.67,1132.6,2838.66,train
blLdfAe72R8_20.wav,22050,10.0,220500,0.081697,0.249914,3293.69,2735.79,6521.19,train
53Y9f8CQ1nI_30.wav,22050,10.0,220500,0.005026,0.152434,2724.4,2652.41,5920.96,train
8kvroBjwIxY_30.wav,22050,10.0,220500,0.021449,0.254777,3405.57,2511.14,5986.81,train
j99GbNZdUXM_270.wav,22050,10.0,220500,0.069321,0.363209,3841.36,2163.59,6344.9,train
025wYGIVcgg_10.wav,22050,10.0,220500,0.041726,0.090862,1282.01,919.52,2220.54,train
1DiL_Cul4mo_30.wav,22050,10.0,220500,0.125804,0.0379,1078.64,1742.22,1835.19,train
CqgZ5bhbpRY_420.wav,22050,10.0,220500,0.198573,0.031153,1022.95,1529.67,1979.61,train
jvT_N0zi8uU_310.wav,22050,10.0,220500,0.042749,0.153495,2801.61,2625.43,5777.77,train
XimK1pLnZx4_30.wav,22050,10.0,220500,0.255154,0.185511,2297.02,1447.7,3247.94,train
PrtibUkWqTg_30.wav,22050,10.0,220500,0.022197,0.303047,2943.56,1571.99,4628.16,train
0nwpO4HoXbU_30.wav,22050,10.0,220500,0.054969,0.123995,1528.52,1087.08,2754.43,train
_-7hUE7-w9c_30.wav,22050,10.0,220500,0.046339,0.286477,3890.65,2749.58,7062.69,train
updHgPDYGl8_30.wav,22050,10.0,220500,0.09345,0.083777,1854.67,2048.06,3810.88,train
rbzdqgBRbTQ_70.wav,22050,10.0,220500,0.256336,0.114106,2298.56,2342.05,4689.64,train
nspWMNd-SuU_20.wav,22050,10.0,220500,0.026521,0.148027,3020.07,2620.05,6037.94,train
H5Waz2DaLNo_80.wav,22050,10.0,220500,0.072194,0.271874,3475.54,2370.52,6057.52,train
5mmxaIzp1Ts_30.wav,22050,10.0,220500,0.154561,0.142776,2696.19,2435.65,5366.71,train
K1zJczNmTng_0.wav,22050,9.776,215552,0.27754,0.141384,2386.56,1886.63,4266.18,train
yVjpon4cVno_30.wav,22050,10.0,220500,0.115872,0.044813,959.84,1392.0,1762.53,train
3ODxMxM5czA_0.wav,22050,2.368,52224,0.199719,0.024414,670.91,489.15,1193.73,train
63ha3jr4e-w_120.wav,22050,10.0,220500,0.063716,0.119861,2076.34,2000.41,3988.74,train
ChMMJ0g55qY_30.wav,22050,10.0,220500,0.060792,0.358514,4630.63,2835.79,8212.07,train
iHAnJM4AaMM_40.wav,22050,10.0,220500,0.157065,0.121189,2361.57,2291.67,4846.44,train
jqAfRUCPONk_30.wav,22050,10.0,220500,0.151361,0.10886,1937.81,1778.07,3361.03,train
kGd1ZN1E_OA_30.wav,22050,10.0,220500,0.042401,0.216931,3177.74,2598.68,6189.75,train
hRXDL14h8so_250.wav,22050,10.0,220500,0.2544,0.097324,2165.38,2248.88,4376.19,train
K-8Gr55Sls4_6.wav,22050,9.146,201668,0.143083,0.330523,4787.68,2728.41,8004.67,train
9dVqJllkeZg_60.wav,22050,10.0,220500,0.058035,0.193702,2131.18,2206.2,4678.33,train
cJ5UBcPhNRg_150.wav,22050,10.0,220500,0.081428,0.084945,1915.0,2156.14,3696.89,train
EtNg9_LNsHg_130.wav,22050,10.0,220500,0.126265,0.028636,1006.35,1596.36,1964.02,train
RwSaCya506E_70.wav,22050,10.0,220500,0.069147,0.091955,1867.69,2085.69,3821.84,train
5vYKwUn9JMY_90.wav,22050,10.0,220500,0.137556,0.241013,3722.4,3008.0,7587.48,train
fWF8jJfmLFQ_180.wav,22050,10.0,220500,0.027386,0.067047,1094.19,1130.97,2146.63,train
x8HlvVJj-0E_30.wav,22050,10.0,220500,0.026189,0.135701,2224.09,2123.57,4990.51,train
C7x4SIShmg0_30.wav,22050,10.0,220500,0.018704,0.129822,2400.05,2481.22,5186.25,train
1KwY0EykfB8_290.wav,22050,10.0,220500,0.112517,0.196031,2981.54,2533.52,5864.8,train
YgPGHUy0vrg_180.wav,22050,10.0,220500,0.02623,0.058527,930.2,761.89,1663.08,train
nmT3cNE8BEc_220.wav,22050,10.0,220500,0.020274,0.121425,2658.5,2873.31,6176.58,train
mO6PXTUFkaM_0.wav,22050,10.0,220500,0.066373,0.079284,1269.36,1271.86,2447.37,train
zixVqCV-eXU_30.wav,22050,10.0,220500,0.017131,0.040841,1279.76,1887.04,2595.6,train
gShZY3SopN8_30.wav,22050,10.0,220500,0.41802,0.116875,1443.82,995.53,2084.0,train
-EDRNpIlIwo_480.wav,22050,10.0,220500,0.00596,0.275499,3824.82,2495.79,6514.69,train
NQIcjBDtllc_90.wav,22050,10.0,220500,0.063413,0.183633,3375.74,2976.36,7071.08,train
8kGuzJOC99w_60.wav,22050,10.0,220500,0.156611,0.070088,1648.39,1816.67,2961.64,train
6U8KJrhuUUk_30.wav,22050,10.0,220500,0.070773,0.085739,1852.9,2027.69,3558.82,train
V7OS1lcCqrM_10.wav,22050,10.0,220500,0.186046,0.209993,3296.31,2389.6,5653.22,train
5vcIejgAAXA_590.wav,22050,10.0,220500,0.231623,0.208965,3222.96,2277.94,5385.52,train
Ye3GJf9Qte4_330.wav,22050,10.0,220500,0.033504,0.302689,3874.06,2631.36,6981.15,train
N1HW3yNEBYY_18.wav,22050,9.015,198771,0.104528,0.085209,1205.51,972.52,2394.39,train
w76WB4qKhBw_0.wav,22050,10.0,220500,0.055593,0.186154,3057.62,2635.88,6045.96,train
wHj9nydhHWE_11.wav,22050,9.596,211594,0.011227,0.127737,2376.22,2150.3,4472.33,train
dqs_3XhK7yA_5.wav,22050,9.28,204630,0.090439,0.131785,1941.56,1622.75,3737.98,train
NWxZIgn2knw_30.wav,22050,10.0,220500,0.148009,0.071733,1276.28,1249.9,2479.59,train
ZrQk2savaO8_280.wav,22050,10.0,220500,0.006294,0.131202,2722.11,2797.23,6099.37,train
QaCzYQq_c4M_0.wav,22050,10.0,220500,0.065649,0.130249,1806.43,1351.35,3308.92,train
QgWec-6RtiM_210.wav,22050,10.0,220500,0.08666,0.141145,2477.07,2198.25,4596.54,train
RoVMF7NwNt4_260.wav,22050,10.0,220500,0.020585,0.380868,4832.8,3116.97,8739.71,train
GUL1Y86PG8k_12.wav,22050,9.06,199784,0.048661,0.16713,2893.09,2769.35,6239.09,train
LMW6S_qNxVY_20.wav,22050,10.0,220500,0.006279,0.080928,2869.15,2690.54,6071.36,train
O2P957_4MHQ_30.wav,22050,10.0,220500,0.197836,0.149933,2588.68,2049.1,4807.55,train
PbNcxvYQ2k8_0.wav,22050,10.0,220500,0.407923,0.080628,1151.59,820.58,1769.14,train
A6AbEq5FLIk_30.wav,22050,10.0,220500,0.035811,0.372713,4690.47,2940.02,8109.1,train
dcVQQLItAsw_1.wav,22050,9.641,212590,0.031631,0.2191,3397.64,2415.11,6084.22,train
EF3Lj0mWsZ4_10.wav,22050,10.0,220500,0.031612,0.228501,3354.5,2529.14,6071.16,train
i5lDs44sbPc_30.wav,22050,10.0,220500,0.0639,0.103218,2011.16,2065.63,4029.46,train
_2KRnyRFSAk_24.wav,22050,9.815,216420,0.083123,0.181283,2327.08,1313.46,3929.99,train
F6MqLc4zqf8_2.wav,22050,9.726,214460,0.085139,0.085364,1342.27,1282.8,2513.96,train
QU5xANqZ3b8_30.wav,22050,10.0,220500,0.292492,0.036753,1239.49,1502.32,3081.22,train
0ByQG3sfIfA_20.wav,22050,9.658,212968,0.023483,0.195324,2748.84,1869.95,4678.27,train
4ciaLTBWhBs_30.wav,22050,10.0,220500,0.0054,0.118661,2083.88,1550.95,3961.56,train
1QiMkQ4cKRg_30.wav,22050,10.0,220500,0.232956,0.238998,3478.34,2608.46,6314.55,train
1pDw9AoyZKk_6.wav,22050,9.813,216372,0.154224,0.120298,1936.47,1675.07,3803.66,train
Lh9M0nrO4kk_350.wav,22050,10.0,220500,0.177189,0.053185,1647.38,1995.78,3356.26,train
_xaiGyjjNdk_200.wav,22050,10.0,220500,0.106309,0.112725,2202.28,2139.07,4302.27,train
EBirGV3pUYg_10.wav,22050,10.0,220500,0.153836,0.10782,2585.34,2682.84,5527.39,train
8RQMrsyMy7o_30.wav,22050,10.0,220500,0.019213,0.175942,2774.22,2477.01,5832.08,train
BvsgHQC5K0M_60.wav,22050,10.0,220500,0.01307,0.109817,1473.54,1021.36,2543.52,train
0M-ff1F4TIA_13.wav,22050,9.023,198947,0.136529,0.094765,2199.51,2063.44,4667.5,train
PTd_n0WoRyA_11.wav,22050,9.108,200842,0.136225,0.06088,1286.56,1530.7,2505.58,train
YWvJ1T7pEfg_16.wav,22050,9.078,200160,0.044702,0.085659,2122.29,2460.9,4810.3,train
VLk4b-jRt20_17.wav,22050,9.802,216142,0.140052,0.244662,3322.06,1355.58,4139.24,train
Ph7dhKWV26E_510.wav,22050,10.0,220500,0.062745,0.237105,3620.63,2742.12,6820.11,train
3ULscVAPW0A_30.wav,22050,10.0,220500,0.175758,0.115181,1629.1,1624.07,3720.82,train
OLDvHjoyPck_6.wav,22050,9.599,211652,0.057357,0.183845,2336.15,1461.31,3899.46,train
Q0SSVSN3zfQ_10.wav,22050,10.0,220500,0.199184,0.207396,2160.34,1031.43,3126.64,train
IEOUYu9Vmyk_20.wav,22050,10.0,220500,0.110562,0.29339,3878.38,2823.69,7333.03,train
lFhFj-CHHgs_220.wav,22050,10.0,220500,0.121038,0.053642,1226.63,1523.76,2446.54,train
4m_ujJNxvM4_30.wav,22050,10.0,220500,0.121636,0.134532,2788.6,2823.47,6196.09,train
-8tskHwTfcQ_30.wav,22050,10.0,220500,0.015199,0.588042,6222.69,2726.82,8828.91,train
HOpeDucZRxs_40.wav,22050,10.0,220500,0.023076,0.092755,1947.76,2317.24,4045.69,train
DbrvkzVHdVU_10.wav,22050,10.0,220500,0.050154,0.295948,3745.01,2200.07,6156.57,train
QSjZarVEVIA_20.wav,22050,9.675,213336,0.138372,0.091435,1825.61,2107.65,3467.47,train
5FiJQwcbEl0_30.wav,22050,10.0,220500,0.08536,0.098117,1507.43,1438.1,2993.86,train
isu8ijxgGm8_210.wav,22050,10.0,220500,0.210312,0.073549,1957.81,2114.9,3840.13,train
HUlxjgt3qU8_0.wav,22050,10.0,220500,0.253759,0.060881,1325.11,1622.92,2313.05,train
bQkcO1eAgn4_20.wav,22050,10.0,220500,0.118939,0.151863,2110.94,1760.0,3857.97,train
RPdMepu41eE_110.wav,22050,10.0,220500,0.185819,0.187579,3101.17,2845.02,6805.44,train
m4xoTeMt3nE_10.wav,22050,10.0,220500,0.180716,0.177015,3134.25,2376.02,5576.2,train
YRif83JCqCo_30.wav,22050,10.0,220500,0.02321,0.170545,2730.67,2450.92,5216.41,train
lO-of0zxmcg_80.wav,22050,10.0,220500,0.195927,0.066744,1804.94,2024.97,3932.61,train
pyHJrlNMYwo_350.wav,22050,10.0,220500,0.044249,0.212375,3537.74,2880.06,6963.99,train
eBAk3e5ixfE_30.wav,22050,10.0,220500,0.025199,0.137024,2346.33,2070.69,4393.17,train
FB_7q7PZXxA_30.wav,22050,10.0,220500,0.142784,0.10748,2434.23,2525.25,5158.45,train
naAO1XRIsMM_120.wav,22050,10.0,220500,0.041812,0.178738,2855.66,2455.6,5460.59,train
uApyJAShAr4_40.wav,22050,10.0,220500,0.446087,0.067566,1128.79,980.63,1977.98,train
eNKwTsaR1VU_0.wav,22050,9.357,206320,0.034442,0.363926,3808.97,1946.81,5623.18,train
hvwvzuFyyuA_30.wav,22050,10.0,220500,0.318932,0.089368,2856.35,2714.26,6066.17,train
E4zzddUHKlo_30.wav,22050,10.0,220500,0.335489,0.074477,2028.65,2429.88,4536.41,train
BPyEbh_5fVE_90.wav,22050,10.0,220500,0.079137,0.239872,3716.41,2748.22,6907.99,train
M38AAgShE7o_30.wav,22050,10.0,220500,0.086822,0.167715,2528.56,2201.74,5144.09,train
Uso6MyI8iVs_100.wav,22050,10.0,220500,0.037767,0.148691,2607.27,2467.39,5553.77,train
YJC1bVagyrI_30.wav,22050,10.0,220500,0.126805,0.071743,1673.26,2053.91,3303.1,train
F2qZWXEpjJ0_30.wav,22050,10.0,220500,0.116259,0.130827,1554.94,975.09,2500.12,train
z2BO0Oeepuo_0.wav,22050,10.0,220500,0.132551,0.101211,1489.4,1259.32,2928.99,train
sl-DBca9UCA_10.wav,22050,10.0,220500,0.004462,0.106658,2433.72,2640.95,5529.81,train
DFlEAwRglGI_110.wav,22050,10.0,220500,0.115897,0.180794,2484.53,2125.08,4884.54,train
XrZcIHyREJ4_5.wav,22050,9.531,210150,0.090985,0.088821,2030.01,2351.66,5131.71,train
kkwfHr71Kl4_160.wav,22050,10.0,220500,0.129514,0.121786,2166.85,2079.6,4377.89,train
4q5VYLimmKE_30.wav,22050,10.0,220500,0.005511,0.107499,2091.31,2432.02,4485.63,train
H6bNgH1oA1c_30.wav,22050,10.0,220500,0.029633,0.043698,1238.12,1721.81,2582.21,train
j_WM7hKqRMU_60.wav,22050,10.0,220500,0.030608,0.110431,1712.93,1610.23,3593.42,train
TK4vaLVwPpc_1.wav,22050,9.913,218590,0.083854,0.156497,2784.13,2445.09,5417.95,train
BQQKLsw7s-g_570.wav,22050,10.0,220500,0.023415,0.134854,2078.61,1902.6,4211.51,train
ubH-QNZoYcU_30.wav,22050,10.0,220500,0.18112,0.072715,1592.2,1442.96,3268.55,train
bvkyYw3ShMc_10.wav,22050,10.0,220500,0.031415,0.081864,1965.48,2255.09,4070.35,train
QJd4ZiCc7zU_50.wav,22050,10.0,220500,0.12031,0.147968,2811.9,2577.07,5848.49,train
BPRzrsrCmu8_20.wav,22050,10.0,220500,0.108119,0.187762,2783.25,2349.21,5319.85,train
bje4ARjmuEM_280.wav,22050,10.0,220500,0.066714,0.271652,3820.75,2351.34,6498.23,train
aVFHXZLa5rM_10.wav,22050,9.18,202412,0.095441,0.358903,4558.51,2771.9,7854.62,train
ED8Oqe-x3kI_130.wav,22050,10.0,220500,0.156693,0.176297,2236.41,1570.16,3700.59,train
n1oSNrSdPTM_10.wav,22050,10.0,220500,0.086084,0.158577,1931.78,1445.71,3519.08,train
SGUMqnAnw5w_1.wav,22050,9.026,199022,0.10557,0.090357,1012.66,285.53,1013.36,train
ax9BCV1Egco_30.wav,22050,10.0,220500,0.104182,0.337227,4168.02,2607.43,7366.95,train
mOCIgiY1TU4_30.wav,22050,10.0,220500,0.086782,0.197414,2992.01,2398.11,5666.18,train
ydO6ZIcghzU_0.wav,22050,10.0,220500,0.056847,0.093032,1631.12,1311.29,2820.8,train
td0c0qoHDq0_30.wav,22050,10.0,220500,0.13746,0.052776,1384.38,1711.93,2825.97,train
PuYXThCvyN0_6.wav,22050,9.209,203060,0.016533,0.091462,1266.96,1044.97,2332.31,train
BFbq2bg4yz0_30.wav,22050,10.0,220500,0.03393,0.088161,1507.87,1510.06,2911.78,train
WNzEm1ppPVc_290.wav,22050,10.0,220500,0.391406,0.163103,2701.8,2417.75,5291.22,train
Nr0l7hYuxF8_30.wav,22050,10.0,220500,0.159992,0.13176,2311.01,2030.73,4383.38,train
Wk7QuoSfQiU_0.wav,22050,10.0,220500,0.054271,0.239092,3706.98,2242.75,6451.72,train
2DEBGo86EWY_30.wav,22050,10.0,220500,0.083564,0.038967,1524.4,2258.17,3683.68,train
6lGMt2xH9Hs_30.wav,22050,10.0,220500,0.301913,0.108413,2831.89,2937.64,6634.62,train
mO_SWl8TVrY_290.wav,22050,10.0,220500,0.072909,0.108375,1903.61,1884.43,3764.61,train
6AurbZcj3Es_170.wav,22050,10.0,220500,0.160532,0.132055,2230.81,1933.6,3994.68,train
23mRMsHfek0_30.wav,22050,10.0,220500,0.049514,0.119964,2337.25,2427.1,4699.91,train
M6euJ0teIj0_0.wav,22050,10.0,220500,0.02909,0.091358,2495.31,2828.27,6077.36,train
z8ZxG-vYP20_0.wav,22050,6.734,148480,0.046422,0.108029,2089.84,2039.07,4202.49,train
KCva3d4k9XQ_22.wav,22050,9.602,211732,0.095677,0.031055,779.04,1260.68,1390.79,train
X63vb8gxfMg_0.wav,22050,10.0,220500,0.165948,0.124661,1565.57,974.97,2660.2,train
MYzoMK2TY1Q_30.wav,22050,10.0,220500,0.029931,0.211999,3105.39,2375.49,5361.84,train
MbJHKSq97rU_7.wav,22050,9.881,217874,0.035938,0.030105,968.23,1650.0,1783.34,train
Ym0XiwhsORY_30.wav,22050,10.0,220500,0.00413,0.187993,3031.95,2689.02,6236.59,train
yKzUCoRJacQ_60.wav,22050,10.0,220500,0.051472,0.229798,3317.53,2512.73,5954.58,train
rr5T3E4j7_Q_20.wav,22050,10.0,220500,0.065468,0.164458,2537.17,2161.7,4487.15,train
X3B_8BmsxpM_30.wav,22050,10.0,220500,0.053456,0.177281,2745.75,1966.61,4682.35,train
N2lj-e-7aSw_300.wav,22050,10.0,220500,0.067782,0.156498,2355.05,2017.86,4042.92,train
VrTIDBAY3fE_90.wav,22050,10.0,220500,0.016525,0.107686,2669.29,2838.01,6222.37,train
iDMlTVATETo_22.wav,22050,9.927,218900,0.069711,0.128199,2374.3,2330.26,4832.49,train
yR_xCN6cv-s_30.wav,22050,10.0,220500,0.031163,0.186276,2630.78,2150.65,5262.82,train
5QEU-GPaXuA_10.wav,22050,10.0,220500,0.137733,0.167785,2601.58,2222.63,4866.8,train
vJN0Mk744u0_270.wav,22050,10.0,220500,0.191097,0.126125,2017.34,1650.75,3425.63,train
CmIX-0dhSSc_30.wav,22050,10.0,220500,0.189616,0.099552,1998.41,2227.37,4152.39,train
Grc2MWe0FuM_230.wav,22050,10.0,220500,0.012841,0.233969,3359.4,2385.73,5713.19,train
dZA8A65gz5s_10.wav,22050,10.0,220500,0.142061,0.240523,3552.14,2764.01,6838.24,train
5LFtcZzYXe4_8.wav,22050,9.514,209792,0.018182,0.195971,2360.57,1295.74,3769.7,train
oRTXSauZqn8_30.wav,22050,10.0,220500,0.143167,0.319106,4550.15,3179.4,8662.14,train
OPZgHOGhvxs_30.wav,22050,10.0,220500,0.058923,0.112075,1843.73,1692.27,3289.91,train
2dWKpIYd0b0_50.wav,22050,10.0,220500,0.034858,0.043322,1768.61,2305.91,4110.89,train
Sj69cFf24bA_30.wav,22050,10.0,220500,0.129885,0.106531,1839.43,1712.85,3444.76,train
qzJS4PiLsMk_14.wav,22050,9.197,202788,0.163599,0.186439,2771.63,2586.77,6276.9,train
Xbnw7-3O5E4_80.wav,22050,10.0,220500,0.470726,0.294972,4079.66,3033.55,7567.42,train
ogAh7Uf4558_30.wav,22050,10.0,220500,0.060068,0.156778,2631.82,2348.91,5134.05,train
0-RZreFbM0I_11.wav,22050,9.243,203802,0.121601,0.080334,1331.09,1279.09,2759.22,train
3KiyEPPqDQ8_30.wav,22050,10.0,220500,0.031268,0.06795,1913.8,2214.4,4509.48,train
8fxOEklDgo4_6.wav,22050,9.929,218932,0.034948,0.226463,3393.89,2785.85,6581.79,train
cH_nHnNOqTs_310.wav,22050,10.0,220500,0.056476,0.358444,4806.5,2924.02,8320.21,train
6KjK4KUKm0U_0.wav,22050,10.0,220500,0.010938,0.162185,3209.1,2804.27,6613.57,train
4qQiFKv2lk8_30.wav,22050,10.0,220500,0.083709,0.080888,1472.5,1504.95,3203.9,train
-Hwn7UdBguE_30.wav,22050,10.0,220500,0.006544,0.331372,4308.69,2834.41,7603.12,train
4nOKVki-k4U_30.wav,22050,10.0,220500,0.020318,0.098388,1925.33,2074.88,4019.04,train
7eXJi6hyxk4_10.wav,22050,10.0,220500,0.24129,0.045179,1515.55,1937.14,3142.55,train
KaVxnEXoBb8_30.wav,22050,10.0,220500,0.130875,0.228445,3370.25,2603.04,6521.99,train
1VPn8eFRA1I_540.wav,22050,10.0,220500,0.002641,0.192479,2878.8,1945.98,4682.42,train
1QEQN0j4v4M_60.wav,22050,10.0,220500,0.034064,0.200293,3157.69,2317.16,5646.8,train
1ZxjZrNfTj8_80.wav,22050,10.0,220500,0.172455,0.093589,1734.68,1713.69,3147.82,train
LNTtmxYozNQ_60.wav,22050,10.0,220500,0.087355,0.20731,2306.44,1385.57,3919.72,train
7rGGBa_lZ54_260.wav,22050,10.0,220500,0.052246,0.208216,2581.82,1637.67,4263.37,train
SMazj18biqo_460.wav,22050,10.0,220500,0.039419,0.258328,3994.72,3010.05,7569.75,train
3d5tPNd4Olk_20.wav,22050,10.0,220500,0.114835,0.054447,984.56,1106.08,1922.18,train
4lnhOIftuMQ_60.wav,22050,10.0,220500,0.15484,0.178326,2075.34,820.43,2336.3,train
L4r6BUX2A1o_90.wav,22050,10.0,220500,0.040118,0.234061,3120.26,2118.96,5337.34,train
toyClNrFgWE_40.wav,22050,10.0,220500,0.066469,0.164893,2917.13,2500.36,5900.75,train
9_xvBCs-esg_30.wav,22050,10.0,220500,0.053789,0.086535,1540.01,1539.19,2823.47,train
dz6h_woJZ-o_200.wav,22050,10.0,220500,0.166855,0.245494,3013.64,1791.68,5009.64,train
N20hpbx31NM_25.wav,22050,9.05,199554,0.132054,0.042859,1142.2,1333.73,2950.13,train
SGprbXEGTSE_440.wav,22050,10.0,220500,0.117055,0.145187,3323.07,2966.5,7159.62,train
07m3-FOJQ-Q_10.wav,22050,10.0,220500,0.040566,0.204776,2831.9,2028.09,4580.58,train
HiiTmKGGg8g_7.wav,22050,9.528,210082,0.05141,0.132248,2479.43,2114.86,4769.39,train
MxdW2bfbh5E_50.wav,22050,10.0,220500,0.059457,0.049439,1015.44,1333.64,1976.26,train
5vS006foSVA_10.wav,22050,10.0,220500,0.047704,0.0764,1528.27,1892.72,2820.65,train
3aVxfHKSFIY_400.wav,22050,10.0,220500,0.062979,0.193142,2774.65,2149.75,4895.33,train
AhqnwsIRbNE_360.wav,22050,10.0,220500,0.063698,0.121534,1405.73,1366.01,2947.9,train
neN-RJZENmc_10.wav,22050,10.0,220500,0.103205,0.211005,3258.46,2514.54,6136.01,train
jHvavOEtOSk_30.wav,22050,10.0,220500,0.077838,0.095677,1768.25,1893.55,3180.17,train
GshHOqSaSyo_270.wav,22050,10.0,220500,0.045679,0.176538,2958.71,2344.57,5471.91,train
jebPD9FDEiY_19.wav,22050,9.254,204042,0.047908,0.097682,2053.54,2146.55,4142.28,train
VqA1GiEk66I_30.wav,22050,10.0,220500,0.003724,0.184313,2284.66,1405.4,3897.81,train
m6FzCg2rREs_60.wav,22050,10.0,220500,0.079401,0.144214,2813.28,2765.71,6055.93,train
CdjOTaDrzmE_30.wav,22050,10.0,220500,0.126678,0.097908,1917.15,1846.27,3632.87,train
63op7mA3JO4_30.wav,22050,10.0,220500,0.085536,0.194567,3229.95,2684.12,6498.01,train
Xz_J18Js7V4_10.wav,22050,10.0,220500,0.00778,0.349081,4633.3,3240.64,8237.22,train
RuSkIElG39E_90.wav,22050,10.0,220500,0.04955,0.109495,2718.38,2804.58,5976.99,train
LrQk1sYrCFg_24.wav,22050,9.025,199008,0.302454,0.133666,2382.04,1853.68,4112.73,train
0tgAI98vTwc_30.wav,22050,10.0,220500,0.075302,0.047501,1153.61,1071.73,2370.08,train
QM7AFSJm15o_140.wav,22050,10.0,220500,0.022847,0.19283,3622.93,2724.09,6791.8,train
cNSmJYipZ5A_180.wav,22050,10.0,220500,0.053229,0.205156,2885.6,2157.38,5048.19,train
et_YuJD1p6Q_30.wav,22050,10.0,220500,0.229936,0.176793,2929.29,2839.47,6114.78,train
DK6lH3TIvvM_6.wav,22050,9.843,217028,0.005795,0.192328,2103.51,1316.8,3224.85,train
kcSEv5GtGYM_0.wav,22050,6.269,138240,0.103265,0.149308,2658.29,2294.49,4910.21,train
CJpRJD7oAks_410.wav,22050,10.0,220500,0.027259,0.244315,3675.43,2978.59,7517.79,train
5PNQM_Q2d4E_11.wav,22050,9.022,198938,0.158492,0.205766,3873.31,2908.51,7119.66,train
7j5RVboefFY_30.wav,22050,10.0,220500,0.140822,0.095684,1644.64,1612.67,2666.52,train
j7KoBO9LNyI_30.wav,22050,10.0,220500,0.121894,0.246394,3594.63,2851.33,7285.02,train
PQB5RQh1uPA_10.wav,22050,10.0,220500,0.030706,0.119383,2231.89,2272.38,4363.05,train
0z5SvmTR7wM_30.wav,22050,10.0,220500,0.052182,0.050116,963.94,983.99,1990.87,train
l4ohhj0hZnA_30.wav,22050,10.0,220500,0.058154,0.268735,3761.7,2871.23,6983.2,train
dz5nK0QucYo_70.wav,22050,10.0,220500,0.017299,0.166606,3436.86,3184.78,7519.81,train
WgVp4p_LwLY_60.wav,22050,10.0,220500,0.113194,0.102039,1535.57,1169.78,2458.13,train
DD-qNzAaL1Y_30.wav,22050,10.0,220500,0.189636,0.060583,883.92,711.8,1371.06,train
X2uOKl5TUjc_0.wav,22050,10.0,220500,0.015953,0.16429,2589.13,2357.7,4548.08,train
OuRf0n9BkPA_30.wav,22050,10.0,220500,0.244177,0.114704,1899.81,1626.39,3618.18,train
IDCk1OAWSHY_30.wav,22050,10.0,220500,0.188905,0.059233,1834.02,2396.79,4009.45,train
33ngUYmiGm0_30.wav,22050,10.0,220500,0.064667,0.344455,4803.03,3508.7,9197.2,train
6LIeOlFhIFI_30.wav,22050,10.0,220500,0.144689,0.187834,3299.46,2684.26,6536.68,train
0IS9RYByd-0_17.wav,22050,9.883,217910,0.266107,0.113397,1419.25,912.7,2265.11,train
Wn_9vQwbqaQ_60.wav,22050,10.0,220500,0.012578,0.137247,2222.35,2024.09,4581.85,train
-LWu_lirwKk_0.wav,22050,10.0,220500,0.064756,0.118269,1832.61,1371.87,3079.85,train
a9dnw8mVvL8_30.wav,22050,10.0,220500,0.29789,0.021043,1288.65,2444.44,3332.1,train
6nfohg75INA_30.wav,22050,10.0,220500,0.619778,0.286485,3719.71,2649.57,6761.15,train
i2M6sYCOQys_30.wav,22050,10.0,220500,0.07491,0.078466,1656.72,1761.26,3533.32,train
bTfX9LZrFYQ_30.wav,22050,10.0,220500,0.186387,0.152902,1734.59,1249.86,3358.66,train
pWvyLc1gCns_240.wav,22050,10.0,220500,0.111773,0.372369,4708.84,2625.53,7880.1,train
2ugsMuS9EXE_30.wav,22050,10.0,220500,0.100472,0.116214,2016.11,2063.67,3504.12,train
tzcx-hhoKTg_40.wav,22050,10.0,220500,0.048567,0.188915,1983.66,1081.19,3073.2,train
fg_unNt1yds_260.wav,22050,10.0,220500,0.219234,0.095389,1536.67,1290.16,2680.51,train
Pl8M1v5P2V8_30.wav,22050,10.0,220500,0.128288,0.237174,2274.4,1245.63,3614.73,train
wg6UAjOjyzA_170.wav,22050,10.0,220500,0.039584,0.125883,2588.08,2635.19,5651.82,train
mhjh2ROWO7s_170.wav,22050,10.0,220500,0.176501,0.06023,1368.19,1840.35,2553.36,train
CL7qusrB888_20.wav,22050,10.0,220500,0.046824,0.127629,2800.06,2694.2,5808.07,train
EZH9pajpFfo_0.wav,22050,5.248,115712,0.008796,0.084531,1427.26,1402.68,2640.28,train
VzGxmZPNKBQ_100.wav,22050,10.0,220500,0.014608,0.387412,4744.64,2928.53,8165.91,train
eD3iwnyh4cc_30.wav,22050,10.0,220500,0.008818,0.177997,2559.32,1788.59,4786.17,train
1gQP0HtOrsM_150.wav,22050,10.0,220500,0.177594,0.179263,2672.91,2370.26,5403.88,train
CPOYNSJeXQo_20.wav,22050,10.0,220500,0.035514,0.183175,2035.39,998.47,2954.32,train
0VjkHdAS4mI_140.wav,22050,10.0,220500,0.122546,0.240059,3553.88,2488.12,6516.07,train
rs-21sEojLY_30.wav,22050,10.0,220500,0.143903,0.133853,2404.09,2316.94,4929.25,train
fqEdDDIlonM_30.wav,22050,10.0,220500,0.063521,0.346339,4505.93,2912.32,8079.47,train
RXbI7q3ajHw_30.wav,22050,10.0,220500,0.007597,0.128656,2829.68,2813.03,6249.9,train
FB5nwVO4yjY_50.wav,22050,10.0,220500,0.138334,0.163169,2313.52,1303.69,3898.41,train
1Z4QoVbiFIU_90.wav,22050,10.0,220500,0.062592,0.161611,3050.93,2580.27,6011.36,train
Nx1Toajbo5M_50.wav,22050,10.0,220500,0.021034,0.211076,3494.0,2765.43,6751.71,train
3WAdlCt8bDs_180.wav,22050,10.0,220500,0.11071,0.146631,2819.68,2701.92,5844.67,train
35Be8L12_lw_240.wav,22050,10.0,220500,0.149989,0.131591,2158.67,2030.45,4019.01,train
Aj4WwHbB-l8_30.wav,22050,10.0,220500,0.009145,0.114815,2314.04,2559.8,5075.49,train
oULGFXuvfFM_0.wav,22050,10.0,220500,0.158678,0.161925,2539.34,2137.19,4896.96,train
CL7L62bhhGk_30.wav,22050,10.0,220500,0.014119,0.435257,5098.93,2826.72,8418.86,train
fbYoiG-u7zk_100.wav,22050,10.0,220500,0.014596,0.096563,2098.34,2282.43,4098.3,train
59sY88oEnK4_270.wav,22050,10.0,220500,0.035506,0.28282,4022.61,3099.46,7588.83,train
hkEqACliirc_30.wav,22050,10.0,220500,0.01882,0.34086,3505.64,2281.1,6167.51,train
EJCoSVjb2G4_220.wav,22050,10.0,220500,0.097748,0.109368,1757.97,1613.12,3151.44,train
Il7C-k8Ogsg_30.wav,22050,10.0,220500,0.080547,0.083894,1936.94,2054.04,3813.75,train
SVogzyJdSCk_30.wav,22050,10.0,220500,0.063927,0.111889,2356.35,2524.85,5161.72,train
cBPTw6wJSYQ_220.wav,22050,10.0,220500,0.022891,0.105161,2130.46,2145.87,4175.47,train
Nalk4jgNDR0_0.wav,22050,10.0,220500,0.27471,0.14008,2784.76,2768.8,6239.51,train
51oPWN3ESc0_10.wav,22050,10.0,220500,0.091447,0.115464,1418.61,1158.74,2338.55,train
LWR0EczphGM_50.wav,22050,10.0,220500,0.305766,0.084032,1855.39,2097.02,3412.89,train
oE3UUpE1zh4_3.wav,22050,9.19,202650,0.02123,0.118786,2454.46,2419.55,5229.25,train
RA_a6qImvlU_0.wav,22050,6.896,152064,0.171306,0.197343,3103.5,2458.05,5991.72,train
c6nfgDLtXBg_30.wav,22050,10.0,220500,0.013106,0.336424,4412.48,2478.65,7195.76,train
-QoKLXoEx_o_30.wav,22050,10.0,220500,0.09477,0.159506,3157.94,2959.85,6778.06,train
45Vb4qqOmvI_200.wav,22050,10.0,220500,0.023006,0.167307,3166.93,2831.95,6567.2,train
1dCpvR1Xx_w_30.wav,22050,10.0,220500,0.008798,0.021686,998.31,1269.92,2061.82,train
hJ-gpzTnl1Y_30.wav,22050,10.0,220500,0.005063,0.237833,3543.27,2907.51,7181.95,train
SCD0ofi-_3Q_30.wav,22050,10.0,220500,0.019468,0.243388,3374.94,2530.4,6168.01,train
IlPgx6LbP8M_50.wav,22050,10.0,220500,0.020737,0.090587,2192.91,2425.36,4922.36,train
F9wY4r8JSlo_150.wav,22050,10.0,220500,0.045968,0.216317,3778.43,2891.82,7270.78,train
5JSZ9K2rZRA_30.wav,22050,10.0,220500,0.031985,0.165738,2200.77,1522.52,3669.49,train
HrgxLyGE-l0_160.wav,22050,10.0,220500,0.056488,0.335233,3590.06,2202.9,5505.03,train
FERM1wRoW2M_40.wav,22050,10.0,220500,0.020146,0.255013,3474.33,2150.55,6106.74,train
6FLWNCFuZYA_550.wav,22050,10.0,220500,0.121478,0.056287,1731.11,2203.77,3908.15,train
3ustxp7NTVk_20.wav,22050,10.0,220500,0.003224,0.229053,3451.75,2905.59,7041.88,train
9o3monl8eBU_30.wav,22050,10.0,220500,0.008008,0.284581,4431.84,3112.84,8271.6,train
12cG_JS3SH8_540.wav,22050,10.0,220500,0.124203,0.119916,2030.79,1848.96,3525.08,train
89z_iP2SmOI_10.wav,22050,10.0,220500,0.055926,0.185551,3008.87,2309.05,5575.35,train
iJ_pSwtzZFA_20.wav,22050,10.0,220500,0.054986,0.128956,2446.03,2529.37,5183.36,train
RM9ibfXQr8U_530.wav,22050,10.0,220500,0.035358,0.38205,4682.66,2004.87,6715.41,train
gQUrquj3wDE_30.wav,22050,10.0,220500,0.114193,0.037432,976.99,1458.51,1835.42,train
-xpcu7jOWUI_30.wav,22050,10.0,220500,0.085306,0.124037,2428.52,1983.76,4394.82,train
vmlvRm5Jnm0_30.wav,22050,10.0,220500,0.009125,0.191602,3126.68,2855.77,6497.41,train
cybce4AZX6M_0.wav,22050,10.0,220500,0.00488,0.109977,2807.96,3003.56,6893.05,train
DtJtNn5Rem8_9.wav,22050,9.576,211150,0.119331,0.116524,2339.87,2146.77,4597.08,train
7o5Q7fKYXL4_9.wav,22050,9.692,213710,0.027504,0.047091,1196.32,1403.78,2824.3,train
Bl1et3f59OQ_30.wav,22050,10.0,220500,0.014669,0.185132,3357.13,2828.68,6987.15,train
fxTqHm7IocM_40.wav,22050,10.0,220500,0.019962,0.221851,3188.1,2436.59,5951.21,train
pbZg0EHv47U_30.wav,22050,10.0,220500,0.211024,0.099842,1793.95,1723.26,3344.99,train
KSRLz6FRTWc_80.wav,22050,10.0,220500,0.053982,0.060302,1432.32,2139.35,2179.85,train
4VSUe9b0eD0_10.wav,22050,10.0,220500,0.18075,0.097528,1614.95,1826.99,2736.54,train
y9RB_DvaqcI_30.wav,22050,10.0,220500,0.162392,0.149439,2301.95,1851.09,3757.12,train
10f9CWXiKRY_200.wav,22050,10.0,220500,0.176832,0.150689,2626.07,2250.45,5005.1,train
Li4WOuZ6tpg_30.wav,22050,10.0,220500,0.143825,0.141095,2208.23,1926.14,3946.5,train
LbNrktbsZkk_360.wav,22050,10.0,220500,0.027111,0.227302,3323.2,2518.25,5939.42,train
MqLR83zbeSc_10.wav,22050,10.0,220500,0.031401,0.178391,2546.94,2080.15,4490.35,train
k1Nz50MQrY8_20.wav,22050,10.0,220500,0.02247,0.424741,5266.41,2932.69,8842.13,train
zlL_aOhD_X0_0.wav,22050,10.0,220500,0.076573,0.217572,3066.15,2202.38,5400.16,train
4CU8gYYkwSw_30.wav,22050,10.0,220500,0.022755,0.196734,3063.47,2616.19,6635.82,train
YxTmdghv7ds_30.wav,22050,10.0,220500,0.249964,0.054037,1226.26,1679.96,2272.05,train
XekQVn8yNOE_40.wav,22050,10.0,220500,0.165843,0.060728,1521.55,1939.25,3160.76,train
51YeKIAWTd0_6.wav,22050,9.65,212788,0.045574,0.080904,2109.63,2578.5,4156.06,train
aEYa_dd9zUk_30.wav,22050,10.0,220500,0.039485,0.165481,2891.77,2304.05,5145.26,train
khVl3xaoBBQ_30.wav,22050,10.0,220500,0.11119,0.060805,1255.45,1572.19,2431.4,train
vHYa0DpOIHM_30.wav,22050,10.0,220500,0.091551,0.123638,2240.45,2219.96,4473.71,train
d6vHt-aeDq4_0.wav,22050,10.0,220500,0.033412,0.189535,3119.23,2775.21,6183.0,train
MXFmwZOJTmE_30.wav,22050,10.0,220500,0.076907,0.115172,2395.51,2585.43,5104.22,train
5mhtuGiAxBg_29.wav,22050,9.266,204326,0.06513,0.080413,1462.89,1696.69,2534.22,train
1d-Xhq3FIks_30.wav,22050,10.0,220500,0.283002,0.044733,1410.46,1758.57,2785.93,train
9Um03Zddf08_5.wav,22050,9.257,204118,0.01556,0.231201,3128.51,2025.77,5575.4,train
IwFSmaws5jc_0.wav,22050,10.0,220500,0.141739,0.097845,1867.26,1954.99,3939.63,train
xPWDD3FiagM_20.wav,22050,10.0,220500,0.173379,0.140043,2138.23,2095.78,4183.94,train
3uvRVGgRBBU_150.wav,22050,10.0,220500,0.022301,0.122979,2493.14,2411.71,4977.07,train
5XuoimYr7us_30.wav,22050,10.0,220500,0.04052,0.136914,1815.65,1283.09,2821.32,train
7PfEm-7js5Q_11.wav,22050,9.759,215178,0.013445,0.254042,3933.22,3028.72,7521.53,train
50pYDOQuSME_30.wav,22050,10.0,220500,0.379822,0.282521,4030.91,3067.06,8089.54,train
fEZeb5lKPkk_180.wav,22050,10.0,220500,0.100743,0.073438,1603.07,1843.86,3242.7,train
DDZW3HrJALQ_30.wav,22050,10.0,220500,0.14477,0.082994,2078.23,2429.66,4363.8,train
NhQBsuMLC8M_70.wav,22050,10.0,220500,0.122397,0.168855,2870.22,2228.32,5243.61,train
UYlBz40lHgU_30.wav,22050,10.0,220500,0.042017,0.011527,1093.78,2125.26,2882.93,train
0clbkP3S6xY_250.wav,22050,10.0,220500,0.112341,0.204548,2328.82,1485.69,4087.31,train
-0ZQBaRcpi0_30.wav,22050,10.0,220500,0.018251,0.195987,3200.34,2352.18,5703.35,train
MxqdvI_78Ls_130.wav,22050,10.0,220500,0.080922,0.151867,2553.18,2380.71,5028.7,train
r77K-RFDaFM_390.wav,22050,10.0,220500,0.174096,0.209229,3123.6,2342.62,5799.0,train
lrmnIajwsjM_30.wav,22050,10.0,220500,0.192769,0.062684,1521.26,1940.87,2965.01,train
2GojdDQS9Eg_20.wav,22050,9.536,210264,0.032124,0.250874,3556.93,2785.79,6932.56,train
dDbd2Crmixk_190.wav,22050,10.0,220500,0.057784,0.145776,2877.09,2704.93,6036.27,train
IG1-TbHkL-8_30.wav,22050,10.0,220500,0.054657,0.059822,1636.69,2101.29,3574.59,train
7i-7CuQk5Ck_30.wav,22050,10.0,220500,0.091852,0.097243,2801.63,2587.77,5778.82,train
X3cvyiP4ung_30.wav,22050,10.0,220500,0.115367,0.059861,1582.47,2061.92,3402.65,train
ID9mfxZSK6M_420.wav,22050,10.0,220500,0.022855,0.167846,3203.66,2381.68,5916.66,train
P3g6DieVMUQ_30.wav,22050,10.0,220500,0.048872,0.149089,2425.22,2245.96,4599.41,train
tzzG5ouubSM_290.wav,22050,10.0,220500,0.050217,0.132598,2700.87,2660.59,5828.1,train
2Rq2cR19NSs_30.wav,22050,10.0,220500,0.087591,0.095319,1592.93,1326.85,2946.43,train
3mf4B2zqeaE_30.wav,22050,10.0,220500,0.048074,0.229169,3472.15,2881.67,6755.51,train
Hnd_uHgxtmw_460.wav,22050,10.0,220500,0.025477,0.093146,1918.99,2142.92,4058.88,train
8IhrYU-8Rqs_240.wav,22050,10.0,220500,0.011692,0.112924,2662.89,2400.84,5183.81,train
wks_UrcDxak_170.wav,22050,10.0,220500,0.029891,0.12633,2370.21,2175.34,5019.13,train
3C5aNXYX7OM_200.wav,22050,10.0,220500,0.115391,0.163671,2622.82,2307.73,5323.07,train
0bk8T9DGK18_30.wav,22050,10.0,220500,0.10278,0.133063,2262.66,1778.44,4438.34,train
wn_IPXSSLmg_80.wav,22050,10.0,220500,0.041334,0.033731,1392.61,1860.64,2865.12,train
5qH7mJVFN9c_50.wav,22050,10.0,220500,0.094072,0.11725,1712.23,1402.0,3436.49,train
3RZySuDzocQ_10.wav,22050,8.942,197180,0.38761,0.077493,1883.42,2026.13,3794.31,train
xpF_Jeaj7cs_6.wav,22050,9.32,205508,0.077453,0.112682,2262.27,2207.22,4773.97,train
Fkn-poTw_gA_0.wav,22050,10.0,220500,0.048105,0.192939,2871.25,2083.16,5028.85,train
lC88ixbdMRg_10.wav,22050,10.0,220500,0.013755,0.174689,3031.43,2568.56,5937.64,train
0gFMr6JXl_w_0.wav,22050,9.868,217600,0.017432,0.328937,4454.75,3050.91,8188.18,train
C7sejflYcZs_110.wav,22050,10.0,220500,0.08966,0.107642,1606.33,1465.43,2802.01,train
ZgIIEC4ucfY_30.wav,22050,10.0,220500,0.111012,0.250374,3562.9,2559.19,6443.7,train
IGvEY3hk3jA_30.wav,22050,10.0,220500,0.111181,0.190434,3090.33,2586.06,5867.12,train
UhNx_8XfBZU_30.wav,22050,10.0,220500,0.013105,0.18898,3162.1,2571.79,6031.42,train
vx1fXUlKq1c_50.wav,22050,10.0,220500,0.027258,0.119388,2240.48,2109.34,4311.96,train
vdSK384ryqk_40.wav,22050,10.0,220500,0.063261,0.2344,3436.86,2830.81,7019.45,train
d2bt6zjAn98_11.wav,22050,9.457,208522,0.110256,0.080487,1098.34,842.86,1928.44,train
QWVZ3oMc4g0_20.wav,22050,10.0,220500,0.205496,0.067418,1562.22,1881.46,2797.69,train
5dbqeGeiJRk_30.wav,22050,10.0,220500,0.119425,0.106333,1903.9,1881.89,3474.61,train
jtNFoSt3CnE_360.wav,22050,10.0,220500,0.040287,0.115377,2056.23,2027.16,3739.33,train
3igrbjfZK8I_150.wav,22050,10.0,220500,0.078197,0.087595,1974.73,1977.66,3971.0,train
_x3ZIDZ5H7U_20.wav,22050,10.0,220500,0.179185,0.11363,2190.13,2249.03,4334.42,train
FAls--7IZVc_10.wav,22050,10.0,220500,0.056408,0.256983,3391.06,2343.92,5906.14,train
bUTcnZVinI4_20.wav,22050,9.542,210408,0.16899,0.083825,1081.96,808.63,1808.84,train
6GoVkgP11Vk_40.wav,22050,10.0,220500,0.048563,0.156419,2586.15,2183.35,4580.88,train
CmQbwCoETV4_30.wav,22050,10.0,220500,0.138044,0.119002,2306.46,2293.11,4596.29,train
gFbRgyVBh6s_0.wav,22050,9.381,206848,0.145808,0.128983,2253.4,2249.82,4606.35,train
WNO1ww03e48_0.wav,22050,10.0,220500,0.306746,0.046067,1353.35,1671.81,2615.09,train
F-sD5yDsgw8_260.wav,22050,10.0,220500,0.160979,0.103006,2072.14,2093.22,3850.95,train
_S9Y5fjx2gU_0.wav,22050,10.0,220500,0.067467,0.185659,2871.74,2380.1,5422.47,train
HoaxukWXD50_490.wav,22050,10.0,220500,0.01538,0.250297,3686.26,2611.08,6629.43,train
LoznR11z7xs_30.wav,22050,10.0,220500,0.044584,0.082654,1355.77,1286.0,2273.23,train
cMHXRNkXEHY_310.wav,22050,10.0,220500,0.099084,0.149568,2833.93,2681.64,6057.77,train
CDe-9GSCPYY_30.wav,22050,10.0,220500,0.191319,0.101645,1926.28,1841.27,3838.03,train
j5doZO5z5f4_420.wav,22050,10.0,220500,0.185802,0.027466,1125.62,1812.01,2260.89,train
59i0XdKqAco_0.wav,22050,10.0,220500,0.139667,0.114166,1333.1,1042.69,2513.76,train
ISfC4vydjwE_190.wav,22050,10.0,220500,0.019275,0.332497,4269.25,2783.72,7627.3,train
6l977AV8L2I_10.wav,22050,10.0,220500,0.163631,0.074539,1177.27,977.09,1974.88,train
kr1_xaCaKhQ_260.wav,22050,10.0,220500,0.016946,0.20198,3357.84,2688.27,6324.59,train
fXnUSRC9fz0_130.wav,22050,10.0,220500,0.089854,0.098989,1572.64,1303.48,2938.33,train
5VpqTTkY0oI_70.wav,22050,10.0,220500,0.048794,0.180311,3131.94,2915.89,6737.32,train
jFa7ZNvN1AM_0.wav,22050,10.0,220500,0.019698,0.141864,1770.41,1251.44,3337.67,train
1Ih7bls7x_o_30.wav,22050,9.655,212884,0.037112,0.143143,2141.91,1721.51,3981.91,train
c42dYb7aSZQ_60.wav,22050,10.0,220500,0.02103,0.209104,3721.5,3133.94,7877.18,train
0oRteObBDbQ_30.wav,22050,10.0,220500,0.438406,0.003083,287.45,999.02,233.94,train
Eszp5LIOQbU_320.wav,22050,10.0,220500,0.005642,0.239678,3481.33,2765.32,6915.56,train
6hr40Jq2uYs_9.wav,22050,9.739,214734,0.07698,0.103533,1377.5,1265.52,1775.18,train
3SmHxJPP3d8_30.wav,22050,10.0,220500,0.006458,0.262668,3975.38,3028.58,7589.16,train
XCbppNJsSOw_240.wav,22050,10.0,220500,0.206802,0.163829,2411.49,1727.89,3966.58,train
221Ia1cD5dQ_22.wav,22050,10.0,220500,0.114676,0.109829,1270.82,665.34,1982.13,train
4C7zRL0dVgE_30.wav,22050,10.0,220500,0.01178,0.156054,2717.49,2458.47,4772.48,train
a9D1zIyHzzo_140.wav,22050,10.0,220500,0.17771,0.127555,2355.73,2428.82,4943.94,train
o5gijQ5ARyU_22.wav,22050,9.835,216852,0.016812,0.311715,3580.18,2437.95,5952.71,train
21E8DIlkPiQ_0.wav,22050,10.0,220500,0.088859,0.061958,1503.19,1804.15,3246.44,train
2O0hvFquU9w_30.wav,22050,10.0,220500,0.160189,0.080018,1846.47,2225.79,3783.15,train
2MwHuCr40FI_30.wav,22050,10.0,220500,0.125313,0.143354,2455.09,2277.56,4713.12,train
3mDxeEJddS4_70.wav,22050,10.0,220500,0.034099,0.068751,1234.62,1300.03,2621.21,train
Ml71RlZHkoE_10.wav,22050,10.0,220500,0.268261,0.103573,2165.06,2401.08,4713.45,train
JOM42NjFRx8_30.wav,22050,10.0,220500,0.07685,0.037344,1129.46,1724.98,2368.18,train
asuUzPoPaK4_90.wav,22050,10.0,220500,0.292177,0.103717,2379.43,2344.7,5264.27,train
xBZX87GeKnQ_30.wav,22050,10.0,220500,0.178063,0.069045,1291.95,1421.65,2588.78,train
f6mpbTYJnRE_0.wav,22050,10.0,220500,0.072059,0.072841,1241.2,1304.27,2096.69,train
eAroMk9QxuY_20.wav,22050,10.0,220500,0.190489,0.116707,1814.21,1801.45,3264.0,train
2A56AIgnGCI_30.wav,22050,10.0,220500,0.085204,0.130731,2424.51,2259.04,4792.04,train
jrcztZFdGEk_30.wav,22050,10.0,220500,0.016497,0.214165,3171.94,2505.88,5928.28,train
IwFoArJmZp0_80.wav,22050,10.0,220500,0.274155,0.182537,2655.87,2195.86,5002.6,train
nhsnimSMYeY_220.wav,22050,10.0,220500,0.132265,0.193161,2787.76,2445.26,5479.93,train
weMBWk8YFas_10.wav,22050,10.0,220500,0.057327,0.022343,1185.53,1132.6,2504.77,train
bXruldMwxXA_590.wav,22050,10.0,220500,0.030304,0.256634,3430.52,2404.89,6249.92,train
hFHkJ2qWm90_10.wav,22050,10.0,220500,0.184485,0.09016,1710.25,1809.69,3316.04,train
-i8bUT9k9FU_30.wav,22050,10.0,220500,0.020383,0.068503,2393.22,2804.93,5621.76,train
KqoJoaTao2o_30.wav,22050,10.0,220500,0.02086,0.083658,1862.58,2285.12,4981.54,train
tTZ1oT2n-rM_60.wav,22050,10.0,220500,0.199071,0.158288,2493.09,2219.38,4898.4,train
3Idd9xddseo_30.wav,22050,10.0,220500,0.123057,0.099746,1586.38,1426.0,2959.97,train
H-tENDuYa68_400.wav,22050,10.0,220500,0.02134,0.012844,2219.67,2596.44,5585.59,train
8jZqvyhz41s_30.wav,22050,10.0,220500,0.004346,0.074763,1629.26,1678.51,3739.71,train
N9nb4Hdurc8_30.wav,22050,10.0,220500,0.169887,0.253455,3941.76,2977.63,7547.89,train
DOeiwQctLKo_30.wav,22050,10.0,220500,0.077419,0.19898,3099.74,2475.25,5562.74,train
e6TvkVgQgAc_30.wav,22050,10.0,220500,0.062237,0.076698,1624.23,1911.16,3064.08,train
XA8h6PZBAxg_20.wav,22050,9.629,212312,0.183306,0.134604,2360.1,2074.0,4390.62,train
dd4YbjCwhCs_30.wav,22050,10.0,220500,0.177866,0.134306,1708.68,1058.71,2827.64,train
MDjRHyDp7T8_30.wav,22050,10.0,220500,0.039164,0.100859,2253.14,2410.68,4916.79,train
XhfhDOZn5RQ_30.wav,22050,10.0,220500,0.088816,0.129288,1623.06,839.77,2410.82,train
C_dI36bQE9Y_30.wav,22050,10.0,220500,0.141836,0.085306,2166.36,2596.45,6148.38,train
EVTlrnwI0F8_290.wav,22050,10.0,220500,0.095858,0.291962,3168.58,1979.18,5524.37,train
WCELiwfouYY_40.wav,22050,10.0,220500,0.053755,0.10946,2431.4,2389.96,4829.13,train
nSWWMGRKYgc_30.wav,22050,10.0,220500,0.00382,0.07426,1442.53,1744.48,2450.81,train
vBEZeQphLK8_30.wav,22050,10.0,220500,0.187053,0.168152,2025.67,1009.04,2518.49,train
qFo8120CI1E_60.wav,22050,10.0,220500,0.007842,0.145513,2759.68,2682.75,6293.22,train
RL3AOSwgl4U_480.wav,22050,10.0,220500,0.036822,0.174754,3344.3,2952.88,7145.25,train
KkDE2h0srw4_460.wav,22050,10.0,220500,0.086876,0.249607,3909.35,2980.11,7466.85,train
_T4WWWxCzwk_100.wav,22050,10.0,220500,0.218327,0.088773,1529.75,1531.75,2658.43,train
tOz2pLtJo8g_30.wav,22050,10.0,220500,0.127009,0.080419,1223.72,1057.13,2111.28,train
gm7Jtl2_Mm0_20.wav,22050,10.0,220500,0.037613,0.259697,3674.34,2588.8,6656.56,train
YDL6s0vEe4o_260.wav,22050,10.0,220500,0.126072,0.152151,2491.74,2197.87,4470.66,train
XGEKJjy7Yp0_220.wav,22050,10.0,220500,0.031375,0.149993,2819.59,2477.97,5436.53,train
bs0msZ9B2c0_110.wav,22050,10.0,220500,0.044459,0.155252,3095.46,3077.22,7014.05,train
o0PXesn8ePY_0.wav,22050,10.0,220500,0.076003,0.107356,2397.36,2759.62,6108.09,train
Ubz-zCifh_U_0.wav,22050,10.0,220500,0.053081,0.185847,3310.42,2800.2,6632.0,train
0gfxwS7Wla8_30.wav,22050,10.0,220500,0.131363,0.134619,1867.63,1413.8,3240.92,train
gXlGXE1Y5HE_30.wav,22050,10.0,220500,0.001739,0.17776,3897.99,3263.21,8136.8,train
cL1K_I5-iRg_310.wav,22050,10.0,220500,0.092695,0.161138,2569.79,2308.43,5001.12,train
_NZF6kpW7Jw_60.wav,22050,10.0,220500,0.077448,0.110921,1994.65,1895.04,3725.59,train
__S_-8seNfY_30.wav,22050,10.0,220500,0.095232,0.214498,3100.38,2381.98,5855.06,train
o1ufdG8Xn9Y_20.wav,22050,10.0,220500,0.064739,0.347537,4097.39,2668.76,7280.62,train
5Va6_5kQUik_10.wav,22050,10.0,220500,0.046947,0.054834,1112.5,1522.44,1976.56,train
2gKE-OenU_M_0.wav,22050,10.0,220500,0.00532,0.196036,3096.27,2816.34,6518.96,train
6b8CP_WyNgM_20.wav,22050,10.0,220500,0.1057,0.124245,1584.39,976.57,2512.34,train
__1zYI_2aCg_80.wav,22050,10.0,220500,0.018025,0.170093,2582.84,2116.21,4556.9,train
Le72jLfurio_90.wav,22050,10.0,220500,0.111958,0.25431,3261.37,2051.22,5427.49,train
a2m3IAC7D2A_0.wav,22050,10.0,220500,0.018938,0.305984,4421.09,3279.62,8421.43,train
3Lt4DW42PhA_70.wav,22050,10.0,220500,0.011548,0.070903,1856.31,2428.27,4299.0,train
ED6mF2hT3kM_15.wav,22050,9.109,200850,0.15197,0.121654,1540.93,876.41,2408.1,train
kL9q-0t8jDU_330.wav,22050,10.0,220500,0.169328,0.320578,4429.77,3059.64,8122.49,train
p1FIXwm6v5M_0.wav,22050,10.0,220500,0.027827,0.091718,2028.18,1453.68,3559.52,train
6ICx1mk144o_24.wav,22050,9.13,201312,0.052407,0.135189,1677.5,1238.27,3212.98,train
3axGw_lln4I_0.wav,22050,10.0,220500,0.052044,0.16277,2356.65,2245.13,4354.73,train
-mvGA8duqKM_29.wav,22050,9.708,214054,0.244602,0.132533,2362.01,1955.78,4515.27,train
4KwY_Fk2vUs_10.wav,22050,10.0,220500,0.154326,0.079782,1946.85,2103.64,4117.41,train
SHA0im4Hv4I_0.wav,22050,10.0,220500,0.082483,0.219415,3411.92,2538.13,6396.54,train
PRqAEQSUnQ0_15.wav,22050,9.016,198802,0.048098,0.128326,1826.92,1513.18,3711.07,train
nVJE3YxT9Pk_30.wav,22050,10.0,220500,0.01658,0.233886,3687.86,2868.03,7115.17,train
HVnBrWyzHZQ_30.wav,22050,10.0,220500,0.117233,0.063042,2019.94,2716.83,4991.36,train
ns6btoVV_pA_20.wav,22050,10.0,220500,0.209724,0.108222,1349.26,1079.12,2716.63,train
CBXD2Fa5U6g_40.wav,22050,10.0,220500,0.057726,0.132494,2443.37,2302.77,4954.14,train
Fwpkvzgp2zg_160.wav,22050,10.0,220500,0.022789,0.203416,3347.43,3108.32,7269.35,train
0ZK6_CXsJDI_290.wav,22050,10.0,220500,0.023465,0.174886,3421.53,3140.05,7319.12,train
nnH_LZEXn3w_0.wav,22050,10.0,220500,0.079374,0.085993,1573.42,1822.22,2642.04,train
gpoR3TYXbYI_40.wav,22050,10.0,220500,0.079754,0.144708,2153.91,1579.12,3983.17,train
8biGeE3ccKo_230.wav,22050,10.0,220500,0.132005,0.217508,3068.27,2131.52,5368.09,train
QafkL-gRZ7Q_10.wav,22050,10.0,220500,0.104413,0.164221,2820.36,2416.45,5413.38,train
3zjEv0432zQ_480.wav,22050,10.0,220500,0.090372,0.094534,1793.49,1838.59,3301.82,train
7pJWnCNU1ZI_30.wav,22050,10.0,220500,0.077902,0.163384,2615.29,2447.61,5198.0,train
26VQH-Lwqbw_120.wav,22050,10.0,220500,0.058694,0.273537,3827.23,2869.45,7308.97,train
aEhzR9WHUjM_30.wav,22050,10.0,220500,0.176979,0.079844,1438.79,1605.75,2684.71,train
1SxUdsWVkkI_190.wav,22050,10.0,220500,0.016244,0.187638,3390.68,2792.8,7119.52,train
8MYw75Fu49M_30.wav,22050,10.0,220500,0.031834,0.18328,2735.91,2243.27,5535.98,train
c-nntqpQFng_13.wav,22050,9.541,210390,0.046258,0.09776,1517.95,1420.05,3256.83,train
ZM5F0jE-M0Y_30.wav,22050,10.0,220500,0.042323,0.217718,3287.66,2761.52,6764.3,train
vJ9VcdldUV8_240.wav,22050,10.0,220500,0.117618,0.093506,2272.61,2572.83,4969.5,train
mv-qKpqfZZo_10.wav,22050,10.0,220500,0.182425,0.120815,2320.25,2376.01,4635.76,train
yVsUbk7LRRc_20.wav,22050,10.0,220500,0.003228,0.214216,3532.43,2969.4,7157.67,train
9jDfLBPWwZM_30.wav,22050,10.0,220500,0.083954,0.147752,2465.83,2140.34,4400.89,train
3d1o7VwKlBY_100.wav,22050,10.0,220500,0.061752,0.246138,3620.65,2356.19,6374.88,train
obrxszHCAHY_0.wav,22050,10.0,220500,0.019709,0.196245,2845.55,2213.19,5022.38,train
kF1qc5X-bD8_10.wav,22050,10.0,220500,0.105675,0.216396,3191.62,2463.06,6012.66,train
YNtsSM4xJpQ_30.wav,22050,10.0,220500,0.206329,0.041263,1038.92,1240.19,2327.66,train
t3SuuIO38tQ_100.wav,22050,10.0,220500,0.107937,0.181365,2901.43,2468.44,5494.16,train
Ti3wsf3_B_I_400.wav,22050,10.0,220500,0.051971,0.266824,2829.16,1726.74,5030.0,train
kSCRypenZ70_20.wav,22050,10.0,220500,0.151094,0.195352,2460.05,1318.55,3809.43,train
YiYaugaTSEQ_0.wav,22050,10.0,220500,0.070985,0.172807,2517.93,1564.59,3885.77,train
2lZUArWN-e8_10.wav,22050,10.0,220500,0.091325,0.145289,2735.12,2669.89,5761.33,train
evN6q7IZaUU_70.wav,22050,10.0,220500,0.074847,0.290329,3892.18,2722.19,6941.98,train
m1lAISBFvxE_30.wav,22050,10.0,220500,0.120313,0.10147,1936.56,1954.17,3560.82,train
NZcBb5jN_Ao_130.wav,22050,10.0,220500,0.022149,0.528485,5783.39,2930.91,9048.89,train
2GV3c4LbGYY_9.wav,22050,9.13,201310,0.016344,0.176359,2444.47,2437.97,5285.17,train
rp9hS-spj9o_30.wav,22050,10.0,220500,0.194437,0.104142,1551.84,1153.26,2260.09,train
50pkWIETtQY_590.wav,22050,10.0,220500,0.371581,0.547849,5793.23,2791.01,8675.73,train
UgHPa5seWxc_460.wav,22050,10.0,220500,0.014834,0.129798,2134.07,2022.6,3923.01,train
TnE7Vro8tjY_26.wav,22050,9.312,205340,0.05375,0.207799,2332.1,1451.16,3813.79,train
7y21-_sqBmM_350.wav,22050,10.0,220500,0.064904,0.242671,3533.89,2656.41,6670.65,train
54qTNlHjZRw_20.wav,22050,9.977,219992,0.021606,0.180326,2808.07,2343.96,5513.53,train
5Qe278oWs2I_30.wav,22050,10.0,220500,0.005773,0.17732,3019.37,2715.0,6286.12,train
Vq9EK1C1BUk_60.wav,22050,10.0,220500,0.019044,0.340499,4358.88,2897.63,7814.08,train
aSfsceegEXQ_30.wav,22050,10.0,220500,0.011797,0.041217,1456.21,2361.52,3257.36,train
8Xdq4cSpwl4_90.wav,22050,10.0,220500,0.097143,0.308364,4279.06,3054.87,7929.24,train
FflwiVhxKhM_30.wav,22050,10.0,220500,0.016176,0.141189,2528.86,2264.93,5280.66,train
vwq-WnWDgsU_0.wav,22050,9.427,207872,0.021594,0.133596,2473.16,2480.37,5141.3,train
A0H2b4vjyPs_18.wav,22050,9.818,216476,0.177627,0.045294,884.59,1071.08,1663.81,train
e2gwCDJ_N9w_30.wav,22050,10.0,220500,0.032539,0.278003,4278.14,3053.31,7879.3,train
S0WPUrjbRpk_30.wav,22050,10.0,220500,0.177342,0.324162,4260.87,2875.66,7652.48,train
mvxTFTjY374_30.wav,22050,10.0,220500,0.108531,0.2727,3123.65,1896.79,5048.06,train
gWg33ZXPL6E_110.wav,22050,10.0,220500,0.07058,0.072047,2023.73,2221.62,4356.38,train
96XKVzjjkCY_30.wav,22050,10.0,220500,0.074139,0.063635,1616.71,2159.68,3233.2,train
Ck73aGaZ6H0_30.wav,22050,10.0,220500,0.103707,0.041027,1368.79,1830.85,3656.4,train
Wn_lNBCvVJk_470.wav,22050,10.0,220500,0.003359,0.304914,4512.58,3330.34,8699.04,train
mKE6pYSCt-w_400.wav,22050,10.0,220500,0.013751,0.162829,2767.07,2458.26,5460.42,train
sxEb-1EHKrM_30.wav,22050,10.0,220500,0.020637,0.20358,2630.61,1930.94,4854.86,train
F70jwOzlryo_0.wav,22050,10.0,220500,0.148798,0.224998,2364.66,1046.37,3263.38,train
T4nLF-qr864_0.wav,22050,10.0,220500,0.020682,0.150652,2923.17,2577.12,5962.8,train
ceZhZH4fwyw_30.wav,22050,10.0,220500,0.112211,0.175984,2768.77,2384.98,5146.49,train
w1-tB1cnlkI_40.wav,22050,10.0,220500,0.061714,0.080417,1430.57,1273.15,2704.42,train
FXxw9egS-_0_17.wav,22050,9.169,202174,0.03053,0.340995,4368.78,2938.03,8153.26,train
Yn-q47jAYfg_30.wav,22050,10.0,220500,0.005016,0.070608,2160.43,2501.21,4534.24,train
jcTkTVfbfkw_20.wav,22050,10.0,220500,0.049031,0.132095,1949.83,1702.93,3663.92,train
09pbvSZmkZE_350.wav,22050,10.0,220500,0.178793,0.274914,3939.45,3022.69,7776.46,train
M5mdcGgbGsA_0.wav,22050,10.0,220500,0.032458,0.219551,3405.48,2687.44,6492.04,train
P0Rc9VqEdPI_20.wav,22050,9.605,211800,0.009427,0.235314,3596.63,2879.79,7212.32,train
CFn0ZewLo7o_220.wav,22050,10.0,220500,0.109568,0.176797,3064.77,2778.88,6831.55,train
Ev9wU0Obs74_24.wav,22050,9.53,210128,0.010059,0.110504,2299.65,2364.29,4675.09,train
-gw9oWWCSgQ_30.wav,22050,10.0,220500,0.065855,0.11236,2539.96,2547.82,4994.73,train
fIGt19Bybu0_22.wav,22050,9.458,208548,0.061219,0.210996,2483.28,1604.68,4504.53,train
-JuG0h0qgpQ_30.wav,22050,10.0,220500,0.387174,0.075369,1814.84,2176.3,3478.71,train
5HMsRlqxlsA_30.wav,22050,10.0,220500,0.092834,0.154239,2292.28,1939.72,4118.36,train
1_vBCN7D6Tw_29.wav,22050,9.401,207286,0.13477,0.123178,1468.97,826.46,2334.62,train
g3XiH-Eo3YA_0.wav,22050,3.304,72848,0.164292,0.342244,3810.78,1673.37,5417.18,train
MfeKOe3M7nY_30.wav,22050,10.0,220500,0.064565,0.196025,3061.93,2596.32,5990.73,train
3M0Mel3TvT8_300.wav,22050,10.0,220500,0.038955,0.142586,2128.08,1580.03,3975.25,train
Zo_SZB_gq_A_250.wav,22050,10.0,220500,0.198422,0.074434,1645.13,1806.65,3215.79,train
Qh2WSqKnQds_100.wav,22050,10.0,220500,0.168386,0.075164,1491.89,1770.81,2870.46,train
w9YXkwgA6zE_150.wav,22050,10.0,220500,0.09654,0.077934,1489.79,1518.8,2850.68,train
KVngY3Vfpso_30.wav,22050,10.0,220500,0.060658,0.165988,2513.37,2078.35,4379.98,train
mTj239BOX7s_10.wav,22050,10.0,220500,0.048844,0.143064,2496.36,2203.67,4768.03,train
bQP3zmPLXl4_0.wav,22050,5.248,115712,0.217511,0.186883,3013.72,2625.74,5981.3,train
mgBC829bN4U_50.wav,22050,10.0,220500,0.008532,0.18615,2393.44,1957.36,4809.42,train
dR3laaqKAjQ_30.wav,22050,10.0,220500,0.154423,0.070324,1913.51,2510.93,4582.05,train
ULNCRk6CmwM_30.wav,22050,10.0,220500,0.034849,0.104419,1762.18,1640.7,3886.19,train
1ntQTwKIELA_30.wav,22050,10.0,220500,0.016262,0.007274,1992.06,2858.35,5223.5,train
-0kJ0SVWD7E_30.wav,22050,10.0,220500,0.06974,0.171644,3230.05,2791.28,6330.54,train
3oQOehR1qj8_180.wav,22050,10.0,220500,0.084077,0.107614,1804.25,1705.45,3100.08,train
DMtxOWGoerQ_400.wav,22050,10.0,220500,0.029733,0.326068,4054.52,2340.25,6493.53,train
4Yu2Bc-kQu4_70.wav,22050,10.0,220500,0.017079,0.105723,2327.59,2377.23,4686.62,train
3QOZzr4qCsg_20.wav,22050,10.0,220500,0.0444,0.039576,1413.07,1432.86,2931.29,train
-3wwAuNmuBM_0.wav,22050,10.0,220500,0.086484,0.120864,2853.22,2661.27,6320.52,train
3-b4JyVmlQY_0.wav,22050,10.0,220500,0.004141,0.337184,4166.31,2579.91,7105.58,train
sF9h67Gk9vM_30.wav,22050,10.0,220500,0.348461,0.11877,1814.65,1266.06,2885.27,train
3-NKtXRGX-w_30.wav,22050,10.0,220500,0.038655,0.135213,2050.58,1893.16,3544.49,train
9tl364q0XO4_21.wav,22050,9.042,199366,0.17272,0.090161,1628.38,1643.84,2975.42,train
660FUDNnYy4_30.wav,22050,10.0,220500,0.08497,0.239757,3301.42,2223.44,5763.03,train
OdI7pVNXzss_27.wav,22050,9.409,207466,0.028384,0.092735,1880.88,1658.48,4034.03,train
6oJeeOZFzyY_20.wav,22050,10.0,220500,0.349485,0.333723,4373.04,2752.33,7879.53,train
BskkWY3rKcM_0.wav,22050,6.362,140288,0.080207,0.027092,1690.76,2409.34,4066.41,train
kBJ4yKHDbK8_20.wav,22050,10.0,220500,0.063053,0.275139,3744.82,2721.06,6863.05,train
wAVnE5iffkQ_15.wav,22050,9.678,213394,0.122106,0.137801,2296.64,1851.46,4283.35,train
NNwUsYf1RMc_30.wav,22050,10.0,220500,0.04497,0.192711,3432.18,2618.15,6476.77,train
Oceb2JMUNWE_40.wav,22050,10.0,220500,0.024309,0.177689,2852.49,2460.73,5468.46,train
d3-Vex9teik_570.wav,22050,10.0,220500,0.115096,0.191111,3221.77,2707.61,6108.66,train
u1s8Us_Kuhc_540.wav,22050,10.0,220500,0.021933,0.227941,2312.54,1022.0,3434.05,train
7wq4rT5P8M0_0.wav,22050,8.313,183296,0.11071,0.098863,1455.74,1503.39,3396.82,train
6-zT4FujSbo_0.wav,22050,6.734,148480,0.007313,0.089419,1664.72,1652.47,3285.11,train
a8Cu_dYTIvE_80.wav,22050,10.0,220500,0.049691,0.156727,2031.96,1589.9,3924.46,train
dLc_WI25dao_90.wav,22050,10.0,220500,0.036794,0.090802,2690.54,2776.42,6060.4,train
dhE9n_uDb9s_0.wav,22050,10.0,220500,0.197269,0.125602,2001.9,1665.53,4060.93,train
cxrmIwo31Pc_390.wav,22050,10.0,220500,0.121014,0.035442,1028.79,1438.18,2040.83,train
lSehNb7YKLM_60.wav,22050,10.0,220500,0.15741,0.263753,3858.03,2949.0,7423.76,train
niEkcwBWYAQ_30.wav,22050,10.0,220500,0.094655,0.047053,1019.03,976.28,2077.13,train
-rIGbmbw9LQ_26.wav,22050,9.452,208412,0.252827,0.230812,3172.23,2482.2,5986.31,train
uRirG4V8djI_20.wav,22050,10.0,220500,0.13986,0.068303,1566.15,1714.69,3179.39,train
FT5GPw53hBk_30.wav,22050,10.0,220500,0.091957,0.246598,3505.49,2675.44,6688.71,train
RVncJlX4m98_30.wav,22050,10.0,220500,0.039554,0.165164,2781.65,2511.21,5460.42,train
TZl1VI1z91o_30.wav,22050,10.0,220500,0.011055,0.157962,1697.88,1564.64,3788.49,train
50UkIXNt9M8_30.wav,22050,10.0,220500,0.016716,0.17237,2308.4,1384.25,4094.38,train
BzhpTFnkKzc_30.wav,22050,10.0,220500,0.035303,0.094415,2069.92,2240.76,4098.88,train
5Ij70k0DbcY_1.wav,22050,9.426,207838,0.104219,0.126438,2100.98,1761.79,3873.96,train
zwz2DAZr-UE_50.wav,22050,10.0,220500,0.018104,0.07946,1898.76,2148.93,4519.27,train
8GZsAjbtfTA_200.wav,22050,10.0,220500,0.1576,0.134531,2392.86,2289.84,4683.67,train
-pkU5qPn0k0_30.wav,22050,10.0,220500,0.020218,0.03743,1554.29,1363.54,3134.33,train
U7_7cSmfkrE_20.wav,22050,10.0,220500,0.066229,0.101416,2342.28,2645.64,5242.54,train
2UqkPdlcL9M_160.wav,22050,10.0,220500,0.234453,0.118447,2436.73,2608.16,5084.13,train
nNT8vJM1OSI_180.wav,22050,10.0,220500,0.136111,0.175601,2519.58,1748.54,3924.41,train
O0A3MF9qGlI_590.wav,22050,10.0,220500,0.12078,0.10474,1641.8,1738.48,3020.52,train
Yt45JOQbJVY_10.wav,22050,10.0,220500,0.684542,0.103328,2011.81,1717.04,3963.31,train
VQoWluXuhXQ_30.wav,22050,10.0,220500,0.007247,0.133187,2644.43,2701.01,5778.74,train
gtbHgnyFvto_30.wav,22050,10.0,220500,0.496452,0.101403,1594.4,1303.5,2969.21,train
4TzN2wpqy0A_30.wav,22050,10.0,220500,0.040491,0.078542,1430.71,1544.8,2700.89,train
PkC0OMmGSr8_27.wav,22050,9.966,219754,0.002625,0.042901,573.55,338.9,985.24,train
vuRva4IENlw_260.wav,22050,10.0,220500,0.061849,0.163231,2345.18,2065.68,4461.57,train
OOgeh8YW6no_5.wav,22050,9.977,219990,0.113796,0.261387,3565.48,2202.51,6052.01,train
cOOntskO0FU_100.wav,22050,10.0,220500,0.01013,0.068716,1285.61,1374.64,2275.52,train
6DTeHzw60XY_25.wav,22050,9.482,209070,0.387111,0.171984,2137.0,1288.83,3382.53,train
6cJyzbRtFMs_11.wav,22050,9.944,219274,0.084924,0.17983,2028.51,1215.19,3457.11,train
rZcMke011A4_2.wav,22050,9.442,208204,0.028301,0.063223,1744.4,2211.94,3784.69,train
bU6QuWXxzMU_10.wav,22050,10.0,220500,0.076228,0.172835,2022.67,1172.23,3413.44,train
NDpgcZTRjnY_110.wav,22050,10.0,220500,0.199968,0.119862,2163.67,2143.39,4217.46,train
-Uu-nbxVnZ8_17.wav,22050,9.61,211902,0.176583,0.100996,1866.79,1943.38,3587.8,train
kTRBwINawT4_120.wav,22050,10.0,220500,0.018715,0.076824,1426.32,1381.38,3138.18,train
P76w5Dd5OXY_0.wav,22050,10.0,220500,0.061843,0.057413,1338.36,1593.81,2891.64,train
HDs5Qv3x3ME_30.wav,22050,10.0,220500,0.163159,0.105464,2166.74,2165.22,4384.78,train
8UiMa-0E2ic_30.wav,22050,10.0,220500,0.013679,0.121422,2686.99,2895.63,6267.39,train
3IQyb-CglDM_7.wav,22050,10.0,220500,0.250662,0.210296,3207.91,2303.71,5855.88,train
4Q_Leqvy3zw_30.wav,22050,10.0,220500,0.108775,0.223735,2643.2,1671.84,4609.85,train
1PAhGhQcnVo_19.wav,22050,9.955,219514,0.198351,0.094401,1826.0,1883.97,3333.08,train
FXs4e1eYDY8_30.wav,22050,10.0,220500,0.078828,0.041046,1041.56,1539.25,1920.75,train
_UQ6k1JjGBM_1.wav,22050,9.077,200158,0.277421,0.0752,1906.18,2248.32,4747.41,train
gQJxC5za-EY_60.wav,22050,10.0,220500,0.117966,0.155023,2837.91,2497.78,5402.49,train
cMka3CZalLg_30.wav,22050,10.0,220500,0.119379,0.14257,2322.06,1916.55,4114.99,train
R2sAyJqYa4I_30.wav,22050,10.0,220500,0.030889,0.11381,2467.77,2664.02,5581.42,train
5uhqGTX7gU4_30.wav,22050,10.0,220500,0.067754,0.09261,1691.62,1722.85,2887.35,train
R0vd_vcsV18_170.wav,22050,10.0,220500,0.057657,0.104996,1903.98,1707.93,3497.77,train
NJ2Ynb5vA8k_20.wav,22050,10.0,220500,0.034457,0.182664,3265.34,2714.23,6274.91,train
0yW5XUGJsOU_8.wav,22050,9.995,220400,0.014957,0.080021,1788.75,2114.43,3553.05,train
20xXS-iNBy0_30.wav,22050,10.0,220500,0.160121,0.174626,3106.56,2936.45,6744.11,train
YTzuf6Anybs_10.wav,22050,10.0,220500,0.115129,0.15167,2378.31,2097.83,4240.79,train
HXXDweXiqVs_100.wav,22050,10.0,220500,0.038105,0.131762,2617.5,2645.62,5681.79,train
qqR385oOU6U_130.wav,22050,10.0,220500,0.282329,0.22782,3783.4,3123.38,7604.14,train
Hmbf4bxX3NY_30.wav,22050,10.0,220500,0.093262,0.12149,2261.2,2222.73,4435.12,train
BJRgQVjjyxg_170.wav,22050,10.0,220500,0.168372,0.022333,853.94,1615.59,1478.82,train
Z-IOYyWdid0_230.wav,22050,10.0,220500,0.025852,0.148191,2871.08,2545.48,5750.11,train
QbAbkq4M9So_130.wav,22050,10.0,220500,0.095473,0.067401,1840.01,2305.0,4312.96,train
9qbdZ1fal6Y_30.wav,22050,10.0,220500,0.083578,0.075016,1844.42,1880.57,3440.54,train
E_yXPsuMjNk_170.wav,22050,10.0,220500,0.091134,0.173392,2670.53,2136.16,4810.62,train
6VyEec2Gmqs_30.wav,22050,10.0,220500,0.091279,0.109621,1499.54,1129.01,2923.54,train
8dt542vT-34_7.wav,22050,10.0,220500,0.072735,0.332464,4171.47,2400.22,6990.22,train
-_s6pMwvP4w_30.wav,22050,10.0,220500,0.304824,0.145061,2580.25,2444.7,4843.1,train
73JnnGCf4mY_30.wav,22050,10.0,220500,0.104532,0.146322,2702.31,2255.38,5056.66,train
XfwuQxn-F7A_30.wav,22050,10.0,220500,0.023161,0.469081,5316.04,3168.2,9030.86,train
QvalCfCRy14_9.wav,22050,9.065,199886,0.002418,0.250852,3849.04,3115.41,7695.45,train
Mz5hfFG1SN8_70.wav,22050,10.0,220500,0.087409,0.221119,2704.78,1747.81,4801.43,train
xcPDjIjzS6o_30.wav,22050,10.0,220500,0.019147,0.14608,2574.22,2437.59,5530.96,train
wGIJx6_PwuY_25.wav,22050,9.233,203582,0.009246,0.119574,1511.95,1137.33,2919.7,train
h1xpXSYZNd8_40.wav,22050,10.0,220500,0.069348,0.14418,2888.14,2924.72,6681.04,train
tOjS48vniFE_120.wav,22050,10.0,220500,0.290024,0.163444,2687.21,2361.18,5204.24,train
E8RZxA3-qvg_50.wav,22050,10.0,220500,0.017252,0.244872,3441.04,2594.36,6326.04,train
6fsncX9S8d4_30.wav,22050,10.0,220500,0.014754,0.161937,3100.9,2832.81,6559.76,train
n71ngCb5dVg_0.wav,22050,8.684,191488,0.155133,0.03027,1339.71,2163.14,3006.67,train
ceIFbXtedZw_20.wav,22050,10.0,220500,0.212334,0.128639,1949.82,1581.17,3179.1,train
x6RGwQAoxrM_30.wav,22050,9.051,199572,0.188605,0.103156,1519.06,1519.24,2291.16,train
KkDHsXEUV-g_30.wav,22050,10.0,220500,0.053919,0.077939,1757.68,2133.13,3792.19,train
0OXjB095bFQ_16.wav,22050,8.968,197744,0.106748,0.059284,1323.69,1788.0,2341.47,train
2JcGLmqBSZc_11.wav,22050,9.161,202010,0.098608,0.045389,1786.33,2390.49,4513.55,train
MFijEwIWeLA_80.wav,22050,10.0,220500,0.119028,0.068423,1547.83,1877.94,3321.76,train
bFI6S3hlIC4_160.wav,22050,10.0,220500,0.21418,0.080099,2070.07,2230.87,4319.98,train
rTWWqky66Mc_5.wav,22050,9.071,200022,0.01921,0.118756,1916.26,1674.7,3130.85,train
MZYj7t63YTw_30.wav,22050,10.0,220500,0.019784,0.450454,4437.69,2500.44,6762.8,train
tn2fHYvuTTA_30.wav,22050,10.0,220500,0.002248,0.144215,2578.09,2312.1,5701.8,train
pW5SI1ZKUpA_30.wav,22050,10.0,220500,0.127279,0.107302,2216.09,2416.6,4210.72,train
pOeuUNhe5u8_130.wav,22050,9.9,218300,0.018536,0.227338,3634.79,2586.34,6554.29,train
BPfxvhTrLZc_30.wav,22050,10.0,220500,0.08677,0.100818,1996.56,2130.23,4043.22,train
PQdCwPszArA_0.wav,22050,9.759,215184,0.577016,0.102396,1649.75,1307.25,2622.09,train
uVtFdTXubYg_30.wav,22050,10.0,220500,0.192503,0.223253,3440.97,2702.31,6461.91,train
j6l0birqeig_30.wav,22050,10.0,220500,0.086576,0.148154,2073.54,1717.45,3728.24,train
1HRCHKszOtY_7.wav,22050,9.032,199154,0.154035,0.232293,3036.47,1741.55,4399.28,train
C-nVtSmHVZs_30.wav,22050,10.0,220500,0.093256,0.119888,2317.83,2385.96,4581.53,train
jYBvCgrwwTU_30.wav,22050,10.0,220500,0.08134,0.114854,2545.16,2591.19,5489.04,train
oU6g6yjScv4_30.wav,22050,10.0,220500,0.043743,0.34854,4033.03,2501.1,6847.63,train
xc4CqZhaYMM_30.wav,22050,10.0,220500,0.106402,0.092932,1908.18,1692.7,4063.28,train
Un9KyXPmJAA_60.wav,22050,10.0,220500,0.083038,0.127489,1794.41,1461.18,3567.92,train
tzzbVV0v8Gk_30.wav,22050,10.0,220500,0.041941,0.048564,1654.28,2319.19,3954.77,train
hI85pEeELDs_40.wav,22050,10.0,220500,0.053293,0.131405,1767.48,1309.93,3160.91,train
zb09UpHHBcs_30.wav,22050,10.0,220500,0.033545,0.152609,2343.61,2002.67,4156.33,train
iaxWN-WvUr0_440.wav,22050,10.0,220500,0.145971,0.076662,1480.64,1623.44,2237.9,train
4ivFJOMviDc_6.wav,22050,9.332,205764,0.046156,0.184517,2960.69,2613.66,5941.96,train
8H50Ydt4p-w_60.wav,22050,10.0,220500,0.059047,0.085109,1863.52,2124.79,3768.66,train
BjkP5h6mHjc_30.wav,22050,10.0,220500,0.019215,0.005608,1970.44,2972.49,5733.78,train
xf5VkVCqOb0_30.wav,22050,10.0,220500,0.030408,0.088062,1980.58,2032.88,3707.71,train
hykjtWv85bM_30.wav,22050,10.0,220500,0.08673,0.177754,2942.46,2555.95,5763.6,train
HxOPF7Cuj1U_40.wav,22050,10.0,220500,0.115154,0.082607,1965.19,2129.26,3861.91,train
4X-ww8A3BUc_6.wav,22050,9.023,198964,0.092551,0.105821,2380.77,2429.7,4850.06,train
2LfQrLUf7Mk_23.wav,22050,9.781,215682,0.217669,0.078419,1368.79,1296.04,2746.78,train
7vJTlX6IFIw_25.wav,22050,9.064,199854,0.005793,0.302598,4219.76,3136.39,8061.16,train
MZhiYTwsqbE_30.wav,22050,10.0,220500,0.058994,0.149496,2674.22,2580.52,5679.0,train
UOTgPrcb6wU_17.wav,22050,9.378,206782,0.161291,0.140672,2866.35,2673.23,5891.57,train
1VyUmkngG5g_10.wav,22050,10.0,220500,0.043229,0.16542,2667.67,2254.13,4800.63,train
fNayGC9dTNo_30.wav,22050,10.0,220500,0.034383,0.096523,2134.53,2546.64,4605.66,train
K-5WW5yhFGU_10.wav,22050,10.0,220500,0.010108,0.129958,2227.2,1920.52,3942.97,train
EMe412ht2x4_250.wav,22050,10.0,220500,0.061809,0.136407,2349.31,2227.13,4526.09,train
KVQMmYxghwg_190.wav,22050,10.0,220500,0.137924,0.224207,3958.42,3239.04,7954.65,train
-bLuB5eSKww_30.wav,22050,10.0,220500,0.007,0.045583,1400.16,1915.13,3101.21,train
IPFoC5PngdQ_40.wav,22050,10.0,220500,0.129891,0.041226,1142.85,1517.06,2460.01,train
u4DZ-coW_mw_140.wav,22050,10.0,220500,0.03754,0.357613,4405.26,2791.01,7594.6,train
mG93c0yy_TM_40.wav,22050,10.0,220500,0.121593,0.162689,2963.95,2670.11,5920.23,train
MgmR0sa84Eo_330.wav,22050,10.0,220500,0.014095,0.116985,2876.08,2903.12,6235.26,train
fNDJB5xuOx8_30.wav,22050,10.0,220500,0.029728,0.32247,4508.89,2929.09,7788.97,train
52o-9D111kA_30.wav,22050,10.0,220500,0.079197,0.07456,1539.23,1875.88,2813.36,train
nkOXb95N0LU_20.wav,22050,10.0,220500,0.093205,0.228765,3332.45,2426.47,6196.02,train
DQVec4M-mOk_30.wav,22050,10.0,220500,0.015922,0.120824,2635.38,2617.31,5434.34,train
w4BVEfIuAi8_29.wav,22050,9.266,204326,0.126032,0.162208,3154.98,3036.25,7217.01,train
D_ybMMBhBWQ_180.wav,22050,10.0,220500,0.1195,0.076496,1627.63,1672.26,2789.15,train
BBA9EeARN-U_30.wav,22050,10.0,220500,0.074633,0.229223,3698.86,2906.22,7290.66,train
CZVMFTPG_RE_30.wav,22050,10.0,220500,0.061948,0.183751,1937.45,1280.39,3226.01,train
Ua2CegFu_cY_160.wav,22050,10.0,220500,0.044285,0.315883,4368.68,2762.55,7625.7,train
BO6t_yaF-vM_20.wav,22050,10.0,220500,0.028989,0.276235,3807.86,2739.96,7070.26,train
8UE6vSgDI0A_170.wav,22050,10.0,220500,0.107255,0.082786,1715.1,2213.36,3799.76,train
Xc3d0olG5JE_50.wav,22050,10.0,220500,0.010659,0.468868,5046.0,2890.08,8039.93,train
mvJ6UAiJFdc_10.wav,22050,10.0,220500,0.083884,0.22809,3458.72,2770.5,6731.37,train
nadPhSGvWEA_10.wav,22050,10.0,220500,0.007725,0.12876,1712.38,1307.76,2957.79,train
1uXY5hYWOkU_280.wav,22050,10.0,220500,0.009441,0.22256,3326.47,2433.83,5899.77,train
mejvNAhSIxo_160.wav,22050,10.0,220500,0.053257,0.254869,4028.85,3068.87,8026.39,train
vpJb95YJonw_280.wav,22050,10.0,220500,0.206825,0.140583,2031.77,1724.05,3289.41,train
I7C5bYtSbcw_30.wav,22050,10.0,220500,0.068258,0.079015,1237.55,1087.62,2549.29,train
RebokBKRtXU_390.wav,22050,10.0,220500,0.061102,0.18629,2916.08,2491.95,5869.87,train
Dw4L8iXhcxo_400.wav,22050,10.0,220500,0.105191,0.060027,1387.15,1666.33,2575.87,train
eDKtmv_Tz78_30.wav,22050,10.0,220500,0.130226,0.477883,4975.83,2421.86,7432.35,train
QuaL4OLoK10_200.wav,22050,10.0,220500,0.157223,0.117433,2379.16,2209.49,4698.98,train
-8z7eJDWf9U_30.wav,22050,10.0,220500,0.15843,0.020679,1256.6,1589.58,3192.33,train
Z1ofRtPkGlw_70.wav,22050,10.0,220500,0.260024,0.091167,2088.08,2259.3,4029.58,train
FOVehMph9ec_0.wav,22050,10.0,220500,0.079765,0.020475,248.13,92.09,269.79,train
f1OutJcUoj4_170.wav,22050,10.0,220500,0.056978,0.193785,3132.73,2674.09,6410.5,train
GVJiiriWWWM_30.wav,22050,9.474,208900,0.034858,0.080492,1262.2,1004.45,2366.05,train
wI8Q_d2n68w_20.wav,22050,10.0,220500,0.140098,0.115809,2296.08,2494.63,4751.29,train
ldj4cQtZMxU_280.wav,22050,10.0,220500,0.065084,0.297779,2970.18,1497.34,4611.98,train
29btFLxZNs4_0.wav,22050,10.0,220500,0.205502,0.190374,3031.55,2066.0,5473.48,train
mOKuKkGrRvw_30.wav,22050,10.0,220500,0.058133,0.387983,5026.34,3788.76,9928.76,train
iaaEMm9q8ZU_430.wav,22050,10.0,220500,0.028342,0.10598,2746.96,2793.74,6142.16,train
5wKq9Ki22ms_30.wav,22050,10.0,220500,0.019943,0.068929,1857.73,2182.41,3722.57,train
01TCDVlMtD0_6.wav,22050,9.023,198964,0.114677,0.100041,1576.92,1284.06,3087.19,train
RANeQQ7A_Rc_120.wav,22050,10.0,220500,0.047593,0.247093,2521.92,1207.97,3465.82,train
orEreKc1ODk_60.wav,22050,10.0,220500,0.008159,0.202767,3315.85,2828.75,6717.68,train
XY3b87uFxvM_30.wav,22050,10.0,220500,0.103011,0.127364,2634.72,2706.96,5793.88,train
-EijLRKj2n4_30.wav,22050,10.0,220500,0.207546,0.096118,1817.34,1840.71,3526.35,train
mV58dcLWQo0_0.wav,22050,5.417,119440,0.058106,0.228105,2379.24,887.11,3160.37,train
t3is3BOvGjg_30.wav,22050,10.0,220500,0.051298,0.198379,3216.31,2727.98,6428.69,train
7QR1yoLEcxU_30.wav,22050,10.0,220500,0.091145,0.093485,1677.75,1531.69,3503.19,train
2HsPBSFzVi8_30.wav,22050,10.0,220500,0.137763,0.582167,6336.2,2572.91,9303.57,train
1Ao-4EnELLo_30.wav,22050,10.0,220500,0.094569,0.10035,1931.7,2077.15,3743.95,train
QsjdfTMv2Dw_130.wav,22050,10.0,220500,0.034967,0.242087,3443.49,2567.87,6634.87,train
XS2IhwiGp5M_40.wav,22050,10.0,220500,0.152037,0.213977,3164.65,2419.88,5895.15,train
Evn7moC9baU_30.wav,22050,10.0,220500,0.089671,0.166431,1763.77,1028.83,2792.7,train
wM9gAE0zJLE_130.wav,22050,10.0,220500,0.027481,0.245747,4158.6,3056.24,7975.6,train
8syXR-zCbLE_20.wav,22050,10.0,220500,0.215488,0.203023,3342.99,2943.2,7092.77,train
3q8x5-tmsIk_90.wav,22050,10.0,220500,0.297394,0.127734,2081.77,1987.59,3858.89,train
bg_0hOZ3tTk_170.wav,22050,10.0,220500,0.005219,0.26172,3885.55,2944.21,7731.82,train
aQpF1ZGvuIY_9.wav,22050,9.088,200398,0.152587,0.122035,1500.41,1067.6,2874.98,train
7Wy2zOtJUy0_330.wav,22050,10.0,220500,0.058752,0.256403,3796.63,2678.52,7020.15,train
yXaWv7CrW0I_160.wav,22050,10.0,220500,0.008753,0.286994,4653.37,3012.83,8364.78,train
53-SyQ0_FY0_30.wav,22050,10.0,220500,0.159817,0.10507,2179.52,2202.56,4469.61,train
HpsJycI17mk_30.wav,22050,10.0,220500,0.093122,0.136934,2115.26,1734.16,3375.02,train
1EsH7PypJg0_30.wav,22050,10.0,220500,0.119543,0.170025,2416.83,1818.02,3870.48,train
zEaj4xA1M_8_10.wav,22050,10.0,220500,0.097234,0.241766,3324.57,2190.92,5428.49,train
piWiJChTqr4_30.wav,22050,10.0,220500,0.126579,0.0801,2003.35,2600.94,3841.88,train
1ZiXPon3VD0_30.wav,22050,10.0,220500,0.092716,0.105789,2267.34,2190.5,4360.25,train
HnZ7u9kSJJI_510.wav,22050,10.0,220500,0.088184,0.025818,1028.48,1776.17,1978.28,train
5z1pjiR_Y4g_190.wav,22050,10.0,220500,0.157214,0.278327,4184.07,2675.51,7866.44,train
JVwzCCfRrmY_150.wav,22050,10.0,220500,0.093258,0.176287,3565.26,2945.56,7153.77,train
mRCStcXV9QY_0.wav,22050,10.0,220500,0.159301,0.123244,2336.41,2312.14,4614.43,train
MSgqjTfCf2I_30.wav,22050,10.0,220500,0.00203,0.057942,1105.33,1248.84,2281.2,train
58a9VzKMucg_30.wav,22050,10.0,220500,0.178507,0.110621,1704.72,1459.85,3190.79,train
dYPobMZe9g8_570.wav,22050,10.0,220500,0.126413,0.134363,2395.6,2622.97,4793.91,train
TiADaGCVmQk_30.wav,22050,10.0,220500,0.258746,0.075479,1691.21,2254.03,3296.13,train
yLNzXZhOHzk_70.wav,22050,10.0,220500,0.141282,0.385657,4470.99,2794.76,7595.45,train
bXpJMLpD0NM_100.wav,22050,10.0,220500,0.132587,0.088555,1715.27,1831.89,3579.26,train
I52xp1z6Rpo_25.wav,22050,9.093,200510,0.187311,0.197659,2977.73,2217.58,5357.68,train
moATs0X9fR0_30.wav,22050,10.0,220500,0.049968,0.064357,1367.02,1355.43,2912.7,train
3ygXuqLp2Hs_30.wav,22050,10.0,220500,0.022172,0.205434,3162.78,2572.12,5975.16,train
mXxR3j-zfno_110.wav,22050,10.0,220500,0.065299,0.054279,1228.05,1436.27,2304.58,train
yFBZBncyrss_30.wav,22050,10.0,220500,0.028436,0.379593,4696.62,3083.71,8695.32,train
ChNWetbt6Xo_20.wav,22050,10.0,220500,0.077206,0.176041,3522.94,3402.78,8112.45,train
WjSEjjI9YkE_180.wav,22050,10.0,220500,0.004667,0.241782,3936.38,3266.2,8437.52,train
XtHQOVetJ4g_520.wav,22050,10.0,220500,0.148357,0.26577,3886.8,3025.29,7667.19,train
B4Aas8bd_Zg_30.wav,22050,10.0,220500,0.18568,0.122281,2343.0,2400.52,5010.99,train
x4FghVAPnN8_30.wav,22050,10.0,220500,0.073401,0.138956,2528.27,2358.73,4773.95,train
pO5KOwlH8ms_20.wav,22050,10.0,220500,0.050439,0.035829,983.78,873.38,1887.58,train
5KdUJr8Jn_w_160.wav,22050,10.0,220500,0.050745,0.202583,3243.99,2829.52,6828.97,train
iHK8hs7vpAE_30.wav,22050,10.0,220500,0.089652,0.173509,2332.56,1996.07,4643.68,train
Jnhd7LQne2g_90.wav,22050,10.0,220500,0.173596,0.205742,3341.42,2893.48,7000.89,train
X05RTKXM-bE_10.wav,22050,10.0,220500,0.051732,0.084571,1167.27,772.14,1863.05,train
VuAy-H3erxk_30.wav,22050,10.0,220500,0.108253,0.141241,2637.14,2682.88,6147.45,train
MEvBur7P9oE_260.wav,22050,10.0,220500,0.057511,0.226806,3249.29,2930.51,7056.57,train
eTqnf8scKBc_440.wav,22050,10.0,220500,0.134055,0.304981,4386.06,2865.42,7598.9,train
r4HX0Bh8iEA_30.wav,22050,10.0,220500,0.234283,0.035091,881.16,902.52,1861.9,train
HptCvAkQvNc_500.wav,22050,10.0,220500,0.074266,0.060725,1462.06,2088.26,3235.45,train
ts6BI7XgblU_9.wav,22050,9.506,209614,0.038574,0.088103,1499.03,1193.66,2691.86,train
EQxLc4oDpgA_150.wav,22050,10.0,220500,0.029833,0.512734,5656.06,2755.43,8699.54,train
rM2DbKJQj5c_260.wav,22050,10.0,220500,0.014563,0.116612,2737.9,2904.44,6152.45,train
bWhY6kQun6M_150.wav,22050,10.0,220500,0.051632,0.272988,3771.07,2703.48,7005.86,train
xu3RzGDVG5U_240.wav,22050,10.0,220500,0.028774,0.174448,3037.38,2671.68,6092.92,train
5ApMCGHYrdE_20.wav,22050,10.0,220500,0.001263,0.350377,4224.52,2123.64,6327.54,train
cQeNLjYQgoA_0.wav,22050,10.0,220500,0.333987,0.312187,4492.33,2881.74,7804.16,train
WVQz8LM_SNI_70.wav,22050,10.0,220500,0.043032,0.233755,3639.33,2919.87,7206.88,train
ujhtWZWBVhc_40.wav,22050,10.0,220500,0.107703,0.209556,3044.78,2083.37,5341.96,train
V8hFwcxRaC0_380.wav,22050,10.0,220500,0.018719,0.106482,2758.53,3024.13,6465.56,train
II7uLXgHSD8_30.wav,22050,10.0,220500,0.084906,0.095126,1962.67,1670.5,3753.35,train
2eEeOLqSFJw_30.wav,22050,10.0,220500,0.02663,0.096744,1723.59,1761.96,3123.51,train
2E_JeRdGtqA_30.wav,22050,10.0,220500,0.128403,0.052502,1219.83,1621.5,2302.73,train
GKPXoKp1cH4_230.wav,22050,10.0,220500,0.169843,0.101097,1818.08,1932.58,3462.05,train
ZtMYudtYjFA_130.wav,22050,10.0,220500,0.117938,0.141005,2297.16,2126.63,4087.71,train
5ZpEnWaE6kU_30.wav,22050,10.0,220500,0.088185,0.146962,2148.49,1809.23,3707.41,train
rIVBzRMMYHk_290.wav,22050,10.0,220500,0.082177,0.149424,2327.41,1928.63,4095.86,train
hypntC4lw_c_130.wav,22050,10.0,220500,0.173267,0.062313,1535.41,1479.84,3173.67,train
W0s0_sY5azk_2.wav,22050,9.935,219068,0.063703,0.157427,3052.19,2973.88,6874.0,train
3LKkiKyWqlQ_30.wav,22050,10.0,220500,0.031486,0.567335,6257.23,2576.76,9190.98,train
4PwujznH_OQ_20.wav,22050,10.0,220500,0.021267,0.297293,3971.59,2933.85,7586.41,train
eImIuQYrxQ8_30.wav,22050,10.0,220500,0.026319,0.060381,1121.97,1053.33,2254.47,train
P0ITOoLOfVc_50.wav,22050,10.0,220500,0.1268,0.208461,3081.24,2442.21,5937.42,train
y1RCjoromiU_20.wav,22050,10.0,220500,0.038048,0.137574,2882.77,2745.91,6254.47,train
OMeKk17Q4XA_30.wav,22050,10.0,220500,0.170609,0.171,2986.11,2631.28,6207.01,train
Yh4trrun8Ow_30.wav,22050,10.0,220500,0.034076,0.194286,3026.92,2319.1,5711.69,train
_x2IR34med8_590.wav,22050,10.0,220500,0.023973,0.160851,2683.89,2476.93,5532.36,train
pg7rTxbeNrc_150.wav,22050,10.0,220500,0.034923,0.041223,1079.08,1679.84,1939.79,train
SBRWIKsCmUw_16.wav,22050,9.333,205792,0.106399,0.096378,1512.54,1386.98,3256.28,train
hYfOWKF7Hm4_0.wav,22050,10.0,220500,0.160404,0.316431,4166.84,2902.95,7847.2,train
Sl8fRWQrtzI_40.wav,22050,10.0,220500,0.098708,0.153891,2728.66,2569.76,5721.04,train
-m6qEAVp7ZE_30.wav,22050,10.0,220500,0.019149,0.136954,2933.31,2861.55,6451.97,train
1GOF_EEeO-0_250.wav,22050,10.0,220500,0.14044,0.356207,4517.06,2689.72,7701.89,train
IvNKRmwLqE4_200.wav,22050,10.0,220500,0.029529,0.107622,2244.2,2399.86,4713.62,train
hqoHu9GHJRc_30.wav,22050,10.0,220500,0.123528,0.131652,2060.48,1992.5,4158.78,train
eB_Lv1tbu1Q_490.wav,22050,10.0,220500,0.085328,0.036473,1099.94,1555.06,2273.4,train
8AsYvCXAWp0_14.wav,22050,9.406,207396,0.155208,0.106418,2004.75,1913.06,3977.78,train
P_dPUeqhDxQ_0.wav,22050,10.0,220500,0.557546,0.1834,3352.75,2682.3,6627.85,train
go8kFPaxTr0_30.wav,22050,10.0,220500,0.136368,0.081148,2476.66,2775.13,6086.0,train
QbfoKNSoIeU_130.wav,22050,10.0,220500,0.043079,0.16902,2924.39,2874.04,6512.72,train
i8cyZDqS6Pk_70.wav,22050,10.0,220500,0.035678,0.114928,2547.57,2724.45,5590.71,train
18vxquKjKUg_30.wav,22050,10.0,220500,0.042417,0.114797,2236.9,2320.25,4512.8,train
eCa9hIRMMQE_390.wav,22050,10.0,220500,0.119462,0.10534,1351.61,815.6,1972.71,train
um2aIBwnMII_0.wav,22050,3.204,70656,0.154284,0.064748,1053.72,957.61,1971.14,train
WXgF0HsPXZI_170.wav,22050,10.0,220500,0.144852,0.116438,2179.6,2069.97,4030.83,train
mpB3A6Itq5M_30.wav,22050,10.0,220500,0.092562,0.262447,3969.59,2930.87,7780.41,train
YWwjW23kWTg_30.wav,22050,10.0,220500,0.080894,0.066517,1303.02,1517.22,2535.0,train
nClF5ARHET8_270.wav,22050,10.0,220500,0.127637,0.112706,2451.15,2516.48,4959.51,train
4xak8Io_-kc_30.wav,22050,10.0,220500,0.135502,0.046196,1318.83,1077.55,2543.47,train
ebwqk3wufy0_40.wav,22050,10.0,220500,0.142687,0.03981,1264.89,1881.32,2598.17,train
QVAJJEqxvBU_0.wav,22050,10.0,220500,0.091859,0.347203,4405.0,2284.59,6721.51,train
T8zL9eEkKr8_70.wav,22050,10.0,220500,0.254889,0.056349,1383.49,1859.64,2670.89,train
EITWf_5bSKI_0.wav,22050,10.0,220500,0.173373,0.116295,2077.04,1846.62,3757.62,train
0puGHUeQmac_14.wav,22050,9.174,202276,0.128297,0.043672,1066.16,1380.38,2354.41,train
4wcuDrpl3v0_10.wav,22050,10.0,220500,0.051642,0.143611,3077.75,2874.27,6651.46,train
eF3HHWzWf3k_10.wav,22050,10.0,220500,0.016723,0.081115,2844.33,3213.69,7178.45,train
GUVpFZAsDrw_30.wav,22050,10.0,220500,0.075367,0.088619,1217.76,1367.44,1631.4,train
g0DEhzvCz_Y_10.wav,22050,10.0,220500,0.091065,0.103356,1276.1,1004.65,2524.83,train
Om9WWRiXaac_14.wav,22050,9.923,218804,0.014395,0.214966,3732.54,2699.73,7518.63,train
nOuXsagsLsA_10.wav,22050,10.0,220500,0.15152,0.142248,2282.37,1594.41,4007.47,train
0Q_TqcxGFck_0.wav,22050,10.0,220500,0.068826,0.147787,2255.07,1825.09,4182.56,train
Ejjl8Bt5nvY_30.wav,22050,10.0,220500,0.045887,0.136666,1776.5,1406.63,3451.48,train
K_8INlOfJ8M_130.wav,22050,10.0,220500,0.039943,0.275468,3912.19,2858.13,7382.32,train
sU5PnIdyhq0_0.wav,22050,10.0,220500,0.099434,0.296404,3816.47,2929.61,7502.45,train
jzXQRlLXBZw_40.wav,22050,10.0,220500,0.059041,0.139715,2433.68,2284.14,4956.36,train
2s1vvXDX0XA_30.wav,22050,10.0,220500,0.097451,0.147445,2377.94,2211.83,4583.37,train
dAS538mDytI_180.wav,22050,10.0,220500,0.032697,0.282607,2876.29,1469.45,4578.83,train
wFHK7FgqPBU_570.wav,22050,10.0,220500,0.025503,0.195493,3289.14,2895.31,6676.92,train
J-uLWxBsNwI_30.wav,22050,10.0,220500,0.019637,0.142339,2381.37,1625.55,4398.44,train
84zGjVikors_80.wav,22050,10.0,220500,0.147,0.129317,2271.55,2177.02,4396.02,train
XjYVDGaFlow_10.wav,22050,10.0,220500,0.041882,0.346833,3851.95,2694.5,6748.09,train
Z4Jpk-1NcAE_110.wav,22050,10.0,220500,0.130393,0.151976,2605.15,2209.18,4898.55,train
SmxtdGI7QGg_30.wav,22050,10.0,220500,0.017429,0.199912,2905.31,2374.86,5256.0,train
EEjHQgdcIqM_30.wav,22050,10.0,220500,0.132497,0.349768,4258.35,2827.94,7462.03,train
Sau7_32XJ_8_30.wav,22050,10.0,220500,0.019062,0.151681,2272.26,1912.22,4046.54,train
1Llg27u58Lw_80.wav,22050,10.0,220500,0.072486,0.155025,2069.42,1662.23,3721.5,train
7N2XCTjKTa8_30.wav,22050,10.0,220500,0.521834,0.107754,1563.01,1113.47,2150.82,train
SUIjCKgVT6M_30.wav,22050,10.0,220500,0.15871,0.157621,2557.56,2163.22,4776.7,train
T-LbLbwiOmA_21.wav,22050,9.836,216886,0.217433,0.042618,919.36,1292.1,1522.84,train
I-TmrVPReVc_0.wav,22050,10.0,220500,0.16257,0.10341,1378.31,984.16,2004.46,train
Hq46Ab2SoAA_140.wav,22050,10.0,220500,0.026502,0.110329,2305.53,2621.62,4629.76,train
3Pi6SX2atCE_6.wav,22050,10.0,220500,0.273285,0.244885,3217.11,2329.02,5698.95,train
bmhZK1yfbFA_50.wav,22050,10.0,220500,0.10304,0.07536,1501.17,1720.92,2963.91,train
2X3D54iHi3A_20.wav,22050,10.0,220500,0.089929,0.159182,2169.91,1726.78,4006.42,train
T1Nh5a7dbDI_30.wav,22050,10.0,220500,0.038092,0.217328,3260.87,2792.19,6652.86,train
moXkrEGszIo_30.wav,22050,10.0,220500,0.169074,0.189967,2397.64,1584.97,4030.51,train
a-6me-fRSCM_30.wav,22050,10.0,220500,0.02907,0.099799,2000.41,2242.91,4104.57,train
a_RcFzOh86w_22.wav,22050,9.649,212756,0.062295,0.306754,4030.19,2651.48,7095.66,train
cjyrFE2cXOA_10.wav,22050,10.0,220500,0.279444,0.06492,1270.92,1186.07,2257.51,train
D6Zjieerjgc_240.wav,22050,10.0,220500,0.059879,0.304933,3510.14,1987.97,5851.19,train
TCg_1WDOVqQ_30.wav,22050,10.0,220500,0.064085,0.13005,3268.16,3217.86,7591.75,train
8SCc9vCu9Q0_0.wav,22050,10.0,220500,0.080537,0.159052,2728.96,2238.76,5294.59,train
CoH_sIyAxm4_0.wav,22050,10.0,220500,0.090976,0.124419,2525.65,2701.22,5699.33,train
DXhRR3-WoKg_30.wav,22050,10.0,220500,0.095932,0.083511,1938.68,2282.06,3822.82,train
_MHcfnXOgZ4_28.wav,22050,9.988,220232,0.044665,0.196542,2343.1,1653.81,4409.51,train
TnVHfPAz7qY_30.wav,22050,10.0,220500,0.168784,0.032323,1446.75,2298.48,3681.13,train
3hmNByluX_k_30.wav,22050,10.0,220500,0.215763,0.054196,1081.67,1272.39,2108.88,train
MeRto-2eq9g_0.wav,22050,10.0,220500,0.021959,0.06733,1032.83,917.59,1801.24,train
MJCrHvZZn2E_20.wav,22050,10.0,220500,0.13575,0.325982,3854.92,2364.86,6421.84,train
X93dN-IORpc_5.wav,22050,10.0,220500,0.715959,0.0,1281.45,2301.59,3047.3,train
X_Hz2bTBQqw_30.wav,22050,10.0,220500,0.045722,0.218668,2559.49,1653.72,4460.35,train
KYqt2NI7H84_30.wav,22050,10.0,220500,0.107134,0.036902,950.56,1474.03,1847.56,train
wqoaiokvzVs_60.wav,22050,10.0,220500,0.105062,0.230183,3036.39,2349.64,5569.18,train
MTnGqa0iwso_230.wav,22050,10.0,220500,0.022413,0.137624,2762.44,2595.62,5681.59,train
QIwbbJlt7m4_150.wav,22050,10.0,220500,0.07898,0.104731,1846.05,1854.25,3282.94,train
f4-1lc_P_eI_30.wav,22050,10.0,220500,0.033407,0.174029,2738.81,2512.28,5623.14,train
6KeBYn03Tjg_30.wav,22050,10.0,220500,0.15346,0.218742,3469.09,2851.09,7008.18,train
Drz6i_wZWTs_270.wav,22050,10.0,220500,0.023975,0.087183,2445.52,2773.5,5716.57,train
tE-UaKTa60Y_160.wav,22050,10.0,220500,0.157619,0.1214,2325.17,2241.04,4542.61,train
257OKP3ZLD0_30.wav,22050,10.0,220500,0.081309,0.183218,3099.78,2413.21,5649.89,train
tRdOv6KYRwk_120.wav,22050,10.0,220500,0.273836,0.170376,2717.01,2281.28,5055.88,train
udDTP5aXU0A_10.wav,22050,10.0,220500,0.336512,0.188496,2339.29,1724.74,4282.18,train
Iwski1PqrLU_30.wav,22050,10.0,220500,0.225642,0.034248,719.16,1073.59,1279.7,train
sCKYabFQfX4_0.wav,22050,9.892,218112,0.040601,0.516508,5736.67,2655.82,8822.89,train
UkILygj6ePc_270.wav,22050,10.0,220500,0.019377,0.258856,3581.39,2566.18,6632.93,train
aUapuAGhpqQ_60.wav,22050,10.0,220500,0.073719,0.164689,2320.49,2025.05,4259.68,train
BC7MflMEn_0_10.wav,22050,10.0,220500,0.057064,0.26666,3647.33,2496.35,6340.55,train
yXrjLDeWFwY_60.wav,22050,10.0,220500,0.111553,0.117959,2393.86,2309.56,4643.65,train
ISTNlP9opfM_26.wav,22050,9.395,207150,0.049476,0.066999,1095.35,968.64,2091.59,train
6D0buNf_xrU_30.wav,22050,10.0,220500,0.114486,0.123826,2218.62,2070.34,4349.41,train
k7qR1gWTP-M_40.wav,22050,10.0,220500,0.116468,0.127012,2444.57,2370.19,5037.47,train
-j8A1Tfhee8_20.wav,22050,10.0,220500,0.010356,0.311789,3816.15,2389.72,6548.47,train
_F4ki47rWQQ_270.wav,22050,10.0,220500,0.081834,0.02495,861.8,1530.17,1544.65,train
8dSgX-97EIo_14.wav,22050,9.203,202932,0.013306,0.147395,3042.51,2745.94,6557.48,train
SAdNAiPi2iU_10.wav,22050,9.551,210604,0.106567,0.091123,1317.15,1029.02,2575.31,train
Sg8itdrS7Ws_12.wav,22050,10.0,220500,0.050932,0.124463,1713.8,987.42,2755.78,train
DP_ZPAfVk_g_10.wav,22050,10.0,220500,0.07136,0.25766,3822.6,2640.5,6812.76,train
PRZPW9Z3cD8_30.wav,22050,10.0,220500,0.021923,0.168792,3043.94,2826.46,6484.89,train
JhFzvS9RYBk_0.wav,22050,8.661,190976,0.009776,0.129533,2570.76,2499.69,5718.76,train
fZuDgoCvRCA_30.wav,22050,10.0,220500,0.039448,0.078352,1875.05,2176.9,4053.79,train
RF6U3W-Gusg_340.wav,22050,10.0,220500,0.026364,0.363429,4625.93,2744.37,8012.4,train
YoHZp1JoubE_100.wav,22050,10.0,220500,0.126856,0.088897,2107.32,2271.26,4274.99,train
Eqj_DA4KVIA_0.wav,22050,6.508,143504,0.055292,0.061914,1011.17,947.11,1938.87,train
gw6Eqa8F-fA_30.wav,22050,10.0,220500,0.085435,0.11281,1849.99,1701.46,3267.28,train
tUyiTt3D45c_310.wav,22050,10.0,220500,0.060568,0.160643,2614.93,2360.08,4971.4,train
jYuP4z8ZQvM_40.wav,22050,10.0,220500,0.016158,0.286873,3189.84,1728.13,5132.12,train
6mBXQx14Luk_40.wav,22050,10.0,220500,0.005869,0.241757,3667.05,2988.8,7383.24,train
HUaLOg6_Hv4_190.wav,22050,10.0,220500,0.051451,0.0844,1737.31,1808.71,3354.71,train
1jLU6lA5j8U_30.wav,22050,10.0,220500,0.058028,0.114906,1641.96,1399.85,3246.92,train
-x8HgXnpf0s_0.wav,22050,10.0,220500,0.174903,0.05462,815.64,1025.7,1206.16,train
7EX6ZllXUrw_30.wav,22050,10.0,220500,0.06988,0.232414,3446.45,2839.89,6978.86,train
okPodOWzZJ8_160.wav,22050,10.0,220500,0.113587,0.21819,3344.88,2641.2,6345.28,train
-YllZM_CxsE_11.wav,22050,9.968,219786,0.13689,0.104558,1381.76,967.17,2329.39,train
2ZnUkaOOzrc_17.wav,22050,9.35,206158,0.363289,0.106839,1600.71,1218.59,2901.8,train
1wqNvvlXDwU_30.wav,22050,10.0,220500,0.065362,0.183284,2725.84,2160.12,4859.21,train
t7xEE1W7SyI_90.wav,22050,10.0,220500,0.117995,0.167181,2801.01,2285.77,5180.68,train
aSpJSJaxr80_30.wav,22050,10.0,220500,0.208618,0.083441,1446.18,1376.77,3000.63,train
281LLY_cDRw_9.wav,22050,9.739,214734,0.356812,0.055931,1511.86,1790.66,3377.89,train
GfQ238qemHM_30.wav,22050,10.0,220500,0.120228,0.073528,1720.17,2105.95,3516.98,train
dsSoThhkErM_60.wav,22050,10.0,220500,0.13588,0.471673,5537.13,2775.95,8776.98,train
hDAuZinh4gQ_80.wav,22050,10.0,220500,0.049771,0.264084,3708.16,2497.02,6424.76,train
XRPvLjVp6kg_250.wav,22050,10.0,220500,0.020699,0.272001,4015.48,3239.01,8412.86,train
bEW_u16rHW4_0.wav,22050,10.0,220500,0.100169,0.08329,1621.6,1772.58,2902.41,train
31KQ6osia_U_40.wav,22050,10.0,220500,0.124697,0.516885,5550.9,2487.37,8284.46,train
GUFPM74xbUo_0.wav,22050,10.0,220500,0.07469,0.128271,2518.57,2653.02,5529.74,train
wFzJTFtIoSA_390.wav,22050,10.0,220500,0.031578,0.226009,2767.5,1982.4,5028.85,train
SlxQXTFKjhw_30.wav,22050,10.0,220500,0.037497,0.284146,3311.28,2318.61,6141.93,train
z6HAjaTonaI_20.wav,22050,10.0,220500,0.027663,0.142441,1716.77,995.81,2813.31,train
eUc4QyYquZ8_260.wav,22050,10.0,220500,0.084899,0.086613,1982.16,2102.38,3954.82,train
23cYX9DvH10_3.wav,22050,10.0,220500,0.105758,0.240349,3572.16,2776.46,6940.91,train
DORlAPt9LNs_110.wav,22050,10.0,220500,0.062739,0.236116,3559.45,2795.4,6734.7,train
KYTuJyyCBmc_200.wav,22050,10.0,220500,0.031109,0.184812,3340.15,2709.7,6471.8,train
-ywydpvXI5g_17.wav,22050,9.633,212414,0.013314,0.019937,708.77,723.89,1532.59,train
GUkmB9NHgAo_30.wav,22050,10.0,220500,0.085559,0.556983,6154.15,3031.77,9394.72,train
g6Nm_oetWcU_10.wav,22050,10.0,220500,0.068836,0.091842,1907.05,2137.27,3850.9,train
WK4xb8wpNoM_0.wav,22050,10.0,220500,0.049917,0.283453,3988.88,2648.28,7076.65,train
FjcDI7b1NQM_11.wav,22050,9.452,208410,0.327924,0.078394,1235.11,955.22,2144.43,train
T5pnf_XWbcs_340.wav,22050,10.0,220500,0.021166,0.123671,2908.44,2670.01,6550.49,train
1JYxzfbWia8_30.wav,22050,10.0,220500,0.15895,0.053851,1402.48,1953.69,2913.65,train
f6LbyUkl_Vw_21.wav,22050,9.796,216006,0.324218,0.338849,3975.13,2351.85,6844.85,train
re2rDH0wI9M_40.wav,22050,10.0,220500,0.054761,0.09323,1670.25,1808.09,3156.46,train
aX9mCNLJYFU_220.wav,22050,10.0,220500,0.145982,0.047661,1321.97,1827.95,2555.18,train
7NtwA5j68dE_30.wav,22050,10.0,220500,0.269404,0.080437,1340.77,1506.48,2424.61,train
k6hZs9r4y7k_20.wav,22050,10.0,220500,0.184448,0.086418,1701.04,1969.23,3034.23,train
e4dFmZ2MOMQ_360.wav,22050,10.0,220500,0.11974,0.187273,2994.47,2345.93,5530.56,train
KnsHSyk_mG4_10.wav,22050,10.0,220500,0.114619,0.118465,2518.8,2341.54,5056.58,train
PkU94pw6cuU_0.wav,22050,10.0,220500,0.151786,0.129346,1727.42,1203.72,3045.55,train
9IhwuLSwKwc_30.wav,22050,10.0,220500,0.024331,0.250568,3729.52,2797.45,7133.31,train
wic9lTC_IhU_230.wav,22050,10.0,220500,0.034356,0.062516,1502.9,1885.21,2971.26,train
gH8IqM07ElA_29.wav,22050,9.568,210982,0.126517,0.04761,1287.64,1695.51,2799.66,train
LNPgF0YByaY_30.wav,22050,10.0,220500,0.051207,0.046779,1619.85,2272.38,3595.0,train
Et6nc4RXVYw_70.wav,22050,10.0,220500,0.451515,0.03627,901.49,1424.39,1468.3,train
mMOPhpQ7lLA_70.wav,22050,10.0,220500,0.061932,0.177355,3089.98,2662.63,6113.08,train
Vj4p7WyXe8Y_120.wav,22050,10.0,220500,0.060852,0.134529,2224.84,2092.18,4317.53,train
xgtDjXRF0s0_10.wav,22050,10.0,220500,0.150179,0.159475,2494.81,2152.72,4825.51,train
JpLlKddkw0s_210.wav,22050,10.0,220500,0.052421,0.115756,2556.35,2647.57,5408.21,train
6wLkNlvpmiI_0.wav,22050,10.0,220500,0.121764,0.06124,840.25,962.52,1580.72,train
9_O6dBepSs4_30.wav,22050,10.0,220500,0.173374,0.030677,725.45,1121.23,1157.57,train
bHI_TPxZWyg_10.wav,22050,10.0,220500,0.055099,0.165974,2661.95,2240.97,4932.65,train
6lx6VS1Q8oI_0.wav,22050,10.0,220500,0.140953,0.263721,3617.94,2594.38,6791.95,train
kcOAl9TbUfQ_30.wav,22050,10.0,220500,0.143478,0.081273,1193.74,1139.71,1526.81,train
wnAVG3uRAzU_260.wav,22050,10.0,220500,0.015926,0.161837,2589.08,2245.83,5185.85,train
FRXIO6whna8_160.wav,22050,10.0,220500,0.193166,0.105166,1922.34,1885.89,3152.69,train
tWWtjZL7ySo_50.wav,22050,10.0,220500,0.00365,0.144163,2546.26,2364.95,4634.73,train
tNw3q5qO9CA_360.wav,22050,10.0,220500,0.004648,0.088707,2449.17,3047.87,6342.65,train
VoP3RT0A0wI_30.wav,22050,10.0,220500,0.008501,0.270175,4112.81,3232.37,8324.58,train
yzQmvFyFM_g_20.wav,22050,10.0,220500,0.017386,0.183838,2037.24,1611.42,4031.38,train
KbgDRF-oWSo_0.wav,22050,10.0,220500,0.142808,0.106536,1905.08,1705.86,3626.45,train
2Sqmks0W87I_30.wav,22050,10.0,220500,0.155424,0.1491,2887.93,2822.02,6392.36,train
pspl5KAsrVk_250.wav,22050,10.0,220500,0.454215,0.110229,1513.34,1397.45,3034.58,train
XfSmYXPHJ8g_40.wav,22050,10.0,220500,0.052842,0.208246,3257.92,2710.29,6445.92,train
rTsGeNI9SXg_30.wav,22050,10.0,220500,0.147965,0.267084,4247.68,2740.37,7580.31,train
2ldRIrhgXrA_30.wav,22050,10.0,220500,0.074392,0.149271,2436.77,2129.75,4743.13,train
9HToNUtST6k_30.wav,22050,10.0,220500,0.01678,0.131398,2200.66,2012.15,4219.73,train
SCUYoQvO3Aw_10.wav,22050,10.0,220500,0.164384,0.162401,3137.07,3085.0,7095.14,train
H5_Gk4jG6zw_300.wav,22050,10.0,220500,0.073917,0.288445,3615.45,1984.82,5238.21,train
sF58_nk743Y_80.wav,22050,10.0,220500,0.114609,0.252208,2778.08,1434.18,4514.53,train
utFq8ojBI-s_20.wav,22050,10.0,220500,0.057608,0.430823,4913.21,2204.81,7202.58,train
hMIBoDepK9k_10.wav,22050,9.783,215705,0.175014,0.062814,944.05,774.86,1704.13,train
3np0JIU_wds_0.wav,22050,10.0,220500,0.247465,0.219164,2422.67,949.6,3226.03,train
E8cYv_4QvP8_250.wav,22050,10.0,220500,0.017736,0.108847,1640.3,1644.87,2836.99,train
-9ItWUeRHDw_30.wav,22050,10.0,220500,0.096754,0.01711,1188.17,2442.27,2492.73,train
0MUehcWX1OU_30.wav,22050,10.0,220500,0.069613,0.208658,3662.4,3227.88,7894.39,train
9y9Pdg3kxkA_30.wav,22050,10.0,220500,0.056869,0.102769,2085.6,2316.07,4194.7,train
8qw0ssKRMR4_350.wav,22050,10.0,220500,0.013307,0.117572,2073.92,2098.48,4213.99,train
9BD3sUcO5Lg_0.wav,22050,10.0,220500,0.514689,0.119935,2235.31,2208.98,4344.79,train
yXavVcAPMIA_30.wav,22050,10.0,220500,0.045211,0.217824,3357.82,3037.76,7069.29,train
KI6gKl6QXWU_150.wav,22050,10.0,220500,0.022701,0.144338,2474.67,2410.57,4945.49,train
nmRwh83HNDY_30.wav,22050,10.0,220500,0.182495,0.053364,1139.71,1567.45,1893.57,train
U-PxD3CENMI_10.wav,22050,10.0,220500,0.05359,0.076409,1227.15,1166.45,1992.22,train
1wDhX7N4oAc_30.wav,22050,10.0,220500,0.037789,0.079618,1779.45,2291.61,3892.41,train
cdoFU4pGFjg_14.wav,22050,9.099,200628,0.018698,0.089075,1162.31,881.25,2033.51,train
iN38yxY4MBk_20.wav,22050,10.0,220500,0.048262,0.095119,1875.33,2127.76,3720.62,train
ZQ5kk-oJ52k_28.wav,22050,9.663,213064,0.177648,0.066417,2789.52,3002.63,6767.13,train
NN81A3nl4r8_20.wav,22050,10.0,220500,0.039419,0.291349,4297.02,3123.83,8027.74,train
Qt3rQfAUKRo_0.wav,22050,7.0,154350,0.506672,0.021803,611.81,976.24,1025.32,train
LMWChGrPkEE_200.wav,22050,10.0,220500,0.16963,0.096984,2556.53,2992.64,6789.63,train
f3Q6UDmPHwA_500.wav,22050,10.0,220500,0.086327,0.210698,3613.05,2865.86,7092.37,train
t0cjqUr-5sU_270.wav,22050,10.0,220500,0.139614,0.093102,1919.45,2170.24,3874.4,train
U9C02HPFoWk_210.wav,22050,10.0,220500,0.155105,0.156694,2653.26,2269.27,4907.9,train
6O4Xz0D-HMo_30.wav,22050,10.0,220500,0.04613,0.037495,847.04,1201.59,1559.23,train
HG5k7XQATA4_20.wav,22050,10.0,220500,0.140546,0.126644,2278.18,2166.76,4581.85,train
3ucmEhJGEAM_20.wav,22050,10.0,220500,0.054237,0.047119,1042.21,988.4,2168.96,train
6xWdHhGJoUM_130.wav,22050,10.0,220500,0.004405,0.133282,3041.03,2871.03,6562.51,train
PhppImNn8lQ_30.wav,22050,10.0,220500,0.060453,0.179581,3471.91,3165.02,7312.35,train
QsNl3mVvTAg_21.wav,22050,9.72,214326,0.039423,0.122637,2109.58,2099.78,3998.75,train
hbDDvD_AyLg_30.wav,22050,10.0,220500,0.0619,0.15405,2575.8,2170.91,4646.83,train
JKjrMruPMPo_30.wav,22050,10.0,220500,0.166014,0.092828,1833.98,1826.56,3556.13,train
1c0OD8CbxwI_0.wav,22050,10.0,220500,0.010223,0.216266,3357.48,2823.28,6918.33,train
0euui6HTEP0_50.wav,22050,10.0,220500,0.095882,0.191907,3086.07,2694.0,6179.85,train
kgdHMQGa8WE_40.wav,22050,10.0,220500,0.162569,0.091371,2021.46,2019.31,4040.2,train
1QotaW2RHIY_30.wav,22050,10.0,220500,0.148333,0.071533,1449.46,1582.42,2907.81,train
gBUI6B1asww_30.wav,22050,10.0,220500,0.011933,0.04327,1283.16,1780.68,2970.23,train
fj1fknZPxUA_0.wav,22050,10.0,220500,0.103632,0.115458,1816.2,1606.16,3142.67,train
cNpdPMT8LtI_40.wav,22050,10.0,220500,0.097274,0.316489,4146.37,2821.07,7868.51,train
aAz0L4i3dvA_12.wav,22050,9.321,205539,0.051118,0.154587,1962.59,1359.46,3411.54,train
nZYtvwUDxC8_0.wav,22050,7.105,156672,0.158832,0.074352,1322.75,1481.96,2777.08,train
DYNbFbJDz8g_30.wav,22050,10.0,220500,0.122848,0.354448,4522.7,2715.65,7940.93,train
82bPKfjeFms_1.wav,22050,9.495,209374,0.088992,0.108114,1992.36,2024.41,3899.3,train
MsPigKzkBtQ_30.wav,22050,10.0,220500,0.182935,0.0354,874.26,1132.37,1842.26,train
ZwOFZeMSV00_190.wav,22050,10.0,220500,0.104238,0.202752,2991.71,2433.84,5564.16,train
ulR6LSsCE9U_20.wav,22050,9.124,201192,0.112742,0.149798,2372.7,2130.74,4489.12,train
aVkCOoCBCHo_280.wav,22050,10.0,220500,0.07822,0.317511,4641.01,2884.23,7795.17,train
A5NoMO57eNY_200.wav,22050,10.0,220500,0.071279,0.177569,3015.51,2675.59,6059.37,train
rlHLyZJsprQ_0.wav,22050,10.0,220500,0.213314,0.14676,2385.2,2172.06,5161.2,train
OmSnFvv7IfQ_60.wav,22050,10.0,220500,0.107691,0.063175,1911.42,2322.25,4213.06,train
tjEZ18ljkhg_10.wav,22050,10.0,220500,0.174006,0.096344,1627.48,1324.37,3060.94,train
KOHnEEAYj3w_30.wav,22050,10.0,220500,0.134186,0.052461,1073.91,1296.4,2136.21,train
ydTFISfwpRo_120.wav,22050,10.0,220500,0.208526,0.039078,1272.75,1761.47,2503.52,train
2GwjNM20Fcw_30.wav,22050,10.0,220500,0.131121,0.164322,2573.71,2173.85,4378.28,train
6pgkg0HLR7k_200.wav,22050,10.0,220500,0.132301,0.109145,2167.65,2193.96,4275.89,train
TRNwLd5YyO0_20.wav,22050,10.0,220500,0.07672,0.407614,4839.91,2771.36,8365.47,train
8YcqkC8izbU_350.wav,22050,10.0,220500,0.049464,0.248585,4038.68,2952.53,7466.95,train
tFY9fWAEyQo_560.wav,22050,10.0,220500,0.061234,0.175241,2956.69,2472.45,5556.87,train
CXcJ-Ar7pQ4_30.wav,22050,10.0,220500,0.06034,0.491116,5430.24,2929.59,9017.87,train
dHXffjaLT74_0.wav,22050,10.0,220500,0.088681,0.224518,2922.0,1745.23,4126.98,train
NYJ02QgAvQM_10.wav,22050,10.0,220500,0.157236,0.224629,3722.78,3024.03,7657.43,train
R9XTO8JwREY_20.wav,22050,10.0,220500,0.096066,0.346596,4227.61,2409.3,6680.24,train
fA1QuRf9WrA_130.wav,22050,10.0,220500,0.255022,0.074568,1935.81,2225.18,4322.15,train
Bsz_EfK5k1o_14.wav,22050,9.354,206260,0.062483,0.211981,2798.14,1920.39,5124.56,train
Y_7HipFNjVQ_30.wav,22050,10.0,220500,0.047964,0.150718,2435.05,2238.35,4676.08,train
QxG3N_sM2FY_80.wav,22050,10.0,220500,0.057455,0.303847,3860.44,2769.76,7057.15,train
Q4_Jbhr53CU_30.wav,22050,10.0,220500,0.06491,0.074837,2002.58,2570.63,4860.66,train
RbwZgw6sDDk_180.wav,22050,10.0,220500,0.076748,0.30238,4142.49,2907.89,7604.44,train
HKbLArTJLZg_60.wav,22050,10.0,220500,0.076213,0.071758,1503.53,2104.03,2963.79,train
EoKHnNIjUCI_0.wav,22050,10.0,220500,0.016468,0.196817,3143.75,2734.83,6143.16,train
3jZZdFS03QU_30.wav,22050,10.0,220500,0.060766,0.055887,1848.63,2415.96,4258.38,train
jQUs5XBoMNc_30.wav,22050,10.0,220500,0.086742,0.072773,1614.47,1939.17,3287.39,train
m_CHZlZS3Gg_130.wav,22050,10.0,220500,0.145997,0.044217,873.45,938.75,1986.25,train
q57e0-dc2w8_50.wav,22050,10.0,220500,0.163132,0.225063,3727.33,2824.07,7212.62,train
ukOdocDVd80_50.wav,22050,10.0,220500,0.028725,0.159245,1856.25,1452.65,3507.74,train
yA0i1MlSG0Q_100.wav,22050,10.0,220500,0.030526,0.242144,2899.22,2217.16,5537.56,train
3UsaSHr8pUo_30.wav,22050,10.0,220500,0.164231,0.118165,2662.43,2594.82,5547.7,train
-bC4kGIqPBw_5.wav,22050,9.021,198903,0.158079,0.086683,1721.5,1893.0,3656.83,train
7iYPc8k8vgg_10.wav,22050,10.0,220500,0.07126,0.188406,3135.71,2676.09,6220.9,train
yONDpRKZaIk_110.wav,22050,10.0,220500,0.082199,0.243928,3670.58,2912.67,7272.85,train
9s4V5Q-5z_c_0.wav,22050,10.0,220500,0.156414,0.114217,1790.93,1527.58,2814.95,train
s14yl4a5TAs_360.wav,22050,10.0,220500,0.053752,0.091267,1347.59,1004.33,2531.53,train
7l719cHDwzU_120.wav,22050,10.0,220500,0.095959,0.083793,2131.73,2537.97,5023.86,train
5OBUjQOrda0_30.wav,22050,10.0,220500,0.016242,0.124166,2429.62,2382.11,4765.86,train
FNgpEz3cxUU_21.wav,22050,9.859,217398,0.332902,0.077526,1152.53,931.68,2156.99,train
BZI0qgLfkms_30.wav,22050,10.0,220500,0.076519,0.114636,2305.09,2281.1,4559.27,train
VBQoc91hTV0_3.wav,22050,9.469,208794,0.011746,0.013018,426.95,552.73,1094.26,train
7MCuEQTGHd4_20.wav,22050,10.0,220500,0.060973,0.076943,1154.3,783.32,1925.17,train
OMu-1yoitj8_350.wav,22050,10.0,220500,0.061149,0.246187,3531.78,2684.33,6589.24,train
IeD1mYAws1U_7.wav,22050,9.007,198594,0.100722,0.155284,2671.49,2110.53,5272.89,train
NwecebbCWJk_30.wav,22050,10.0,220500,0.029565,0.184048,2585.82,1912.89,4917.54,train
PcOSBdO2bLk_30.wav,22050,10.0,220500,0.223937,0.09085,2000.52,2803.7,4972.4,train
_sQo3uFGkYY_50.wav,22050,10.0,220500,0.037874,0.10035,1875.82,1894.79,3673.88,train
417nxcIBISU_13.wav,22050,9.152,201798,0.185601,0.006468,935.55,1391.58,2430.74,train
-43v51oAu6I_1.wav,22050,9.008,198622,0.003724,0.098151,2250.85,2586.12,4934.35,train
1mPIAz2AB_8_30.wav,22050,10.0,220500,0.355842,0.046405,1010.55,1144.73,2444.97,train
Wy6Q2_ER90g_0.wav,22050,5.707,125840,0.26701,0.147584,2087.43,1518.12,3722.09,train
2l-hCWInP_s_0.wav,22050,4.546,100240,0.079406,0.118246,2036.02,1701.37,3876.2,train
cvzVrUDqxK8_30.wav,22050,10.0,220500,0.089469,0.081605,1721.33,1951.76,3426.93,train
L_ef3cFnySg_80.wav,22050,10.0,220500,0.044485,0.143043,2495.63,2281.39,4822.99,train
Cf2qhMu9PJk_50.wav,22050,10.0,220500,0.330497,0.027711,891.97,1205.52,1794.43,train
paR26bQMhGg_30.wav,22050,10.0,220500,0.002718,0.287236,3404.25,2439.44,6413.47,train
7WYI0WDS1hI_590.wav,22050,10.0,220500,0.090397,0.296516,3732.43,2381.21,6326.96,train
o0LupYYPblQ_10.wav,22050,10.0,220500,0.375995,0.103673,2084.08,2245.47,4195.13,train
25owg1Inr2c_30.wav,22050,10.0,220500,0.060182,0.138355,1608.89,792.37,2401.53,train
m1tMlY90b8A_80.wav,22050,10.0,220500,0.080097,0.057031,2065.64,2436.56,4688.19,train
h3mIWEyrYhE_130.wav,22050,10.0,220500,0.007309,0.101615,2256.66,2488.76,4894.63,train
MlvFfG-bqhA_30.wav,22050,10.0,220500,0.100359,0.021915,1108.21,1918.26,2304.5,train
cokqmHo5oiE_20.wav,22050,10.0,220500,0.138302,0.165073,2729.16,2365.15,4929.65,train
pR3pPJC5DFA_170.wav,22050,10.0,220500,0.021279,0.17185,2627.82,2249.1,4916.09,train
Jh_YkLhTszk_250.wav,22050,10.0,220500,0.100503,0.271711,3305.96,2704.1,6278.83,train
CNqgNhpU6Jw_30.wav,22050,10.0,220500,0.01558,0.157072,2703.18,2359.75,5396.27,train
IJVBKoau6g4_190.wav,22050,10.0,220500,0.581141,0.127371,2089.28,1737.11,3946.85,train
0CI2Av8piOQ_25.wav,22050,9.302,205118,0.150563,0.027403,621.78,1129.89,936.35,train
sgGYT95y538_140.wav,22050,10.0,220500,0.058029,0.149289,2812.73,2846.81,6494.93,train
O84JSX9EKnM_10.wav,22050,9.813,216380,0.23235,0.203529,3235.08,2483.47,6214.57,train
7tIqTGTvLPE_1.wav,22050,9.038,199278,0.023005,0.159489,2751.32,2409.89,5516.17,train
4-Nw8KU6f4o_130.wav,22050,10.0,220500,0.111229,0.171713,2639.09,2296.5,5232.54,train
VbeyOrfzLWw_140.wav,22050,10.0,220500,0.142665,0.067142,1316.54,1395.46,2963.39,train
xD7C5FxF0IQ_20.wav,22050,10.0,220500,0.084752,0.217566,2411.83,1515.45,4171.92,train
SjfNSmcSe4Q_420.wav,22050,10.0,220500,0.048751,0.276676,2835.04,1670.88,4716.75,train
rzMejTKs4Y4_460.wav,22050,10.0,220500,0.029287,0.217148,3475.03,2349.0,6066.07,train
VSJKA5dBm1A_140.wav,22050,10.0,220500,0.050263,0.388826,4648.75,2708.36,7649.93,train
iMoTVcvIlHo_30.wav,22050,10.0,220500,0.099464,0.109587,2074.63,1909.75,4508.08,train
KfDKSz31w-g_30.wav,22050,10.0,220500,0.100353,0.112953,1487.96,977.68,2519.41,train
NSj4xtuZGtQ_1.wav,22050,9.142,201582,0.181303,0.139983,2357.96,1975.48,4387.23,train
FFR_IWKAbsw_0.wav,22050,10.0,220500,0.07221,0.070702,1553.37,1543.13,3168.23,train
OGpvuc83H4E_190.wav,22050,10.0,220500,0.072969,0.196295,3145.79,2624.44,6256.14,train
J8HOfl5DyCQ_40.wav,22050,10.0,220500,0.114272,0.132296,1921.06,1647.99,3543.69,train
pMAh_Zk-P4k_130.wav,22050,10.0,220500,0.055755,0.146104,2469.69,2165.74,4703.56,train
VNzuBW7TAkQ_20.wav,22050,10.0,220500,0.123844,0.155652,1939.66,1158.05,3257.78,train
hetGyfo1NgY_330.wav,22050,10.0,220500,0.001912,0.254046,3701.85,2846.04,7209.9,train
IHOF9XEjvEc_30.wav,22050,10.0,220500,0.193076,0.185387,2038.71,1067.42,2813.33,train
YEkhUxkKt6U_40.wav,22050,10.0,220500,0.146226,0.145109,2638.58,2351.21,4981.04,train
xn-Y2HMiVQ0_10.wav,22050,10.0,220500,0.226621,0.12991,2396.4,2101.91,4715.9,train
isTj1wbqdX8_30.wav,22050,10.0,220500,0.039587,0.188035,2276.63,1562.04,3989.04,train
JBCucUJ9gnw_30.wav,22050,10.0,220500,0.018905,0.122946,2260.72,2156.02,4339.07,train
pIXUMUwAv5A_210.wav,22050,10.0,220500,0.036629,0.122573,2567.73,2623.38,5545.55,train
c3eUwfNDX44_180.wav,22050,10.0,220500,0.20826,0.099933,2159.09,2175.76,4042.95,train
6aURG-o7O-I_27.wav,22050,9.694,213754,0.051062,0.090497,1138.64,773.58,1922.84,train
GfLSS0wfzws_30.wav,22050,10.0,220500,0.099933,0.07153,1649.47,2017.57,3171.15,train
HfhTYH3pglw_30.wav,22050,10.0,220500,0.277694,0.145649,2818.62,2681.87,5775.74,train
L5NCveP6Tbc_480.wav,22050,10.0,220500,0.085816,0.397154,4738.18,2989.48,8462.07,train
1L8ciRtCm90_30.wav,22050,10.0,220500,0.019831,0.125801,2289.48,2337.78,4622.74,train
N-hMT3iIMQY_30.wav,22050,10.0,220500,0.168679,0.092591,1813.36,1710.38,3555.43,train
0ZRLe-CeYcw_0.wav,22050,10.0,220500,0.170966,0.10293,1556.93,1197.5,2822.97,train
tpBPyk7_8_A_10.wav,22050,10.0,220500,0.035744,0.112224,2958.65,2797.04,6233.54,train
Oe0EoAYBNes_30.wav,22050,10.0,220500,0.015014,0.043796,830.18,894.2,1434.71,train
CsEIYqI1qkY_7.wav,22050,9.695,213778,0.076206,0.214132,2857.57,1902.82,4774.88,train
X5XRKqzsKTE_60.wav,22050,10.0,220500,0.018252,0.1841,2771.19,2359.53,5178.64,train
CmaFHA-FjBI_30.wav,22050,10.0,220500,0.170359,0.022485,642.8,1028.73,1269.04,train
MjKSocnL3rA_30.wav,22050,10.0,220500,0.018608,0.107474,2362.82,2623.23,5639.63,train
fa8mwIroM0E_0.wav,22050,10.0,220500,0.022733,0.469543,5273.06,3061.3,8880.42,train
PjVM_VOzTW4_490.wav,22050,10.0,220500,0.294317,0.150642,2436.0,2329.5,4919.41,train
BfsX2juV9O8_30.wav,22050,10.0,220500,0.10582,0.344319,4417.58,2985.47,8253.86,train
M3rJhNNVJ-Q_220.wav,22050,10.0,220500,0.102175,0.342882,3306.67,1486.31,4791.01,train
4LYzTL-fyus_30.wav,22050,10.0,220500,0.009546,0.218573,3514.17,3023.13,7871.78,train
Bex5urOyFc8_0.wav,22050,4.087,90112,0.018117,0.162134,2109.5,1595.78,4090.09,train
mbzFWf6VdbM_30.wav,22050,10.0,220500,0.531143,0.141532,2836.04,2545.75,5526.14,train
rg2bj9Ujxsc_80.wav,22050,9.575,211136,0.042363,0.372245,5479.57,3038.25,8744.31,train
M8E_hQYXmag_30.wav,22050,10.0,220500,0.015672,0.158432,2755.02,2570.36,5654.04,train
TgSk4HapHQg_10.wav,22050,10.0,220500,0.079684,0.319513,3828.19,2728.73,7066.96,train
exNbD7tONyA_20.wav,22050,10.0,220500,0.230123,0.208164,2840.47,1695.6,4646.2,train
-6izN98y0Hk_390.wav,22050,10.0,220500,0.051983,0.067145,1803.31,2377.72,4188.33,train
5HC1XS7Wvgg_14.wav,22050,9.935,219060,0.200719,0.059824,1474.17,1864.2,2777.31,train
Y0U6xTEPspg_30.wav,22050,10.0,220500,0.003522,0.417913,5368.59,3300.48,9068.7,train
yDhzvorXu9s_320.wav,22050,10.0,220500,0.060597,0.194985,2743.94,2097.81,4597.84,train
B-GcwAFTBBg_30.wav,22050,10.0,220500,0.014468,0.098909,2446.55,2645.95,5449.4,train
KOUCwcEQOj8_60.wav,22050,10.0,220500,0.200813,0.161746,3153.89,2715.55,6612.99,train
SeULxn0wmho_30.wav,22050,10.0,220500,0.059435,0.125854,2443.29,2310.02,4724.07,train
SAkhyqe4DGE_30.wav,22050,10.0,220500,0.080704,0.189984,2985.81,2505.54,5596.48,train
QHs-p1X1KrM_30.wav,22050,10.0,220500,0.023193,0.28602,4195.33,3134.51,8140.0,train
6N64dqePYBg_30.wav,22050,10.0,220500,0.055976,0.095481,1194.62,1149.86,2532.82,train
4LaG54RsNf8_10.wav,22050,10.0,220500,0.033446,0.166089,3019.96,2970.39,6860.97,train
quyX5Ml6zs8_30.wav,22050,10.0,220500,0.084781,0.098079,1632.96,1597.31,3003.91,train
3i10cv4-hgw_30.wav,22050,10.0,220500,0.038219,0.124259,2255.28,2207.78,4235.85,train
kQeDeUp4sSQ_0.wav,22050,2.926,64512,0.010122,0.07483,1982.99,1921.51,4447.62,train
Vx44QGMkps8_30.wav,22050,10.0,220500,0.063188,0.026231,934.39,1854.15,1481.42,train
GwXOOv6B0ik_60.wav,22050,10.0,220500,0.012339,0.16959,2692.69,2162.43,4959.51,train
9qj7l2LE2PM_160.wav,22050,10.0,220500,0.053298,0.1015,2497.28,2703.02,5517.97,train
Tbti8JxrJ-A_70.wav,22050,10.0,220500,0.02473,0.134233,2522.9,2546.7,5211.31,train
fFGX2fe3b8o_370.wav,22050,10.0,220500,0.163092,0.249837,3536.86,2567.65,6448.0,train
4PLZWTqf1fI_58.wav,22050,9.298,205020,0.231168,0.039658,1271.07,1881.71,2303.81,train
SbjztkOaJEk_20.wav,22050,10.0,220500,0.357059,0.140532,1790.23,963.85,2327.68,train
eHtjzHt9Zwk_40.wav,22050,10.0,220500,0.549751,0.173546,3787.92,3434.61,8473.87,train
7Eumr8sgq9I_30.wav,22050,10.0,220500,0.108877,0.098561,1774.5,1817.37,3218.49,train
8mRFaN68i8w_1.wav,22050,9.711,214125,0.193316,0.118605,1584.12,1044.65,2867.23,train
rBvlq58lhh0_30.wav,22050,10.0,220500,0.263714,0.173145,2874.37,2650.39,5999.74,train
hc8-OxSUwmI_30.wav,22050,10.0,220500,0.082705,0.234448,3785.79,2930.91,7097.66,train
J63vlQl4V2E_30.wav,22050,9.753,215044,0.099739,0.060543,959.4,955.32,1722.12,train
atT7DPwTkds_130.wav,22050,10.0,220500,0.164483,0.18876,2787.79,2110.79,4468.69,train
InM49DqdUko_20.wav,22050,9.907,218456,0.197613,0.083357,1290.07,1395.61,2064.89,train
RZZKDnECWyQ_30.wav,22050,10.0,220500,0.107172,0.144325,2232.19,1906.0,4024.19,train
vC_DonOJDJg_20.wav,22050,10.0,220500,0.115675,0.299894,4147.2,2715.44,7353.79,train
9eo-1KUdrc4_100.wav,22050,10.0,220500,0.172876,0.324479,4175.61,2271.08,6531.06,train
TXv7Wuu1L5E_30.wav,22050,10.0,220500,0.109022,0.110374,2664.54,3057.97,6349.62,train
4VZQdyj5V3o_30.wav,22050,10.0,220500,0.073126,0.11437,1709.33,1328.95,3057.04,train
3LqKwILBqKk_60.wav,22050,10.0,220500,0.081535,0.055554,814.15,782.59,1407.7,train
tfAW5gyJ_S4_40.wav,22050,10.0,220500,0.070205,0.18824,3156.75,2712.01,6387.24,train
nl6uZlvr8T8_15.wav,22050,9.48,209042,0.113714,0.205206,3362.48,1994.06,5521.61,train
IK7Tdxdi848_20.wav,22050,10.0,220500,0.291165,0.089771,2505.58,2575.84,5452.35,train
ZGlRn6_VW0c_30.wav,22050,10.0,220500,0.300274,0.278914,5167.04,3246.05,9114.49,train
DqCoRSkN5L8_20.wav,22050,10.0,220500,0.018888,0.330929,4359.61,3070.08,7965.79,train
_WgfW5bKiek_30.wav,22050,10.0,220500,0.226906,0.668773,7111.15,3153.66,10024.31,train
D_BY-y-Ca-4_40.wav,22050,10.0,220500,0.034478,0.203918,2864.58,2156.08,4909.1,train
1QbS056KSDI_17.wav,22050,9.355,206270,0.189802,0.126223,2305.51,2247.19,4387.78,train
OdnJbTOOoiw_1.wav,22050,9.449,208350,0.008758,0.090596,1952.97,2293.68,4238.58,train
jCfF3pTzHic_150.wav,22050,10.0,220500,0.093311,0.175399,2255.66,1623.21,4324.25,train
BX1tSn3ww1I_0.wav,22050,5.016,110592,0.089289,0.234926,3575.64,2273.85,5954.58,train
55L1wH5Q1qo_80.wav,22050,10.0,220500,0.105405,0.175516,2987.94,2790.19,6523.61,train
T342IYK32HA_90.wav,22050,10.0,220500,0.285108,0.137385,1878.93,1577.72,3795.96,train
-m-xoViODlo_4.wav,22050,9.068,199944,0.240294,0.138171,2755.75,2709.77,5988.82,train
27rD1mLaUfU_30.wav,22050,10.0,220500,0.012123,0.133705,1978.14,1609.19,4001.83,train
vjR2qLg6sAQ_10.wav,22050,10.0,220500,0.019551,0.144148,2808.27,2766.84,6056.13,train
sCuhmTxLOoI_110.wav,22050,10.0,220500,0.116538,0.13348,2186.51,1754.87,3904.35,train
i59xaRQiFUs_30.wav,22050,10.0,220500,0.302548,0.093537,1274.84,1028.63,2544.52,train
PUTvgrTcdZ0_27.wav,22050,9.032,199162,0.055159,0.083589,1708.69,1978.21,3368.65,train
CIAUNTNmOA8_18.wav,22050,9.58,211244,0.168902,0.161515,2479.26,1857.62,4211.9,train
5XXuAyXYqmA_30.wav,22050,10.0,220500,0.055172,0.119797,1989.32,1767.0,3546.28,train
5KgLfZsZ8OU_30.wav,22050,10.0,220500,0.005721,0.091716,1958.97,2112.42,4086.81,train
RUInIXRITvM_30.wav,22050,10.0,220500,0.064198,0.038695,1182.91,1624.79,2594.0,train
OS_Dui4mClI_190.wav,22050,10.0,220500,0.12131,0.121469,1854.25,1564.7,3492.78,train
ewQktDgnuNU_30.wav,22050,10.0,220500,0.016175,0.285139,4411.83,3174.44,8191.81,train
X8cjzk2LhIc_390.wav,22050,10.0,220500,0.049081,0.124079,2191.77,2268.58,4411.48,train
Vip5Ul5vsfc_60.wav,22050,10.0,220500,0.20016,0.083115,2000.43,2382.28,4182.59,train
PP-RYEsWH2w_20.wav,22050,10.0,220500,0.084288,0.119971,1794.27,1399.13,3458.93,train
-_ovBkOEp6o_30.wav,22050,10.0,220500,0.00901,0.1093,2244.85,2416.0,4795.98,train
bbJmmTMa6bA_250.wav,22050,10.0,220500,0.077416,0.184596,2840.16,2148.48,4679.13,train
eCEN6erZokA_30.wav,22050,10.0,220500,0.089022,0.100698,2162.42,2409.65,4586.17,train
6tiV2-55uqU_30.wav,22050,10.0,220500,0.123282,0.094594,1480.5,1308.58,3001.06,train
BdbC737QwNs_30.wav,22050,10.0,220500,0.071008,0.045595,1728.94,2368.16,3980.94,train
WZn7PlhSYeo_20.wav,22050,10.0,220500,0.158069,0.024534,776.58,1326.84,1511.17,train
gPLs0mJKT2E_80.wav,22050,10.0,220500,0.311507,0.363114,4554.73,3108.05,8466.85,train
6GPAfkrHrTE_8.wav,22050,9.398,207232,0.678373,0.038932,1049.32,1276.88,1927.91,train
B0zm_tHxHBI_30.wav,22050,10.0,220500,0.269518,0.013216,597.32,1058.46,1148.3,train
vzhlcBnJJc8_330.wav,22050,10.0,220500,0.075103,0.104624,2191.65,2363.75,4597.74,train
qK4iTt1--0o_210.wav,22050,10.0,220500,0.008317,0.251149,3856.4,3017.7,7769.01,train
GBrF03EvFdg_220.wav,22050,10.0,220500,0.039249,0.118558,2172.54,2119.47,3991.16,train
MNH5wDtbHLY_30.wav,22050,10.0,220500,0.060971,0.160159,2711.42,2372.98,4907.87,train
D3IlSLAD9iI_290.wav,22050,10.0,220500,0.217281,0.12223,2213.74,2137.9,4336.14,train
XDna3NIOR7Q_30.wav,22050,10.0,220500,0.047265,0.23794,4040.85,3022.23,8028.29,train
qeHC26EwKu4_30.wav,22050,10.0,220500,0.075317,0.287309,4220.33,3249.4,8307.87,train
HPDxd5gP4_Y_10.wav,22050,10.0,220500,0.03798,0.171313,3107.94,2647.46,6154.72,train
sKCpj2vi6pM_140.wav,22050,10.0,220500,0.008081,0.260111,3722.92,2705.09,6810.19,train
7cT3CO8MzoA_30.wav,22050,10.0,220500,0.018388,0.187389,3121.35,2655.19,6256.47,train
2zGrM5fLSrM_30.wav,22050,10.0,220500,0.094507,0.092446,1994.88,2145.13,3898.36,train
0iWWVbtR-Rs_30.wav,22050,10.0,220500,0.059525,0.188729,2930.85,2444.46,5516.15,train
NRWb1NbrX0Q_100.wav,22050,10.0,220500,0.011456,0.325202,4060.15,2417.51,6373.4,train
d6lBHjTQ2CM_50.wav,22050,10.0,220500,0.038705,0.185624,3315.26,2979.3,7053.67,train
CV4wVa2Ide4_30.wav,22050,10.0,220500,0.005459,0.101729,1539.7,1466.13,3307.05,train
LuBmOLAWd0g_50.wav,22050,10.0,220500,0.064763,0.1483,2755.06,2785.26,5920.86,train
hKk-1ZSNK9U_430.wav,22050,10.0,220500,0.073459,0.184144,2809.45,2246.86,5155.63,train
0gIAKjbSWZA_10.wav,22050,10.0,220500,0.034445,0.168586,2897.1,2649.24,5891.8,train
hCwCvo7iT2A_260.wav,22050,10.0,220500,0.048427,0.215382,3471.97,2786.89,6813.26,train
E_Tqm4Twvf0_10.wav,22050,10.0,220500,0.515696,0.091889,2018.21,1934.44,4137.92,train
Ejyg_Z2lXy4_30.wav,22050,10.0,220500,0.025593,0.153091,2775.77,2574.67,6107.84,train
TPV_RyAK1cU_11.wav,22050,9.062,199818,0.18317,0.134205,1725.27,1199.83,3060.91,train
4k3xGfTDkl0_30.wav,22050,10.0,220500,0.166101,0.134546,1899.65,1797.54,3181.97,train
oFCYnbMi2Ns_30.wav,22050,10.0,220500,0.010532,0.089885,2261.0,2529.5,5209.59,train
pT0jKPWpa8g_10.wav,22050,10.0,220500,0.154374,0.271224,3630.5,3089.78,7046.03,train
7B-4AqNRzJk_30.wav,22050,10.0,220500,0.033534,0.132264,2919.59,2984.32,6586.46,train
oZpTGgxlfEU_30.wav,22050,10.0,220500,0.251632,0.058858,919.1,848.53,1758.7,train
HgQMK4hqcaQ_12.wav,22050,9.293,204904,0.201322,0.168494,2097.34,1698.2,3200.39,train
HCfwHnLTqg8_280.wav,22050,10.0,220500,0.017939,0.270877,3217.35,1771.31,4984.39,train
XD_b1EtyLg0_150.wav,22050,10.0,220500,0.058666,0.325054,4383.31,2964.78,7817.8,train
OqUBi5Pn7TM_30.wav,22050,10.0,220500,0.191271,0.058015,1544.74,1987.01,3033.11,train
73tjmACnCqA_30.wav,22050,10.0,220500,0.104276,0.415654,4994.17,2774.22,8310.62,train
XqWmXswuxl0_240.wav,22050,10.0,220500,0.13608,0.091852,1878.59,2016.81,3698.04,train
EqKWXPOLUdQ_0.wav,22050,10.0,220500,0.0435,0.249745,3763.27,2908.15,7357.59,train
LvRwLU9HMz0_50.wav,22050,10.0,220500,0.066703,0.130646,2437.43,2454.71,5033.37,train
_XbNUfT2Qrw_30.wav,22050,10.0,220500,0.082635,0.147012,2109.95,1471.15,3662.37,train
hHnGVyirtjI_460.wav,22050,10.0,220500,0.046049,0.142601,2922.6,2082.52,5159.2,train
GW3eeq_PjiY_350.wav,22050,10.0,220500,0.031722,0.09696,2366.32,2616.23,5265.84,train
yG2Pp8zZyOM_30.wav,22050,10.0,220500,0.01067,0.216473,3002.33,2437.27,5547.1,train
JErcfO969oE_30.wav,22050,10.0,220500,0.006404,0.093515,2401.84,2092.25,4539.66,train
Yi52cStoHrs_10.wav,22050,10.0,220500,0.030751,0.257268,3560.45,2764.75,6807.74,train
ZfnMqxpFozM_14.wav,22050,9.21,203076,0.249703,0.10074,2045.53,2170.66,4313.39,train
ePnii0B1ovI_70.wav,22050,10.0,220500,0.105142,0.256185,3643.76,2661.51,6750.51,train
_XrBHIoE4dM_120.wav,22050,10.0,220500,0.160799,0.068155,1668.49,1963.96,3523.18,train
x_Mli1AtvT4_140.wav,22050,10.0,220500,0.133486,0.055381,1119.89,1467.81,2073.71,train
2i9QCnaQ3ls_30.wav,22050,10.0,220500,0.016548,0.161621,2741.74,2404.31,5376.58,train
5sxWiURly_Y_240.wav,22050,10.0,220500,0.042182,0.165877,2994.14,2660.09,6396.36,train
j1cQa7N9BAU_150.wav,22050,10.0,220500,0.037576,0.089411,1566.06,1556.29,2984.2,train
9ftJH0KWu9w_30.wav,22050,10.0,220500,0.067746,0.103945,1577.01,1248.98,3040.28,train
ZPzD1vM7McM_240.wav,22050,10.0,220500,0.066665,0.289086,3828.25,2773.79,7128.04,train
aFoD42hX_Hc_10.wav,22050,10.0,220500,0.387654,0.088907,1849.61,2004.33,3542.54,train
TzsTDTmR4yU_0.wav,22050,10.0,220500,0.016125,0.118529,2494.78,2655.73,5677.42,train
QkNh_0G5cT4_30.wav,22050,10.0,220500,0.051845,0.105921,1369.75,1086.63,2586.31,train
7LNyuKwORV4_30.wav,22050,10.0,220500,0.056074,0.137478,2719.26,2529.36,5083.83,train
1rOImhQD9Xo_80.wav,22050,10.0,220500,0.118099,0.137332,2227.2,2027.95,4099.53,train
6siP0M_RjbY_30.wav,22050,10.0,220500,0.079971,0.063453,1629.9,1952.01,3235.78,train
4YtELCOz7H0_30.wav,22050,10.0,220500,0.082254,0.210727,3383.48,2897.82,7336.83,train
RGXd7kKUUNE_70.wav,22050,10.0,220500,0.185934,0.131552,2724.14,2677.14,5797.15,train
FTywBydVEZk_120.wav,22050,10.0,220500,0.125317,0.378706,4593.57,2681.82,7791.62,train
mYk7swoFBZc_30.wav,22050,10.0,220500,0.040641,0.091571,1925.67,2219.07,4211.22,train
St2KrjA3PRM_40.wav,22050,10.0,220500,0.004405,0.041924,869.44,847.89,1857.98,train
3IIa0efgMo0_30.wav,22050,10.0,220500,0.008734,0.094051,2161.1,2425.83,4490.35,train
Kjy2_7SCcE8_300.wav,22050,10.0,220500,0.114237,0.121269,2021.06,1836.41,3635.19,train
lc2TvqfdZEk_140.wav,22050,10.0,220500,0.208625,0.069117,976.49,971.1,1534.33,train
onik2C6RJQ4_110.wav,22050,10.0,220500,0.105095,0.027871,616.19,977.2,1061.67,train
R_AyC3HMhNY_30.wav,22050,10.0,220500,0.014487,0.126021,1529.75,824.15,2408.67,train
r5Ia3ZHBZ0w_90.wav,22050,10.0,220500,0.086966,0.158586,2426.35,1952.41,4305.02,train
B9VzIt3FN4o_180.wav,22050,10.0,220500,0.027148,0.20923,3127.49,2506.88,5965.9,train
o0fIC8SseYY_30.wav,22050,10.0,220500,0.081307,0.178381,3263.89,2949.83,7076.28,train
JVoG9EYp1jk_30.wav,22050,10.0,220500,0.372419,0.031098,1290.7,1826.71,2790.55,train
-4lB2dt4WDE_26.wav,22050,9.062,199820,0.07488,0.070185,2099.56,1784.33,3720.62,train
HdBirb7uyXM_30.wav,22050,10.0,220500,0.027486,0.19502,3491.85,2966.73,7153.05,train
QgYLsNITEI0_30.wav,22050,10.0,220500,0.01434,0.268585,3872.48,2663.75,6914.51,train
3EO32D9UyhM_50.wav,22050,10.0,220500,0.045436,0.135061,2608.21,2558.46,5487.27,train
MZi4AAgM7NY_30.wav,22050,10.0,220500,0.125792,0.544657,5344.11,2559.17,8261.28,train
vEBsE_HbDWQ_220.wav,22050,10.0,220500,0.174731,0.205031,3268.93,2798.33,6676.17,train
DNjU5fUKGxM_11.wav,22050,9.069,199962,0.005867,0.126948,2619.45,2530.0,5327.04,train
-HQHnhqC7TE_50.wav,22050,10.0,220500,0.108403,0.13471,1699.78,990.69,2805.34,train
bH9crP0rUdI_30.wav,22050,10.0,220500,0.130237,0.197893,3107.53,2747.13,6531.38,train
7Hyu-8Jsiwo_30.wav,22050,10.0,220500,0.003616,0.054349,1988.76,2631.47,4882.57,train
IzGZHMFXHSg_10.wav,22050,10.0,220500,0.347856,0.521708,5806.71,3028.55,9081.17,train
lQc432kUOpM_30.wav,22050,10.0,220500,0.244847,0.143999,2112.22,1691.26,3771.43,train
DUW7iK2vWCQ_30.wav,22050,10.0,220500,0.614626,0.08215,1841.48,1997.9,3569.87,train
Xl2ktZbeJjQ_16.wav,22050,9.014,198768,0.080227,0.114775,2309.45,2078.61,4787.29,train
Taek2HaRuDE_290.wav,22050,10.0,220500,0.033225,0.347078,3991.16,2388.54,6704.35,train
oGf-eDCiQfg_70.wav,22050,10.0,220500,0.111555,0.123273,2322.65,2256.58,4656.54,train
QQqX-2kRaX4_100.wav,22050,10.0,220500,0.022259,0.058118,2031.27,2343.33,4507.26,train
TABzGvlqPFU_200.wav,22050,10.0,220500,0.187514,0.07189,1483.45,1587.17,3004.26,train
QgWxb-y0fno_130.wav,22050,10.0,220500,0.019316,0.197047,2719.44,1786.51,4629.51,train
yzBU2joJs5k_450.wav,22050,10.0,220500,0.028662,0.452153,5362.61,3058.36,8876.38,train
aoM9Mw6pmbA_280.wav,22050,10.0,220500,0.138874,0.315196,4088.53,2819.3,7274.95,train
IJehW4bG5gw_0.wav,22050,10.0,220500,0.033854,0.072786,1347.87,1727.1,1915.86,train
EiXfXZBruBc_110.wav,22050,10.0,220500,0.047249,0.28117,3356.4,1818.86,5366.84,train
D-OejjtOGW0_30.wav,22050,10.0,220500,0.082771,0.076465,1134.76,985.12,2153.82,train
539P0Hg8tFI_8.wav,22050,9.689,213632,0.194454,0.093815,1243.58,849.72,2015.83,train
oPSDzRwBijs_210.wav,22050,10.0,220500,0.150042,0.25271,3662.69,2805.14,7037.99,train
jLNpCpneZY0_50.wav,22050,10.0,220500,0.093235,0.218701,2595.08,1605.05,4529.29,train
C8Ltx_jcZZk_260.wav,22050,10.0,220500,0.076067,0.151253,2686.76,2445.74,5154.25,train
5xq8_Y18Qbw_30.wav,22050,10.0,220500,0.09461,0.133771,1943.38,1463.43,3194.08,train
8ZpiJvz7BKs_10.wav,22050,10.0,220500,0.031293,0.130292,2302.67,2055.08,4338.72,train
0n14FNj4AOo_20.wav,22050,10.0,220500,0.055399,0.074581,1891.29,2338.7,4166.6,train
MCCWtRm9pUw_16.wav,22050,9.258,204144,0.165687,0.008267,438.66,1170.57,474.92,train
VeFtn-kx5HE_30.wav,22050,10.0,220500,0.038988,0.231496,3641.08,2753.79,6801.97,train
8K2R2aVhZMo_30.wav,22050,10.0,220500,0.05302,0.181404,2675.4,1725.53,4461.72,train
vkTU7niTaBc_90.wav,22050,10.0,220500,0.074445,0.112194,2124.23,2231.18,4248.34,train
mXPH51Cbawc_17.wav,22050,10.0,220500,0.293689,0.10675,1704.66,1648.92,2611.74,train
HQPz6HdcC3U_90.wav,22050,10.0,220500,0.107883,0.106726,2165.71,2354.97,4704.51,train
Z5T7jLQ28Qc_50.wav,22050,10.0,220500,0.007181,0.369609,4635.3,3215.64,8384.13,train
-m7yVqtAOOE_350.wav,22050,10.0,220500,0.072757,0.055517,1492.25,2024.48,3106.23,train
tD4Iy4NPWMw_30.wav,22050,10.0,220500,0.109918,0.030042,987.71,1577.5,1998.04,train
AwukkDXZOCw_30.wav,22050,10.0,220500,0.327925,0.090539,1536.36,1420.36,2776.78,train
mZWv7Cp73hY_230.wav,22050,10.0,220500,0.128582,0.115164,1592.95,1201.38,2590.95,train
0f3JMT1EYyE_30.wav,22050,10.0,220500,0.202853,0.009838,456.65,1149.53,603.6,train
_kMWnleUyrk_30.wav,22050,10.0,220500,0.089642,0.462515,5087.79,2955.25,8540.04,train
mAq-vpkoNpQ_20.wav,22050,10.0,220500,0.048696,0.217625,2333.69,1300.11,3812.0,train
XOHAoy8RE0Q_24.wav,22050,9.85,217184,0.098424,0.052405,1494.64,2308.47,3411.82,train
dYpPVVHmE-c_50.wav,22050,10.0,220500,0.00602,0.134928,2602.96,2708.69,6120.0,train
2Bw8hUkc-Zs_30.wav,22050,10.0,220500,0.06143,0.092945,2073.98,2318.31,4521.47,train
U4LU2ZfIWdk_30.wav,22050,10.0,220500,0.096905,0.057738,1738.08,2342.59,3960.86,train
OVWK0H5anSc_30.wav,22050,10.0,220500,0.564066,0.292821,3877.02,2632.45,6710.14,train
SOvdoq3ijuc_10.wav,22050,10.0,220500,0.111773,0.26473,3579.56,2586.74,6517.47,train
6jUuj4YYzns_20.wav,22050,10.0,220500,0.081074,0.194807,2853.01,2322.12,5763.63,train
qsIx3WV8JCM_70.wav,22050,10.0,220500,0.297608,0.09873,2286.51,2482.72,5266.47,train
DXp5_GCiWdA_23.wav,22050,9.067,199922,0.124358,0.20732,3432.94,2897.01,7025.11,train
6ZEtbX95qYo_190.wav,22050,10.0,220500,0.023339,0.215615,3656.94,3011.41,7322.99,train
M3BRmyml07Y_0.wav,22050,10.0,220500,0.040638,0.139648,2755.54,2738.46,5959.35,train
9sXVMHjSXUo_510.wav,22050,10.0,220500,0.228749,0.0997,1920.1,1914.06,3624.37,train
8iIHUVBR2P4_30.wav,22050,10.0,220500,0.023676,0.181812,2807.03,2311.23,5245.98,train
e9ukhVae-x8_30.wav,22050,10.0,220500,0.065257,0.27479,3236.89,1839.83,5058.88,train
5S6vFXPdy7o_0.wav,22050,10.0,220500,0.210349,0.008541,254.62,449.6,523.22,train
RZdY_RU24og_370.wav,22050,10.0,220500,0.169989,0.053911,1087.53,1276.1,1910.26,train
4y-QaBgcrKA_30.wav,22050,10.0,220500,0.148174,0.202052,2983.31,2399.66,5893.78,train
pxRi06Mugi0_180.wav,22050,10.0,220500,0.030745,0.141203,2263.99,1850.23,4193.75,train
Jhk6ts63LeE_330.wav,22050,10.0,220500,0.06522,0.055265,1862.55,2388.81,4140.12,train
q73cABJraqg_50.wav,22050,10.0,220500,0.057756,0.479684,5600.97,2120.16,7842.93,train
QZKfddn0VVg_30.wav,22050,10.0,220500,0.080449,0.327194,3929.52,2595.08,7082.3,train
Gx7EoRXB8HY_400.wav,22050,10.0,220500,0.422719,0.102207,2681.3,2971.05,6476.1,train
FE0Yj-u2Ph8_30.wav,22050,10.0,220500,0.109078,0.195541,2959.84,2287.24,5454.05,train
dZUBkheUIX0_20.wav,22050,10.0,220500,0.035702,0.214293,3634.84,2946.45,7130.19,train
KkVut3PK3f0_40.wav,22050,10.0,220500,0.078946,0.151264,2212.94,1550.79,3972.45,train
VuvnEghmnqs_50.wav,22050,10.0,220500,0.151634,0.162441,2710.72,2257.67,4590.17,train
5P7Uk44DALs_25.wav,22050,9.667,213166,0.024715,0.040523,630.39,648.61,1224.63,train
iuFiqrKQNho_50.wav,22050,10.0,220500,0.20053,0.043402,1129.25,1472.85,2258.26,train
Du6IY6K1FuI_30.wav,22050,10.0,220500,0.165596,0.087451,1237.97,944.26,2279.1,train
hqaoAHGpnus_120.wav,22050,10.0,220500,0.274498,0.074524,2216.62,2511.27,4840.62,train
G1RLcfdOGWI_190.wav,22050,10.0,220500,0.227838,0.031995,756.41,1261.86,1328.01,train
lvbDzOSJwXw_180.wav,22050,10.0,220500,0.128376,0.073037,1956.49,2327.81,4336.27,train
l_5L9DKzLAs_50.wav,22050,10.0,220500,0.100178,0.163221,2753.1,2626.94,5795.1,train
uyhzt8OsCTM_0.wav,22050,7.298,160911,0.095876,0.077799,1536.97,1663.45,2953.06,train
QgFK67Oellk_30.wav,22050,10.0,220500,0.115032,0.130907,2349.6,2259.58,4811.65,train
uX9RXBfWKqQ_23.wav,22050,9.16,201970,0.096959,0.225949,2799.35,1912.32,5046.92,train
3wabvpoDwKU_30.wav,22050,10.0,220500,0.021886,0.17449,2826.24,2355.82,5472.71,train
4chQUsN0_YM_30.wav,22050,10.0,220500,0.04188,0.10812,1832.2,1821.7,3459.33,train
KnviGe2Nevk_370.wav,22050,10.0,220500,0.074318,0.327774,4260.79,2869.22,7736.69,train
qj3F55s96_g_100.wav,22050,10.0,220500,0.303037,0.321802,4125.52,2851.01,7516.39,train
4_yjwpUjOp8_30.wav,22050,10.0,220500,0.011362,0.045469,1096.35,1264.18,2069.06,train
2w6DJe3zQ4A_40.wav,22050,10.0,220500,0.032577,0.102999,1738.82,1365.24,3391.3,train
w2S88tmSdBY_30.wav,22050,10.0,220500,0.060382,0.08307,1694.21,1833.63,3409.89,train
uW6EAoVFAi4_30.wav,22050,10.0,220500,0.229166,0.210884,2947.51,2020.91,5039.07,train
xAUWxyNIrvU_100.wav,22050,10.0,220500,0.292148,0.003632,420.8,1299.99,469.03,train
QmvBY75JFj0_9.wav,22050,9.785,215758,0.416032,0.16943,2644.22,2297.24,5138.35,train
0r7wzQTT4s4_0.wav,22050,10.0,220500,0.013444,0.319005,3558.45,2062.58,5896.75,train
QUdj-i4rDRQ_300.wav,22050,10.0,220500,0.193901,0.179837,2704.47,2293.99,5360.69,train
vqxOkQWQMBQ_30.wav,22050,10.0,220500,0.096051,0.109144,1946.29,2123.56,3696.54,train
8-qX9iFAqnU_21.wav,22050,9.906,218422,0.116344,0.149342,2646.71,2496.23,5343.79,train
Dpf63lbDvKk_30.wav,22050,10.0,220500,0.237643,0.122444,2331.43,2283.26,4818.47,train
9-PoS9X2BfA_30.wav,22050,10.0,220500,0.08392,0.054268,1141.22,1405.25,2111.68,train
6dmna_-ZBrI_30.wav,22050,10.0,220500,0.155823,0.350844,4590.98,3156.27,8658.35,train
E6QzPBSK3Cg_10.wav,22050,10.0,220500,0.094884,0.192246,2913.04,2337.0,5625.21,train
5n93k_hTpEc_0.wav,22050,9.155,201872,0.022729,0.135876,2879.95,2696.58,5969.55,train
1QyaUxwww0E_30.wav,22050,10.0,220500,0.045485,0.132658,2193.86,2026.14,4082.49,train
gQXYwq_lgP0_100.wav,22050,10.0,220500,0.106849,0.575399,6313.01,2379.36,8699.71,train
xVz_M6c9KVk_30.wav,22050,10.0,220500,0.010354,0.077793,2054.65,2476.69,4684.05,train
qycVV5TjyKU_340.wav,22050,10.0,220500,0.131571,0.166077,2930.08,2688.42,6155.95,train
VUZtsCB_TSc_120.wav,22050,10.0,220500,0.12294,0.127745,1493.46,995.11,2595.1,train
Va0-RWCkOgY_170.wav,22050,10.0,220500,0.022466,0.161746,2291.93,1816.61,4303.27,train
4HXABeeAPW8_100.wav,22050,10.0,220500,0.134685,0.169345,2784.58,2403.33,5507.75,train
mE2zMfYfxAA_30.wav,22050,10.0,220500,0.032781,0.132057,2214.15,2177.51,3937.9,train
CEtWAwtDFvc_30.wav,22050,10.0,220500,0.212081,0.10857,2171.18,2302.97,4521.32,train
3EJEz1GGTas_20.wav,22050,10.0,220500,0.167904,0.094882,1518.14,1641.02,2250.79,train
PmtNX1I3wkE_140.wav,22050,10.0,220500,0.143395,0.077895,1607.63,1913.41,3272.75,train
Dd6jkod7tQo_30.wav,22050,10.0,220500,0.021453,0.166634,4150.65,2928.29,7646.39,train
IZoxOwXlzMI_30.wav,22050,10.0,220500,0.369762,0.111427,1899.32,1770.47,3155.69,train
1td9aN7Uyl8_30.wav,22050,10.0,220500,0.135543,0.079248,1211.96,900.68,2116.52,train
EamsL3izYfg_30.wav,22050,10.0,220500,0.036553,0.086251,1691.41,1806.84,3150.14,train
CF-gpq_cwMY_0.wav,22050,2.972,65536,0.037499,0.015065,450.9,579.11,943.54,train
4_KnmARb_EQ_28.wav,22050,9.338,205896,0.18971,0.051403,980.94,1129.38,1959.15,train
tuNs6ltKZ0Y_0.wav,22050,10.0,220500,0.150418,0.068952,1783.33,1534.63,3222.26,train
1W9cNi1Rj2k_30.wav,22050,10.0,220500,0.027252,0.19037,3014.72,2557.52,5915.11,train
rMPjXpV4UBs_30.wav,22050,10.0,220500,0.03055,0.083463,2080.89,2457.02,4545.55,train
8yWyX-FSMaI_10.wav,22050,10.0,220500,0.153398,0.117423,2033.76,2013.21,3761.52,train
3M62Um84AZY_7.wav,22050,10.0,220500,0.156575,0.039187,1145.62,1629.36,2184.65,train
HzglHmYEId8_30.wav,22050,10.0,220500,0.063149,0.075074,1318.65,1302.26,2695.85,train
LgW6Rr9l32g_370.wav,22050,10.0,220500,0.091881,0.07173,1276.54,1237.26,2511.22,train
e1_wbMvQ9Ug_30.wav,22050,10.0,220500,0.12876,0.158097,2555.8,2330.58,4872.65,train
NG204aLoF1A_30.wav,22050,10.0,220500,0.073989,0.062085,1658.19,1942.02,3522.35,train
23NFZmmz_w4_40.wav,22050,10.0,220500,0.260544,0.063388,1284.45,1164.43,2648.08,train
1KRxvHMS4Qk_0.wav,22050,8.057,177664,0.103194,0.16923,1554.85,1318.2,3256.59,train
bdLEYeQmt-o_24.wav,22050,9.838,216928,0.149154,0.146748,1669.98,934.82,2469.64,train
VQrlNFk0yzs_40.wav,22050,10.0,220500,0.041258,0.162495,2908.11,2547.14,5661.66,train
Vgkdx5vkssg_70.wav,22050,10.0,220500,0.049546,0.15157,2417.63,2059.68,4367.14,train
6MST-YckqQ0_180.wav,22050,10.0,220500,0.169302,0.128554,2858.6,2845.45,6326.42,train
3o9hHbcdwHM_30.wav,22050,10.0,220500,0.08688,0.096156,1871.31,2037.74,3661.34,train
Gi8ZnYA-hDw_14.wav,22050,9.517,209844,0.18043,0.026713,769.19,1106.96,1679.04,train
zcOktJxe2Wo_50.wav,22050,10.0,220500,0.107149,0.174559,2480.04,1831.53,4238.89,train
xleYAQNxg94_0.wav,22050,10.0,220500,0.019738,0.099026,2322.95,2570.17,5087.66,train
UKwX-YLsAH8_30.wav,22050,10.0,220500,0.090009,0.17211,1898.71,804.54,2683.13,train
V_Zzf4j0Z5Y_30.wav,22050,10.0,220500,0.011939,0.146718,2072.11,1665.53,4135.47,train
jIr9-MvUCiI_150.wav,22050,10.0,220500,0.064659,0.271533,3896.06,2860.32,7277.42,train
2vcqKIuIdts_30.wav,22050,10.0,220500,0.182509,0.105115,1871.22,1754.37,3384.83,train
vgi3GPTdFt4_50.wav,22050,9.257,204124,0.039461,0.2279,3237.69,2100.99,5386.32,val
sa6TLVbooCc_240.wav,22050,10.0,220500,0.087537,0.104865,1964.9,1944.45,3450.21,val
vSeGhaZt-aI_50.wav,22050,10.0,220500,0.073227,0.199792,3141.61,2609.38,6016.86,val
zkKdxzNC97Y_27.wav,22050,9.014,198762,0.022106,0.080467,1298.2,1274.59,2357.94,val
tIY7qOV3rEM_0.wav,22050,7.988,176128,0.078471,0.164746,2447.46,2395.99,4460.43,val
vx1gfpZnjAM_30.wav,22050,10.0,220500,0.147345,0.118667,1776.26,1424.68,3233.23,val
xzKKf9bKNUo_10.wav,22050,10.0,220500,0.026761,0.350803,4380.24,2858.15,7751.9,val
sppL1JLyvXQ_30.wav,22050,10.0,220500,0.12858,0.046864,1687.86,2476.14,3729.79,val
yG6BglXUw84_40.wav,22050,10.0,220500,0.055057,0.0517,1438.99,2128.17,3174.65,val
uln8131faVs_30.wav,22050,10.0,220500,0.061875,0.128185,2477.41,2365.45,5052.33,val
zUMJb5ECW5c_450.wav,22050,10.0,220500,0.042277,0.145516,2226.72,1838.41,3923.19,val
uiNuH51lzVY_130.wav,22050,10.0,220500,0.031653,0.146464,2604.74,2450.26,5228.57,val
spYNpeN7rPY_1.wav,22050,9.077,200158,0.057035,0.064888,1547.31,1744.46,2823.44,val
wulOEFdECWs_10.wav,22050,10.0,220500,0.149801,0.179822,2496.95,2050.5,4943.09,val
uEU-Hg5MTN8_27.wav,22050,9.2,202858,0.06202,0.164554,2793.96,2342.65,5189.85,val
vtnWVwQGvg4_0.wav,22050,7.477,164864,0.026292,0.036651,890.39,727.1,1619.09,val
ydc0oG9pC7k_0.wav,22050,10.0,220500,0.095577,0.118522,2599.69,2809.21,6036.77,val
yNs0UzEiOds_0.wav,22050,5.108,112640,0.006342,0.21094,3271.64,2614.95,6401.89,val
vh30P49Po6s_30.wav,22050,10.0,220500,0.094677,0.155884,2195.67,1803.84,3437.82,val
wWVxe57200I_100.wav,22050,10.0,220500,0.062585,0.184743,3341.51,2952.98,6854.83,val
yVPZ2MNWpms_0.wav,22050,10.0,220500,0.039923,0.079113,1682.5,2004.66,3254.74,val
t4WCFbE0A50_30.wav,22050,10.0,220500,0.034558,0.351404,4007.7,1993.42,6232.91,val
vz8868znkVQ_60.wav,22050,10.0,220500,0.026819,0.085282,1374.12,1346.27,2043.28,val
u9A6VZQCZpU_30.wav,22050,10.0,220500,0.166576,0.135819,2568.02,2346.63,4955.58,val
t8tv5YRMJUg_0.wav,22050,10.0,220500,0.006099,0.203753,3424.92,2975.91,7136.78,val
x6iCUDmRpKQ_38.wav,22050,9.681,213460,0.072901,0.177575,2814.72,2393.49,5377.98,val
tH-q8LXgHEc_70.wav,22050,10.0,220500,0.069276,0.194396,2588.45,2092.73,4412.08,val
wRV8yMk886E_0.wav,22050,8.591,189440,0.073379,0.129188,1638.84,1185.41,2587.03,val
xX2OnECANVI_70.wav,22050,10.0,220500,0.12064,0.245067,3572.73,2739.74,6856.4,val
xJSVJj-v8EE_10.wav,22050,9.18,202412,0.171274,0.193367,3017.07,2191.32,5527.75,val
yJ0T_ePmaOo_390.wav,22050,10.0,220500,0.031932,0.179217,3032.57,2719.12,6188.17,val
tYuX1SH_ZKo_1.wav,22050,9.618,212078,0.103487,0.094352,1624.95,1522.9,3412.08,val
zVacuqSb4LI_30.wav,22050,10.0,220500,0.224002,0.074003,1536.25,1670.88,3011.75,val
zl9Dqx-j7q4_6.wav,22050,9.395,207156,0.452172,0.198151,2402.77,1483.28,3474.02,val
wnpJndXuxLc_50.wav,22050,10.0,220500,0.167137,0.103827,2095.37,1952.26,3446.96,val
ziUT9IFTkjg_10.wav,22050,9.047,199484,0.001013,0.239303,3512.57,2932.89,7152.89,val
tDVADusiIoc_60.wav,22050,10.0,220500,0.114537,0.129474,2293.12,2310.47,4686.14,val
xx3yKzrSOBI_40.wav,22050,10.0,220500,0.272732,0.103664,1605.32,1564.95,2512.62,val
wsHBIgzs9Fs_50.wav,22050,10.0,220500,0.118618,0.071422,2014.28,2395.38,4207.89,val
vcmWS_mvti8_30.wav,22050,10.0,220500,0.11218,0.058295,1701.79,2100.5,3775.53,val
sG7TyPnFDR0_180.wav,22050,10.0,220500,0.06551,0.158224,2673.86,2580.94,5557.37,val
xmdGaCbvhFc_140.wav,22050,10.0,220500,0.032412,0.111617,2366.84,2520.56,5042.67,val
wzXPRI7eXOM_50.wav,22050,10.0,220500,0.060782,0.204929,2938.51,2379.49,5811.57,val
wbiNcIQ2g_E_80.wav,22050,10.0,220500,0.01393,0.268665,4413.88,3044.58,8151.42,val
uZesmtKZGSw_250.wav,22050,10.0,220500,0.043807,0.101465,2142.83,2185.91,4143.87,val
ukxt9I7eMMg_30.wav,22050,10.0,220500,0.038803,0.398717,4998.44,2946.36,8470.44,val
tqR406bGi_E_40.wav,22050,10.0,220500,0.054828,0.243673,3525.29,2761.17,6671.25,val
uOpoD0gGXcs_120.wav,22050,10.0,220500,0.093909,0.200527,3089.88,2617.44,5937.44,val
vBeI4j_kJro_16.wav,22050,8.956,197488,0.055339,0.123447,1831.35,1568.19,3344.76,val
wudZTNBtVqc_60.wav,22050,10.0,220500,0.13194,0.048528,1005.59,1236.52,1810.89,val
y682ml90jGw_11.wav,22050,9.434,208010,0.014615,0.146943,4807.77,2826.05,8171.64,val
u89op5xq8HI_50.wav,22050,10.0,220500,0.011509,0.130202,2450.97,2149.11,4552.15,val
yYEVLuqEytU_40.wav,22050,10.0,220500,0.013303,0.210859,3121.77,2352.98,5440.31,val
y4tPJXBKDig_20.wav,22050,10.0,220500,0.067131,0.105792,1618.02,1335.33,3093.11,val
yRx9txMcBl0_40.wav,22050,10.0,220500,0.073618,0.079999,1886.41,2131.53,3811.18,val
sjlVMgdGSK0_30.wav,22050,10.0,220500,0.237738,0.122527,2278.62,2171.06,4607.26,val
sHbXC6na9hg_0.wav,22050,10.0,220500,0.512421,0.102112,1459.21,1316.18,2704.07,val
vlJS7LN2XyM_30.wav,22050,10.0,220500,0.006458,0.069297,1342.67,1219.0,2838.84,val
s7knHCFW82w_30.wav,22050,10.0,220500,0.279199,0.065536,1404.59,1743.58,2282.42,val
xw5cmiqbaUg_160.wav,22050,10.0,220500,0.02858,0.121566,2112.04,1992.2,4290.58,val
vVNMuFixN_A_90.wav,22050,10.0,220500,0.095781,0.157357,2404.01,2118.9,4596.31,val
wP8ZKrlx3oA_40.wav,22050,10.0,220500,0.064528,0.307953,4044.74,2970.42,7870.46,val
s3W19T14v1g_40.wav,22050,10.0,220500,0.105495,0.096029,1625.75,1657.61,2972.46,val
zhx6hoYrHeI_160.wav,22050,10.0,220500,0.137865,0.098582,1882.66,1943.47,3481.46,val
tbLjCaI0-Lo_80.wav,22050,10.0,220500,0.072614,0.154271,2364.25,2138.67,4130.38,val
zl3OnWjr3Y4_140.wav,22050,10.0,220500,0.090648,0.119607,2268.66,2123.26,4092.01,val
tZGN5a7ybxo_60.wav,22050,10.0,220500,0.24091,0.084115,1952.55,2281.11,4405.31,val
uC9dtII1KDI_150.wav,22050,10.0,220500,0.056311,0.081743,2229.23,2644.32,5007.44,val
x_l2PIWyXaM_160.wav,22050,10.0,220500,0.059044,0.14246,2039.87,1680.02,3815.32,val
xjvTpk2Zpr8_70.wav,22050,10.0,220500,0.069135,0.102769,1815.51,1951.55,3810.08,val
xeOp_6mV1DY_60.wav,22050,10.0,220500,0.123171,0.18837,3215.72,2557.39,6364.96,val
sZuuj08Gr_I_150.wav,22050,10.0,220500,0.008738,0.343327,4441.61,2851.76,7735.94,val
zn196JcTlq0_30.wav,22050,10.0,220500,0.195997,0.067674,2058.79,2390.63,4587.85,val
vvdb2UyJQrs_20.wav,22050,10.0,220500,0.042614,0.104159,2536.3,2455.8,5343.56,val
wz7N8YRy74I_30.wav,22050,10.0,220500,0.098245,0.061281,1371.28,1789.65,2613.54,val
uzQnlJXBbOM_50.wav,22050,10.0,220500,0.036735,0.109312,1511.15,1059.99,2608.09,val
vs65y4qmyBE_340.wav,22050,10.0,220500,0.202725,0.053262,1222.29,1554.17,2474.29,val
zsLxS-uLJTw_20.wav,22050,10.0,220500,0.135864,0.085557,2220.06,2500.57,4885.31,val
vlS6YMeWAPo_40.wav,22050,10.0,220500,0.034122,0.245105,3514.13,2573.35,6440.68,val
slZLHwNbbt4_300.wav,22050,10.0,220500,0.099768,0.088566,2155.36,2390.0,4720.52,val
y8WEcpOlT3I_40.wav,22050,10.0,220500,0.040486,0.053992,1307.22,2183.14,2455.18,val
z4uELRI6p08_40.wav,22050,10.0,220500,0.031845,0.143913,2844.6,2831.86,6201.29,val
tH17JPjDPnc_260.wav,22050,10.0,220500,0.055625,0.349029,4437.1,2846.47,7804.74,val
w_AAkbZToh8_0.wav,22050,10.0,220500,0.089004,0.137562,2941.51,2956.24,6516.67,val
yT5WfYMRr-U_30.wav,22050,10.0,220500,0.237885,0.072342,1443.02,1593.28,2676.89,val
ujMt0-D-x2k_0.wav,22050,10.0,220500,0.004913,0.133653,2706.26,2710.57,6020.95,val
yfVR79cQ_Mg_30.wav,22050,10.0,220500,0.034109,0.058277,1042.17,1050.98,2191.59,val
v-wcQf4BDY0_120.wav,22050,10.0,220500,0.173113,0.115277,1469.21,899.89,2386.66,val
yajyRTUQk3U_400.wav,22050,10.0,220500,0.081725,0.298494,4303.02,2887.51,7811.73,val
tPJvjq9QePY_40.wav,22050,10.0,220500,0.103988,0.040685,2032.12,2552.33,4819.49,val
zF_jIWfSD-4_410.wav,22050,10.0,220500,0.212472,0.029148,842.67,1238.51,1889.18,val
zj2R0XoFr5k_50.wav,22050,10.0,220500,0.05757,0.153429,2305.84,1817.16,4037.8,val
wjsXBsc7M40_10.wav,22050,10.0,220500,0.066232,0.361744,4577.18,3061.5,8331.43,val
wqADXCzngMw_340.wav,22050,10.0,220500,0.406927,0.024707,1171.3,2046.23,2424.51,val
vGj1XLJvNrw_0.wav,22050,10.0,220500,0.068433,0.09227,1572.61,1545.17,2881.1,val
wPz6QRAkEb4_60.wav,22050,10.0,220500,0.055833,0.216524,3920.52,2959.52,7341.02,val
uWAAAL4CIoc_0.wav,22050,5.851,129024,0.065011,0.143742,1763.24,1482.22,3506.98,val
tDlfY3nmx1A_160.wav,22050,10.0,220500,0.060589,0.147757,2397.06,2141.95,4435.07,val
sZvwOuuPGP0_50.wav,22050,10.0,220500,0.209202,0.372646,4918.45,3326.11,8521.08,val
v_OQfEIq_PY_70.wav,22050,10.0,220500,0.097386,0.398713,4850.73,2700.11,8200.3,val
y2bVZ7rz-5M_280.wav,22050,10.0,220500,0.147783,0.121179,2264.06,2481.58,4302.29,val
v6a7fitPTTM_30.wav,22050,10.0,220500,0.260006,0.126156,2697.27,2625.3,5874.44,val
xjhAnI2q6hM_6.wav,22050,9.836,216884,0.199992,0.037541,1445.65,2370.63,2490.92,val
y8dSeubCN_I_4.wav,22050,9.746,214904,0.18044,0.101277,2070.47,2205.94,4273.32,val
tcd9QCdjTI0_40.wav,22050,10.0,220500,0.044244,0.050386,1883.62,2653.02,4676.7,val
xO-Q2BlIIPU_30.wav,22050,10.0,220500,0.006864,0.166963,2325.45,2075.04,4596.51,val
zOZleIRqZm4_80.wav,22050,10.0,220500,0.052245,0.211443,3129.84,2761.74,6215.48,val
shmR4OZtzqA_30.wav,22050,10.0,220500,0.140766,0.134791,2499.23,2485.25,5072.49,val
su6FAOcOA8c_4.wav,22050,9.904,218376,0.175948,0.085763,1415.96,1429.03,2614.85,val
v7Pz4dWmggg_30.wav,22050,10.0,220500,0.339994,0.190045,2236.0,1394.45,3699.76,val
sfkZJPWXEWY_90.wav,22050,10.0,220500,0.073916,0.166533,2974.33,2712.49,6231.34,val
yXrw3GRMZag_40.wav,22050,10.0,220500,0.11579,0.341775,4222.01,2670.95,7424.33,val
wl44ppID9ds_30.wav,22050,10.0,220500,0.108216,0.291265,3348.91,1806.42,5331.44,val
vb1fPSD_I4c_30.wav,22050,10.0,220500,0.182161,0.103652,1428.95,945.84,2532.6,val
sZ29AZCjWTE_60.wav,22050,10.0,220500,0.025805,0.220179,3522.92,2724.49,6795.92,val
wNZ5thZM7XU_20.wav,22050,10.0,220500,0.045732,0.299197,3734.86,2429.05,6574.42,val
w8hYTIDPWGI_270.wav,22050,10.0,220500,0.226578,0.081152,1213.78,1005.77,2201.38,val
vZAqdHZ81yA_180.wav,22050,10.0,220500,0.148366,0.088153,1247.05,941.74,2294.88,val
yDoT73BWsdA_10.wav,22050,10.0,220500,0.217868,0.066363,1242.91,1198.0,2194.66,val
u0T_rcHhkPQ_20.wav,22050,10.0,220500,0.103304,0.04586,1117.3,1467.32,2205.88,val
sSMl2vc3e_k_20.wav,22050,10.0,220500,0.041492,0.08044,1261.49,1012.47,2377.65,val
x-PeY8Yb8M4_300.wav,22050,10.0,220500,0.101648,0.020943,381.24,409.73,711.99,val
uiS58TNyUiw_430.wav,22050,10.0,220500,0.037826,0.156373,2552.83,2215.55,4617.22,val
w9ejUrlz1GM_460.wav,22050,10.0,220500,0.075613,0.273757,4250.49,2820.86,7642.76,val
x4a9YGIw4ok_120.wav,22050,10.0,220500,0.029371,0.158662,2769.5,2533.34,5533.96,val
sZPuqDgX2V0_30.wav,22050,10.0,220500,0.192143,0.076411,1699.47,1801.54,3437.54,val
sdv_I1mHAsc_20.wav,22050,10.0,220500,0.188159,0.182378,1962.23,1583.46,3778.98,val
w2bYrCVLT60_120.wav,22050,10.0,220500,0.110995,0.125649,2275.09,1835.88,4293.45,val
smGI3C1N_Zc_30.wav,22050,10.0,220500,0.113755,0.365635,4469.45,2869.42,7736.84,val
vBHyYJ8p_L0_2.wav,22050,9.617,212044,0.039405,0.082423,1651.69,1905.72,3182.4,val
tEE3MpBt1sg_50.wav,22050,10.0,220500,0.11895,0.154971,2475.76,2100.53,4524.97,val
uVJOoZkis2A_30.wav,22050,10.0,220500,0.137193,0.164564,2802.13,2460.32,5440.46,val
wVRxa3BBHaQ_20.wav,22050,10.0,220500,0.070491,0.197645,2337.54,1485.74,4061.48,val
zPpG3RD8lSs_20.wav,22050,8.881,195816,0.008542,0.149169,3126.76,2985.57,6960.57,val
sd7x_Vssqlw_50.wav,22050,10.0,220500,0.139578,0.087377,1627.63,1681.51,3039.4,val
xERFUeZONz8_0.wav,22050,10.0,220500,0.39183,0.093646,1591.9,1418.87,2832.82,val
yNtRmrn0io8_210.wav,22050,10.0,220500,0.058429,0.059348,1554.71,2084.85,3084.94,val
wrAy0C6AZ3Y_150.wav,22050,10.0,220500,0.042833,0.154887,2961.94,2677.33,5938.29,val
tSQVhXThO4A_90.wav,22050,10.0,220500,0.059299,0.173563,2885.01,2452.92,5628.13,val
zNRCh_LjqcU_220.wav,22050,10.0,220500,0.291002,0.701542,7152.96,2569.14,9536.69,val
sTpirNYo8vQ_30.wav,22050,10.0,220500,0.191939,0.2054,3199.37,2667.3,6029.12,val
vddP56-ogds_30.wav,22050,10.0,220500,0.068714,0.25593,3692.21,2687.0,6689.33,val
yZZFDWkYJYs_16.wav,22050,10.0,220500,0.442042,0.114156,1587.16,1313.49,2450.16,val
yaLIJu_2U4Y_30.wav,22050,10.0,220500,0.003009,0.135326,2971.09,2870.09,6488.86,val
sLUnaPT5gM8_0.wav,22050,10.0,220500,0.110017,0.140341,2438.06,2190.09,4779.67,val
ti66RjZWTp0_20.wav,22050,10.0,220500,0.032302,0.201519,3337.89,2729.09,6545.12,val
x-gIWB__rIE_210.wav,22050,10.0,220500,0.067782,0.155624,2356.39,1990.06,4449.9,val
ul60S8TXDA8_60.wav,22050,10.0,220500,0.034343,0.083004,1282.07,1114.56,2479.19,val
yZmhM1HcsyE_4.wav,22050,10.0,220500,0.233261,0.061704,1584.48,2347.07,2611.59,val
yswmmRZFItk_0.wav,22050,10.0,220500,0.076118,0.137954,1685.76,811.72,2446.19,val
s6DESzUTGjY_16.wav,22050,9.751,215008,0.013574,0.095626,1503.82,1460.73,2872.86,val
tHyNqRyK34A_24.wav,22050,9.014,198752,0.108252,0.064733,1310.38,1336.75,2715.9,val
z5iUE5h0EPs_30.wav,22050,10.0,220500,0.018477,0.07874,2079.19,2416.9,4845.4,val
uqFvD_nXw8I_160.wav,22050,10.0,220500,0.193388,0.079362,1796.94,2126.29,4017.92,val
w2JXXIAdUdg_10.wav,22050,10.0,220500,0.013387,0.088616,1278.68,1111.21,2245.72,val
u5RmF3c3_Aw_60.wav,22050,10.0,220500,0.103456,0.098066,2078.0,2118.75,3812.98,val
zvmXKyAFq80_10.wav,22050,10.0,220500,0.126045,0.074723,1946.15,2256.54,4332.85,val
vHZQht-r5fg_10.wav,22050,10.0,220500,0.019397,0.16466,2840.74,2299.67,5647.02,val
ysz2T2Hczmk_50.wav,22050,10.0,220500,0.061938,0.259557,3604.47,2808.15,6847.83,val
u7C-_AEBQ_M_30.wav,22050,10.0,220500,0.010625,0.106428,2214.73,2447.56,4969.55,val
vYkA3cfXp5Q_30.wav,22050,10.0,220500,0.1642,0.048861,1692.44,2236.63,4097.95,val
xBxDz0CFVn0_30.wav,22050,10.0,220500,0.051565,0.043549,965.37,1297.79,2204.33,val
sGgBtiZY0U8_30.wav,22050,10.0,220500,0.196699,0.045347,1103.53,1144.29,2124.49,val
vH4z5OI5aNY_30.wav,22050,10.0,220500,0.137346,0.038965,791.89,1036.82,1347.27,val
tc7UjDIyobI_10.wav,22050,10.0,220500,0.015402,0.332377,3690.28,2247.74,5786.26,val
yKKOHg5xlPE_20.wav,22050,10.0,220500,0.112046,0.152341,2323.25,1957.57,4176.69,val
tdWhHV3X25Q_60.wav,22050,10.0,220500,0.067702,0.143568,2434.42,2142.29,4625.57,val
v5tqYBzowxI_4.wav,22050,9.584,211320,0.046888,0.055169,994.69,1219.4,1797.55,val
vms5XGTDVQc_220.wav,22050,10.0,220500,0.006577,0.223731,4008.33,3070.23,7832.09,val
v25l1jef3JY_0.wav,22050,10.0,220500,0.009987,0.05909,1990.29,2375.31,5029.18,val
w2M4i1mklOA_30.wav,22050,10.0,220500,0.028743,0.167181,3096.83,2721.56,6457.71,val
tAJk7rQlSi4_320.wav,22050,10.0,220500,0.017203,0.124843,1851.76,1744.81,3091.64,val
w5W_5Kqtc8E_100.wav,22050,10.0,220500,0.131051,0.082628,1925.88,2319.06,4348.48,val
w1mlz3Pe4fU_300.wav,22050,10.0,220500,0.002254,0.295432,4153.15,2900.04,7850.83,val
xMXvkIcaG0Y_30.wav,22050,10.0,220500,0.156538,0.191728,3188.11,2859.51,6751.68,val
vwqaIHKxLvM_20.wav,22050,10.0,220500,0.157308,0.101165,2085.27,2324.96,4716.25,val
snFy48Lv3r8_30.wav,22050,10.0,220500,0.15038,0.033279,1435.99,2145.94,3636.59,val
sP1SNRwEPik_30.wav,22050,10.0,220500,0.056794,0.083224,1793.63,2028.1,3648.23,val
wdXV3Pv0jiY_11.wav,22050,9.37,206618,0.053198,0.229848,2879.37,2022.46,4977.61,val
tw76HGONaKg_570.wav,22050,10.0,220500,0.081355,0.146894,3127.8,2766.83,6238.26,val
y4NpJekTMT8_80.wav,22050,10.0,220500,0.042135,0.212226,3408.97,2922.36,6824.5,val
uK5doE8g_nY_80.wav,22050,10.0,220500,0.124488,0.091234,1609.13,1591.7,3263.03,val
yhQ2Lg-7qDY_130.wav,22050,10.0,220500,0.076922,0.422273,5115.06,2831.32,8617.53,val
yBksF4L5Ics_30.wav,22050,10.0,220500,0.0259,0.090439,2077.86,2405.58,4563.44,val
wpe7JELhTTs_360.wav,22050,10.0,220500,0.368223,0.118392,1864.64,1554.16,3607.46,val
yTMbYkZ-Vkc_0.wav,22050,10.0,220500,0.129619,0.027362,933.98,1582.93,1439.45,val
wmTdukran8Y_410.wav,22050,10.0,220500,0.031023,0.217508,3359.25,2779.71,6623.03,val
wqTCwqVRDlk_80.wav,22050,10.0,220500,0.134116,0.092937,1430.99,1225.97,2775.71,val
uoGVs9yUqY4_30.wav,22050,10.0,220500,0.008487,0.073622,1985.83,2553.7,4509.26,val
v-HKXQkpsD8_30.wav,22050,10.0,220500,0.2333,0.107749,2014.75,2135.92,3638.19,val
ueri5ZFoY7w_0.wav,22050,10.0,220500,0.214101,0.055604,1291.53,1373.98,2672.27,val
zXWWOYF_NMY_20.wav,22050,10.0,220500,0.013503,0.158767,2878.97,2708.51,6207.03,val
wbHTKEJZyhc_20.wav,22050,10.0,220500,0.040373,0.177751,2869.44,2550.6,5902.32,val
sShpyu2l4YQ_0.wav,22050,10.0,220500,0.05741,0.149592,2768.68,2607.38,5787.74,val
ugHJF0hfYkg_10.wav,22050,10.0,220500,0.157718,0.298749,3983.11,3104.95,8074.33,val
w9lpbUn0hPc_30.wav,22050,10.0,220500,0.061528,0.096688,1624.13,1559.66,3199.65,val
weDbePuc-Xc_40.wav,22050,10.0,220500,0.128733,0.136392,2143.89,1639.24,3663.99,val
wvKpEYswXO0_150.wav,22050,10.0,220500,0.02666,0.29634,3973.66,2622.95,7116.5,val
vveS8HT7Uog_100.wav,22050,10.0,220500,0.025589,0.217073,2876.89,2103.13,4961.08,val
sncRqQ67iJU_460.wav,22050,10.0,220500,0.03405,0.076406,1593.03,1822.79,3606.49,val
sYj4hpDUZDQ_30.wav,22050,10.0,220500,0.182024,0.126565,2323.85,2307.32,4326.7,val
yaln9y8I7ms_230.wav,22050,10.0,220500,0.027059,0.256042,3875.07,2930.38,7526.95,val
xV7Mg1QucSc_14.wav,22050,9.22,203300,0.052525,0.146638,1852.62,1378.79,3447.77,val
wob-3S4VjMs_140.wav,22050,10.0,220500,0.031959,0.032782,1972.14,2164.32,4171.42,val
wJpmCiK8-Ow_30.wav,22050,10.0,220500,0.012076,0.13368,1622.14,1059.22,2606.27,val
sk3WTKnlJ-U_30.wav,22050,10.0,220500,0.018869,0.123536,1683.4,1227.52,3236.4,val
sEprKHm8Sj8_90.wav,22050,10.0,220500,0.132771,0.161283,2669.05,2220.96,5262.05,val
vJrjSeP17yE_40.wav,22050,10.0,220500,0.04298,0.22047,3352.28,2621.45,6697.13,val
tO_j4tdLRaA_70.wav,22050,10.0,220500,0.132085,0.15924,2873.48,2457.4,5446.08,val
uYT5gxnyMWM_50.wav,22050,10.0,220500,0.130003,0.214173,3064.48,2492.06,5372.61,val
ztQ79sWWC34_60.wav,22050,10.0,220500,0.030217,0.275472,3750.7,2719.25,6892.65,val
vK93VuO0yNc_30.wav,22050,10.0,220500,0.036856,0.064048,1553.89,2030.94,3208.8,val
yvpR-9AaJyU_160.wav,22050,10.0,220500,0.153163,0.089068,1512.21,1541.1,2860.17,val
vcTWN0HCyoY_210.wav,22050,10.0,220500,0.107999,0.207482,3384.18,2954.41,7232.61,val
uyznsufCKbA_170.wav,22050,10.0,220500,0.091431,0.39718,4906.02,3128.7,9023.36,val
zwOBqeFTgiU_30.wav,22050,10.0,220500,0.170584,0.262312,3480.11,1785.98,5118.38,val
sRSNKun0Hpk_100.wav,22050,10.0,220500,0.115217,0.434605,4413.53,1863.41,6442.6,val
zaIbETo-WtU_440.wav,22050,10.0,220500,0.015574,0.148879,2744.76,2742.72,6026.65,val
vdoxuJn9lTc_40.wav,22050,10.0,220500,0.173776,0.222502,3041.18,2350.84,6017.53,val
v0x1odnXtP0_210.wav,22050,10.0,220500,0.021982,0.13461,3627.58,3181.78,7569.57,val
vaX_J_G3638_130.wav,22050,10.0,220500,0.059918,0.15311,2261.98,1831.78,4485.2,val
vJ7JPEFhyLA_16.wav,22050,9.588,211424,0.135243,0.168579,2415.11,1985.26,4415.27,val
sm74QGpHDXg_20.wav,22050,10.0,220500,0.010501,0.258223,3451.99,2517.28,6266.56,val
skd2PphS6oI_190.wav,22050,10.0,220500,0.125848,0.16832,1945.27,1084.73,3400.6,val
yI-KvObbDoY_260.wav,22050,10.0,220500,0.028103,0.074619,2059.15,2584.04,4775.65,val
yks4cLgIDMc_170.wav,22050,10.0,220500,0.084026,0.143831,2349.99,1989.8,4357.18,val
sOa7g-44Dag_30.wav,22050,10.0,220500,0.044806,0.162868,2613.16,2444.35,5045.46,val
uHa1kxWCyJ8_150.wav,22050,10.0,220500,0.069384,0.167314,3012.44,2736.13,6287.82,val
vBslzh7saPw_90.wav,22050,10.0,220500,0.225967,0.207115,3431.26,2955.03,7277.17,val
wEBlkGWVWwE_260.wav,22050,10.0,220500,0.039364,0.0951,1921.94,2048.72,3775.53,val
wqZ135_Ssz0_60.wav,22050,10.0,220500,0.066703,0.076338,1622.42,2046.82,3179.37,val
spJCm8tD9Zo_90.wav,22050,10.0,220500,0.056217,0.261539,3343.65,2117.83,5435.16,val
tDlysoZiA1I_0.wav,22050,10.0,220500,0.013554,0.272371,3682.77,2491.55,6583.39,val
wyllXV6PjKo_30.wav,22050,10.0,220500,0.175922,0.144896,2687.55,2385.77,5254.58,val
vFKWrKEpR4U_30.wav,22050,10.0,220500,0.022369,0.132209,2908.74,3133.95,7195.11,val
w-4gHptFNuU_21.wav,22050,9.042,199366,0.075695,0.130724,2132.59,2828.7,5195.71,val
zdYdyF9-m8U_7.wav,22050,9.927,218898,0.112384,0.124868,1538.47,1079.8,2837.33,val
ucQikcv96gM_150.wav,22050,10.0,220500,0.002869,0.215346,4023.98,2895.29,7553.01,val
wqN6IIHw3po_30.wav,22050,10.0,220500,0.103533,0.231876,3404.98,2629.77,6578.34,val
sYQi1wgCNu4_7.wav,22050,9.486,209170,0.614001,0.019469,1565.91,1897.3,3570.22,val
v5P-ThUCINM_400.wav,22050,10.0,220500,0.020661,0.217176,3438.2,2986.17,7170.88,val
vzceMbkl_Wc_180.wav,22050,10.0,220500,0.091057,0.198668,2958.49,2442.26,5620.87,val
xfaoyyzw2WU_180.wav,22050,10.0,220500,0.26226,0.259024,2887.2,2011.63,5111.84,val
sfAvvZwdLCY_20.wav,22050,10.0,220500,0.036009,0.086019,1805.96,2143.08,3451.16,val
uFoga8sHpiw_90.wav,22050,10.0,220500,0.19324,0.112514,1534.12,1062.21,2518.16,val
x4dZyf9Gbj0_130.wav,22050,10.0,220500,0.124275,0.174201,2940.09,2494.07,5743.92,val
zU-oKUEckKo_60.wav,22050,10.0,220500,0.208297,0.195131,3349.04,2833.97,6804.52,val
ArHiac57pVk_30.wav,22050,10.0,220500,0.020671,0.053973,1388.78,2130.03,2916.85,test
Ff8bCCJfVX4_10.wav,22050,10.0,220500,0.09406,0.320898,4025.67,2541.93,6653.11,test
3iLGu2Omgrw_30.wav,22050,10.0,220500,0.037235,0.062807,1062.74,1218.59,1747.24,test
dZDgJzGtLLU_290.wav,22050,10.0,220500,0.011108,0.187587,2692.04,1985.3,5031.48,test
2EsxcKe1A4w_28.wav,22050,9.611,211928,0.037617,0.152034,2711.05,2477.33,5515.0,test
rp3CQsWxVgE_0.wav,22050,7.344,161936,0.346342,0.075505,1466.57,1487.16,2771.36,test
UQtBt6CQpwg_30.wav,22050,10.0,220500,0.307433,0.167402,1977.08,1098.45,2918.05,test
nuZEAuAl8hQ_440.wav,22050,10.0,220500,0.004121,0.086766,1476.45,1533.34,3242.85,test
j1AiqT5oHZc_140.wav,22050,10.0,220500,0.074534,0.144351,2463.4,2244.21,4698.09,test
DrCm-HpX67k_180.wav,22050,10.0,220500,0.022064,0.328234,4389.01,3075.89,7991.14,test
dmUOSyPXkUw_200.wav,22050,10.0,220500,0.103552,0.357508,4389.69,2829.45,7836.04,test
JnSwRonB9wI_30.wav,22050,10.0,220500,0.122004,0.10902,1787.3,1694.01,3248.77,test
dP5DbAzTl5M_30.wav,22050,10.0,220500,0.206593,0.157654,2690.44,2497.64,5729.83,test
sI7_ycEYzAY_30.wav,22050,10.0,220500,0.014768,0.179916,1796.72,1607.1,3851.72,test
WCYfCfW9NA0_230.wav,22050,10.0,220500,0.097066,0.288252,3963.09,3043.83,7567.55,test
CxaPpRJRkn0_0.wav,22050,10.0,220500,0.050735,0.172427,2859.33,2514.22,5687.84,test
mVjub3o_IxE_40.wav,22050,10.0,220500,0.118641,0.32867,4175.44,2709.65,7314.14,test
6pssFJ0m-kU_60.wav,22050,10.0,220500,0.033184,0.293438,3782.7,2388.32,6188.8,test
Ni3dIj90Oa4_10.wav,22050,10.0,220500,0.20057,0.123835,2086.74,1967.21,3785.5,test
RdC8cviN6Bs_30.wav,22050,10.0,220500,0.038253,0.159929,3884.1,3567.97,8604.66,test
9hxFqltp3xw_30.wav,22050,10.0,220500,0.06358,0.172051,2993.62,2577.8,5763.48,test
59VP93Tzjmg_40.wav,22050,10.0,220500,0.086158,0.136169,2071.02,1727.65,3877.6,test
404cD3bVXDc_30.wav,22050,10.0,220500,0.10099,0.175225,2971.99,2354.2,5557.74,test
YqYCDis3EUA_30.wav,22050,10.0,220500,0.021917,0.197652,3331.94,3011.46,6897.94,test
PTyFYxXdut4_370.wav,22050,10.0,220500,0.054098,0.141826,2548.32,2401.28,5329.62,test
IPfaRF76gVU_13.wav,22050,9.483,209110,0.269488,0.10576,2807.57,2724.54,6234.65,test
cz0FSQDVBMw_90.wav,22050,10.0,220500,0.093396,0.417781,4957.23,3145.81,8596.14,test
fYTZVxQ8LJk_0.wav,22050,10.0,220500,0.06076,0.058658,1426.11,1218.21,2883.9,test
lmPMhs-9IYE_0.wav,22050,10.0,220500,0.225235,0.036133,1031.15,1517.93,1954.4,test
bX2vDaHL26U_60.wav,22050,10.0,220500,0.125382,0.063728,1483.24,1653.97,2840.26,test
-nQHwrRLfc0_30.wav,22050,10.0,220500,0.107937,0.302392,3992.02,2944.73,7998.54,test
m8wV38lf2jg_20.wav,22050,10.0,220500,0.121333,0.046099,927.56,1258.49,1566.55,test
3VHpLxtd498_30.wav,22050,10.0,220500,0.025622,0.149105,2193.67,1762.67,3743.45,test
rJVXE6Axtrg_50.wav,22050,10.0,220500,0.11196,0.21343,3248.71,2588.9,6248.58,test
awxrHOpt-sE_40.wav,22050,10.0,220500,0.203167,0.127594,1961.75,1535.79,3338.82,test
Z0IrCa4MvOA_30.wav,22050,10.0,220500,0.104223,0.214793,3488.91,2938.55,7186.47,test
NJEPbGVBJIQ_10.wav,22050,10.0,220500,0.044142,0.067045,1816.81,2312.82,4172.67,test
EYTz1LPDHsc_30.wav,22050,10.0,220500,0.02835,0.058001,1315.41,1819.08,2258.21,test
cr0GiZr0TNY_10.wav,22050,10.0,220500,0.074088,0.243036,3611.42,2539.59,6392.49,test
PtW0cZVprJQ_10.wav,22050,10.0,220500,0.003882,0.203867,3614.82,2982.14,7273.88,test
cPiSd5nJLrI_30.wav,22050,10.0,220500,0.244149,0.069857,1495.47,1678.14,2887.8,test
tjCNwdOUiGc_120.wav,22050,10.0,220500,0.088804,0.138813,2582.92,2593.86,5996.05,test
HZ9O6sc7cLA_180.wav,22050,10.0,220500,0.180192,0.134689,2373.94,2055.19,4252.28,test
dJYO3RbBabE_0.wav,22050,10.0,220500,0.058776,0.090435,2255.0,2599.43,4686.57,test
4eyY1w2QyM0_6.wav,22050,9.901,218308,0.022522,0.214278,2749.28,1959.47,5156.12,test
zoctgurhvHE_70.wav,22050,10.0,220500,0.081021,0.085339,2264.88,2550.74,4978.97,test
tTB0BK39JI8_40.wav,22050,10.0,220500,0.088205,0.148507,1936.81,1480.58,3630.52,test
jjfUaMQaG1A_310.wav,22050,10.0,220500,0.050719,0.123779,2204.82,1957.89,4101.03,test
MtK8L8gXRrI_20.wav,22050,10.0,220500,0.082879,0.168996,2852.91,2617.55,5588.94,test
BXxlqaDvdaA_30.wav,22050,10.0,220500,0.109332,0.049,1153.43,1538.45,2511.79,test
rbO727iF03I_30.wav,22050,10.0,220500,0.160412,0.123256,2540.72,2578.41,5392.14,test
paf0nyjg1Js_110.wav,22050,10.0,220500,0.091768,0.114244,1828.77,1458.84,3604.84,test
ilspW7JRjAg_50.wav,22050,10.0,220500,0.209075,0.127294,3134.49,3066.06,7051.87,test
kLYCjD6vWI4_30.wav,22050,10.0,220500,0.044905,0.284659,3514.01,2356.57,6073.56,test
WWkhzcmx3VE_320.wav,22050,10.0,220500,0.218915,0.15985,2358.79,1748.07,3824.92,test
y_OyLW9lBXU_10.wav,22050,9.9,218284,0.198867,0.153126,2758.47,2083.45,5166.03,test
VOXl8iR-HnI_240.wav,22050,10.0,220500,0.124504,0.11377,1844.92,1743.44,3672.09,test
_z6pymOet7g_50.wav,22050,10.0,220500,0.035747,0.130133,2291.49,2278.34,4270.82,test
2JV3emH50XU_0.wav,22050,10.0,220500,0.052468,0.206193,2848.1,2168.39,5392.17,test
CwxgQS3SXic_160.wav,22050,10.0,220500,0.047075,0.177593,3086.48,2682.81,6774.89,test
G0IsabU5hn4_3.wav,22050,10.0,220500,0.113518,0.062706,1156.46,1204.17,2394.58,test
S0YE96w0YRk_120.wav,22050,10.0,220500,0.101744,0.145227,2560.74,2287.78,5011.99,test
e6jSpvTvfJ0_20.wav,22050,10.0,220500,0.11106,0.208315,3601.94,2964.98,7287.94,test
sbW7XwwUtSU_23.wav,22050,9.073,200066,0.051202,0.315252,3301.87,2167.59,5161.22,test
S_3aeOvniZc_30.wav,22050,10.0,220500,0.218145,0.100039,1878.05,1861.53,3507.76,test
D96OO7nYYsg_30.wav,22050,10.0,220500,0.223103,0.029469,869.75,1212.81,1862.87,test
eYbFtxZmKL4_110.wav,22050,10.0,220500,0.039648,0.060368,2197.98,2581.51,5162.3,test
R_g4RpU9mO0_30.wav,22050,10.0,220500,0.038229,0.207215,3682.57,3182.07,7982.7,test
bIV3bJZpkgA_30.wav,22050,10.0,220500,0.046133,0.12077,1839.38,1494.07,3292.51,test
ynHdcJ9Oqaw_20.wav,22050,10.0,220500,0.117301,0.259516,4131.17,2985.41,7770.89,test
W4GEwnXc9tQ_30.wav,22050,10.0,220500,0.109019,0.129095,2496.92,2403.23,4930.95,test
VE6Ku0-ucUM_30.wav,22050,10.0,220500,0.259603,0.080249,1560.9,1724.96,2899.56,test
ztSjcZNUY7A_30.wav,22050,10.0,220500,0.119376,0.250574,4176.49,2655.34,7409.5,test
sVYTOURVsQ0_0.wav,22050,10.0,220500,0.012833,0.20409,2544.18,1593.82,4421.03,test
2t82STv2GR8_110.wav,22050,10.0,220500,0.179239,0.095252,1288.89,865.43,2187.07,test
h3UhoHIMfpw_30.wav,22050,10.0,220500,0.064078,0.119528,2319.86,2428.7,5192.37,test
nq0BF9zGkzg_30.wav,22050,10.0,220500,0.035597,0.091431,1398.03,1253.76,2545.79,test
6ZFU4PqXmoI_6.wav,22050,9.325,205620,0.179094,0.073613,1190.98,1238.45,2410.49,test
gf6H_MWCqjw_40.wav,22050,10.0,220500,0.071369,0.200383,2962.02,2435.05,5597.86,test
-mhFGevxLUg_30.wav,22050,10.0,220500,0.138544,0.178033,3100.5,2745.28,6280.98,test
Bn4lc01q9vE_30.wav,22050,10.0,220500,0.116045,0.445572,5346.45,2682.32,8415.29,test
BDpU2Qh77NE_30.wav,22050,10.0,220500,0.013511,0.190018,3203.27,2724.58,6361.86,test
_iUX8CibElk_120.wav,22050,10.0,220500,0.20188,0.103282,1331.42,1067.73,2681.13,test
K_Vre_-4KqU_60.wav,22050,10.0,220500,0.138618,0.112095,1823.29,1707.33,3882.25,test
I4HpYGMMsz4_170.wav,22050,10.0,220500,0.110908,0.18102,2892.18,2267.49,5246.23,test
PuLuZ_TXv-0_50.wav,22050,10.0,220500,0.102061,0.173092,1915.33,1010.98,2934.96,test
7D7xgd4WJ50_0.wav,22050,3.281,72336,0.172942,0.333108,3631.0,1316.43,5313.24,test
9PN4gyxpH2M_40.wav,22050,10.0,220500,0.055767,0.308811,3990.91,2706.12,7009.33,test
hGWarNR6xmg_110.wav,22050,10.0,220500,0.023178,0.414328,4857.74,2735.79,8173.9,test
VeCSHwtkBZU_30.wav,22050,10.0,220500,0.024195,0.070608,1366.73,1485.57,2819.93,test
FL8KTgMGrN4_30.wav,22050,10.0,220500,0.138032,0.26293,3558.53,2574.65,6664.85,test
AKHZMg9ba30_30.wav,22050,10.0,220500,0.07381,0.08934,1699.49,1883.65,3220.79,test
ECw5Yf7QoMo_30.wav,22050,10.0,220500,0.039843,0.157017,2747.87,2439.64,5258.57,test
u9px4Lwv9XI_30.wav,22050,10.0,220500,0.00966,0.252878,3388.13,2340.76,5879.24,test
bhlhcGONisM_130.wav,22050,10.0,220500,0.007257,0.07195,2362.67,2668.44,5534.21,test
6eX6bJOFftA_11.wav,22050,9.968,219786,0.077467,0.074997,1581.95,1875.97,3002.88,test
h5_1pnkl_SY_50.wav,22050,10.0,220500,0.007486,0.341334,4596.77,2873.68,7928.02,test
_ezm-TpKj1w_30.wav,22050,10.0,220500,0.344622,0.114638,2172.32,2213.3,5276.23,test
L_CNz9Vrtkw_100.wav,22050,10.0,220500,0.098839,0.150148,2341.02,1945.99,3878.1,test
CBwXKOpJY_o_30.wav,22050,10.0,220500,0.03562,0.055229,1488.89,2109.53,2949.05,test
bAqgL5dCQOE_30.wav,22050,10.0,220500,0.049939,0.357377,4277.28,2719.12,7320.36,test
nLtNjMimLE0_480.wav,22050,10.0,220500,0.004976,0.151417,2752.21,2595.13,5652.57,test
3qrVku794u0_12.wav,22050,9.949,219384,0.069155,0.166668,2533.56,2271.62,5046.3,test
BwnGxJD9xh8_30.wav,22050,10.0,220500,0.143845,0.176001,2783.1,2533.4,5776.12,test
uY4fe5DT1gI_30.wav,22050,10.0,220500,0.007791,0.306692,4190.43,2967.08,7969.96,test
LF6x7B0Ppvo_20.wav,22050,10.0,220500,0.499144,0.060515,2392.78,2842.82,5850.09,test
ZsTZ7jqbd9M_170.wav,22050,10.0,220500,0.062352,0.108269,2092.35,2190.16,4042.35,test
CM49C3RkzV8_30.wav,22050,10.0,220500,0.070396,0.074578,1853.73,2110.14,3627.99,test
FA11v4SmdBc_70.wav,22050,10.0,220500,0.115599,0.093091,1523.36,1397.49,2716.46,test
WmDe2xbnSY4_190.wav,22050,10.0,220500,0.180331,0.10719,2349.58,2492.96,5108.32,test
nlC4UI4hZ60_10.wav,22050,10.0,220500,0.053725,0.269285,2858.69,1563.22,4715.0,test
XIooZl1QdM4_110.wav,22050,10.0,220500,0.048409,0.157751,2648.69,1736.42,4595.74,test
sTMKled6Q1M_30.wav,22050,10.0,220500,0.023928,0.126951,2627.9,2626.35,5419.95,test
Zsf2YvJfCKw_20.wav,22050,10.0,220500,0.069174,0.223774,3437.28,2887.61,7021.15,test
QHfyKaOHSz4_0.wav,22050,10.0,220500,0.068769,0.175703,2575.88,1596.93,3979.45,test
UmNrhFKpWIY_21.wav,22050,9.727,214470,0.264353,0.028509,1164.91,1859.17,2541.2,test
1PvMtRIlZNI_0.wav,22050,7.0,154350,0.070574,0.055405,1568.28,1648.16,3595.87,test
dlsiellSFf0_30.wav,22050,10.0,220500,0.007118,0.044764,2654.68,2738.54,5868.67,test
AagLJkfrFMk_60.wav,22050,10.0,220500,0.039643,0.195319,3248.9,2753.27,6629.15,test
NX0gR9Eebp0_10.wav,22050,10.0,220500,0.055397,0.255625,3300.84,2033.47,5598.71,test
1vCYiVvZ7VE_30.wav,22050,10.0,220500,0.015782,0.082488,1688.22,1778.26,3457.68,test
Xz56Q2Q5j5c_570.wav,22050,10.0,220500,0.044667,0.313054,3939.79,2641.81,6997.94,test
K-7Y8yhcUiw_60.wav,22050,10.0,220500,0.005414,0.015191,2136.83,2384.24,5415.38,test
77nElZGi5NU_19.wav,22050,9.63,212346,0.055744,0.152677,2460.6,2277.07,4839.65,test
ObWjGBJF_94_350.wav,22050,10.0,220500,0.020253,0.241563,3678.04,2826.9,7175.3,test
Xi6V0LGvqoo_0.wav,22050,10.0,220500,0.127914,0.193825,2487.18,1755.31,4426.8,test
nD1K1Zo0qrM_10.wav,22050,10.0,220500,0.258617,0.052128,1040.28,1256.36,1950.05,test
Ot0bN_hz2ec_20.wav,22050,10.0,220500,0.132207,0.161737,2493.06,2174.1,4642.35,test
ir1XTdyt4IY_18.wav,22050,9.492,209308,0.146914,0.138056,2878.12,2692.56,6162.0,test
0AsXkZkqelg_30.wav,22050,10.0,220500,0.200172,0.16203,3364.27,3044.78,7280.22,test
JBWJQCS4SvA_30.wav,22050,10.0,220500,0.060123,0.032633,774.37,1172.7,1257.89,test
5I8lmN8rwDM_140.wav,22050,10.0,220500,0.145945,0.449056,5020.49,3043.31,8729.82,test
63KW_EQ72yU_30.wav,22050,10.0,220500,0.677319,0.052532,1305.38,1545.28,2819.0,test
8F-ndyrEWJ8_470.wav,22050,10.0,220500,0.138373,0.12779,2136.35,2019.98,3688.1,test
FR7BDRhMATo_310.wav,22050,10.0,220500,0.177726,0.140559,3553.9,3057.8,7443.94,test
WU3qB7gf6ao_30.wav,22050,10.0,220500,0.043911,0.035497,1099.18,1736.62,2060.34,test
8OTd45_6cvY_30.wav,22050,10.0,220500,0.047725,0.155332,2082.2,1694.61,3560.12,test
h0M4RS8p_mo_0.wav,22050,8.18,180368,0.122778,0.125116,2090.18,1800.86,3858.44,test
0yETgW44MZU_20.wav,22050,10.0,220500,0.271006,0.075388,1307.46,1173.77,2336.98,test
Q87LBiwJjTE_250.wav,22050,10.0,220500,0.034708,0.202768,3458.41,2915.97,6945.93,test
3rna9zo5ZOs_30.wav,22050,10.0,220500,0.109456,0.137147,1602.89,971.2,2767.89,test
OmmPaIAXN0s_30.wav,22050,10.0,220500,0.026277,0.034745,849.36,1282.11,1366.41,test
xQDq3A4Zfbo_30.wav,22050,10.0,220500,0.067358,0.166478,2076.35,1570.85,4031.01,test
C4JwGJQ2dUA_30.wav,22050,10.0,220500,0.271183,0.127473,2505.32,2281.67,4834.43,test
BUAPM4D3-h8_290.wav,22050,10.0,220500,0.052327,0.141292,3050.26,2778.2,6307.73,test
4pf-PIymDhU_20.wav,22050,10.0,220500,0.112063,0.404371,5143.33,2523.23,8088.87,test
LWng-4PDzPM_320.wav,22050,10.0,220500,0.052717,0.130475,2096.52,1805.58,3646.71,test
UCy1BEx8jBE_50.wav,22050,10.0,220500,0.131314,0.209784,3345.37,2814.85,6896.7,test
ne2DpKCIr4Y_190.wav,22050,10.0,220500,0.055976,0.091892,1851.28,2162.83,3786.77,test
p_BB_rJaF7Q_0.wav,22050,10.0,220500,0.032147,0.162427,2694.12,2481.29,5190.48,test
kEP-BwMarf8_90.wav,22050,10.0,220500,0.010642,0.250467,4043.11,2699.05,7159.77,test
PVvi2SDOjVc_0.wav,22050,5.457,120320,0.334514,0.070826,1417.8,1361.18,2547.76,test
VQnmlf2OsUg_50.wav,22050,10.0,220500,0.187419,0.533386,5965.87,2359.77,8559.6,test
YQSuFyFm3Lc_230.wav,22050,10.0,220500,0.107724,0.086045,1601.88,1909.03,2710.19,test
nmLMLgWPmFM_240.wav,22050,10.0,220500,0.266564,0.075417,2034.42,2626.35,4226.23,test
JHhEjsAkZoc_20.wav,22050,10.0,220500,0.168555,0.142637,2560.04,2358.65,4926.33,test
-EQByFLFqig_21.wav,22050,9.186,202550,0.067319,0.133939,2595.8,2603.26,5436.07,test
XplKBvZaHXA_160.wav,22050,10.0,220500,0.115987,0.223189,3290.97,2604.93,6445.72,test
kgjNIDmO8a8_30.wav,22050,10.0,220500,0.089218,0.164034,2468.41,2098.01,4396.15,test
rUq4w4EUSWA_0.wav,22050,10.0,220500,0.112682,0.309139,4043.23,2663.77,7201.46,test
eUecAF626A8_100.wav,22050,10.0,220500,0.162087,0.068848,1694.35,1922.41,3563.4,test
qF72bT878gw_14.wav,22050,9.018,198836,0.129178,0.116862,1253.73,820.66,2241.11,test
gbi6MxPf3hA_30.wav,22050,10.0,220500,0.014371,0.063215,1739.32,2290.25,3879.87,test
XJba7pTbpD0_5.wav,22050,9.907,218454,0.147403,0.405782,4733.05,2514.44,7585.16,test
8IdCiapDYCU_20.wav,22050,9.466,208728,0.156332,0.153022,1909.21,1439.84,2723.87,test
c0V_HAul7rI_30.wav,22050,10.0,220500,0.078324,0.153729,2804.53,2501.21,5696.88,test
8nUqSYC66mI_30.wav,22050,10.0,220500,0.342326,0.124684,2248.74,2075.02,4276.56,test
QRtuOWWya30_160.wav,22050,10.0,220500,0.068624,0.191983,3280.96,2892.08,6831.4,test
kx6Rj4MDIAw_30.wav,22050,10.0,220500,0.068308,0.150548,2548.86,2370.83,5184.63,test
Jon_DEFqsfM_30.wav,22050,10.0,220500,0.052492,0.051061,1051.23,1475.88,2165.11,test
ZUmZgPL0ges_20.wav,22050,10.0,220500,0.24283,0.140991,1938.65,1514.72,3445.84,test
JC2ZrXzCX4Y_110.wav,22050,10.0,220500,0.204102,0.214193,2415.5,1541.12,4027.93,test
D9GHUPGWsV0_30.wav,22050,10.0,220500,0.087252,0.194875,3088.1,2512.34,5949.31,test
e4ph6bIC5zc_170.wav,22050,10.0,220500,0.083799,0.079744,1757.71,1978.86,3581.73,test
NmmbNqmsPaY_10.wav,22050,10.0,220500,0.051599,0.185768,3062.11,2735.43,6284.27,test
DzKjogSVOLM_21.wav,22050,9.181,202438,0.111594,0.117417,1795.17,1640.03,3244.47,test
FJkvAMLmejY_7.wav,22050,9.068,199954,0.239697,0.070912,1588.52,1410.37,3164.39,test
Af4a-9rcnP0_30.wav,22050,10.0,220500,0.113032,0.095684,1328.97,1159.26,2663.8,test
zIgGMlZENTs_30.wav,22050,10.0,220500,0.054958,0.102931,1881.28,1868.74,4125.31,test
Me4npKmtchA_270.wav,22050,10.0,220500,0.079838,0.141369,1948.49,1610.95,4014.47,test
Ls1zyPjs3k8_280.wav,22050,10.0,220500,0.017918,0.257841,3903.25,2907.48,7485.09,test
QKHpSAAjakY_60.wav,22050,10.0,220500,0.297621,0.09399,1405.57,1154.81,2707.56,test
8GHLfJ6y6zA_570.wav,22050,10.0,220500,0.030826,0.07474,2386.68,2368.79,4882.22,test
eNG6fEiAE8c_30.wav,22050,10.0,220500,0.034665,0.142128,2193.99,1873.17,3826.74,test
4abZbau8tZo_14.wav,22050,9.29,204836,0.068947,0.077107,1865.33,2214.12,3785.9,test
JdFmMw0zyKA_0.wav,22050,10.0,220500,0.073127,0.089268,2172.28,2096.43,4667.48,test
0ury8KHQdL4_480.wav,22050,10.0,220500,0.091678,0.143929,2563.09,2340.14,5211.41,test
IFRmbxWK8u0_30.wav,22050,10.0,220500,0.006175,0.078427,1219.7,1145.82,2533.8,test
3hzy-FL24no_17.wav,22050,9.192,202686,0.053089,0.195167,2861.62,2083.48,5361.41,test
v7BaYF0kagM_310.wav,22050,10.0,220500,0.034843,0.110816,2935.4,2978.02,6573.1,test
eXj9OAik5cc_370.wav,22050,10.0,220500,0.106768,0.127268,2239.25,2272.07,4674.7,test
NDaVSIJaXVs_410.wav,22050,10.0,220500,0.142089,0.080479,1787.91,2218.89,3594.15,test
ErxgH5g3Kx0_30.wav,22050,10.0,220500,0.002612,0.194949,3473.13,3239.32,7784.8,test
g5l3Bz6lWnc_250.wav,22050,10.0,220500,0.003232,0.15112,2973.0,2982.9,6903.86,test
2msevPMQB4M_10.wav,22050,10.0,220500,0.133324,0.582774,6213.38,2865.53,9221.11,test
IdBDl9Wr51A_10.wav,22050,9.923,218796,0.146936,0.067028,1716.51,2004.04,3621.1,test
d6gu2w19YQo_70.wav,22050,10.0,220500,0.071363,0.197956,2605.41,1858.41,4668.38,test
KtTLsveexOg_210.wav,22050,10.0,220500,0.105903,0.308887,3765.87,2364.24,6645.92,test
bygBWUkpaC8_270.wav,22050,10.0,220500,0.131382,0.080204,2040.15,2405.54,4413.76,test
lTJLvSvjUZk_80.wav,22050,10.0,220500,0.281656,0.106554,2048.17,1963.31,3818.85,test
-NsC63dA01g_10.wav,22050,9.969,219820,0.012761,0.167712,1916.18,1146.97,2972.01,test
F-47fRplQEc_6.wav,22050,10.0,220500,0.071589,0.212692,3276.38,2565.65,6339.95,test
vigslb0kClE_100.wav,22050,10.0,220500,0.063498,0.253896,3641.69,2756.76,6862.67,test
Bvw2gv1fcZw_70.wav,22050,10.0,220500,0.097344,0.242287,3533.7,2623.78,6404.58,test
kHIe4CfaccQ_40.wav,22050,10.0,220500,0.030494,0.224447,3822.64,2876.31,7245.02,test
7QN3lwOzfdg_0.wav,22050,10.0,220500,0.144318,0.07949,1333.15,1216.12,2477.87,test
TSdAJWJ-tW0_12.wav,22050,9.055,199672,0.077055,0.093796,1990.42,2150.94,4054.26,test
q1ivQ_2fddk_150.wav,22050,10.0,220500,0.343353,0.25302,4002.38,3009.41,7816.4,test
Smdj6JFB9MQ_350.wav,22050,10.0,220500,0.111484,0.142353,2681.6,2476.73,5406.01,test
tB8TiiXwKmA_60.wav,22050,10.0,220500,0.073007,0.387804,4526.07,2583.58,7274.38,test
VMsbrcHPBfk_20.wav,22050,10.0,220500,0.070145,0.101877,1850.57,1671.26,3470.89,test
GGgQR7aIofY_40.wav,22050,10.0,220500,0.041116,0.072422,1727.18,2238.43,3451.91,test
ndxkSQKxaak_30.wav,22050,10.0,220500,0.135035,0.041254,1357.06,1990.23,2935.21,test
azh_-OkQ-uI_26.wav,22050,9.155,201868,0.077291,0.096453,2082.27,2254.12,4252.26,test
elztUCeNQvQ_10.wav,22050,10.0,220500,0.100092,0.094159,1778.42,1963.08,3647.11,test
CMNlIW6Lkwc_12.wav,22050,9.386,206952,0.162951,0.176065,2636.16,1930.1,4765.43,test
3MoF8myFs8Y_0.wav,22050,10.0,220500,0.253577,0.081372,1808.08,2137.77,3909.45,test
_C2HinL8VlM_30.wav,22050,10.0,220500,0.187463,0.084108,1700.12,1790.69,3205.27,test
6CDl4CqOgMg_30.wav,22050,10.0,220500,0.031656,0.111866,1665.09,1527.01,3532.94,test
ETb9EIQOMAA_30.wav,22050,10.0,220500,0.071695,0.068279,1490.86,1714.83,3017.07,test
r2djvq1vc68_20.wav,22050,10.0,220500,0.065204,0.596347,6357.53,2451.44,8859.61,test
lfO471Rn61k_230.wav,22050,10.0,220500,0.196342,0.321106,3915.01,2456.66,6493.19,test
_BSmz3SEW1w_30.wav,22050,10.0,220500,0.049345,0.078847,1513.65,1481.7,3206.6,test
cK2kSVR1d2o_120.wav,22050,10.0,220500,0.136003,0.109784,2376.27,2638.73,5135.37,test
OpiWMltpj44_30.wav,22050,10.0,220500,0.031298,0.107022,1994.94,2073.88,3997.91,test
31WGUPOYS5g_22.wav,22050,9.266,204308,0.201197,0.137939,2357.22,2006.67,4319.35,test
-mb4Fw4Z0xg_17.wav,22050,9.006,198590,0.307186,0.074845,1707.87,1876.25,3689.11,test
TSnq6n8tElo_0.wav,22050,10.0,220500,0.173421,0.074836,1180.2,1090.27,2292.71,test
9dLLsZVRSZI_110.wav,22050,10.0,220500,0.130711,0.094585,1276.39,1047.12,2551.31,test
C_ga5m6nOhI_30.wav,22050,10.0,220500,0.19468,0.301287,4231.39,3150.45,8341.62,test
atmDP_fmK_8_0.wav,22050,7.634,168336,0.277134,0.015278,555.75,928.27,1066.68,test
MjSegUnQXr4_2.wav,22050,9.564,210876,0.031424,0.104647,2147.3,2166.71,4272.51,test
PMMkPq5jJXY_0.wav,22050,10.0,220500,0.114558,0.115083,2284.51,2174.76,4329.12,test
e9MWXS34o48_40.wav,22050,10.0,220500,0.09348,0.0868,1366.95,1405.35,2995.09,test
k4XyfaWVLEY_30.wav,22050,10.0,220500,0.016952,0.155009,2598.59,2352.82,5231.49,test
XZTt1xdK8uQ_30.wav,22050,10.0,220500,0.208923,0.074535,1872.6,2231.7,4779.75,test
EBCH7TPgiPc_0.wav,22050,10.0,220500,0.095512,0.27737,4357.12,3325.26,8569.52,test
KJKHDKKW3XU_5.wav,22050,9.745,214870,0.004596,0.245957,3889.15,2955.22,7518.14,test
VZLZ08k3YeA_60.wav,22050,10.0,220500,0.00809,0.256671,3695.43,2732.3,6948.35,test
ajheseWZmmU_70.wav,22050,10.0,220500,0.021734,0.170494,3086.48,2838.22,6548.79,test
GMP8m09j5vk_370.wav,22050,10.0,220500,0.061582,0.245085,3305.92,2225.69,5292.12,test
EzWEO2WD_MM_70.wav,22050,10.0,220500,0.080797,0.307599,4547.85,2741.02,7903.48,test
KOBkbROPv4c_0.wav,22050,10.0,220500,0.25942,0.107174,2407.95,2270.64,4819.59,test
S0SQyFXbqF8_30.wav,22050,10.0,220500,0.094128,0.235695,3567.93,2631.07,6683.76,test
lVr-PxhZo8s_40.wav,22050,10.0,220500,0.168707,0.282581,4053.93,3161.19,8471.07,test
9z8XIRyUq9Q_30.wav,22050,10.0,220500,0.004276,0.230065,3454.46,2536.7,6092.8,test
FXdoNvmrYxo_280.wav,22050,10.0,220500,0.045812,0.202313,3355.99,2780.59,6267.41,test
Agh2EKINlSw_30.wav,22050,10.0,220500,0.087896,0.155724,2845.2,2593.63,5767.6,test
9z2OwpftxUE_10.wav,22050,10.0,220500,0.069851,0.043648,965.54,1208.99,1736.62,test
rN2rpLV3brs_120.wav,22050,10.0,220500,0.108964,0.258684,3931.35,2808.28,7082.13,test
Efk5kdn9lR8_21.wav,22050,9.581,211254,0.158242,0.142753,1794.48,1308.53,3235.69,test
pI_kPedctoo_10.wav,22050,10.0,220500,0.165892,0.157553,3131.45,3029.31,7112.35,test
PZBUdlKwX04_21.wav,22050,9.232,203574,0.073061,0.178045,2946.67,2627.86,6255.23,test
HqnSyliKTKA_30.wav,22050,10.0,220500,0.106803,0.069627,1731.7,2205.25,3811.8,test
2sZhC_mKeic_30.wav,22050,10.0,220500,0.029785,0.17634,3024.16,2706.87,6516.22,test
-aYumc8KoXg_60.wav,22050,10.0,220500,0.151679,0.16177,2672.17,2397.4,5412.08,test
EvZ3jOMYWxk_30.wav,22050,10.0,220500,0.008967,0.177256,2903.57,2562.06,5587.32,test
3n05BjV7r7M_5.wav,22050,9.768,215382,0.06834,0.245266,3172.69,2183.27,5506.21,test
5t6tSW0yT40_410.wav,22050,10.0,220500,0.035473,0.435122,4969.02,2781.67,8056.29,test
lJayhiVzl_E_60.wav,22050,10.0,220500,0.075732,0.041372,1195.31,1661.63,2473.37,test
lTfNLKEy1RU_120.wav,22050,10.0,220500,0.002218,0.238513,3461.36,2802.8,6841.36,test
zEaGx6an4es_270.wav,22050,10.0,220500,0.119459,0.291266,3175.11,1500.76,4513.35,test
6i5eQOpFk_U_170.wav,22050,10.0,220500,0.03694,0.274169,3803.31,2784.55,7090.79,test
up2PpjTzyyc_30.wav,22050,10.0,220500,0.235168,0.084192,1952.0,2211.56,4222.88,test
4pv3w--cRrA_16.wav,22050,9.281,204656,0.024483,0.219625,2267.13,1261.3,3518.82,test
7P0N61TVOxE_150.wav,22050,10.0,220500,0.136135,0.070988,1475.77,1824.31,2935.26,test
cN-oYKd-M4E_20.wav,22050,10.0,220500,0.009699,0.201172,2547.86,1653.78,4334.64,test
B-gTt3_rceQ_0.wav,22050,10.0,220500,0.061623,0.152377,2731.8,2344.23,5220.28,test
SGaIvgwwWSE_30.wav,22050,10.0,220500,0.068335,0.099547,2390.41,2639.21,5660.36,test
0fMXnvD38zI_50.wav,22050,10.0,220500,0.028308,0.147672,2584.56,2518.88,5621.14,test
1OyEgzXCkYE_22.wav,22050,8.982,198052,0.017663,0.093107,1757.16,1788.65,3641.25,test
7_smJ8VbfSU_0.wav,22050,7.755,171008,0.041425,0.059037,1337.28,1703.45,2560.27,test
9zstu_IfAm4_30.wav,22050,10.0,220500,0.199868,0.085292,1415.04,1230.47,2710.21,test
3fomsZXG3aM_3.wav,22050,9.98,220058,0.183472,0.263693,3995.47,3081.53,7823.84,test
yVVLq4ao1Ck_30.wav,22050,10.0,220500,0.031886,0.48716,5333.4,1825.36,7072.61,test
1a2XWJ8NA_Q_30.wav,22050,10.0,220500,0.168452,0.113946,1385.3,811.3,2294.39,test
pHNMcX-9FDs_40.wav,22050,10.0,220500,0.036626,0.134626,2496.09,2699.39,5282.58,test
zFzPOsOKog4_20.wav,22050,10.0,220500,0.135219,0.098206,1383.68,1019.38,2651.51,test
9_YfTz8cnFY_40.wav,22050,10.0,220500,0.10103,0.185357,3204.62,2647.76,6467.53,test
puZL08fzpXk_4.wav,22050,9.212,203128,0.091607,0.115194,2588.99,2615.93,5551.5,test
I_8KqxP5xOA_50.wav,22050,10.0,220500,0.009149,0.494011,5098.36,1716.66,6678.22,test
hzn_wGlzGpU_90.wav,22050,10.0,220500,0.127158,0.070539,1063.19,916.95,2116.87,test
4CAMv5nlr-0_30.wav,22050,10.0,220500,0.117675,0.118257,1904.0,1539.34,3323.93,test
xqtrbqDlz28_20.wav,22050,10.0,220500,0.022445,0.273554,3766.17,2793.55,7101.79,test
hFCmq9pCBbM_90.wav,22050,10.0,220500,0.029962,0.14834,2135.5,1665.05,4077.62,test
3ndid3jni7M_40.wav,22050,10.0,220500,0.087275,0.08804,1866.93,1994.41,3606.16,test
CchRf2jq6fc_30.wav,22050,10.0,220500,0.064948,0.118484,1986.34,1712.81,3523.28,test
WLzzpzOKtnY_430.wav,22050,10.0,220500,0.174974,0.064276,931.41,947.81,1931.19,test
8Zo30kV5aiI_10.wav,22050,10.0,220500,0.074531,0.147166,2247.77,1923.04,3805.81,test
TQr9v-PQOc4_0.wav,22050,10.0,220500,0.085429,0.133167,1682.17,1240.91,3004.03,test
gkWd1HugK2w_30.wav,22050,10.0,220500,0.010219,0.111511,2562.17,2844.87,5822.18,test
rgrmLLhxoCQ_70.wav,22050,10.0,220500,0.012577,0.179293,2769.59,2325.13,5218.03,test
t4prXmPwthg_150.wav,22050,10.0,220500,0.096884,0.103273,1750.44,1484.18,3579.36,test
_xylo5_IiaM_470.wav,22050,10.0,220500,0.107068,0.095392,2226.86,2457.12,4691.74,test
os_2U4xqTqw_100.wav,22050,10.0,220500,0.165841,0.035435,1193.06,1631.04,2537.67,test
AMQei29haCw_20.wav,22050,10.0,220500,0.110778,0.416438,5551.56,3039.69,9037.85,test
qeSl7YZAfs4_80.wav,22050,10.0,220500,0.036627,0.329347,4511.67,2825.88,7764.94,test
CO6-i8NLbeo_0.wav,22050,10.0,220500,0.273239,0.031334,852.97,1249.67,1712.89,test
n4VktYihtJU_5.wav,22050,9.008,198630,0.178666,0.054114,1138.96,1200.52,2026.01,test
mYQrjcYNrW0_20.wav,22050,10.0,220500,0.28534,0.092292,1921.53,1940.96,3701.49,test
HVz-FJBf_iM_10.wav,22050,10.0,220500,0.168064,0.169201,2747.96,2480.37,5380.0,test
rE6BJ0Bo4w4_200.wav,22050,10.0,220500,0.033909,0.188222,2870.25,2218.45,4957.68,test
6ZwYgzcN6Is_60.wav,22050,10.0,220500,0.228364,0.115255,2032.86,1784.73,3782.82,test
4KObP7cREWw_40.wav,22050,10.0,220500,0.126978,0.205183,2700.35,1873.77,4841.3,test
naPgJvWTIY4_80.wav,22050,10.0,220500,0.302885,0.037007,1102.68,1762.08,1915.18,test
OUUckswAaNI_100.wav,22050,10.0,220500,0.036425,0.097318,2111.14,2436.93,4637.26,test
lfAFQ0-wDJU_30.wav,22050,10.0,220500,0.097564,0.079115,1663.18,1984.64,3478.66,test
5K1mISHwggI_30.wav,22050,10.0,220500,0.190637,0.067925,1311.49,1370.83,2453.56,test
RrmBGjJqlEo_400.wav,22050,10.0,220500,0.061728,0.126559,2537.69,2412.34,5038.84,test
30D1tqNFHMc_30.wav,22050,10.0,220500,0.168916,0.21057,2936.89,2086.16,5345.31,test
xYwpABpZed4_370.wav,22050,10.0,220500,0.053675,0.250214,3755.69,2793.37,6947.23,test
Ba92IrXFvJo_30.wav,22050,10.0,220500,0.244162,0.096778,2965.96,2917.89,6551.96,test
5rh5-MCjqq8_30.wav,22050,10.0,220500,0.054339,0.037679,1242.53,1171.58,2729.82,test
PYP-r0nvbFk_30.wav,22050,10.0,220500,0.096871,0.065947,1315.47,1644.54,2246.42,test
BrPFQDr99Gg_30.wav,22050,10.0,220500,0.027723,0.067369,1380.9,1535.19,2297.71,test
xUWSHYoslPQ_90.wav,22050,10.0,220500,0.033743,0.170016,2823.02,2452.25,5426.62,test
SoO1HhaEc9Q_30.wav,22050,10.0,220500,0.054188,0.221945,3190.67,2370.25,5863.9,test
6BJ455B1aAs_0.wav,22050,7.384,162816,0.185772,0.080566,1849.65,2239.66,3955.9,test
1FNJbN-eHY4_30.wav,22050,10.0,220500,0.096172,0.097303,1456.92,1113.84,2680.21,test
2RjqBRzmxaM_30.wav,22050,10.0,220500,0.102212,0.114901,2577.85,2550.53,5259.62,test
V4PLSw_WzVw_10.wav,22050,10.0,220500,0.140759,0.097723,1267.79,703.99,1812.11,test
lq9RvAA4mqY_180.wav,22050,10.0,220500,0.077806,0.36256,4940.54,3087.99,8738.21,test
6Nvu6EcpdE8_30.wav,22050,10.0,220500,0.162946,0.056752,1576.76,2360.06,2795.19,test
J0yeFeKvIt8_30.wav,22050,10.0,220500,0.009556,0.150242,1656.37,885.68,2553.21,test
1N_DtRpdAp8_6.wav,22050,9.947,219332,0.123666,0.236407,4008.79,3170.8,7945.7,test
3ghVB-KaU_E_30.wav,22050,10.0,220500,0.045142,0.177044,3096.56,2773.81,6441.78,test
Ep72tyiL3as_1.wav,22050,9.108,200830,0.099168,0.094543,2359.25,2391.37,5151.75,test
RfGapDlAYoQ_30.wav,22050,10.0,220500,0.180425,0.136155,1511.4,944.93,2281.35,test
6NBPiArs2-w_80.wav,22050,10.0,220500,0.038348,0.1467,2412.5,2343.46,4974.64,test
-JP1GqPEKtw_130.wav,22050,10.0,220500,0.022282,0.332771,4070.85,2855.94,7309.37,test
lrKGCtSsAkA_50.wav,22050,10.0,220500,0.159545,0.425976,4427.34,2416.4,6794.08,test
y93cZqNCtks_470.wav,22050,10.0,220500,0.234717,0.155969,2785.79,2533.18,5734.1,test
PO8Nu3F8mkA_30.wav,22050,10.0,220500,0.050183,0.21297,3099.98,2584.35,6095.42,test
4_Cak7gvly4_160.wav,22050,10.0,220500,0.087901,0.175907,2905.58,2434.19,5589.46,test
tNxfdAd14qE_30.wav,22050,10.0,220500,0.008564,0.22559,3200.59,2499.27,5896.15,test
Bz9Y5nZK3eo_21.wav,22050,9.849,217174,0.017059,0.136712,2868.36,2600.52,5702.17,test
-AheI8Epim4_30.wav,22050,10.0,220500,0.043175,0.137713,2458.13,2328.89,4824.61,test
kagkXkAVPNo_40.wav,22050,10.0,220500,0.227473,0.032451,1280.47,2177.06,2718.75,test
L2dyilgQ8iM_20.wav,22050,9.954,219480,0.046433,0.108158,1471.44,1445.73,3129.89,test
A61Mry8zBwE_30.wav,22050,10.0,220500,0.154112,0.135744,1612.35,962.82,2573.52,test
KvrcRMfFzOE_150.wav,22050,10.0,220500,0.22045,0.134015,2606.42,2693.95,6060.22,test
OMGHnJV0l2U_350.wav,22050,10.0,220500,0.092132,0.088984,2311.57,2648.47,5286.28,test
bQNX7vDalQw_0.wav,22050,10.0,220500,0.127271,0.39345,4563.94,2353.17,7293.91,test
ITlqMkR5alY_0.wav,22050,6.13,135168,0.080465,0.105612,1972.32,2048.75,3572.81,test
IhvXtS9-IxM_30.wav,22050,10.0,220500,0.145526,0.173767,2307.68,1662.98,3864.29,test
CefFMA3klxk_150.wav,22050,10.0,220500,0.068936,0.071311,1865.26,2293.07,4268.82,test
1e98HeU9Vrg_20.wav,22050,10.0,220500,0.065121,0.290715,3924.02,3054.43,7706.01,test
yrxa6_P2I80_30.wav,22050,10.0,220500,0.093856,0.316808,3909.99,1906.02,5601.21,test
bmEF-c-M174_180.wav,22050,10.0,220500,0.05887,0.175845,2577.27,2027.02,4466.99,test
BMayJId0X1s_120.wav,22050,10.0,220500,0.049044,0.361274,4547.9,2709.19,7662.07,test
9BukzlPNqC8_60.wav,22050,10.0,220500,0.070772,0.555515,5851.6,2734.31,8974.12,test
14izd_i3ryE_30.wav,22050,10.0,220500,0.108796,0.113943,1855.94,1960.51,3254.59,test
6Pywt0f_NFY_160.wav,22050,10.0,220500,0.109149,0.364855,4486.76,2795.02,7776.11,test
hrv6fwnmBkY_28.wav,22050,8.996,198360,0.062573,0.14578,2807.16,2779.13,5990.59,test
qWYncqPSy9A_60.wav,22050,10.0,220500,0.064964,0.118898,2309.38,2231.69,4381.93,test
E3Q1jfTeuWs_30.wav,22050,10.0,220500,0.04201,0.234799,2722.16,2020.34,5101.82,test
sl_Pxpc7beo_30.wav,22050,10.0,220500,0.075796,0.024805,1291.92,1873.68,2769.91,test
IvfaKPDWC00_160.wav,22050,10.0,220500,0.1685,0.100999,1760.15,1930.65,3775.98,test
xbLW9Wt1Jsg_70.wav,22050,10.0,220500,0.135133,0.154009,2525.55,2281.37,4804.43,test
LB6CZ0x-kns_0.wav,22050,10.0,220500,0.157316,0.091813,1580.29,1533.22,3495.25,test
ZNEZLlDVgrE_90.wav,22050,10.0,220500,0.021521,0.162377,2082.74,1586.39,4166.3,test
1L_OyngNZMA_30.wav,22050,10.0,220500,0.172329,0.142175,2400.89,2143.31,4509.16,test
KJhGuhNHToA_30.wav,22050,10.0,220500,0.013279,0.031841,481.68,368.9,965.22,test
BQ-r9mEHssU_17.wav,22050,9.315,205390,0.020752,0.200758,3390.95,2904.13,6888.56,test
P4qd8uodw_M_0.wav,22050,10.0,220500,0.014145,0.128161,2474.48,2611.18,5289.67,test
7RMpCCkQks0_20.wav,22050,9.861,217432,0.036355,0.186371,3322.86,2953.51,6933.13,test
7WkB6pflr6o_30.wav,22050,10.0,220500,0.056407,0.177299,2970.08,2502.1,5575.65,test
lh801oHGtD4_30.wav,22050,10.0,220500,0.028782,0.273142,4108.2,3004.54,7559.75,test
JmWaRt8-u0s_480.wav,22050,10.0,220500,0.279174,0.031315,794.95,1250.0,1303.11,test
jlwe9jtu5Gw_50.wav,22050,10.0,220500,0.086045,0.178924,3400.11,2910.26,6731.35,test
o_3MDLl_aH0_20.wav,22050,10.0,220500,0.121681,0.036337,1138.97,1543.53,2514.06,test
2ItTq2JShdU_30.wav,22050,10.0,220500,0.059115,0.27357,3603.13,1919.96,5959.5,test
rINmxSXMR-s_30.wav,22050,10.0,220500,0.015699,0.056357,2321.98,2569.69,5241.46,test
473wBEwC35M_30.wav,22050,10.0,220500,0.096781,0.091742,1477.49,1562.78,2757.92,test
QoEal_hKz4Q_30.wav,22050,10.0,220500,0.074387,0.133234,2335.11,2236.76,4655.69,test
js4dr5JusdM_30.wav,22050,10.0,220500,0.079298,0.066444,1316.82,1500.5,2671.94,test
Dt53UZgyznE_9.wav,22050,9.861,217438,0.037922,0.0848,1904.05,1707.02,3852.42,test
Lbken4JCr94_10.wav,22050,10.0,220500,0.052318,0.075108,1531.36,1736.55,3399.15,test
GE1aZSnPr2Q_0.wav,22050,10.0,220500,0.035086,0.077191,1139.31,990.7,1677.62,test
tIM-H2rdq8U_60.wav,22050,10.0,220500,0.137968,0.095897,2718.1,2624.57,5745.54,test
rvtA7c1I4xo_0.wav,22050,10.0,220500,0.116657,0.12821,2066.33,1917.57,4048.42,test
BA-lFjpzad4_30.wav,22050,10.0,220500,0.341365,0.060027,1812.97,2257.45,4008.45,test
_GI7meqlYZk_30.wav,22050,10.0,220500,0.118282,0.221876,3382.3,2558.01,6175.16,test
Boe3MeEpn_c_380.wav,22050,10.0,220500,0.0452,0.251728,3652.04,2741.67,6818.48,test
LKhokVsJhN0_210.wav,22050,10.0,220500,0.012023,0.122664,2242.43,2032.87,4006.55,test
6dLkgq9EKPE_30.wav,22050,10.0,220500,0.078158,0.08779,1873.3,2074.77,3733.44,test
4UPOUGVMlEs_30.wav,22050,10.0,220500,0.053033,0.150462,1750.73,1066.27,3071.85,test
5iTRKJqUIw8_27.wav,22050,9.061,199786,0.135955,0.064738,950.24,845.84,1762.14,test
pWQeV08kYR0_10.wav,22050,10.0,220500,0.269523,0.111189,1687.66,1370.02,2594.05,test
ific_gRalg0_30.wav,22050,10.0,220500,0.051285,0.212964,2770.95,1954.34,4927.71,test
N_s9F4CI_98_380.wav,22050,10.0,220500,0.044354,0.150873,2118.57,1642.49,3413.91,test
XamQAY_WXRY_140.wav,22050,10.0,220500,0.056572,0.084512,1374.47,1244.51,2717.53,test
2ABngPM3raQ_30.wav,22050,10.0,220500,0.171811,0.142389,2187.08,1561.68,3836.71,test
wAZrOPvul4Y_130.wav,22050,10.0,220500,0.066868,0.082646,2149.43,2414.11,4475.38,test
0qbHT34qTZE_50.wav,22050,10.0,220500,0.065261,0.134087,2504.4,2413.98,5118.48,test
_w2pA1VeB40_70.wav,22050,10.0,220500,0.013599,0.083458,1344.7,1258.89,2105.43,test
k1QxQ4jJaEQ_340.wav,22050,10.0,220500,0.179472,0.067665,1370.67,1459.11,2718.6,test
kdflh3akyH8_20.wav,22050,10.0,220500,0.107676,0.151684,2294.89,1895.89,4556.6,test
SCow4mpBsGY_0.wav,22050,10.0,220500,0.033308,0.111588,2104.61,2057.97,4163.7,test
WqXFAY4k79s_230.wav,22050,10.0,220500,0.126777,0.183845,3103.33,2827.05,6553.26,test
DAN1t9ukkg0_30.wav,22050,10.0,220500,0.007629,0.081579,2232.83,2338.43,4633.06,test
11SEBDuoqSk_50.wav,22050,10.0,220500,0.186129,0.167932,2622.67,2153.48,4982.44,test
ptIksg9KEac_30.wav,22050,10.0,220500,0.051236,0.130578,2332.52,2331.68,4813.15,test
bIiiIo20PsY_10.wav,22050,10.0,220500,0.134318,0.124338,2612.63,2770.07,5715.54,test
3IScngdQA4I_8.wav,22050,9.433,208000,0.082552,0.115065,1388.36,768.95,2064.83,test
AUmY0YRAFQE_0.wav,22050,5.0,110250,0.551331,0.094008,1682.41,1316.36,3030.55,test
9E8BmPZ9mWc_12.wav,22050,9.084,200296,0.158207,0.076585,1135.92,1001.38,1980.56,test
fsBR7e_X_0Y_40.wav,22050,10.0,220500,0.102113,0.212083,3116.28,1982.72,5434.44,test
ggN4-K5AgoM_90.wav,22050,10.0,220500,0.030896,0.226471,3079.1,2185.37,5714.09,test
BGEMgl1xjac_120.wav,22050,10.0,220500,0.222428,0.179315,2610.46,1976.37,4062.46,test
aMhu5eMQAsI_140.wav,22050,10.0,220500,0.217396,0.078461,2167.99,2612.66,5191.0,test
f8WPf5F22xI_40.wav,22050,10.0,220500,0.079383,0.145017,2821.18,2529.97,5697.66,test
3qTL7QRk-tg_30.wav,22050,10.0,220500,0.059327,0.121565,2043.95,1943.36,3785.57,test
0Rpjl1AO-P0_30.wav,22050,10.0,220500,0.213274,0.056905,1778.04,2432.76,3979.55,test
glAeihz0NAM_130.wav,22050,10.0,220500,0.036848,0.120293,1827.17,1646.4,3931.11,test
eJCaRgf1M20_30.wav,22050,10.0,220500,0.007538,0.203783,3548.24,2841.14,7145.23,test
jjHIINDfE1c_20.wav,22050,9.536,210264,0.245686,0.088413,2133.35,2375.58,4887.88,test
KtinboYbmHQ_50.wav,22050,10.0,220500,0.313007,0.084367,1401.71,1249.57,2793.77,test
g_P29ucKj78_30.wav,22050,10.0,220500,0.053257,0.074151,1375.15,1386.3,2657.25,test
0UJtGcoPYa0_0.wav,22050,4.342,95744,0.179732,0.057409,1968.7,2361.36,4116.28,test
mW1EpJYcy_E_70.wav,22050,10.0,220500,0.214142,0.069226,2054.63,2586.42,4569.76,test
bgbnu5YKTDg_30.wav,22050,10.0,220500,0.128932,0.093165,1352.45,1142.18,2401.68,test
yhDw7PZje3g_30.wav,22050,10.0,220500,0.024123,0.093389,2026.2,2219.69,4327.6,test
1GgEpRZDWN0_410.wav,22050,10.0,220500,0.152681,0.045279,1073.65,1402.9,2104.38,test
AbplcXwXnvE_30.wav,22050,10.0,220500,0.060029,0.19558,3281.33,2711.2,6300.09,test
WUyeFOyKIg0_250.wav,22050,10.0,220500,0.060024,0.064878,1552.16,1858.63,3129.21,test
wOFBldBFRNk_20.wav,22050,10.0,220500,0.098164,0.094994,1778.19,1858.89,3549.51,test
frOqlk0Wm5Y_30.wav,22050,10.0,220500,0.089415,0.157159,2389.73,1951.65,4321.78,test
8b9z7N25DmU_60.wav,22050,10.0,220500,0.042154,0.079619,2223.73,2413.57,4726.69,test
zBXoaQ1GVlc_380.wav,22050,10.0,220500,0.160481,0.134832,2051.64,1714.12,3593.97,test
wnqUgK_-fo4_0.wav,22050,10.0,220500,0.253174,0.135615,2117.5,1742.5,4001.9,test
huMLK0oA3L8_110.wav,22050,10.0,220500,0.065377,0.137187,2438.73,2424.19,4980.94,test
Axd__X2rixk_30.wav,22050,10.0,220500,0.003803,0.394091,4650.72,3083.12,8071.28,test
rtgVoZCcBw8_0.wav,22050,6.223,137216,0.113279,0.096093,1351.62,1018.97,2307.25,test
ZTYAQBnU4GM_20.wav,22050,10.0,220500,0.039224,0.235987,2660.72,1661.0,4448.38,test
B8rdur4aams_30.wav,22050,10.0,220500,0.16844,0.083751,1213.7,949.55,2273.75,test
b1PXsfgQw5w_0.wav,22050,10.0,220500,0.162979,0.094414,2181.94,2196.0,4326.58,test
K2kIOBeCfuo_140.wav,22050,10.0,220500,0.094207,0.106586,1948.23,1857.78,3335.37,test
_AcJVyToQUQ_60.wav,22050,10.0,220500,0.154902,0.138229,2266.45,1756.36,4054.34,test
wSHzVxdMiTo_30.wav,22050,10.0,220500,0.105837,0.184531,2489.85,1268.78,3779.23,test
6cS0FsUM-cQ_30.wav,22050,10.0,220500,0.087521,0.113704,1895.69,1444.32,3520.68,test
CMUuelJFJ7Q_30.wav,22050,10.0,220500,0.005655,0.111307,1867.97,1600.88,3719.05,test
XL8JV9qXGLE_20.wav,22050,10.0,220500,0.171745,0.124462,2249.96,1938.16,4184.46,test
wVi5w_NU6CM_0.wav,22050,10.0,220500,0.366306,0.11008,2398.55,2212.26,4632.81,test
AJtNitYMa1I_2.wav,22050,9.494,209340,0.056346,0.605426,6538.95,2607.52,9373.63,test
kOYg4ZtKcAs_0.wav,22050,1.834,40448,0.008716,0.119153,2475.24,2404.77,5282.5,test
maVYiednkSg_60.wav,22050,10.0,220500,0.115245,0.015179,378.68,939.96,464.49,test
9vZDsGjyh5M_40.wav,22050,10.0,220500,0.030491,0.249293,3413.0,2404.35,6406.68,test
j_NSuPnx5LA_40.wav,22050,10.0,220500,0.025512,0.278043,3256.27,2175.2,5691.86,test
RNBoH2LHQEM_370.wav,22050,10.0,220500,0.173302,0.109276,1521.31,1192.41,2281.4,test
KSHpYhuTotY_210.wav,22050,10.0,220500,0.009339,0.148705,3228.69,3144.03,7479.44,test
wrQDkX0NbTA_29.wav,22050,9.592,211494,0.263198,0.036668,715.37,751.23,1119.15,test
woadpeAGHUQ_70.wav,22050,10.0,220500,0.170654,0.180744,1884.18,1457.64,3457.53,test
WHRnyGXcdy8_24.wav,22050,9.13,201312,0.089435,0.200835,3285.34,2285.85,5957.46,test
j0KvrVE_Oww_12.wav,22050,10.0,220500,0.08027,0.164826,1910.65,1148.42,3147.77,test
oZaEHkfh5Eg_0.wav,22050,6.543,144272,0.017987,0.163789,3054.71,2786.6,6513.3,test
n74IYuCe_ms_110.wav,22050,10.0,220500,0.073179,0.196637,2927.19,2427.35,5920.11,test
wFiCblfZ-vg_30.wav,22050,10.0,220500,0.129298,0.09642,1967.08,2133.63,4096.4,test
gbtcDoh0q3c_130.wav,22050,10.0,220500,0.16266,0.139468,2415.36,2201.29,4666.56,test
Z3wDry8nnJs_60.wav,22050,10.0,220500,0.035384,0.269523,3988.47,2838.9,7386.79,test
0yxEvdnimGg_30.wav,22050,10.0,220500,0.024428,0.091929,1961.67,2293.63,3996.23,test
pTJKJxaheI8_30.wav,22050,10.0,220500,0.00095,0.165632,1955.34,1545.91,3109.8,test
vsy1IpYmrSY_416.wav,22050,9.529,210112,0.040489,0.082487,1551.68,1594.18,2794.13,test
9XqkKuTqEOM_40.wav,22050,10.0,220500,0.015634,0.289713,3903.99,2806.9,7101.51,test
SE_3nszEw7o_22.wav,22050,9.811,216340,0.119112,0.450669,4717.64,2856.51,7714.56,test
Cbe2B6ohBpw_30.wav,22050,10.0,220500,0.011362,0.146138,3066.83,2644.13,6062.95,test
alaxBd_EEUc_40.wav,22050,10.0,220500,0.145888,0.113578,2175.43,2096.61,4361.92,test
CYUlLTKoa1Y_80.wav,22050,10.0,220500,0.037677,0.116401,2652.36,2646.29,5564.28,test
SQHYl2Kp5ww_10.wav,22050,10.0,220500,0.093118,0.167306,3611.89,3052.76,7256.46,test
fwhkCnOeyC0_350.wav,22050,10.0,220500,0.060419,0.121094,2072.83,1988.79,3643.06,test
mlnUJH4BQnk_110.wav,22050,10.0,220500,0.081485,0.127105,2187.04,2071.91,4044.97,test
Wq4OD3olO2w_90.wav,22050,10.0,220500,0.112687,0.153494,2471.79,1946.41,4393.3,test
hDMHIDJdfDA_40.wav,22050,10.0,220500,0.050266,0.222252,2868.04,2083.37,5266.42,test
FKaJsvcyHTk_0.wav,22050,9.051,199568,0.083651,0.20022,3689.97,2924.99,7264.2,test
YflmW68gL4E_160.wav,22050,10.0,220500,0.120975,0.083842,2015.37,1727.06,3864.54,test
8DLcBdC5UrE_13.wav,22050,9.245,203846,0.044178,0.029939,788.45,1109.38,1706.71,test
kXjzsroVTtw_20.wav,22050,10.0,220500,0.033926,0.156654,2657.58,2368.12,5078.91,test
BLMWD6fxhpo_22.wav,22050,9.028,199076,0.013801,0.16288,3126.21,2845.82,6456.11,test
hhSqQN1Ou68_30.wav,22050,10.0,220500,0.003778,0.191996,3920.8,3240.57,8007.65,test
-CcGuq0yoKo_30.wav,22050,10.0,220500,0.222723,0.20472,2520.62,1657.04,3887.24,test
_z-bidQYVao_22.wav,22050,9.272,204452,0.072501,0.085077,1530.24,1461.39,2988.16,test
YEYeQ0lIkBQ_0.wav,22050,10.0,220500,0.109113,0.133748,1882.08,1286.69,3288.61,test
4lv9aLXtud0_0.wav,22050,4.946,109056,0.13579,0.138966,2197.6,1778.93,3763.68,test
LP_DzNUkAKY_490.wav,22050,10.0,220500,0.055947,0.276312,3375.36,2247.27,5873.27,test
PLHXGDnig4M_3.wav,22050,10.0,220500,0.208985,0.099018,1279.05,869.48,2121.77,test
2UNuMbxz9ds_22.wav,22050,9.307,205220,0.454597,0.093967,2172.26,2356.23,4469.46,test
U90e2P9jy30_30.wav,22050,10.0,220500,0.144243,0.130651,2544.34,2421.38,5270.81,test
